{
  "type": "FeatureCollection",
  "name": "the_augustine_camino",
  "crs": {
    "type": "name",
    "properties": {
      "name": "urn:ogc:def:crs:OGC:1.3:CRS84"
    }
  },
  "properties": {
    "collection_id": "2872203",
    "collection_name": "The Augustine Camino",
    "source": "https://www.komoot.com/pt-pt/collection/2872203/-the-augustine-camino"
  },
  "features": [
    {
      "type": "Feature",
      "id": "1675037898",
      "properties": {
        "day": 1,
        "tour_id": "1675037898",
        "name": "The Augustine Camino - Day 1 - From Rochester to Aylesford",
        "point_count": 269,
        "length_km_geodesic": 14.985,
        "distance_km_komoot": 14.997,
        "duration_s": 14581,
        "elevation_up_m": 204.8,
        "elevation_down_m": 192.5,
        "sport": "hike",
        "source": "https://www.komoot.com/tour/1675037898"
      },
      "geometry": {
        "type": "LineString",
        "coordinates": [
          [
            0.502736,
            51.389315,
            14.6
          ],
          [
            0.502594,
            51.389202,
            14.8
          ],
          [
            0.502442,
            51.389277,
            14.8
          ],
          [
            0.501893,
            51.38888,
            14.6
          ],
          [
            0.501733,
            51.388698,
            14.2
          ],
          [
            0.501257,
            51.388827,
            13.6
          ],
          [
            0.501153,
            51.38886,
            13.4
          ],
          [
            0.501172,
            51.38898,
            13.2
          ],
          [
            0.50112,
            51.389076,
            12.9
          ],
          [
            0.500902,
            51.389218,
            12.2
          ],
          [
            0.500796,
            51.389305,
            11.9
          ],
          [
            0.50071,
            51.389346,
            11.7
          ],
          [
            0.50064,
            51.389379,
            11.5
          ],
          [
            0.50053,
            51.389379,
            11.2
          ],
          [
            0.500305,
            51.389312,
            10.7
          ],
          [
            0.500024,
            51.389135,
            9.6
          ],
          [
            0.500113,
            51.389266,
            9.1
          ],
          [
            0.499781,
            51.38935,
            8.1
          ],
          [
            0.499675,
            51.389432,
            7.7
          ],
          [
            0.499584,
            51.389445,
            7.4
          ],
          [
            0.499523,
            51.38949,
            7.2
          ],
          [
            0.49913,
            51.389507,
            6.1
          ],
          [
            0.498812,
            51.389255,
            5
          ],
          [
            0.498639,
            51.389119,
            4.6
          ],
          [
            0.498328,
            51.388866,
            3.8
          ],
          [
            0.498227,
            51.388734,
            3.5
          ],
          [
            0.497103,
            51.387925,
            2.5
          ],
          [
            0.497046,
            51.387853,
            2.5
          ],
          [
            0.496365,
            51.387426,
            2.3
          ],
          [
            0.496482,
            51.387266,
            2.3
          ],
          [
            0.496822,
            51.38701,
            2.3
          ],
          [
            0.496853,
            51.386681,
            2.5
          ],
          [
            0.496762,
            51.384528,
            4.8
          ],
          [
            0.49563,
            51.3833,
            5.4
          ],
          [
            0.494611,
            51.382386,
            5.3
          ],
          [
            0.494441,
            51.382306,
            5.3
          ],
          [
            0.494268,
            51.382184,
            5.2
          ],
          [
            0.492864,
            51.381095,
            5.6
          ],
          [
            0.492114,
            51.380542,
            6
          ],
          [
            0.491109,
            51.37996,
            6.7
          ],
          [
            0.49017,
            51.379417,
            7.4
          ],
          [
            0.490121,
            51.379387,
            7.4
          ],
          [
            0.488915,
            51.378664,
            7.7
          ],
          [
            0.488341,
            51.378525,
            7.7
          ],
          [
            0.488173,
            51.378438,
            7.7
          ],
          [
            0.485834,
            51.377669,
            7.4
          ],
          [
            0.484225,
            51.377054,
            6.9
          ],
          [
            0.483884,
            51.376922,
            6.9
          ],
          [
            0.483468,
            51.376721,
            6.9
          ],
          [
            0.483313,
            51.376522,
            6.9
          ],
          [
            0.483168,
            51.376482,
            6.9
          ],
          [
            0.483036,
            51.376409,
            7
          ],
          [
            0.482983,
            51.376437,
            7
          ],
          [
            0.482854,
            51.376453,
            7
          ],
          [
            0.482717,
            51.37643,
            7
          ],
          [
            0.482304,
            51.376179,
            7.2
          ],
          [
            0.482201,
            51.375983,
            7.5
          ],
          [
            0.480728,
            51.375416,
            10.7
          ],
          [
            0.481277,
            51.375009,
            13.6
          ],
          [
            0.482026,
            51.374178,
            20.6
          ],
          [
            0.482277,
            51.373945,
            23.2
          ],
          [
            0.483117,
            51.373128,
            30.7
          ],
          [
            0.483752,
            51.372486,
            33.9
          ],
          [
            0.482784,
            51.372355,
            34.6
          ],
          [
            0.481822,
            51.372234,
            33.1
          ],
          [
            0.480945,
            51.37197,
            29.8
          ],
          [
            0.480224,
            51.371702,
            27.2
          ],
          [
            0.47958,
            51.371498,
            25.2
          ],
          [
            0.479829,
            51.371233,
            23.9
          ],
          [
            0.480464,
            51.371006,
            22.3
          ],
          [
            0.480577,
            51.370939,
            22
          ],
          [
            0.481145,
            51.37042,
            20.6
          ],
          [
            0.481541,
            51.37014,
            20.3
          ],
          [
            0.483183,
            51.369322,
            21.4
          ],
          [
            0.484306,
            51.368873,
            23.1
          ],
          [
            0.485075,
            51.368613,
            24.5
          ],
          [
            0.485341,
            51.368484,
            25
          ],
          [
            0.485794,
            51.368188,
            26.1
          ],
          [
            0.486349,
            51.367712,
            27.6
          ],
          [
            0.486849,
            51.367165,
            28.8
          ],
          [
            0.487484,
            51.366247,
            30.4
          ],
          [
            0.487602,
            51.365951,
            31
          ],
          [
            0.487184,
            51.365818,
            31.5
          ],
          [
            0.486942,
            51.365744,
            31.9
          ],
          [
            0.486882,
            51.365705,
            32.1
          ],
          [
            0.486826,
            51.365647,
            32.3
          ],
          [
            0.486724,
            51.365611,
            32.5
          ],
          [
            0.485573,
            51.365277,
            36.6
          ],
          [
            0.485003,
            51.365073,
            39.6
          ],
          [
            0.484394,
            51.36481,
            43.7
          ],
          [
            0.48384,
            51.364523,
            48.3
          ],
          [
            0.483546,
            51.364315,
            51.3
          ],
          [
            0.483426,
            51.364195,
            52.9
          ],
          [
            0.483033,
            51.364204,
            55.7
          ],
          [
            0.482157,
            51.363846,
            62.9
          ],
          [
            0.481493,
            51.363518,
            67.9
          ],
          [
            0.481014,
            51.36314,
            71.9
          ],
          [
            0.479819,
            51.361789,
            79.5
          ],
          [
            0.479662,
            51.361534,
            80.1
          ],
          [
            0.478872,
            51.359759,
            81.7
          ],
          [
            0.478338,
            51.358482,
            84.1
          ],
          [
            0.478296,
            51.358306,
            84.7
          ],
          [
            0.477597,
            51.356941,
            91.5
          ],
          [
            0.476355,
            51.353985,
            109.5
          ],
          [
            0.475948,
            51.351978,
            121.5
          ],
          [
            0.477273,
            51.347737,
            142
          ],
          [
            0.477376,
            51.347096,
            144.3
          ],
          [
            0.477531,
            51.346134,
            147.5
          ],
          [
            0.477708,
            51.345037,
            150.5
          ],
          [
            0.478465,
            51.343768,
            152.2
          ],
          [
            0.47952,
            51.343388,
            152.7
          ],
          [
            0.481562,
            51.342397,
            155.7
          ],
          [
            0.482624,
            51.341557,
            159.1
          ],
          [
            0.482996,
            51.340917,
            160.9
          ],
          [
            0.483965,
            51.339932,
            162.5
          ],
          [
            0.484634,
            51.339306,
            162.8
          ],
          [
            0.485099,
            51.338898,
            162.9
          ],
          [
            0.485935,
            51.338338,
            163.3
          ],
          [
            0.486169,
            51.338124,
            163.5
          ],
          [
            0.486796,
            51.33717,
            164.4
          ],
          [
            0.486854,
            51.337104,
            164.5
          ],
          [
            0.487091,
            51.336833,
            164.6
          ],
          [
            0.487824,
            51.336242,
            164.2
          ],
          [
            0.488607,
            51.335893,
            163.8
          ],
          [
            0.489878,
            51.335517,
            162.9
          ],
          [
            0.491103,
            51.335204,
            158.1
          ],
          [
            0.491382,
            51.33511,
            156.7
          ],
          [
            0.491339,
            51.334761,
            153.5
          ],
          [
            0.491557,
            51.334325,
            148.7
          ],
          [
            0.492198,
            51.333469,
            135.4
          ],
          [
            0.492909,
            51.333067,
            126
          ],
          [
            0.493095,
            51.332827,
            121.9
          ],
          [
            0.493162,
            51.33267,
            119.4
          ],
          [
            0.493154,
            51.332321,
            114.2
          ],
          [
            0.493371,
            51.332003,
            109.1
          ],
          [
            0.493411,
            51.331862,
            107
          ],
          [
            0.493306,
            51.331647,
            103.7
          ],
          [
            0.492677,
            51.331106,
            93.9
          ],
          [
            0.491759,
            51.330463,
            83.2
          ],
          [
            0.491628,
            51.33025,
            80.9
          ],
          [
            0.491172,
            51.329853,
            76.7
          ],
          [
            0.489893,
            51.32913,
            70.1
          ],
          [
            0.48964,
            51.329026,
            69.2
          ],
          [
            0.488189,
            51.328274,
            63.5
          ],
          [
            0.487368,
            51.327504,
            57.1
          ],
          [
            0.487042,
            51.32697,
            52.9
          ],
          [
            0.486883,
            51.326708,
            50.9
          ],
          [
            0.485865,
            51.326056,
            46
          ],
          [
            0.485707,
            51.326081,
            45.6
          ],
          [
            0.485592,
            51.325717,
            44.6
          ],
          [
            0.485445,
            51.325275,
            44.3
          ],
          [
            0.485115,
            51.324731,
            44.6
          ],
          [
            0.485117,
            51.324637,
            44.8
          ],
          [
            0.485155,
            51.324557,
            44.9
          ],
          [
            0.486333,
            51.32393,
            46.3
          ],
          [
            0.486416,
            51.323873,
            46.4
          ],
          [
            0.486784,
            51.323604,
            46.6
          ],
          [
            0.484503,
            51.322059,
            42.9
          ],
          [
            0.482921,
            51.320921,
            39
          ],
          [
            0.482501,
            51.320594,
            37.9
          ],
          [
            0.481888,
            51.320186,
            36.6
          ],
          [
            0.481449,
            51.319924,
            35.7
          ],
          [
            0.480825,
            51.319521,
            34.4
          ],
          [
            0.479946,
            51.318912,
            32.5
          ],
          [
            0.47888,
            51.318067,
            30.3
          ],
          [
            0.47848,
            51.317661,
            29.3
          ],
          [
            0.478383,
            51.317448,
            28.9
          ],
          [
            0.478274,
            51.317151,
            28.3
          ],
          [
            0.47827,
            51.316828,
            27.7
          ],
          [
            0.478428,
            51.316491,
            27
          ],
          [
            0.478583,
            51.31607,
            26.2
          ],
          [
            0.478517,
            51.315708,
            25.4
          ],
          [
            0.478415,
            51.315542,
            25
          ],
          [
            0.477888,
            51.31494,
            23.5
          ],
          [
            0.477594,
            51.314466,
            22.4
          ],
          [
            0.477386,
            51.313949,
            21.3
          ],
          [
            0.477275,
            51.313673,
            20.6
          ],
          [
            0.476622,
            51.312802,
            18.5
          ],
          [
            0.476152,
            51.312284,
            17.1
          ],
          [
            0.475464,
            51.311291,
            14.5
          ],
          [
            0.475015,
            51.310034,
            11.7
          ],
          [
            0.474559,
            51.30816,
            8.5
          ],
          [
            0.47435,
            51.307088,
            7.9
          ],
          [
            0.474038,
            51.306414,
            8.1
          ],
          [
            0.473897,
            51.306094,
            8.3
          ],
          [
            0.473494,
            51.305358,
            9.2
          ],
          [
            0.473235,
            51.304738,
            10.2
          ],
          [
            0.473241,
            51.304533,
            10.3
          ],
          [
            0.47327,
            51.304506,
            10.3
          ],
          [
            0.473422,
            51.304365,
            10.4
          ],
          [
            0.474085,
            51.304367,
            10.4
          ],
          [
            0.474619,
            51.304233,
            10.4
          ],
          [
            0.476172,
            51.304038,
            10.3
          ],
          [
            0.476537,
            51.303932,
            10
          ],
          [
            0.477169,
            51.303965,
            9.4
          ],
          [
            0.477752,
            51.304039,
            8.7
          ],
          [
            0.477985,
            51.304049,
            8.5
          ],
          [
            0.478295,
            51.304028,
            8.2
          ],
          [
            0.478546,
            51.303969,
            8
          ],
          [
            0.479128,
            51.303742,
            7.6
          ],
          [
            0.479845,
            51.303665,
            7.2
          ],
          [
            0.480374,
            51.303625,
            6.7
          ],
          [
            0.480424,
            51.303621,
            6.7
          ],
          [
            0.48089,
            51.303615,
            6.4
          ],
          [
            0.48133,
            51.303624,
            6.2
          ],
          [
            0.481493,
            51.303628,
            6.1
          ],
          [
            0.481697,
            51.303634,
            6.1
          ],
          [
            0.481766,
            51.303711,
            6.1
          ],
          [
            0.481967,
            51.303798,
            6
          ],
          [
            0.482418,
            51.303959,
            6.2
          ],
          [
            0.483547,
            51.304547,
            6.5
          ],
          [
            0.483674,
            51.304614,
            6.6
          ],
          [
            0.483938,
            51.304774,
            6.8
          ],
          [
            0.4841,
            51.304872,
            6.9
          ],
          [
            0.484623,
            51.305197,
            7.5
          ],
          [
            0.484672,
            51.305228,
            7.5
          ],
          [
            0.484748,
            51.305282,
            7.7
          ],
          [
            0.485071,
            51.30551,
            8.2
          ],
          [
            0.485116,
            51.305538,
            8.3
          ],
          [
            0.485476,
            51.305784,
            9
          ],
          [
            0.485845,
            51.305993,
            9.7
          ],
          [
            0.486661,
            51.306648,
            10.9
          ],
          [
            0.486815,
            51.306772,
            11.1
          ],
          [
            0.487065,
            51.306911,
            11.2
          ],
          [
            0.487283,
            51.307022,
            11.2
          ],
          [
            0.487461,
            51.306913,
            11.2
          ],
          [
            0.487844,
            51.306829,
            11.2
          ],
          [
            0.488503,
            51.306756,
            11.2
          ],
          [
            0.488645,
            51.306715,
            11.2
          ],
          [
            0.489072,
            51.306588,
            11.1
          ],
          [
            0.489254,
            51.306454,
            10.9
          ],
          [
            0.489262,
            51.306414,
            10.9
          ],
          [
            0.489393,
            51.306293,
            10.8
          ],
          [
            0.489576,
            51.306193,
            10.6
          ],
          [
            0.489812,
            51.306193,
            10.4
          ],
          [
            0.490062,
            51.306282,
            10.3
          ],
          [
            0.490359,
            51.30634,
            10.1
          ],
          [
            0.490641,
            51.306363,
            10
          ],
          [
            0.491594,
            51.306385,
            9.9
          ],
          [
            0.492081,
            51.306357,
            10
          ],
          [
            0.492473,
            51.306286,
            10.1
          ],
          [
            0.493603,
            51.305947,
            10.1
          ],
          [
            0.494118,
            51.305907,
            10.1
          ],
          [
            0.494643,
            51.305957,
            10.2
          ],
          [
            0.495971,
            51.306238,
            11.2
          ],
          [
            0.496426,
            51.306318,
            11.9
          ],
          [
            0.496862,
            51.306394,
            12.6
          ],
          [
            0.497143,
            51.30647,
            13.1
          ],
          [
            0.498323,
            51.306886,
            15.6
          ],
          [
            0.498381,
            51.306855,
            15.8
          ],
          [
            0.49848,
            51.306855,
            16
          ],
          [
            0.499406,
            51.307115,
            17.9
          ],
          [
            0.499982,
            51.30734,
            18.8
          ],
          [
            0.501077,
            51.307428,
            19.9
          ],
          [
            0.501789,
            51.307809,
            20.5
          ],
          [
            0.502065,
            51.30791,
            20.6
          ],
          [
            0.502609,
            51.308054,
            20.8
          ],
          [
            0.504148,
            51.308887,
            21.9
          ],
          [
            0.504477,
            51.309178,
            22.7
          ],
          [
            0.50499,
            51.309569,
            24
          ],
          [
            0.505166,
            51.309658,
            24.3
          ],
          [
            0.505291,
            51.309677,
            24.5
          ],
          [
            0.505414,
            51.309662,
            24.7
          ],
          [
            0.505545,
            51.309529,
            25.1
          ],
          [
            0.505583,
            51.309477,
            25.2
          ],
          [
            0.505738,
            51.309425,
            25.4
          ],
          [
            0.506147,
            51.309287,
            26.1
          ],
          [
            0.506266,
            51.309164,
            26.3
          ],
          [
            0.506368,
            51.308879,
            26.9
          ]
        ]
      }
    },
    {
      "type": "Feature",
      "id": "1675037903",
      "properties": {
        "day": 2,
        "tour_id": "1675037903",
        "name": "The Augustine Camino - Day 2 - From Aylesford to Wormshill",
        "point_count": 252,
        "length_km_geodesic": 15.225,
        "distance_km_komoot": 15.233,
        "duration_s": 14718,
        "elevation_up_m": 220.3,
        "elevation_down_m": 116.9,
        "sport": "hike",
        "source": "https://www.komoot.com/tour/1675037903"
      },
      "geometry": {
        "type": "LineString",
        "coordinates": [
          [
            0.506368,
            51.308879,
            30.8
          ],
          [
            0.506368,
            51.308879,
            30.8
          ],
          [
            0.506522,
            51.308761,
            31.2
          ],
          [
            0.506737,
            51.308655,
            31.7
          ],
          [
            0.508069,
            51.308189,
            35
          ],
          [
            0.50903,
            51.307964,
            37.5
          ],
          [
            0.509412,
            51.30784,
            38.4
          ],
          [
            0.509739,
            51.307671,
            39.1
          ],
          [
            0.510144,
            51.307516,
            39.8
          ],
          [
            0.511489,
            51.307248,
            40.7
          ],
          [
            0.511581,
            51.306896,
            40.5
          ],
          [
            0.511713,
            51.305885,
            39.8
          ],
          [
            0.511816,
            51.305864,
            39.8
          ],
          [
            0.511897,
            51.305512,
            39.7
          ],
          [
            0.511877,
            51.305427,
            39.6
          ],
          [
            0.511799,
            51.305424,
            39.6
          ],
          [
            0.511738,
            51.305453,
            39.6
          ],
          [
            0.511765,
            51.305504,
            39.6
          ],
          [
            0.511834,
            51.305526,
            39.5
          ],
          [
            0.513187,
            51.305513,
            39.4
          ],
          [
            0.513284,
            51.305464,
            39.4
          ],
          [
            0.513579,
            51.305451,
            39.4
          ],
          [
            0.513966,
            51.305334,
            39.4
          ],
          [
            0.514087,
            51.305297,
            39.4
          ],
          [
            0.514278,
            51.305229,
            39.4
          ],
          [
            0.514667,
            51.305076,
            39.3
          ],
          [
            0.515068,
            51.304959,
            39.2
          ],
          [
            0.515911,
            51.304776,
            38.8
          ],
          [
            0.516435,
            51.304576,
            38.5
          ],
          [
            0.517295,
            51.304179,
            37.7
          ],
          [
            0.517476,
            51.30406,
            37.5
          ],
          [
            0.517804,
            51.303588,
            36.6
          ],
          [
            0.517991,
            51.303315,
            36.1
          ],
          [
            0.518067,
            51.303249,
            35.9
          ],
          [
            0.518689,
            51.302949,
            35
          ],
          [
            0.519493,
            51.302574,
            33.4
          ],
          [
            0.521276,
            51.301361,
            30.3
          ],
          [
            0.521355,
            51.301403,
            30.3
          ],
          [
            0.521455,
            51.301336,
            30.2
          ],
          [
            0.521869,
            51.301182,
            30.2
          ],
          [
            0.522606,
            51.301023,
            30.6
          ],
          [
            0.522719,
            51.301173,
            30.8
          ],
          [
            0.522912,
            51.301153,
            31
          ],
          [
            0.523642,
            51.301388,
            32.1
          ],
          [
            0.523883,
            51.301619,
            32.9
          ],
          [
            0.525203,
            51.301934,
            36.1
          ],
          [
            0.526083,
            51.303129,
            41.1
          ],
          [
            0.526258,
            51.303175,
            41.5
          ],
          [
            0.526591,
            51.303449,
            42.6
          ],
          [
            0.526281,
            51.303628,
            43.3
          ],
          [
            0.525969,
            51.303645,
            43.7
          ],
          [
            0.525936,
            51.303737,
            43.9
          ],
          [
            0.526068,
            51.303702,
            44.1
          ],
          [
            0.526383,
            51.303738,
            44.3
          ],
          [
            0.526541,
            51.30383,
            44.4
          ],
          [
            0.526956,
            51.304092,
            44.4
          ],
          [
            0.527067,
            51.304312,
            44.3
          ],
          [
            0.527309,
            51.304367,
            44.2
          ],
          [
            0.527853,
            51.303777,
            43.9
          ],
          [
            0.528536,
            51.3032,
            44.7
          ],
          [
            0.529096,
            51.303471,
            45.5
          ],
          [
            0.530434,
            51.303342,
            48.4
          ],
          [
            0.53072,
            51.303315,
            49.2
          ],
          [
            0.532325,
            51.304406,
            57.2
          ],
          [
            0.533003,
            51.304702,
            59.7
          ],
          [
            0.533387,
            51.304614,
            60.8
          ],
          [
            0.534214,
            51.305447,
            64
          ],
          [
            0.539906,
            51.303445,
            65.1
          ],
          [
            0.541581,
            51.302769,
            64.5
          ],
          [
            0.541909,
            51.30263,
            64.4
          ],
          [
            0.543047,
            51.302371,
            64.4
          ],
          [
            0.54309,
            51.302361,
            64.4
          ],
          [
            0.544066,
            51.302097,
            64.5
          ],
          [
            0.544145,
            51.302202,
            64.6
          ],
          [
            0.545583,
            51.302025,
            65.5
          ],
          [
            0.546506,
            51.30173,
            66.6
          ],
          [
            0.547021,
            51.301408,
            67.2
          ],
          [
            0.548289,
            51.300998,
            68.2
          ],
          [
            0.55009,
            51.300415,
            69.9
          ],
          [
            0.554601,
            51.299075,
            76.5
          ],
          [
            0.558627,
            51.29765,
            79.9
          ],
          [
            0.559541,
            51.296726,
            82.5
          ],
          [
            0.560003,
            51.296383,
            84.2
          ],
          [
            0.561076,
            51.295672,
            88.8
          ],
          [
            0.561677,
            51.29531,
            91.7
          ],
          [
            0.562472,
            51.295091,
            94.8
          ],
          [
            0.563308,
            51.296115,
            101.2
          ],
          [
            0.564939,
            51.297637,
            111.5
          ],
          [
            0.565446,
            51.298042,
            113.6
          ],
          [
            0.565626,
            51.298101,
            114.1
          ],
          [
            0.565952,
            51.29777,
            115.5
          ],
          [
            0.566244,
            51.297571,
            116.3
          ],
          [
            0.567411,
            51.296902,
            117.8
          ],
          [
            0.567714,
            51.296991,
            117.9
          ],
          [
            0.567674,
            51.297015,
            117.9
          ],
          [
            0.567454,
            51.297143,
            117.9
          ],
          [
            0.567404,
            51.297111,
            118
          ],
          [
            0.567864,
            51.296873,
            118.1
          ],
          [
            0.567933,
            51.296815,
            118.2
          ],
          [
            0.568172,
            51.296266,
            118.2
          ],
          [
            0.568863,
            51.296391,
            117.7
          ],
          [
            0.569878,
            51.296429,
            116
          ],
          [
            0.569882,
            51.296368,
            115.8
          ],
          [
            0.570396,
            51.296353,
            114.6
          ],
          [
            0.57059,
            51.296326,
            114.2
          ],
          [
            0.570677,
            51.296292,
            113.9
          ],
          [
            0.570709,
            51.296187,
            113.5
          ],
          [
            0.570638,
            51.296078,
            112.9
          ],
          [
            0.57035,
            51.295633,
            110.4
          ],
          [
            0.570341,
            51.295561,
            110
          ],
          [
            0.5703,
            51.295471,
            109.5
          ],
          [
            0.569984,
            51.294613,
            104.5
          ],
          [
            0.569963,
            51.294551,
            104.1
          ],
          [
            0.569874,
            51.294353,
            103
          ],
          [
            0.569841,
            51.294297,
            102.7
          ],
          [
            0.569637,
            51.294078,
            101.5
          ],
          [
            0.56986,
            51.293962,
            100.7
          ],
          [
            0.570191,
            51.293842,
            99.7
          ],
          [
            0.570829,
            51.293674,
            98
          ],
          [
            0.573808,
            51.292858,
            93.7
          ],
          [
            0.576547,
            51.292107,
            92.6
          ],
          [
            0.584846,
            51.289447,
            90.4
          ],
          [
            0.585,
            51.289415,
            90.3
          ],
          [
            0.585137,
            51.289451,
            90.2
          ],
          [
            0.585238,
            51.289384,
            89.9
          ],
          [
            0.586013,
            51.289103,
            89.3
          ],
          [
            0.586021,
            51.289074,
            89.3
          ],
          [
            0.586453,
            51.288875,
            89.3
          ],
          [
            0.586823,
            51.288662,
            89.5
          ],
          [
            0.586882,
            51.288662,
            89.6
          ],
          [
            0.587283,
            51.288504,
            90
          ],
          [
            0.588282,
            51.289756,
            96.8
          ],
          [
            0.58838,
            51.28986,
            97.8
          ],
          [
            0.588708,
            51.290186,
            101.3
          ],
          [
            0.58875,
            51.290308,
            102.4
          ],
          [
            0.589081,
            51.290559,
            104.8
          ],
          [
            0.589397,
            51.290898,
            107
          ],
          [
            0.589723,
            51.29136,
            108.8
          ],
          [
            0.589998,
            51.291286,
            109.2
          ],
          [
            0.590356,
            51.291113,
            109.4
          ],
          [
            0.591056,
            51.290695,
            108.7
          ],
          [
            0.592039,
            51.290184,
            105.6
          ],
          [
            0.593055,
            51.289697,
            102.4
          ],
          [
            0.593749,
            51.289527,
            100.9
          ],
          [
            0.594726,
            51.289324,
            99.4
          ],
          [
            0.595679,
            51.289007,
            98.2
          ],
          [
            0.596016,
            51.288832,
            97.7
          ],
          [
            0.596782,
            51.288254,
            97.3
          ],
          [
            0.597796,
            51.287711,
            100
          ],
          [
            0.597934,
            51.287683,
            100.3
          ],
          [
            0.597993,
            51.287712,
            100.5
          ],
          [
            0.597993,
            51.287712,
            100.5
          ],
          [
            0.599018,
            51.288894,
            108.1
          ],
          [
            0.599505,
            51.289553,
            113.2
          ],
          [
            0.60049,
            51.289988,
            118
          ],
          [
            0.60049,
            51.289988,
            118
          ],
          [
            0.605194,
            51.290691,
            139
          ],
          [
            0.605156,
            51.290819,
            140
          ],
          [
            0.606151,
            51.291126,
            146.4
          ],
          [
            0.606151,
            51.291126,
            146.4
          ],
          [
            0.606248,
            51.29116,
            147.2
          ],
          [
            0.606481,
            51.290924,
            150.2
          ],
          [
            0.607024,
            51.291452,
            157.9
          ],
          [
            0.607935,
            51.292274,
            171.7
          ],
          [
            0.608881,
            51.292682,
            180.8
          ],
          [
            0.609452,
            51.292797,
            184.5
          ],
          [
            0.610146,
            51.292772,
            187.8
          ],
          [
            0.610457,
            51.292825,
            188.9
          ],
          [
            0.610544,
            51.29296,
            189.7
          ],
          [
            0.610457,
            51.292825,
            190.3
          ],
          [
            0.610532,
            51.292793,
            190.5
          ],
          [
            0.610647,
            51.292553,
            191.3
          ],
          [
            0.611109,
            51.292225,
            192
          ],
          [
            0.611344,
            51.292164,
            192
          ],
          [
            0.611428,
            51.292202,
            192.1
          ],
          [
            0.611638,
            51.292298,
            192.1
          ],
          [
            0.611947,
            51.292305,
            192
          ],
          [
            0.612471,
            51.292004,
            191.7
          ],
          [
            0.612804,
            51.291871,
            191.5
          ],
          [
            0.613504,
            51.291628,
            191.2
          ],
          [
            0.614375,
            51.291455,
            190.6
          ],
          [
            0.618215,
            51.291121,
            190
          ],
          [
            0.618226,
            51.291143,
            190
          ],
          [
            0.618301,
            51.291295,
            190.1
          ],
          [
            0.61875,
            51.29177,
            190.5
          ],
          [
            0.619179,
            51.291688,
            190.8
          ],
          [
            0.620826,
            51.291668,
            191.5
          ],
          [
            0.622692,
            51.291599,
            191.3
          ],
          [
            0.624603,
            51.290992,
            190.3
          ],
          [
            0.627485,
            51.291244,
            189.1
          ],
          [
            0.627163,
            51.290879,
            188.8
          ],
          [
            0.627111,
            51.290746,
            188.6
          ],
          [
            0.62706,
            51.290555,
            188.5
          ],
          [
            0.627111,
            51.290746,
            188.3
          ],
          [
            0.62973,
            51.290242,
            187.4
          ],
          [
            0.629434,
            51.289923,
            187.3
          ],
          [
            0.63349,
            51.288813,
            188
          ],
          [
            0.633649,
            51.288984,
            187.8
          ],
          [
            0.633693,
            51.289012,
            187.7
          ],
          [
            0.634647,
            51.289235,
            186.5
          ],
          [
            0.634808,
            51.289239,
            186.2
          ],
          [
            0.634858,
            51.288906,
            185.2
          ],
          [
            0.636146,
            51.287296,
            178.3
          ],
          [
            0.6363,
            51.286652,
            176.4
          ],
          [
            0.636065,
            51.286274,
            175.3
          ],
          [
            0.635897,
            51.286005,
            174.7
          ],
          [
            0.636065,
            51.286274,
            174.1
          ],
          [
            0.636506,
            51.286401,
            173.7
          ],
          [
            0.637511,
            51.286755,
            172.9
          ],
          [
            0.637983,
            51.286992,
            172.3
          ],
          [
            0.638701,
            51.287406,
            171.2
          ],
          [
            0.638971,
            51.287629,
            170.8
          ],
          [
            0.639244,
            51.287924,
            170.2
          ],
          [
            0.639356,
            51.288115,
            169.9
          ],
          [
            0.640001,
            51.288716,
            168.8
          ],
          [
            0.640654,
            51.289441,
            168.8
          ],
          [
            0.64074,
            51.289574,
            168.8
          ],
          [
            0.641107,
            51.289491,
            169
          ],
          [
            0.641503,
            51.28937,
            169.2
          ],
          [
            0.642319,
            51.28924,
            169.5
          ],
          [
            0.642511,
            51.289238,
            169.7
          ],
          [
            0.642987,
            51.289121,
            170.1
          ],
          [
            0.64331,
            51.289526,
            170.8
          ],
          [
            0.643052,
            51.289885,
            171.4
          ],
          [
            0.643227,
            51.290275,
            171.7
          ],
          [
            0.643458,
            51.291252,
            172.4
          ],
          [
            0.643853,
            51.292046,
            172.9
          ],
          [
            0.644171,
            51.292081,
            172.9
          ],
          [
            0.644317,
            51.292556,
            172.7
          ],
          [
            0.644656,
            51.293266,
            171.8
          ],
          [
            0.644976,
            51.293728,
            170.7
          ],
          [
            0.644711,
            51.293895,
            170.2
          ],
          [
            0.644905,
            51.294052,
            169.8
          ],
          [
            0.645912,
            51.294092,
            168.4
          ],
          [
            0.649411,
            51.29435,
            165.1
          ],
          [
            0.649444,
            51.294352,
            165.1
          ],
          [
            0.650792,
            51.294477,
            164
          ],
          [
            0.65215,
            51.294517,
            161.6
          ],
          [
            0.65215,
            51.294517,
            161.6
          ],
          [
            0.652298,
            51.294552,
            161.3
          ],
          [
            0.652561,
            51.294478,
            160.6
          ],
          [
            0.657002,
            51.293838,
            143.2
          ],
          [
            0.657199,
            51.293975,
            142.2
          ],
          [
            0.657317,
            51.294293,
            140.7
          ],
          [
            0.657569,
            51.294591,
            139.5
          ],
          [
            0.658033,
            51.295378,
            137.5
          ],
          [
            0.658157,
            51.295837,
            136.9
          ],
          [
            0.658211,
            51.296362,
            136.4
          ],
          [
            0.658303,
            51.296627,
            136.2
          ],
          [
            0.658606,
            51.296781,
            136
          ],
          [
            0.659523,
            51.298516,
            134.1
          ],
          [
            0.659524,
            51.298516,
            134.1
          ]
        ]
      }
    },
    {
      "type": "Feature",
      "id": "1675037904",
      "properties": {
        "day": 3,
        "tour_id": "1675037904",
        "name": "The Augustine Camino - Day 3 - From Wormshill to Newnham",
        "point_count": 274,
        "length_km_geodesic": 15.517,
        "distance_km_komoot": 15.521,
        "duration_s": 14655,
        "elevation_up_m": 103.8,
        "elevation_down_m": 160.3,
        "sport": "hike",
        "source": "https://www.komoot.com/tour/1675037904"
      },
      "geometry": {
        "type": "LineString",
        "coordinates": [
          [
            0.659524,
            51.298516,
            132.3
          ],
          [
            0.660145,
            51.299188,
            130.7
          ],
          [
            0.66077,
            51.299745,
            128.7
          ],
          [
            0.66124,
            51.300005,
            127.2
          ],
          [
            0.662375,
            51.300413,
            123.8
          ],
          [
            0.663868,
            51.30099,
            120.4
          ],
          [
            0.665598,
            51.302259,
            118.2
          ],
          [
            0.665816,
            51.302485,
            118.1
          ],
          [
            0.666219,
            51.303112,
            117.2
          ],
          [
            0.666303,
            51.303249,
            116.9
          ],
          [
            0.666776,
            51.303661,
            115.5
          ],
          [
            0.667997,
            51.305282,
            109.2
          ],
          [
            0.670121,
            51.30664,
            103.9
          ],
          [
            0.672268,
            51.307903,
            102.4
          ],
          [
            0.673686,
            51.307868,
            105.6
          ],
          [
            0.676566,
            51.308223,
            116.4
          ],
          [
            0.676767,
            51.308342,
            117.3
          ],
          [
            0.67793,
            51.309741,
            120.5
          ],
          [
            0.679568,
            51.311057,
            116
          ],
          [
            0.679729,
            51.311161,
            115.2
          ],
          [
            0.679799,
            51.311163,
            115
          ],
          [
            0.682565,
            51.312185,
            103.7
          ],
          [
            0.687952,
            51.311366,
            96.1
          ],
          [
            0.68824,
            51.31127,
            95.6
          ],
          [
            0.688935,
            51.311341,
            94.6
          ],
          [
            0.689683,
            51.311313,
            93.4
          ],
          [
            0.690286,
            51.311333,
            92.3
          ],
          [
            0.690854,
            51.311291,
            91.2
          ],
          [
            0.690999,
            51.311244,
            90.9
          ],
          [
            0.69133,
            51.31135,
            90.3
          ],
          [
            0.692007,
            51.311628,
            89.2
          ],
          [
            0.692375,
            51.311882,
            88.8
          ],
          [
            0.692457,
            51.31197,
            88.6
          ],
          [
            0.692798,
            51.311877,
            88.4
          ],
          [
            0.693358,
            51.311852,
            88.2
          ],
          [
            0.693919,
            51.311794,
            88.2
          ],
          [
            0.69448,
            51.311748,
            88.3
          ],
          [
            0.694658,
            51.311713,
            88.4
          ],
          [
            0.694883,
            51.311678,
            88.4
          ],
          [
            0.695177,
            51.311571,
            88.6
          ],
          [
            0.695364,
            51.311403,
            88.7
          ],
          [
            0.695619,
            51.311276,
            88.7
          ],
          [
            0.695853,
            51.311122,
            88.7
          ],
          [
            0.695768,
            51.310997,
            88.8
          ],
          [
            0.695615,
            51.310714,
            88.8
          ],
          [
            0.696312,
            51.310446,
            88.8
          ],
          [
            0.696978,
            51.310195,
            88.6
          ],
          [
            0.696967,
            51.310124,
            88.6
          ],
          [
            0.69797,
            51.309266,
            88.4
          ],
          [
            0.699376,
            51.308197,
            89.6
          ],
          [
            0.699385,
            51.308159,
            89.7
          ],
          [
            0.704172,
            51.305851,
            94.3
          ],
          [
            0.707531,
            51.304232,
            97.1
          ],
          [
            0.709422,
            51.30316,
            98.5
          ],
          [
            0.709142,
            51.303027,
            98.8
          ],
          [
            0.709509,
            51.302847,
            99.2
          ],
          [
            0.709763,
            51.302692,
            99.5
          ],
          [
            0.710003,
            51.302598,
            99.9
          ],
          [
            0.710212,
            51.302551,
            100.1
          ],
          [
            0.710251,
            51.302471,
            100.3
          ],
          [
            0.710391,
            51.301915,
            101.4
          ],
          [
            0.710235,
            51.301187,
            102.3
          ],
          [
            0.710115,
            51.300924,
            102.6
          ],
          [
            0.710141,
            51.300757,
            102.7
          ],
          [
            0.710277,
            51.300701,
            102.8
          ],
          [
            0.712071,
            51.300207,
            101.5
          ],
          [
            0.712898,
            51.299953,
            98.7
          ],
          [
            0.713365,
            51.299753,
            96.4
          ],
          [
            0.713808,
            51.299473,
            93.5
          ],
          [
            0.714379,
            51.298758,
            87.2
          ],
          [
            0.714771,
            51.298367,
            83.8
          ],
          [
            0.715445,
            51.297822,
            80.2
          ],
          [
            0.716048,
            51.296939,
            80.2
          ],
          [
            0.716188,
            51.296801,
            80.8
          ],
          [
            0.716169,
            51.296661,
            81.5
          ],
          [
            0.716198,
            51.296466,
            82.5
          ],
          [
            0.716704,
            51.296482,
            84.6
          ],
          [
            0.718298,
            51.296921,
            92.7
          ],
          [
            0.718685,
            51.296997,
            94.5
          ],
          [
            0.718815,
            51.297049,
            95.2
          ],
          [
            0.718924,
            51.297092,
            95.7
          ],
          [
            0.719176,
            51.297121,
            96.8
          ],
          [
            0.719456,
            51.296954,
            98.2
          ],
          [
            0.719777,
            51.296931,
            99.2
          ],
          [
            0.719981,
            51.296894,
            99.8
          ],
          [
            0.721283,
            51.296807,
            101.6
          ],
          [
            0.722883,
            51.296587,
            100.7
          ],
          [
            0.723223,
            51.296575,
            100.3
          ],
          [
            0.723848,
            51.296511,
            99.6
          ],
          [
            0.724459,
            51.29633,
            99.2
          ],
          [
            0.725639,
            51.296236,
            98.9
          ],
          [
            0.726009,
            51.296152,
            99
          ],
          [
            0.726243,
            51.296012,
            99.1
          ],
          [
            0.726541,
            51.296029,
            99.2
          ],
          [
            0.726685,
            51.296109,
            99.3
          ],
          [
            0.727316,
            51.296071,
            99.7
          ],
          [
            0.727803,
            51.296067,
            100
          ],
          [
            0.728531,
            51.296105,
            100.4
          ],
          [
            0.728735,
            51.296206,
            100.4
          ],
          [
            0.729223,
            51.296219,
            100.3
          ],
          [
            0.72944,
            51.296175,
            100.3
          ],
          [
            0.729578,
            51.296104,
            100.3
          ],
          [
            0.730431,
            51.295811,
            100.2
          ],
          [
            0.731048,
            51.295656,
            100
          ],
          [
            0.731736,
            51.295526,
            99.9
          ],
          [
            0.732911,
            51.29543,
            99.4
          ],
          [
            0.733692,
            51.295217,
            99
          ],
          [
            0.734466,
            51.294906,
            98.5
          ],
          [
            0.734775,
            51.294706,
            98.2
          ],
          [
            0.735245,
            51.294596,
            97.9
          ],
          [
            0.735872,
            51.294204,
            97.4
          ],
          [
            0.737301,
            51.293987,
            97.2
          ],
          [
            0.737587,
            51.293915,
            97.1
          ],
          [
            0.737612,
            51.293856,
            97
          ],
          [
            0.737577,
            51.293569,
            96.9
          ],
          [
            0.737653,
            51.293377,
            96.8
          ],
          [
            0.737809,
            51.293222,
            96.8
          ],
          [
            0.738365,
            51.292871,
            96.9
          ],
          [
            0.738464,
            51.29292,
            96.9
          ],
          [
            0.738752,
            51.292792,
            97
          ],
          [
            0.738962,
            51.292595,
            97.1
          ],
          [
            0.7392,
            51.292371,
            97.3
          ],
          [
            0.739541,
            51.292121,
            97.7
          ],
          [
            0.741334,
            51.291297,
            100.4
          ],
          [
            0.741363,
            51.29139,
            100.6
          ],
          [
            0.741911,
            51.291475,
            101.2
          ],
          [
            0.742178,
            51.291588,
            101.5
          ],
          [
            0.742461,
            51.291847,
            101.8
          ],
          [
            0.742623,
            51.292049,
            102
          ],
          [
            0.742874,
            51.292405,
            102.1
          ],
          [
            0.74289,
            51.292502,
            102.2
          ],
          [
            0.743149,
            51.292725,
            102.1
          ],
          [
            0.744233,
            51.292225,
            101.5
          ],
          [
            0.745067,
            51.291881,
            101
          ],
          [
            0.745649,
            51.291724,
            100.6
          ],
          [
            0.746118,
            51.291551,
            100.3
          ],
          [
            0.746255,
            51.291544,
            100.2
          ],
          [
            0.746383,
            51.291937,
            99.7
          ],
          [
            0.748669,
            51.292194,
            98.8
          ],
          [
            0.749043,
            51.292212,
            98.8
          ],
          [
            0.749221,
            51.292192,
            98.8
          ],
          [
            0.749316,
            51.292086,
            98.7
          ],
          [
            0.749509,
            51.291957,
            98.7
          ],
          [
            0.750015,
            51.291907,
            98.7
          ],
          [
            0.750733,
            51.291876,
            98.9
          ],
          [
            0.751581,
            51.291884,
            99.1
          ],
          [
            0.75335,
            51.291837,
            99.2
          ],
          [
            0.753559,
            51.29181,
            99.1
          ],
          [
            0.753693,
            51.291661,
            99
          ],
          [
            0.753757,
            51.291521,
            98.9
          ],
          [
            0.753734,
            51.291431,
            98.8
          ],
          [
            0.753557,
            51.291186,
            98.6
          ],
          [
            0.753502,
            51.290968,
            98.5
          ],
          [
            0.753522,
            51.290811,
            98.3
          ],
          [
            0.754759,
            51.29098,
            97.2
          ],
          [
            0.755093,
            51.291003,
            96.8
          ],
          [
            0.755513,
            51.290966,
            96.1
          ],
          [
            0.756469,
            51.290771,
            94.4
          ],
          [
            0.756769,
            51.29105,
            93.5
          ],
          [
            0.757509,
            51.291558,
            91.6
          ],
          [
            0.758181,
            51.292095,
            89.4
          ],
          [
            0.758558,
            51.292555,
            87.8
          ],
          [
            0.759066,
            51.293009,
            86.2
          ],
          [
            0.759772,
            51.293516,
            84.4
          ],
          [
            0.759935,
            51.293631,
            84.1
          ],
          [
            0.761015,
            51.294436,
            82.3
          ],
          [
            0.761326,
            51.29434,
            82
          ],
          [
            0.761626,
            51.294208,
            81.8
          ],
          [
            0.761927,
            51.29417,
            81.6
          ],
          [
            0.765701,
            51.292626,
            80.6
          ],
          [
            0.766066,
            51.292444,
            80.5
          ],
          [
            0.770824,
            51.290414,
            81.3
          ],
          [
            0.773157,
            51.289508,
            83.5
          ],
          [
            0.773268,
            51.289484,
            83.6
          ],
          [
            0.774722,
            51.289163,
            84.7
          ],
          [
            0.774489,
            51.288762,
            85.1
          ],
          [
            0.774373,
            51.288461,
            85.3
          ],
          [
            0.774333,
            51.287665,
            85.8
          ],
          [
            0.774431,
            51.286974,
            86.1
          ],
          [
            0.774525,
            51.286637,
            86.2
          ],
          [
            0.774645,
            51.28637,
            86.3
          ],
          [
            0.774783,
            51.286197,
            86.4
          ],
          [
            0.774331,
            51.286144,
            86.5
          ],
          [
            0.774063,
            51.286164,
            86.6
          ],
          [
            0.773787,
            51.286184,
            86.7
          ],
          [
            0.77351,
            51.286218,
            86.8
          ],
          [
            0.773787,
            51.286184,
            86.9
          ],
          [
            0.774063,
            51.286164,
            87.1
          ],
          [
            0.774331,
            51.286144,
            87.2
          ],
          [
            0.774783,
            51.286197,
            87.4
          ],
          [
            0.774808,
            51.286119,
            87.5
          ],
          [
            0.775897,
            51.285794,
            88.4
          ],
          [
            0.775939,
            51.2858,
            88.4
          ],
          [
            0.777998,
            51.285102,
            90
          ],
          [
            0.77992,
            51.284178,
            90.1
          ],
          [
            0.780289,
            51.284076,
            90.1
          ],
          [
            0.78109,
            51.284007,
            90.2
          ],
          [
            0.78109,
            51.284007,
            90.2
          ],
          [
            0.782281,
            51.284356,
            90.8
          ],
          [
            0.783282,
            51.284773,
            91.9
          ],
          [
            0.784666,
            51.285327,
            93.5
          ],
          [
            0.786177,
            51.285823,
            93.9
          ],
          [
            0.788955,
            51.286744,
            91.2
          ],
          [
            0.789416,
            51.28687,
            90.5
          ],
          [
            0.789775,
            51.287019,
            89.9
          ],
          [
            0.789915,
            51.287038,
            89.7
          ],
          [
            0.790233,
            51.287135,
            89.2
          ],
          [
            0.79055,
            51.287237,
            88.7
          ],
          [
            0.790917,
            51.287405,
            88.2
          ],
          [
            0.791332,
            51.287506,
            87.7
          ],
          [
            0.79169,
            51.28765,
            87.2
          ],
          [
            0.791899,
            51.287696,
            87
          ],
          [
            0.792963,
            51.288044,
            85.8
          ],
          [
            0.793144,
            51.288103,
            85.6
          ],
          [
            0.793366,
            51.288213,
            85.4
          ],
          [
            0.79386,
            51.288334,
            85
          ],
          [
            0.7942,
            51.288492,
            84.8
          ],
          [
            0.7945,
            51.288585,
            84.6
          ],
          [
            0.794609,
            51.288648,
            84.5
          ],
          [
            0.794856,
            51.288725,
            84.4
          ],
          [
            0.795002,
            51.28874,
            84.4
          ],
          [
            0.795202,
            51.288834,
            84.3
          ],
          [
            0.795494,
            51.288869,
            84.2
          ],
          [
            0.795556,
            51.288833,
            84.2
          ],
          [
            0.795778,
            51.288771,
            84.1
          ],
          [
            0.795917,
            51.288702,
            84.1
          ],
          [
            0.796366,
            51.288633,
            83.9
          ],
          [
            0.796552,
            51.288635,
            83.8
          ],
          [
            0.796778,
            51.288584,
            83.7
          ],
          [
            0.797137,
            51.288337,
            83.5
          ],
          [
            0.797616,
            51.287981,
            82.9
          ],
          [
            0.797764,
            51.287931,
            82.7
          ],
          [
            0.797785,
            51.287772,
            82.3
          ],
          [
            0.798658,
            51.286819,
            76.3
          ],
          [
            0.798673,
            51.286803,
            76.1
          ],
          [
            0.798833,
            51.28588,
            68
          ],
          [
            0.798902,
            51.285556,
            65.4
          ],
          [
            0.799064,
            51.28509,
            61.7
          ],
          [
            0.799345,
            51.284429,
            57.8
          ],
          [
            0.799809,
            51.284506,
            56.4
          ],
          [
            0.800264,
            51.284515,
            55.6
          ],
          [
            0.800826,
            51.284463,
            55
          ],
          [
            0.801274,
            51.28448,
            54.8
          ],
          [
            0.801499,
            51.284531,
            54.6
          ],
          [
            0.801646,
            51.284564,
            54.6
          ],
          [
            0.801761,
            51.284604,
            54.5
          ],
          [
            0.802012,
            51.284693,
            54.3
          ],
          [
            0.802301,
            51.284748,
            54.1
          ],
          [
            0.802651,
            51.284795,
            53.9
          ],
          [
            0.803322,
            51.284815,
            53.9
          ],
          [
            0.803762,
            51.284855,
            54.3
          ],
          [
            0.804615,
            51.285007,
            56.1
          ],
          [
            0.80505,
            51.285149,
            57.9
          ],
          [
            0.805121,
            51.285178,
            58.2
          ],
          [
            0.80639,
            51.284137,
            68
          ],
          [
            0.807392,
            51.284,
            72.8
          ],
          [
            0.808724,
            51.283286,
            75.7
          ],
          [
            0.809287,
            51.283126,
            75.4
          ],
          [
            0.810017,
            51.282767,
            74.6
          ],
          [
            0.810405,
            51.282362,
            74.1
          ],
          [
            0.810929,
            51.282124,
            73.5
          ],
          [
            0.81269,
            51.281417,
            75.5
          ],
          [
            0.812835,
            51.281481,
            75.9
          ],
          [
            0.813039,
            51.281497,
            76.4
          ],
          [
            0.813596,
            51.281362,
            77.7
          ],
          [
            0.814159,
            51.281123,
            78.9
          ],
          [
            0.814985,
            51.280885,
            80.1
          ],
          [
            0.817005,
            51.283293,
            78.6
          ],
          [
            0.817055,
            51.283426,
            78.3
          ],
          [
            0.818533,
            51.285014,
            75.9
          ],
          [
            0.81906,
            51.285463,
            75.6
          ],
          [
            0.819102,
            51.285583,
            75.5
          ],
          [
            0.819056,
            51.285646,
            75.6
          ],
          [
            0.819715,
            51.287138,
            75.7
          ]
        ]
      }
    },
    {
      "type": "Feature",
      "id": "1675037905",
      "properties": {
        "day": 4,
        "tour_id": "1675037905",
        "name": "The Augustine Camino - Day 4 - From Newnham to Oversland",
        "point_count": 292,
        "length_km_geodesic": 15.547,
        "distance_km_komoot": 15.548,
        "duration_s": 14585,
        "elevation_up_m": 100.6,
        "elevation_down_m": 115.1,
        "sport": "hike",
        "source": "https://www.komoot.com/tour/1675037905"
      },
      "geometry": {
        "type": "LineString",
        "coordinates": [
          [
            0.819715,
            51.287138,
            74.7
          ],
          [
            0.819715,
            51.287138,
            74.7
          ],
          [
            0.819729,
            51.28724,
            74.6
          ],
          [
            0.819609,
            51.287377,
            74.5
          ],
          [
            0.819623,
            51.287492,
            74.4
          ],
          [
            0.819751,
            51.287767,
            74.2
          ],
          [
            0.819949,
            51.287754,
            74.1
          ],
          [
            0.820083,
            51.287776,
            74
          ],
          [
            0.820239,
            51.287855,
            74
          ],
          [
            0.820366,
            51.287957,
            73.9
          ],
          [
            0.821037,
            51.288839,
            73.4
          ],
          [
            0.822822,
            51.288416,
            71.7
          ],
          [
            0.822938,
            51.288403,
            71.5
          ],
          [
            0.823068,
            51.28845,
            71.3
          ],
          [
            0.825812,
            51.288979,
            67.6
          ],
          [
            0.826105,
            51.28901,
            67.6
          ],
          [
            0.826679,
            51.288924,
            67.9
          ],
          [
            0.827458,
            51.288747,
            69
          ],
          [
            0.827812,
            51.288747,
            69.7
          ],
          [
            0.827995,
            51.288959,
            70.7
          ],
          [
            0.828151,
            51.289198,
            71.8
          ],
          [
            0.829461,
            51.288881,
            75.6
          ],
          [
            0.831308,
            51.288694,
            79
          ],
          [
            0.834658,
            51.289659,
            82
          ],
          [
            0.835688,
            51.291642,
            80.4
          ],
          [
            0.836591,
            51.292929,
            77.4
          ],
          [
            0.8379,
            51.29418,
            73.4
          ],
          [
            0.838517,
            51.29468,
            71.8
          ],
          [
            0.842962,
            51.297462,
            61.6
          ],
          [
            0.843084,
            51.297326,
            61.2
          ],
          [
            0.844576,
            51.298355,
            58
          ],
          [
            0.845698,
            51.298114,
            56.7
          ],
          [
            0.847826,
            51.29711,
            54.8
          ],
          [
            0.849642,
            51.29654,
            53.9
          ],
          [
            0.851931,
            51.295897,
            53.9
          ],
          [
            0.85265,
            51.295648,
            54.3
          ],
          [
            0.853292,
            51.295546,
            54.7
          ],
          [
            0.853398,
            51.295522,
            54.8
          ],
          [
            0.85426,
            51.295263,
            55.4
          ],
          [
            0.854724,
            51.295166,
            55.7
          ],
          [
            0.855214,
            51.29511,
            55.9
          ],
          [
            0.855755,
            51.295107,
            56.1
          ],
          [
            0.855842,
            51.295428,
            56.2
          ],
          [
            0.855892,
            51.295495,
            56.2
          ],
          [
            0.855881,
            51.295899,
            56.1
          ],
          [
            0.855914,
            51.296037,
            56.1
          ],
          [
            0.856059,
            51.296194,
            56
          ],
          [
            0.856503,
            51.296523,
            55.7
          ],
          [
            0.856553,
            51.296563,
            55.6
          ],
          [
            0.856853,
            51.296957,
            55.2
          ],
          [
            0.856894,
            51.297007,
            55.1
          ],
          [
            0.857098,
            51.297257,
            54.7
          ],
          [
            0.85753,
            51.297566,
            54
          ],
          [
            0.857747,
            51.297728,
            53.6
          ],
          [
            0.858134,
            51.298047,
            52.8
          ],
          [
            0.858534,
            51.298434,
            51.8
          ],
          [
            0.858684,
            51.298611,
            51.3
          ],
          [
            0.859034,
            51.299191,
            49.9
          ],
          [
            0.859426,
            51.299696,
            48.6
          ],
          [
            0.859654,
            51.300007,
            47.9
          ],
          [
            0.859837,
            51.300438,
            47
          ],
          [
            0.85994,
            51.300756,
            46.4
          ],
          [
            0.859965,
            51.300941,
            46
          ],
          [
            0.860032,
            51.301355,
            45.2
          ],
          [
            0.860048,
            51.301517,
            44.8
          ],
          [
            0.860109,
            51.301955,
            43.8
          ],
          [
            0.860144,
            51.302248,
            43.1
          ],
          [
            0.860519,
            51.30223,
            42.5
          ],
          [
            0.862367,
            51.303225,
            38.3
          ],
          [
            0.865985,
            51.307237,
            26.1
          ],
          [
            0.867701,
            51.306758,
            20.9
          ],
          [
            0.8682,
            51.306929,
            19.4
          ],
          [
            0.868837,
            51.306903,
            17.8
          ],
          [
            0.869338,
            51.307421,
            16
          ],
          [
            0.869741,
            51.308044,
            14.4
          ],
          [
            0.869924,
            51.30827,
            13.9
          ],
          [
            0.870293,
            51.308669,
            13.3
          ],
          [
            0.871182,
            51.309417,
            12.5
          ],
          [
            0.871444,
            51.309684,
            12.2
          ],
          [
            0.872484,
            51.310448,
            11.2
          ],
          [
            0.872692,
            51.310682,
            11.2
          ],
          [
            0.873085,
            51.310972,
            11.1
          ],
          [
            0.873372,
            51.311229,
            11.1
          ],
          [
            0.873514,
            51.311377,
            11.2
          ],
          [
            0.873649,
            51.311593,
            11.3
          ],
          [
            0.874341,
            51.311468,
            11.9
          ],
          [
            0.874415,
            51.311564,
            12
          ],
          [
            0.874663,
            51.311733,
            12.4
          ],
          [
            0.87486,
            51.311849,
            12.7
          ],
          [
            0.875115,
            51.311948,
            13.1
          ],
          [
            0.875901,
            51.312235,
            14.3
          ],
          [
            0.876338,
            51.312375,
            14.7
          ],
          [
            0.877281,
            51.312515,
            15.3
          ],
          [
            0.877612,
            51.312607,
            15.5
          ],
          [
            0.877962,
            51.312724,
            15.4
          ],
          [
            0.879748,
            51.313343,
            13.5
          ],
          [
            0.881461,
            51.313925,
            11.2
          ],
          [
            0.881966,
            51.31404,
            10.9
          ],
          [
            0.882722,
            51.314155,
            10.5
          ],
          [
            0.882907,
            51.314187,
            10.4
          ],
          [
            0.88379,
            51.314319,
            10.1
          ],
          [
            0.883836,
            51.314325,
            10.1
          ],
          [
            0.883861,
            51.314475,
            9.9
          ],
          [
            0.884209,
            51.315041,
            9.5
          ],
          [
            0.884303,
            51.315193,
            9.3
          ],
          [
            0.884424,
            51.31532,
            9.2
          ],
          [
            0.884922,
            51.315629,
            8.5
          ],
          [
            0.885026,
            51.315745,
            8.2
          ],
          [
            0.885024,
            51.315883,
            8
          ],
          [
            0.885087,
            51.316425,
            7.3
          ],
          [
            0.88518,
            51.316578,
            7.2
          ],
          [
            0.885321,
            51.316707,
            7.1
          ],
          [
            0.885557,
            51.316767,
            7
          ],
          [
            0.885838,
            51.316762,
            6.8
          ],
          [
            0.886603,
            51.316634,
            6.8
          ],
          [
            0.887367,
            51.316474,
            7.1
          ],
          [
            0.887623,
            51.316439,
            7.3
          ],
          [
            0.887909,
            51.316399,
            7.5
          ],
          [
            0.888633,
            51.316387,
            8.2
          ],
          [
            0.888857,
            51.316326,
            8.4
          ],
          [
            0.8889,
            51.31637,
            8.5
          ],
          [
            0.888952,
            51.316365,
            8.5
          ],
          [
            0.889599,
            51.316218,
            9.1
          ],
          [
            0.890571,
            51.3158,
            10
          ],
          [
            0.890826,
            51.315715,
            10.1
          ],
          [
            0.890859,
            51.315705,
            10.1
          ],
          [
            0.891108,
            51.315953,
            10.3
          ],
          [
            0.891237,
            51.31605,
            10.3
          ],
          [
            0.891291,
            51.31606,
            10.3
          ],
          [
            0.891382,
            51.316038,
            10.4
          ],
          [
            0.891399,
            51.316062,
            10.4
          ],
          [
            0.891534,
            51.316243,
            10.4
          ],
          [
            0.891802,
            51.316571,
            10.3
          ],
          [
            0.891944,
            51.316733,
            10.3
          ],
          [
            0.892051,
            51.316775,
            10.3
          ],
          [
            0.892092,
            51.316781,
            10.2
          ],
          [
            0.892123,
            51.316879,
            10.2
          ],
          [
            0.892442,
            51.317207,
            10.1
          ],
          [
            0.892598,
            51.317368,
            10
          ],
          [
            0.892805,
            51.31759,
            9.8
          ],
          [
            0.892866,
            51.317641,
            9.7
          ],
          [
            0.893805,
            51.317393,
            9.4
          ],
          [
            0.894153,
            51.317302,
            9.4
          ],
          [
            0.894344,
            51.317259,
            9.4
          ],
          [
            0.894278,
            51.316976,
            9.3
          ],
          [
            0.894167,
            51.316622,
            9.2
          ],
          [
            0.894133,
            51.316521,
            9.3
          ],
          [
            0.894054,
            51.316294,
            9.2
          ],
          [
            0.894013,
            51.316177,
            9.2
          ],
          [
            0.893845,
            51.315725,
            9
          ],
          [
            0.893739,
            51.315377,
            9.1
          ],
          [
            0.893729,
            51.315064,
            9.3
          ],
          [
            0.89291,
            51.315098,
            9.7
          ],
          [
            0.892837,
            51.315108,
            9.8
          ],
          [
            0.892499,
            51.315152,
            9.9
          ],
          [
            0.892254,
            51.31519,
            10.1
          ],
          [
            0.891866,
            51.315241,
            10.3
          ],
          [
            0.891804,
            51.315249,
            10.4
          ],
          [
            0.891806,
            51.315194,
            10.4
          ],
          [
            0.891525,
            51.314631,
            11.1
          ],
          [
            0.891305,
            51.314277,
            11.7
          ],
          [
            0.891281,
            51.314242,
            11.8
          ],
          [
            0.890956,
            51.313708,
            12.9
          ],
          [
            0.890891,
            51.313602,
            13.1
          ],
          [
            0.890854,
            51.313583,
            13.1
          ],
          [
            0.890857,
            51.313535,
            13.2
          ],
          [
            0.890753,
            51.313349,
            13.5
          ],
          [
            0.890331,
            51.312737,
            14.8
          ],
          [
            0.890084,
            51.312444,
            15.6
          ],
          [
            0.889952,
            51.312279,
            16
          ],
          [
            0.889877,
            51.312118,
            16.4
          ],
          [
            0.88975,
            51.312133,
            16.6
          ],
          [
            0.889672,
            51.311969,
            17
          ],
          [
            0.889606,
            51.311832,
            17.3
          ],
          [
            0.889541,
            51.311694,
            17.5
          ],
          [
            0.889529,
            51.31167,
            17.6
          ],
          [
            0.889362,
            51.311465,
            18
          ],
          [
            0.889281,
            51.311369,
            18.2
          ],
          [
            0.889006,
            51.311105,
            18.6
          ],
          [
            0.889809,
            51.310854,
            19.2
          ],
          [
            0.890193,
            51.310736,
            19.4
          ],
          [
            0.890857,
            51.31051,
            19.2
          ],
          [
            0.891878,
            51.310254,
            18.5
          ],
          [
            0.892036,
            51.310232,
            18.4
          ],
          [
            0.892234,
            51.310173,
            18.3
          ],
          [
            0.892609,
            51.310047,
            18.1
          ],
          [
            0.892719,
            51.309931,
            18
          ],
          [
            0.892856,
            51.309564,
            17.8
          ],
          [
            0.892981,
            51.309222,
            17.9
          ],
          [
            0.893052,
            51.308957,
            18.2
          ],
          [
            0.893393,
            51.308262,
            19.5
          ],
          [
            0.893613,
            51.307743,
            20.8
          ],
          [
            0.893809,
            51.307704,
            21.1
          ],
          [
            0.893932,
            51.307676,
            21.4
          ],
          [
            0.894521,
            51.307555,
            22.4
          ],
          [
            0.894457,
            51.307455,
            22.6
          ],
          [
            0.894146,
            51.306986,
            24
          ],
          [
            0.893957,
            51.306702,
            24.8
          ],
          [
            0.893671,
            51.306336,
            25.6
          ],
          [
            0.8943,
            51.306171,
            26.4
          ],
          [
            0.896939,
            51.302059,
            34.8
          ],
          [
            0.897666,
            51.302048,
            35.6
          ],
          [
            0.897432,
            51.30113,
            37
          ],
          [
            0.897197,
            51.300208,
            38.4
          ],
          [
            0.897022,
            51.300042,
            38.6
          ],
          [
            0.896905,
            51.299752,
            38.9
          ],
          [
            0.896764,
            51.299279,
            39.3
          ],
          [
            0.896709,
            51.299146,
            39.5
          ],
          [
            0.899181,
            51.298871,
            40.4
          ],
          [
            0.900356,
            51.298801,
            40.5
          ],
          [
            0.902254,
            51.298688,
            41
          ],
          [
            0.903623,
            51.298302,
            41.2
          ],
          [
            0.904021,
            51.298226,
            41.2
          ],
          [
            0.905084,
            51.298219,
            41.2
          ],
          [
            0.905447,
            51.298183,
            41.1
          ],
          [
            0.909054,
            51.297739,
            40.1
          ],
          [
            0.90998,
            51.297578,
            39.9
          ],
          [
            0.914273,
            51.296093,
            37.5
          ],
          [
            0.915398,
            51.295675,
            36.7
          ],
          [
            0.916096,
            51.295691,
            36.4
          ],
          [
            0.916937,
            51.295653,
            36.2
          ],
          [
            0.917951,
            51.295524,
            36.3
          ],
          [
            0.91821,
            51.29553,
            36.5
          ],
          [
            0.918304,
            51.295559,
            36.5
          ],
          [
            0.918434,
            51.295631,
            36.5
          ],
          [
            0.918478,
            51.295472,
            36.7
          ],
          [
            0.918556,
            51.295435,
            36.7
          ],
          [
            0.923207,
            51.2952,
            36.6
          ],
          [
            0.924715,
            51.295061,
            37.5
          ],
          [
            0.925569,
            51.294324,
            38.8
          ],
          [
            0.925995,
            51.293877,
            39.3
          ],
          [
            0.926145,
            51.293666,
            39.5
          ],
          [
            0.926104,
            51.293296,
            39.6
          ],
          [
            0.926279,
            51.293177,
            39.6
          ],
          [
            0.927752,
            51.292578,
            38.4
          ],
          [
            0.928446,
            51.292399,
            37.2
          ],
          [
            0.930536,
            51.291263,
            30.3
          ],
          [
            0.930827,
            51.291162,
            29.3
          ],
          [
            0.933286,
            51.289958,
            23.7
          ],
          [
            0.935166,
            51.28924,
            26.6
          ],
          [
            0.935187,
            51.289397,
            27.1
          ],
          [
            0.935855,
            51.289651,
            28.5
          ],
          [
            0.935994,
            51.289319,
            29.2
          ],
          [
            0.936157,
            51.289111,
            29.5
          ],
          [
            0.93641,
            51.288876,
            29.8
          ],
          [
            0.936686,
            51.288673,
            30
          ],
          [
            0.937539,
            51.28824,
            29.8
          ],
          [
            0.937584,
            51.288147,
            29.9
          ],
          [
            0.937532,
            51.288058,
            29.9
          ],
          [
            0.937234,
            51.287753,
            30.3
          ],
          [
            0.937223,
            51.287676,
            30.5
          ],
          [
            0.937584,
            51.28727,
            31.2
          ],
          [
            0.938013,
            51.286814,
            31.7
          ],
          [
            0.938452,
            51.286414,
            32.3
          ],
          [
            0.938594,
            51.286242,
            32.5
          ],
          [
            0.938789,
            51.285885,
            32.9
          ],
          [
            0.938908,
            51.285561,
            33.4
          ],
          [
            0.938977,
            51.285468,
            33.4
          ],
          [
            0.939543,
            51.284898,
            33.9
          ],
          [
            0.939783,
            51.284758,
            34
          ],
          [
            0.939917,
            51.284687,
            34.1
          ],
          [
            0.940346,
            51.284872,
            34.5
          ],
          [
            0.940597,
            51.285026,
            35
          ],
          [
            0.940939,
            51.285542,
            36.8
          ],
          [
            0.941324,
            51.28587,
            38.1
          ],
          [
            0.941717,
            51.286062,
            39
          ],
          [
            0.942493,
            51.2865,
            40.5
          ],
          [
            0.942809,
            51.286601,
            41
          ],
          [
            0.942793,
            51.286341,
            41.3
          ],
          [
            0.942785,
            51.286199,
            41.4
          ],
          [
            0.942277,
            51.285407,
            41.3
          ],
          [
            0.942432,
            51.284796,
            40.4
          ],
          [
            0.942969,
            51.283867,
            39.5
          ],
          [
            0.94313,
            51.283682,
            39.6
          ],
          [
            0.943092,
            51.283504,
            39.6
          ],
          [
            0.943205,
            51.283219,
            39.9
          ],
          [
            0.943075,
            51.282871,
            40.3
          ],
          [
            0.943779,
            51.282828,
            41.2
          ],
          [
            0.94417,
            51.28271,
            41.9
          ],
          [
            0.945352,
            51.282244,
            44.5
          ],
          [
            0.945848,
            51.282028,
            45.8
          ],
          [
            0.946586,
            51.28165,
            47.9
          ],
          [
            0.947395,
            51.281132,
            50.4
          ],
          [
            0.948612,
            51.280502,
            53.4
          ],
          [
            0.949048,
            51.280363,
            54.2
          ],
          [
            0.949306,
            51.280308,
            54.7
          ],
          [
            0.950182,
            51.280182,
            56.3
          ],
          [
            0.950725,
            51.28005,
            57.3
          ],
          [
            0.951131,
            51.279875,
            58.1
          ],
          [
            0.952026,
            51.279356,
            59.7
          ],
          [
            0.952276,
            51.279329,
            60
          ],
          [
            0.952557,
            51.279347,
            60.3
          ]
        ]
      }
    },
    {
      "type": "Feature",
      "id": "1675037906",
      "properties": {
        "day": 5,
        "tour_id": "1675037906",
        "name": "The Augustine Camino - Day 5 - From Oversland to Fordwich",
        "point_count": 442,
        "length_km_geodesic": 15.284,
        "distance_km_komoot": 15.289,
        "duration_s": 14601,
        "elevation_up_m": 134.6,
        "elevation_down_m": 185.0,
        "sport": "hike",
        "source": "https://www.komoot.com/tour/1675037906"
      },
      "geometry": {
        "type": "LineString",
        "coordinates": [
          [
            0.952557,
            51.279347,
            62
          ],
          [
            0.952979,
            51.27941,
            62.5
          ],
          [
            0.953281,
            51.27956,
            63
          ],
          [
            0.95371,
            51.279942,
            64.2
          ],
          [
            0.953843,
            51.280026,
            64.5
          ],
          [
            0.954148,
            51.28014,
            65
          ],
          [
            0.95458,
            51.280253,
            65.7
          ],
          [
            0.954732,
            51.280296,
            66
          ],
          [
            0.955038,
            51.280534,
            66.6
          ],
          [
            0.955315,
            51.280801,
            67.2
          ],
          [
            0.95573,
            51.281625,
            68.7
          ],
          [
            0.956411,
            51.281789,
            68.8
          ],
          [
            0.957774,
            51.282035,
            68.7
          ],
          [
            0.958135,
            51.282173,
            69.1
          ],
          [
            0.958604,
            51.282511,
            70.6
          ],
          [
            0.958809,
            51.282729,
            71.6
          ],
          [
            0.959066,
            51.282381,
            73.3
          ],
          [
            0.959303,
            51.281727,
            76.6
          ],
          [
            0.959523,
            51.281426,
            78.9
          ],
          [
            0.959531,
            51.281288,
            80.1
          ],
          [
            0.959376,
            51.28116,
            81.5
          ],
          [
            0.959384,
            51.280931,
            83.6
          ],
          [
            0.959678,
            51.280959,
            85.3
          ],
          [
            0.960079,
            51.280936,
            87.6
          ],
          [
            0.960363,
            51.280936,
            89.2
          ],
          [
            0.96072,
            51.280993,
            91.4
          ],
          [
            0.961744,
            51.280958,
            97.4
          ],
          [
            0.963559,
            51.28063,
            108.8
          ],
          [
            0.964283,
            51.280199,
            113.5
          ],
          [
            0.965702,
            51.279234,
            119.6
          ],
          [
            0.966132,
            51.278996,
            120.4
          ],
          [
            0.966045,
            51.278851,
            120.7
          ],
          [
            0.966444,
            51.278597,
            121.4
          ],
          [
            0.967264,
            51.277939,
            122.3
          ],
          [
            0.967929,
            51.277352,
            122.4
          ],
          [
            0.968294,
            51.277137,
            122.3
          ],
          [
            0.968414,
            51.2771,
            122.2
          ],
          [
            0.969045,
            51.276882,
            121.9
          ],
          [
            0.969212,
            51.276845,
            121.8
          ],
          [
            0.969346,
            51.276761,
            121.7
          ],
          [
            0.969861,
            51.276583,
            121.2
          ],
          [
            0.970088,
            51.276584,
            121
          ],
          [
            0.971619,
            51.276107,
            119.4
          ],
          [
            0.971934,
            51.276036,
            119.2
          ],
          [
            0.972602,
            51.275835,
            118.8
          ],
          [
            0.972851,
            51.275702,
            118.7
          ],
          [
            0.973089,
            51.275615,
            118.6
          ],
          [
            0.973299,
            51.275493,
            118.5
          ],
          [
            0.97374,
            51.275332,
            118.3
          ],
          [
            0.973943,
            51.275196,
            118.3
          ],
          [
            0.974169,
            51.275099,
            118.2
          ],
          [
            0.974812,
            51.274939,
            118
          ],
          [
            0.975563,
            51.274586,
            117.5
          ],
          [
            0.976055,
            51.274318,
            117.1
          ],
          [
            0.976293,
            51.274226,
            116.8
          ],
          [
            0.976985,
            51.27414,
            116.2
          ],
          [
            0.977569,
            51.274187,
            115.7
          ],
          [
            0.978208,
            51.274114,
            115
          ],
          [
            0.978513,
            51.274163,
            114.6
          ],
          [
            0.978766,
            51.27415,
            114.3
          ],
          [
            0.979173,
            51.274206,
            113.7
          ],
          [
            0.979501,
            51.274194,
            113.1
          ],
          [
            0.979687,
            51.274146,
            112.8
          ],
          [
            0.980094,
            51.274112,
            112.1
          ],
          [
            0.980297,
            51.274094,
            111.8
          ],
          [
            0.982553,
            51.274147,
            108.5
          ],
          [
            0.982975,
            51.274253,
            108
          ],
          [
            0.983652,
            51.274306,
            107.6
          ],
          [
            0.984103,
            51.274306,
            107.4
          ],
          [
            0.984469,
            51.274147,
            107.3
          ],
          [
            0.984892,
            51.274041,
            107.3
          ],
          [
            0.985297,
            51.273975,
            107.3
          ],
          [
            0.98593,
            51.273999,
            107.3
          ],
          [
            0.986531,
            51.274064,
            107.1
          ],
          [
            0.986865,
            51.274129,
            106.9
          ],
          [
            0.987749,
            51.274465,
            105.9
          ],
          [
            0.988438,
            51.274644,
            104.9
          ],
          [
            0.988989,
            51.274882,
            103.9
          ],
          [
            0.989487,
            51.274905,
            103.1
          ],
          [
            0.990002,
            51.2748,
            102.4
          ],
          [
            0.990159,
            51.274632,
            102
          ],
          [
            0.990399,
            51.274569,
            101.6
          ],
          [
            0.990917,
            51.274546,
            101
          ],
          [
            0.991637,
            51.274563,
            100
          ],
          [
            0.992755,
            51.274852,
            97.9
          ],
          [
            0.993614,
            51.2751,
            95.6
          ],
          [
            0.994122,
            51.275148,
            94.2
          ],
          [
            0.994925,
            51.275505,
            91
          ],
          [
            0.99535,
            51.275661,
            89
          ],
          [
            0.99559,
            51.275707,
            87.9
          ],
          [
            0.995849,
            51.275713,
            86.7
          ],
          [
            0.996089,
            51.27569,
            85.6
          ],
          [
            0.996814,
            51.275794,
            82.2
          ],
          [
            0.997311,
            51.275983,
            80.1
          ],
          [
            0.997892,
            51.27625,
            78
          ],
          [
            0.998389,
            51.276347,
            77
          ],
          [
            0.998746,
            51.276068,
            76.1
          ],
          [
            0.999007,
            51.275676,
            75.5
          ],
          [
            0.999034,
            51.274882,
            75.4
          ],
          [
            0.999053,
            51.274734,
            75.5
          ],
          [
            0.999123,
            51.274585,
            75.6
          ],
          [
            0.999215,
            51.27448,
            75.7
          ],
          [
            0.999614,
            51.274272,
            75.7
          ],
          [
            0.999923,
            51.274187,
            75.5
          ],
          [
            1.000317,
            51.274111,
            75.2
          ],
          [
            1.000811,
            51.274069,
            74.7
          ],
          [
            1.00202,
            51.274097,
            72.5
          ],
          [
            1.004489,
            51.274229,
            67.2
          ],
          [
            1.005018,
            51.274292,
            66
          ],
          [
            1.005807,
            51.274447,
            64.3
          ],
          [
            1.005913,
            51.274432,
            64.1
          ],
          [
            1.006007,
            51.274379,
            63.9
          ],
          [
            1.00615,
            51.274241,
            63.6
          ],
          [
            1.006716,
            51.273595,
            63.6
          ],
          [
            1.006904,
            51.273379,
            64.1
          ],
          [
            1.00724,
            51.27312,
            65.2
          ],
          [
            1.00768,
            51.272874,
            66.6
          ],
          [
            1.008698,
            51.272138,
            71.6
          ],
          [
            1.008844,
            51.272001,
            72.6
          ],
          [
            1.009095,
            51.27208,
            73.6
          ],
          [
            1.009692,
            51.272256,
            75.7
          ],
          [
            1.010023,
            51.272272,
            76.7
          ],
          [
            1.010248,
            51.272229,
            77.3
          ],
          [
            1.010549,
            51.272111,
            78.1
          ],
          [
            1.010708,
            51.271951,
            78.7
          ],
          [
            1.010792,
            51.271907,
            78.8
          ],
          [
            1.011029,
            51.271885,
            79.2
          ],
          [
            1.011521,
            51.271929,
            79.8
          ],
          [
            1.011677,
            51.271906,
            80
          ],
          [
            1.011768,
            51.271874,
            80.1
          ],
          [
            1.012554,
            51.27112,
            81.7
          ],
          [
            1.013528,
            51.271491,
            82.3
          ],
          [
            1.014284,
            51.271653,
            82.5
          ],
          [
            1.015054,
            51.27187,
            82.7
          ],
          [
            1.015157,
            51.271948,
            82.7
          ],
          [
            1.01513,
            51.272061,
            82.7
          ],
          [
            1.015175,
            51.272279,
            82.7
          ],
          [
            1.015297,
            51.272316,
            82.6
          ],
          [
            1.015647,
            51.2725,
            82.5
          ],
          [
            1.01585,
            51.272742,
            82.3
          ],
          [
            1.016073,
            51.273101,
            81.7
          ],
          [
            1.016142,
            51.273498,
            80.8
          ],
          [
            1.016169,
            51.273664,
            80.2
          ],
          [
            1.01653,
            51.274239,
            77.7
          ],
          [
            1.016926,
            51.274835,
            74.4
          ],
          [
            1.017144,
            51.275094,
            72.7
          ],
          [
            1.017628,
            51.275391,
            70
          ],
          [
            1.017805,
            51.275432,
            69.3
          ],
          [
            1.018303,
            51.275456,
            67.2
          ],
          [
            1.018851,
            51.275551,
            65.1
          ],
          [
            1.01902,
            51.275577,
            64.4
          ],
          [
            1.019594,
            51.275627,
            62.5
          ],
          [
            1.020301,
            51.275723,
            60.6
          ],
          [
            1.020699,
            51.275752,
            59.7
          ],
          [
            1.022282,
            51.27596,
            56.8
          ],
          [
            1.022839,
            51.276064,
            56.2
          ],
          [
            1.023692,
            51.276329,
            55.4
          ],
          [
            1.023853,
            51.276359,
            55.3
          ],
          [
            1.023864,
            51.276483,
            55.2
          ],
          [
            1.023929,
            51.276634,
            55
          ],
          [
            1.024185,
            51.277049,
            54.5
          ],
          [
            1.024296,
            51.277485,
            54.1
          ],
          [
            1.024432,
            51.277727,
            53.8
          ],
          [
            1.024532,
            51.278117,
            53.4
          ],
          [
            1.024636,
            51.278369,
            53.2
          ],
          [
            1.024885,
            51.278536,
            53
          ],
          [
            1.025295,
            51.278667,
            52.8
          ],
          [
            1.02589,
            51.278765,
            52.4
          ],
          [
            1.026638,
            51.278768,
            51.8
          ],
          [
            1.02694,
            51.278677,
            51.9
          ],
          [
            1.027332,
            51.278676,
            51.7
          ],
          [
            1.028296,
            51.278866,
            51.6
          ],
          [
            1.02848,
            51.278872,
            51.5
          ],
          [
            1.028677,
            51.278829,
            51.5
          ],
          [
            1.029093,
            51.278785,
            51.4
          ],
          [
            1.029667,
            51.278771,
            51.3
          ],
          [
            1.029959,
            51.27881,
            51.2
          ],
          [
            1.030627,
            51.278963,
            51
          ],
          [
            1.03072,
            51.279032,
            50.9
          ],
          [
            1.03072,
            51.279032,
            50.9
          ],
          [
            1.030748,
            51.279074,
            51
          ],
          [
            1.030936,
            51.279067,
            51
          ],
          [
            1.031298,
            51.279139,
            50.8
          ],
          [
            1.031545,
            51.279152,
            50.8
          ],
          [
            1.031786,
            51.279155,
            50.6
          ],
          [
            1.032789,
            51.279094,
            49.8
          ],
          [
            1.033646,
            51.27912,
            48.5
          ],
          [
            1.03393,
            51.279173,
            47.9
          ],
          [
            1.03434,
            51.279371,
            47
          ],
          [
            1.034652,
            51.279434,
            46.6
          ],
          [
            1.035383,
            51.279692,
            45.6
          ],
          [
            1.035607,
            51.279788,
            45.4
          ],
          [
            1.035623,
            51.279863,
            45.1
          ],
          [
            1.035681,
            51.279894,
            45
          ],
          [
            1.035681,
            51.279894,
            45
          ],
          [
            1.035745,
            51.279926,
            44.9
          ],
          [
            1.035877,
            51.279854,
            44.8
          ],
          [
            1.037002,
            51.279788,
            43.3
          ],
          [
            1.03735,
            51.279739,
            42.7
          ],
          [
            1.03769,
            51.279722,
            42.4
          ],
          [
            1.038287,
            51.279823,
            41.3
          ],
          [
            1.038425,
            51.279811,
            41
          ],
          [
            1.038543,
            51.27981,
            40.8
          ],
          [
            1.038682,
            51.279686,
            40.5
          ],
          [
            1.038682,
            51.279686,
            40.5
          ],
          [
            1.038767,
            51.279654,
            40.3
          ],
          [
            1.038983,
            51.279827,
            39.7
          ],
          [
            1.039357,
            51.280167,
            38.4
          ],
          [
            1.039585,
            51.2804,
            37.4
          ],
          [
            1.039718,
            51.280538,
            36.9
          ],
          [
            1.040485,
            51.280135,
            35.2
          ],
          [
            1.04124,
            51.279947,
            34.1
          ],
          [
            1.042137,
            51.279559,
            33.8
          ],
          [
            1.0431,
            51.27921,
            33.7
          ],
          [
            1.043251,
            51.279166,
            33.7
          ],
          [
            1.043332,
            51.279167,
            33.7
          ],
          [
            1.043489,
            51.279122,
            33.7
          ],
          [
            1.045253,
            51.278365,
            32.4
          ],
          [
            1.045612,
            51.278196,
            31.5
          ],
          [
            1.045778,
            51.278076,
            31
          ],
          [
            1.045954,
            51.278071,
            30.6
          ],
          [
            1.046576,
            51.278181,
            28.9
          ],
          [
            1.047117,
            51.278192,
            27.3
          ],
          [
            1.047274,
            51.278235,
            26.8
          ],
          [
            1.047564,
            51.278248,
            25.9
          ],
          [
            1.048042,
            51.278324,
            24.3
          ],
          [
            1.049537,
            51.278737,
            19.6
          ],
          [
            1.05061,
            51.278933,
            17.5
          ],
          [
            1.050918,
            51.278937,
            17.2
          ],
          [
            1.050942,
            51.278978,
            17.1
          ],
          [
            1.050989,
            51.278988,
            17.1
          ],
          [
            1.050989,
            51.278988,
            17.1
          ],
          [
            1.050968,
            51.279015,
            17
          ],
          [
            1.051378,
            51.279622,
            16.6
          ],
          [
            1.051547,
            51.279954,
            16.7
          ],
          [
            1.051624,
            51.280229,
            16.9
          ],
          [
            1.051617,
            51.280365,
            17
          ],
          [
            1.051512,
            51.280563,
            17.2
          ],
          [
            1.050794,
            51.281398,
            18.6
          ],
          [
            1.051274,
            51.281663,
            19.6
          ],
          [
            1.051274,
            51.281663,
            19.6
          ],
          [
            1.051276,
            51.28169,
            19.7
          ],
          [
            1.051743,
            51.282078,
            20.9
          ],
          [
            1.05181,
            51.282198,
            21.3
          ],
          [
            1.051812,
            51.282292,
            21.5
          ],
          [
            1.051955,
            51.282572,
            22.3
          ],
          [
            1.051984,
            51.282711,
            22.8
          ],
          [
            1.051921,
            51.282921,
            23.6
          ],
          [
            1.051968,
            51.282953,
            23.8
          ],
          [
            1.052106,
            51.28294,
            24.2
          ],
          [
            1.052218,
            51.282841,
            24.8
          ],
          [
            1.052389,
            51.282692,
            25.7
          ],
          [
            1.052753,
            51.282304,
            28.2
          ],
          [
            1.052842,
            51.282258,
            28.6
          ],
          [
            1.052943,
            51.282277,
            28.9
          ],
          [
            1.052986,
            51.282339,
            29.2
          ],
          [
            1.05299,
            51.28244,
            29.8
          ],
          [
            1.053048,
            51.282533,
            30.5
          ],
          [
            1.053137,
            51.282579,
            30.8
          ],
          [
            1.053159,
            51.282651,
            31.1
          ],
          [
            1.053187,
            51.282688,
            31.3
          ],
          [
            1.053244,
            51.282761,
            31.8
          ],
          [
            1.053451,
            51.283016,
            33.2
          ],
          [
            1.053602,
            51.283056,
            33.9
          ],
          [
            1.053668,
            51.283071,
            34.3
          ],
          [
            1.053478,
            51.283172,
            35
          ],
          [
            1.053668,
            51.283071,
            36.1
          ],
          [
            1.05394,
            51.282916,
            37.6
          ],
          [
            1.05432,
            51.282759,
            39.5
          ],
          [
            1.055308,
            51.282317,
            43.1
          ],
          [
            1.05581,
            51.282162,
            44.2
          ],
          [
            1.056029,
            51.2821,
            44.5
          ],
          [
            1.056652,
            51.281924,
            44.8
          ],
          [
            1.056898,
            51.28188,
            44.8
          ],
          [
            1.057026,
            51.281864,
            44.7
          ],
          [
            1.058266,
            51.281714,
            42.8
          ],
          [
            1.058935,
            51.281665,
            40.8
          ],
          [
            1.059872,
            51.281637,
            37.7
          ],
          [
            1.060367,
            51.281762,
            35.9
          ],
          [
            1.060397,
            51.281793,
            35.7
          ],
          [
            1.060502,
            51.281936,
            34.9
          ],
          [
            1.060555,
            51.281984,
            34.6
          ],
          [
            1.061607,
            51.281778,
            31.3
          ],
          [
            1.062222,
            51.281717,
            29.9
          ],
          [
            1.062352,
            51.281698,
            29.6
          ],
          [
            1.062528,
            51.281711,
            29.3
          ],
          [
            1.062645,
            51.281716,
            29
          ],
          [
            1.063089,
            51.281743,
            28.3
          ],
          [
            1.063152,
            51.28174,
            28.1
          ],
          [
            1.063367,
            51.28176,
            27.8
          ],
          [
            1.063697,
            51.281849,
            27.3
          ],
          [
            1.063712,
            51.281833,
            27.2
          ],
          [
            1.063894,
            51.281881,
            26.9
          ],
          [
            1.06434,
            51.282014,
            26.3
          ],
          [
            1.064604,
            51.282093,
            25.9
          ],
          [
            1.064715,
            51.282127,
            25.8
          ],
          [
            1.064985,
            51.282207,
            25.4
          ],
          [
            1.065287,
            51.282296,
            25
          ],
          [
            1.06597,
            51.282498,
            24.2
          ],
          [
            1.066958,
            51.282788,
            22.9
          ],
          [
            1.067261,
            51.28288,
            22.5
          ],
          [
            1.067585,
            51.28298,
            22
          ],
          [
            1.06794,
            51.283089,
            21.5
          ],
          [
            1.068006,
            51.283111,
            21.4
          ],
          [
            1.068361,
            51.283217,
            20.9
          ],
          [
            1.068929,
            51.283408,
            20.1
          ],
          [
            1.069238,
            51.283518,
            19.8
          ],
          [
            1.069875,
            51.283718,
            18.9
          ],
          [
            1.070316,
            51.283846,
            18.3
          ],
          [
            1.070845,
            51.28395,
            17.6
          ],
          [
            1.071278,
            51.283719,
            17
          ],
          [
            1.072128,
            51.283278,
            15.5
          ],
          [
            1.072355,
            51.283169,
            15.1
          ],
          [
            1.072366,
            51.283161,
            15.1
          ],
          [
            1.072753,
            51.282963,
            14.5
          ],
          [
            1.07328,
            51.28271,
            13.6
          ],
          [
            1.073305,
            51.282734,
            13.5
          ],
          [
            1.073347,
            51.282766,
            13.4
          ],
          [
            1.07352,
            51.282693,
            13.2
          ],
          [
            1.07349,
            51.282672,
            13.1
          ],
          [
            1.073453,
            51.282629,
            13
          ],
          [
            1.073664,
            51.282525,
            12.7
          ],
          [
            1.074108,
            51.282313,
            12.2
          ],
          [
            1.074423,
            51.282161,
            11.9
          ],
          [
            1.074773,
            51.281973,
            11.7
          ],
          [
            1.0753,
            51.281722,
            11.4
          ],
          [
            1.075505,
            51.281664,
            11.3
          ],
          [
            1.075578,
            51.281631,
            11.3
          ],
          [
            1.075509,
            51.281594,
            11.3
          ],
          [
            1.075525,
            51.28157,
            11.3
          ],
          [
            1.075654,
            51.281461,
            11.2
          ],
          [
            1.075839,
            51.281382,
            11.2
          ],
          [
            1.07594,
            51.28134,
            11.2
          ],
          [
            1.076046,
            51.281257,
            11.1
          ],
          [
            1.076272,
            51.281253,
            11.2
          ],
          [
            1.076798,
            51.280982,
            11.3
          ],
          [
            1.077352,
            51.280646,
            11.9
          ],
          [
            1.077385,
            51.280625,
            11.9
          ],
          [
            1.077624,
            51.280486,
            12.2
          ],
          [
            1.077706,
            51.280432,
            12.3
          ],
          [
            1.078063,
            51.280163,
            12.8
          ],
          [
            1.078304,
            51.280033,
            13.1
          ],
          [
            1.078323,
            51.280022,
            13.1
          ],
          [
            1.078427,
            51.279975,
            13.3
          ],
          [
            1.078764,
            51.279781,
            13.7
          ],
          [
            1.07892,
            51.279693,
            14
          ],
          [
            1.079419,
            51.279363,
            14.7
          ],
          [
            1.079714,
            51.279192,
            15.1
          ],
          [
            1.079894,
            51.279078,
            15.3
          ],
          [
            1.080091,
            51.278954,
            15.7
          ],
          [
            1.080245,
            51.278861,
            15.9
          ],
          [
            1.080515,
            51.278707,
            16.3
          ],
          [
            1.080811,
            51.278986,
            16.5
          ],
          [
            1.080991,
            51.279117,
            16.5
          ],
          [
            1.081059,
            51.279204,
            16.6
          ],
          [
            1.081378,
            51.279144,
            16.8
          ],
          [
            1.081825,
            51.278994,
            16.9
          ],
          [
            1.082304,
            51.278798,
            16.9
          ],
          [
            1.082826,
            51.278607,
            16.7
          ],
          [
            1.083267,
            51.278451,
            16.6
          ],
          [
            1.083571,
            51.278344,
            16.5
          ],
          [
            1.08402,
            51.278246,
            16.2
          ],
          [
            1.084509,
            51.278132,
            15.7
          ],
          [
            1.084652,
            51.278102,
            15.5
          ],
          [
            1.084702,
            51.27812,
            15.4
          ],
          [
            1.084863,
            51.278098,
            15.2
          ],
          [
            1.084994,
            51.278257,
            14.9
          ],
          [
            1.08542,
            51.278769,
            14.2
          ],
          [
            1.085507,
            51.278941,
            13.9
          ],
          [
            1.085837,
            51.279406,
            13.7
          ],
          [
            1.085897,
            51.279386,
            13.6
          ],
          [
            1.085972,
            51.27935,
            13.6
          ],
          [
            1.085914,
            51.279268,
            13.6
          ],
          [
            1.086702,
            51.279032,
            13.8
          ],
          [
            1.086678,
            51.278975,
            13.8
          ],
          [
            1.08666,
            51.278916,
            13.8
          ],
          [
            1.086601,
            51.278619,
            14
          ],
          [
            1.086297,
            51.278016,
            14.5
          ],
          [
            1.086261,
            51.277909,
            14.7
          ],
          [
            1.086253,
            51.277836,
            14.8
          ],
          [
            1.086199,
            51.277696,
            14.9
          ],
          [
            1.087326,
            51.277579,
            15.8
          ],
          [
            1.087957,
            51.277514,
            16.2
          ],
          [
            1.087977,
            51.277512,
            16.2
          ],
          [
            1.089039,
            51.277413,
            16.8
          ],
          [
            1.089444,
            51.277406,
            17
          ],
          [
            1.090238,
            51.277554,
            17.6
          ],
          [
            1.090384,
            51.277571,
            17.8
          ],
          [
            1.090532,
            51.27758,
            18
          ],
          [
            1.091461,
            51.277539,
            19.1
          ],
          [
            1.092671,
            51.277451,
            20.4
          ],
          [
            1.093015,
            51.277846,
            21.7
          ],
          [
            1.093009,
            51.277883,
            21.8
          ],
          [
            1.092908,
            51.278382,
            23.4
          ],
          [
            1.093242,
            51.278695,
            24.9
          ],
          [
            1.09326,
            51.278711,
            25
          ],
          [
            1.09335,
            51.27879,
            25.4
          ],
          [
            1.09357,
            51.279062,
            26.9
          ],
          [
            1.093767,
            51.279317,
            27.9
          ],
          [
            1.094294,
            51.279798,
            29.5
          ],
          [
            1.094591,
            51.280154,
            30.4
          ],
          [
            1.094768,
            51.280274,
            30.8
          ],
          [
            1.09494,
            51.280401,
            31
          ],
          [
            1.095314,
            51.280779,
            31.5
          ],
          [
            1.096113,
            51.281368,
            32.3
          ],
          [
            1.096346,
            51.281537,
            32.3
          ],
          [
            1.096742,
            51.282006,
            32.2
          ],
          [
            1.096937,
            51.2824,
            32.4
          ],
          [
            1.096937,
            51.2824,
            32.4
          ],
          [
            1.097162,
            51.282823,
            32.3
          ],
          [
            1.097588,
            51.283301,
            32.1
          ],
          [
            1.097633,
            51.283351,
            32.1
          ],
          [
            1.098234,
            51.284189,
            31.4
          ],
          [
            1.098261,
            51.284253,
            31.4
          ],
          [
            1.098377,
            51.284503,
            31.2
          ],
          [
            1.099077,
            51.285405,
            31.3
          ],
          [
            1.099083,
            51.285475,
            31.2
          ],
          [
            1.099175,
            51.285532,
            31.3
          ],
          [
            1.099493,
            51.285688,
            31.3
          ],
          [
            1.099848,
            51.285831,
            31.3
          ],
          [
            1.100119,
            51.285889,
            31.3
          ],
          [
            1.100935,
            51.28619,
            30.6
          ],
          [
            1.101108,
            51.286216,
            30.4
          ],
          [
            1.101383,
            51.28621,
            30.1
          ],
          [
            1.102233,
            51.286467,
            29
          ],
          [
            1.102661,
            51.28676,
            28
          ],
          [
            1.103327,
            51.286895,
            27
          ],
          [
            1.103625,
            51.287014,
            26.6
          ],
          [
            1.103806,
            51.287088,
            26.5
          ],
          [
            1.103994,
            51.28717,
            26.4
          ],
          [
            1.105051,
            51.287421,
            26.6
          ],
          [
            1.105223,
            51.287477,
            26.7
          ],
          [
            1.105885,
            51.287674,
            27.4
          ],
          [
            1.107427,
            51.288028,
            28.2
          ],
          [
            1.107744,
            51.288164,
            28.2
          ],
          [
            1.109578,
            51.288852,
            25.7
          ],
          [
            1.110092,
            51.289017,
            24.2
          ],
          [
            1.111147,
            51.28942,
            21.1
          ],
          [
            1.111471,
            51.289615,
            19.9
          ],
          [
            1.113022,
            51.291078,
            14.1
          ],
          [
            1.114301,
            51.292091,
            11.9
          ],
          [
            1.114717,
            51.292501,
            11.6
          ]
        ]
      }
    },
    {
      "type": "Feature",
      "id": "1675037907",
      "properties": {
        "day": 6,
        "tour_id": "1675037907",
        "name": "The Augustine Camino - Day 6 - From Fordwich to Sarre",
        "point_count": 378,
        "length_km_geodesic": 15.79,
        "distance_km_komoot": 15.791,
        "duration_s": 14616,
        "elevation_up_m": 69.6,
        "elevation_down_m": 78.2,
        "sport": "hike",
        "source": "https://www.komoot.com/tour/1675037907"
      },
      "geometry": {
        "type": "LineString",
        "coordinates": [
          [
            1.114717,
            51.292501,
            10.3
          ],
          [
            1.114851,
            51.292746,
            10
          ],
          [
            1.114943,
            51.293008,
            9.7
          ],
          [
            1.114931,
            51.293296,
            9.3
          ],
          [
            1.114796,
            51.29362,
            8.9
          ],
          [
            1.114845,
            51.293779,
            8.7
          ],
          [
            1.115198,
            51.29399,
            8.3
          ],
          [
            1.115519,
            51.294074,
            7.9
          ],
          [
            1.115957,
            51.294121,
            7.4
          ],
          [
            1.116345,
            51.294227,
            6.8
          ],
          [
            1.116899,
            51.294274,
            6.2
          ],
          [
            1.116975,
            51.294336,
            6
          ],
          [
            1.116967,
            51.294457,
            5.8
          ],
          [
            1.116882,
            51.29468,
            5.4
          ],
          [
            1.116922,
            51.2948,
            5.2
          ],
          [
            1.117554,
            51.294956,
            4.5
          ],
          [
            1.117796,
            51.295148,
            4
          ],
          [
            1.118028,
            51.295287,
            3.7
          ],
          [
            1.118077,
            51.295362,
            3.5
          ],
          [
            1.118122,
            51.295552,
            3.2
          ],
          [
            1.118303,
            51.295688,
            2.8
          ],
          [
            1.11854,
            51.295779,
            2.6
          ],
          [
            1.118631,
            51.295797,
            2.5
          ],
          [
            1.119014,
            51.295849,
            2.2
          ],
          [
            1.119408,
            51.295872,
            2
          ],
          [
            1.119662,
            51.295869,
            1.9
          ],
          [
            1.119896,
            51.295835,
            1.9
          ],
          [
            1.119989,
            51.295824,
            1.8
          ],
          [
            1.120534,
            51.295811,
            1.8
          ],
          [
            1.121021,
            51.295773,
            1.9
          ],
          [
            1.121357,
            51.295701,
            2
          ],
          [
            1.122091,
            51.295467,
            2.3
          ],
          [
            1.122264,
            51.295431,
            2.4
          ],
          [
            1.12231,
            51.295427,
            2.5
          ],
          [
            1.1225,
            51.295411,
            2.6
          ],
          [
            1.12273,
            51.295432,
            2.7
          ],
          [
            1.122935,
            51.295419,
            2.8
          ],
          [
            1.12359,
            51.29531,
            3.1
          ],
          [
            1.124963,
            51.295433,
            3.8
          ],
          [
            1.124928,
            51.295365,
            3.8
          ],
          [
            1.124955,
            51.295165,
            3.9
          ],
          [
            1.124989,
            51.295134,
            3.9
          ],
          [
            1.125307,
            51.295141,
            4.1
          ],
          [
            1.126072,
            51.295253,
            4.2
          ],
          [
            1.126101,
            51.295243,
            4.3
          ],
          [
            1.126615,
            51.295409,
            4.3
          ],
          [
            1.126785,
            51.29548,
            4.3
          ],
          [
            1.126882,
            51.295303,
            4.3
          ],
          [
            1.12727,
            51.295337,
            4.3
          ],
          [
            1.127616,
            51.295268,
            4.3
          ],
          [
            1.127724,
            51.295273,
            4.3
          ],
          [
            1.128314,
            51.295292,
            4.2
          ],
          [
            1.128314,
            51.295292,
            4.2
          ],
          [
            1.128742,
            51.295199,
            4.1
          ],
          [
            1.129182,
            51.295043,
            4
          ],
          [
            1.129227,
            51.295033,
            4
          ],
          [
            1.129227,
            51.295033,
            4
          ],
          [
            1.129392,
            51.295026,
            3.9
          ],
          [
            1.130068,
            51.295157,
            3.7
          ],
          [
            1.131277,
            51.295048,
            3.4
          ],
          [
            1.132779,
            51.294713,
            3.3
          ],
          [
            1.13339,
            51.294552,
            3.4
          ],
          [
            1.133595,
            51.294498,
            3.5
          ],
          [
            1.13441,
            51.294525,
            3.8
          ],
          [
            1.135155,
            51.294464,
            4.1
          ],
          [
            1.135493,
            51.294453,
            4.3
          ],
          [
            1.136575,
            51.294547,
            5.3
          ],
          [
            1.137687,
            51.294831,
            6.7
          ],
          [
            1.137858,
            51.294839,
            6.9
          ],
          [
            1.137858,
            51.294839,
            6.9
          ],
          [
            1.138125,
            51.29485,
            7.3
          ],
          [
            1.138475,
            51.294951,
            7.8
          ],
          [
            1.13996,
            51.295148,
            10.9
          ],
          [
            1.140963,
            51.295333,
            14.3
          ],
          [
            1.140948,
            51.294007,
            23.1
          ],
          [
            1.140947,
            51.293925,
            23.7
          ],
          [
            1.141076,
            51.293577,
            26.5
          ],
          [
            1.142063,
            51.292396,
            33.4
          ],
          [
            1.142234,
            51.291993,
            34
          ],
          [
            1.142385,
            51.291711,
            34
          ],
          [
            1.142497,
            51.291468,
            33.7
          ],
          [
            1.142556,
            51.291269,
            33.3
          ],
          [
            1.142792,
            51.290772,
            31.8
          ],
          [
            1.142792,
            51.290208,
            29.3
          ],
          [
            1.142878,
            51.289813,
            27.3
          ],
          [
            1.14305,
            51.289309,
            24.8
          ],
          [
            1.143614,
            51.288317,
            21.8
          ],
          [
            1.143599,
            51.288192,
            21.6
          ],
          [
            1.143471,
            51.288118,
            21.4
          ],
          [
            1.142545,
            51.287786,
            20.4
          ],
          [
            1.142232,
            51.287601,
            20.3
          ],
          [
            1.142081,
            51.287457,
            20.4
          ],
          [
            1.143283,
            51.286728,
            22.4
          ],
          [
            1.14339,
            51.286505,
            23.1
          ],
          [
            1.143425,
            51.285993,
            24.6
          ],
          [
            1.143853,
            51.285748,
            25.9
          ],
          [
            1.144103,
            51.285391,
            27.4
          ],
          [
            1.145278,
            51.285369,
            30.6
          ],
          [
            1.146205,
            51.28528,
            32.4
          ],
          [
            1.147572,
            51.285283,
            33.7
          ],
          [
            1.147956,
            51.285211,
            33.9
          ],
          [
            1.147956,
            51.285211,
            33.9
          ],
          [
            1.147991,
            51.285201,
            33.9
          ],
          [
            1.150972,
            51.284314,
            32.6
          ],
          [
            1.151794,
            51.28406,
            32.2
          ],
          [
            1.152795,
            51.283694,
            31.8
          ],
          [
            1.154561,
            51.283185,
            31.9
          ],
          [
            1.15503,
            51.283025,
            32.1
          ],
          [
            1.155496,
            51.28282,
            32.3
          ],
          [
            1.156075,
            51.282537,
            32.6
          ],
          [
            1.156956,
            51.281904,
            33.2
          ],
          [
            1.157779,
            51.281072,
            33.6
          ],
          [
            1.158537,
            51.280196,
            33
          ],
          [
            1.1591,
            51.279722,
            32.2
          ],
          [
            1.159491,
            51.279299,
            31.3
          ],
          [
            1.159707,
            51.279308,
            31
          ],
          [
            1.159855,
            51.279342,
            30.8
          ],
          [
            1.16149,
            51.279979,
            28.2
          ],
          [
            1.161865,
            51.28011,
            27.5
          ],
          [
            1.162052,
            51.280141,
            27.1
          ],
          [
            1.162275,
            51.280096,
            26.7
          ],
          [
            1.162876,
            51.279834,
            25.4
          ],
          [
            1.163168,
            51.279617,
            24.4
          ],
          [
            1.163421,
            51.279467,
            23.6
          ],
          [
            1.163748,
            51.279303,
            22.7
          ],
          [
            1.163872,
            51.279234,
            22.3
          ],
          [
            1.164498,
            51.278887,
            20.3
          ],
          [
            1.164985,
            51.278606,
            18.7
          ],
          [
            1.165125,
            51.2785,
            18.2
          ],
          [
            1.165516,
            51.278147,
            16.9
          ],
          [
            1.16619,
            51.277667,
            15.1
          ],
          [
            1.166634,
            51.277194,
            14
          ],
          [
            1.167091,
            51.276748,
            13.1
          ],
          [
            1.167338,
            51.276582,
            12.8
          ],
          [
            1.167374,
            51.276562,
            12.7
          ],
          [
            1.167776,
            51.276869,
            12.2
          ],
          [
            1.168015,
            51.276936,
            12
          ],
          [
            1.168306,
            51.27686,
            11.7
          ],
          [
            1.168451,
            51.277045,
            11.4
          ],
          [
            1.168822,
            51.277253,
            11
          ],
          [
            1.170398,
            51.277689,
            9.7
          ],
          [
            1.171235,
            51.277823,
            9.1
          ],
          [
            1.172013,
            51.278193,
            8.7
          ],
          [
            1.172492,
            51.27815,
            8.5
          ],
          [
            1.172637,
            51.27837,
            8.4
          ],
          [
            1.172883,
            51.278638,
            8.4
          ],
          [
            1.173188,
            51.278848,
            8.3
          ],
          [
            1.17359,
            51.279063,
            8.2
          ],
          [
            1.174125,
            51.279311,
            8.1
          ],
          [
            1.174303,
            51.279356,
            8
          ],
          [
            1.174469,
            51.279742,
            7.9
          ],
          [
            1.174791,
            51.280063,
            7.7
          ],
          [
            1.175175,
            51.280344,
            7.4
          ],
          [
            1.176551,
            51.281181,
            6.9
          ],
          [
            1.176832,
            51.281416,
            6.8
          ],
          [
            1.17692,
            51.281599,
            6.8
          ],
          [
            1.178114,
            51.282073,
            6.9
          ],
          [
            1.178569,
            51.282403,
            6.9
          ],
          [
            1.17995,
            51.283195,
            7
          ],
          [
            1.180389,
            51.283387,
            7
          ],
          [
            1.180665,
            51.283419,
            7
          ],
          [
            1.181557,
            51.283652,
            7.1
          ],
          [
            1.181687,
            51.283735,
            7.1
          ],
          [
            1.181664,
            51.283917,
            7.1
          ],
          [
            1.181704,
            51.284003,
            7.2
          ],
          [
            1.182277,
            51.284248,
            7.4
          ],
          [
            1.182803,
            51.284398,
            7.7
          ],
          [
            1.18295,
            51.284396,
            7.8
          ],
          [
            1.183183,
            51.284432,
            7.9
          ],
          [
            1.183308,
            51.284475,
            8
          ],
          [
            1.183338,
            51.284637,
            8.2
          ],
          [
            1.183241,
            51.284813,
            8.3
          ],
          [
            1.182823,
            51.285242,
            8.8
          ],
          [
            1.182714,
            51.285347,
            8.9
          ],
          [
            1.182838,
            51.285819,
            9.3
          ],
          [
            1.182928,
            51.286003,
            9.5
          ],
          [
            1.183412,
            51.286713,
            10.5
          ],
          [
            1.183934,
            51.287365,
            11.6
          ],
          [
            1.183812,
            51.288456,
            13.8
          ],
          [
            1.183706,
            51.288849,
            14.7
          ],
          [
            1.183492,
            51.289748,
            16.5
          ],
          [
            1.182892,
            51.292734,
            20.1
          ],
          [
            1.184047,
            51.293366,
            20.2
          ],
          [
            1.18257,
            51.294248,
            19.2
          ],
          [
            1.183723,
            51.296085,
            16.5
          ],
          [
            1.184737,
            51.297535,
            13.4
          ],
          [
            1.184949,
            51.297759,
            12.7
          ],
          [
            1.185029,
            51.297876,
            12.3
          ],
          [
            1.185467,
            51.299051,
            8.5
          ],
          [
            1.185955,
            51.300079,
            5.3
          ],
          [
            1.185932,
            51.300112,
            5.2
          ],
          [
            1.186001,
            51.300327,
            4.9
          ],
          [
            1.185689,
            51.300438,
            4.5
          ],
          [
            1.185413,
            51.300489,
            4.3
          ],
          [
            1.184895,
            51.300458,
            4.1
          ],
          [
            1.184743,
            51.300436,
            4
          ],
          [
            1.184622,
            51.300433,
            4
          ],
          [
            1.184534,
            51.300504,
            4
          ],
          [
            1.183582,
            51.300926,
            4.1
          ],
          [
            1.183402,
            51.300978,
            4.1
          ],
          [
            1.183318,
            51.300971,
            4.2
          ],
          [
            1.183101,
            51.30088,
            4.2
          ],
          [
            1.182659,
            51.300983,
            4.3
          ],
          [
            1.182627,
            51.301068,
            4.3
          ],
          [
            1.182638,
            51.301215,
            4.4
          ],
          [
            1.182751,
            51.301573,
            4.5
          ],
          [
            1.182808,
            51.301638,
            4.5
          ],
          [
            1.182929,
            51.301721,
            4.4
          ],
          [
            1.18322,
            51.302061,
            4.2
          ],
          [
            1.184211,
            51.303677,
            3.2
          ],
          [
            1.184588,
            51.303939,
            3.1
          ],
          [
            1.18517,
            51.304434,
            2.9
          ],
          [
            1.185219,
            51.304502,
            2.9
          ],
          [
            1.185402,
            51.304638,
            2.9
          ],
          [
            1.185579,
            51.304887,
            2.8
          ],
          [
            1.185812,
            51.305249,
            2.8
          ],
          [
            1.186015,
            51.305665,
            2.7
          ],
          [
            1.186892,
            51.30547,
            2.6
          ],
          [
            1.187096,
            51.30547,
            2.6
          ],
          [
            1.187323,
            51.305634,
            2.5
          ],
          [
            1.187481,
            51.305675,
            2.5
          ],
          [
            1.187795,
            51.305487,
            2.4
          ],
          [
            1.187956,
            51.305375,
            2.3
          ],
          [
            1.188065,
            51.305346,
            2.3
          ],
          [
            1.188214,
            51.305354,
            2.3
          ],
          [
            1.188517,
            51.305452,
            2.2
          ],
          [
            1.189261,
            51.305778,
            2
          ],
          [
            1.18962,
            51.305991,
            1.9
          ],
          [
            1.19047,
            51.306415,
            1.5
          ],
          [
            1.190893,
            51.30665,
            1.3
          ],
          [
            1.191371,
            51.306961,
            1
          ],
          [
            1.191561,
            51.30714,
            0.9
          ],
          [
            1.191908,
            51.307385,
            0.8
          ],
          [
            1.192214,
            51.30767,
            0.7
          ],
          [
            1.1924,
            51.307739,
            0.7
          ],
          [
            1.192872,
            51.308013,
            0.6
          ],
          [
            1.19323,
            51.308267,
            0.5
          ],
          [
            1.193545,
            51.308362,
            0.5
          ],
          [
            1.194219,
            51.308502,
            0.5
          ],
          [
            1.194632,
            51.308718,
            0.4
          ],
          [
            1.194904,
            51.308835,
            0.4
          ],
          [
            1.195189,
            51.308921,
            0.4
          ],
          [
            1.195424,
            51.308951,
            0.4
          ],
          [
            1.195923,
            51.308965,
            0.4
          ],
          [
            1.19618,
            51.309029,
            0.3
          ],
          [
            1.195726,
            51.309494,
            0.2
          ],
          [
            1.195222,
            51.309938,
            0.2
          ],
          [
            1.194632,
            51.310372,
            0.2
          ],
          [
            1.193838,
            51.310865,
            0.2
          ],
          [
            1.19321,
            51.311218,
            0.2
          ],
          [
            1.192845,
            51.311363,
            0.2
          ],
          [
            1.192802,
            51.311408,
            0.2
          ],
          [
            1.193031,
            51.311524,
            0.2
          ],
          [
            1.193585,
            51.311748,
            0.2
          ],
          [
            1.195318,
            51.312229,
            0.2
          ],
          [
            1.197224,
            51.312687,
            0.2
          ],
          [
            1.197507,
            51.31287,
            0.2
          ],
          [
            1.197585,
            51.312985,
            0.2
          ],
          [
            1.198009,
            51.313244,
            0.2
          ],
          [
            1.198442,
            51.313553,
            0.2
          ],
          [
            1.198585,
            51.313701,
            0.2
          ],
          [
            1.198815,
            51.313825,
            0.2
          ],
          [
            1.198815,
            51.313825,
            0.2
          ],
          [
            1.198821,
            51.313843,
            0.2
          ],
          [
            1.198862,
            51.313834,
            0.2
          ],
          [
            1.19891,
            51.313863,
            0.2
          ],
          [
            1.19891,
            51.313863,
            0.2
          ],
          [
            1.198985,
            51.313883,
            0.2
          ],
          [
            1.200209,
            51.314678,
            0.1
          ],
          [
            1.200513,
            51.314923,
            0.1
          ],
          [
            1.200841,
            51.315122,
            0
          ],
          [
            1.20089,
            51.315157,
            0
          ],
          [
            1.200917,
            51.315154,
            0
          ],
          [
            1.201121,
            51.315314,
            0
          ],
          [
            1.201545,
            51.315674,
            0
          ],
          [
            1.202021,
            51.316137,
            -0.1
          ],
          [
            1.202371,
            51.316434,
            -0.1
          ],
          [
            1.202499,
            51.316575,
            -0.1
          ],
          [
            1.202486,
            51.31664,
            -0.1
          ],
          [
            1.202486,
            51.31664,
            -0.1
          ],
          [
            1.202534,
            51.316683,
            -0.1
          ],
          [
            1.202747,
            51.316575,
            -0.1
          ],
          [
            1.202887,
            51.316745,
            -0.1
          ],
          [
            1.20282,
            51.316872,
            -0.1
          ],
          [
            1.202291,
            51.3174,
            -0.2
          ],
          [
            1.202271,
            51.317443,
            -0.2
          ],
          [
            1.20326,
            51.31845,
            -0.1
          ],
          [
            1.204118,
            51.319281,
            0
          ],
          [
            1.20499,
            51.320041,
            0.3
          ],
          [
            1.205039,
            51.320139,
            0.3
          ],
          [
            1.205039,
            51.32025,
            0.3
          ],
          [
            1.204973,
            51.320616,
            0.5
          ],
          [
            1.204941,
            51.320909,
            0.6
          ],
          [
            1.204971,
            51.321093,
            0.7
          ],
          [
            1.205035,
            51.321257,
            0.8
          ],
          [
            1.206971,
            51.322876,
            1.7
          ],
          [
            1.207578,
            51.322823,
            1.9
          ],
          [
            1.208045,
            51.322906,
            2
          ],
          [
            1.208044,
            51.322934,
            2
          ],
          [
            1.207981,
            51.322931,
            2
          ],
          [
            1.207967,
            51.322987,
            2
          ],
          [
            1.207889,
            51.32313,
            2.1
          ],
          [
            1.207975,
            51.323207,
            2.1
          ],
          [
            1.208155,
            51.323353,
            2.1
          ],
          [
            1.208264,
            51.323374,
            2.1
          ],
          [
            1.208264,
            51.323421,
            2.1
          ],
          [
            1.208365,
            51.323546,
            2.1
          ],
          [
            1.208997,
            51.323372,
            2.1
          ],
          [
            1.20945,
            51.323301,
            2.2
          ],
          [
            1.20979,
            51.323304,
            2.2
          ],
          [
            1.210135,
            51.323407,
            2.2
          ],
          [
            1.210292,
            51.323516,
            2.1
          ],
          [
            1.210584,
            51.323612,
            2.1
          ],
          [
            1.210728,
            51.323628,
            2
          ],
          [
            1.210867,
            51.323598,
            2
          ],
          [
            1.211273,
            51.323255,
            1.9
          ],
          [
            1.21136,
            51.323132,
            1.9
          ],
          [
            1.211404,
            51.322977,
            1.8
          ],
          [
            1.211608,
            51.322723,
            1.8
          ],
          [
            1.211852,
            51.322475,
            1.7
          ],
          [
            1.212122,
            51.322314,
            1.6
          ],
          [
            1.212585,
            51.322121,
            1.5
          ],
          [
            1.213577,
            51.321895,
            1.4
          ],
          [
            1.214318,
            51.321641,
            1.4
          ],
          [
            1.214347,
            51.321502,
            1.3
          ],
          [
            1.214309,
            51.321385,
            1.3
          ],
          [
            1.214529,
            51.321114,
            1.1
          ],
          [
            1.214582,
            51.320918,
            1
          ],
          [
            1.214595,
            51.320808,
            1
          ],
          [
            1.214516,
            51.320532,
            0.9
          ],
          [
            1.21454,
            51.32006,
            0.7
          ],
          [
            1.214602,
            51.319899,
            0.7
          ],
          [
            1.214693,
            51.319853,
            0.6
          ],
          [
            1.215214,
            51.320004,
            0.5
          ],
          [
            1.215609,
            51.320149,
            0.5
          ],
          [
            1.216288,
            51.319833,
            0.4
          ],
          [
            1.216373,
            51.319823,
            0.4
          ],
          [
            1.216749,
            51.319853,
            0.4
          ],
          [
            1.218462,
            51.32009,
            0.6
          ],
          [
            1.220749,
            51.320332,
            0.7
          ],
          [
            1.221728,
            51.320471,
            0.7
          ],
          [
            1.221846,
            51.320411,
            0.7
          ],
          [
            1.221902,
            51.320024,
            0.8
          ],
          [
            1.221946,
            51.319948,
            0.8
          ],
          [
            1.22209,
            51.319842,
            0.8
          ],
          [
            1.225168,
            51.318956,
            0.7
          ],
          [
            1.225299,
            51.318951,
            0.7
          ],
          [
            1.225404,
            51.318997,
            0.6
          ],
          [
            1.225779,
            51.319411,
            0.5
          ],
          [
            1.225853,
            51.319395,
            0.5
          ],
          [
            1.226054,
            51.319316,
            0.5
          ],
          [
            1.226054,
            51.319316,
            0.5
          ],
          [
            1.226078,
            51.319307,
            0.5
          ],
          [
            1.227525,
            51.318736,
            0.7
          ],
          [
            1.228147,
            51.318431,
            0.8
          ],
          [
            1.228413,
            51.318412,
            0.9
          ],
          [
            1.228413,
            51.318412,
            0.9
          ],
          [
            1.229528,
            51.318212,
            1.2
          ],
          [
            1.23016,
            51.318141,
            1.4
          ],
          [
            1.231047,
            51.318083,
            1.7
          ],
          [
            1.232298,
            51.318068,
            2
          ],
          [
            1.23258,
            51.318092,
            2.1
          ],
          [
            1.23258,
            51.318092,
            2.1
          ],
          [
            1.232786,
            51.318105,
            2.2
          ],
          [
            1.233477,
            51.318046,
            2.5
          ],
          [
            1.233511,
            51.318137,
            2.5
          ],
          [
            1.233734,
            51.318272,
            2.7
          ],
          [
            1.234163,
            51.318357,
            2.9
          ],
          [
            1.234315,
            51.318476,
            3.1
          ],
          [
            1.234809,
            51.319011,
            3.8
          ],
          [
            1.235254,
            51.319519,
            4.5
          ],
          [
            1.235537,
            51.319842,
            4.8
          ],
          [
            1.235862,
            51.320054,
            4.9
          ],
          [
            1.236041,
            51.32017,
            4.9
          ],
          [
            1.236476,
            51.320678,
            4.8
          ],
          [
            1.236584,
            51.320922,
            4.6
          ],
          [
            1.236841,
            51.322211,
            2.6
          ],
          [
            1.237344,
            51.322699,
            1.7
          ]
        ]
      }
    },
    {
      "type": "Feature",
      "id": "1675037909",
      "properties": {
        "day": 7,
        "tour_id": "1675037909",
        "name": "The Augustine Camino - Day 7 - From Sarre to West Cliff",
        "point_count": 299,
        "length_km_geodesic": 15.442,
        "distance_km_komoot": 15.444,
        "duration_s": 14242,
        "elevation_up_m": 70.7,
        "elevation_down_m": 46.6,
        "sport": "hike",
        "source": "https://www.komoot.com/tour/1675037909"
      },
      "geometry": {
        "type": "LineString",
        "coordinates": [
          [
            1.237344,
            51.322699,
            0.8
          ],
          [
            1.237747,
            51.322989,
            0.8
          ],
          [
            1.239306,
            51.323595,
            0.8
          ],
          [
            1.240122,
            51.323783,
            0.9
          ],
          [
            1.24014,
            51.323875,
            0.9
          ],
          [
            1.240389,
            51.323922,
            0.9
          ],
          [
            1.241713,
            51.324406,
            1.1
          ],
          [
            1.243187,
            51.324834,
            1.4
          ],
          [
            1.243546,
            51.324885,
            1.4
          ],
          [
            1.244723,
            51.32493,
            1.4
          ],
          [
            1.246155,
            51.325139,
            1.2
          ],
          [
            1.247124,
            51.325331,
            1
          ],
          [
            1.248766,
            51.325552,
            0.9
          ],
          [
            1.250119,
            51.325715,
            1
          ],
          [
            1.250316,
            51.325722,
            1.1
          ],
          [
            1.252335,
            51.325149,
            1.6
          ],
          [
            1.253244,
            51.324937,
            1.7
          ],
          [
            1.25489,
            51.324699,
            1.8
          ],
          [
            1.255574,
            51.324378,
            1.8
          ],
          [
            1.255766,
            51.324227,
            1.7
          ],
          [
            1.255538,
            51.324081,
            1.6
          ],
          [
            1.255472,
            51.324039,
            1.6
          ],
          [
            1.255368,
            51.324035,
            1.5
          ],
          [
            1.256022,
            51.324496,
            1.3
          ],
          [
            1.25637,
            51.324881,
            1
          ],
          [
            1.256754,
            51.325261,
            0.7
          ],
          [
            1.257086,
            51.325574,
            0.5
          ],
          [
            1.257292,
            51.325833,
            0.4
          ],
          [
            1.25759,
            51.32603,
            0.3
          ],
          [
            1.259544,
            51.327548,
            0.2
          ],
          [
            1.259107,
            51.328088,
            0.4
          ],
          [
            1.259198,
            51.328438,
            0.5
          ],
          [
            1.259298,
            51.32864,
            0.5
          ],
          [
            1.259767,
            51.328575,
            0.6
          ],
          [
            1.259917,
            51.328581,
            0.7
          ],
          [
            1.260161,
            51.328712,
            0.7
          ],
          [
            1.262611,
            51.328333,
            0.9
          ],
          [
            1.262797,
            51.328254,
            0.9
          ],
          [
            1.262888,
            51.328119,
            1
          ],
          [
            1.26314,
            51.327964,
            1
          ],
          [
            1.263734,
            51.327687,
            1
          ],
          [
            1.265261,
            51.326904,
            1
          ],
          [
            1.265495,
            51.326626,
            1
          ],
          [
            1.26663,
            51.326259,
            0.9
          ],
          [
            1.268463,
            51.32544,
            0.8
          ],
          [
            1.269538,
            51.32513,
            0.7
          ],
          [
            1.271289,
            51.324692,
            0.7
          ],
          [
            1.274121,
            51.323946,
            0.7
          ],
          [
            1.275821,
            51.323546,
            0.7
          ],
          [
            1.278524,
            51.322811,
            0.6
          ],
          [
            1.27893,
            51.32261,
            0.5
          ],
          [
            1.279637,
            51.32253,
            0.5
          ],
          [
            1.280382,
            51.322531,
            0.5
          ],
          [
            1.281461,
            51.322824,
            0.5
          ],
          [
            1.281631,
            51.322579,
            0.5
          ],
          [
            1.281604,
            51.322508,
            0.5
          ],
          [
            1.281405,
            51.322412,
            0.6
          ],
          [
            1.281328,
            51.322339,
            0.6
          ],
          [
            1.28128,
            51.322207,
            0.6
          ],
          [
            1.281234,
            51.32109,
            0.7
          ],
          [
            1.28126,
            51.320588,
            0.7
          ],
          [
            1.281319,
            51.320426,
            0.8
          ],
          [
            1.28139,
            51.320455,
            0.8
          ],
          [
            1.281506,
            51.320531,
            0.8
          ],
          [
            1.281538,
            51.320552,
            0.8
          ],
          [
            1.282265,
            51.321004,
            0.9
          ],
          [
            1.282458,
            51.321162,
            0.9
          ],
          [
            1.282828,
            51.321317,
            0.9
          ],
          [
            1.283377,
            51.32148,
            1
          ],
          [
            1.284,
            51.321566,
            1
          ],
          [
            1.285065,
            51.321637,
            1.1
          ],
          [
            1.286148,
            51.321678,
            1
          ],
          [
            1.287697,
            51.321652,
            0.8
          ],
          [
            1.289259,
            51.321596,
            0.6
          ],
          [
            1.29036,
            51.321508,
            0.6
          ],
          [
            1.290842,
            51.321446,
            0.5
          ],
          [
            1.292042,
            51.321228,
            0.5
          ],
          [
            1.2925,
            51.321102,
            0.5
          ],
          [
            1.2926,
            51.321069,
            0.5
          ],
          [
            1.29354,
            51.321526,
            0.6
          ],
          [
            1.294637,
            51.321988,
            0.5
          ],
          [
            1.294817,
            51.322048,
            0.5
          ],
          [
            1.295163,
            51.32211,
            0.5
          ],
          [
            1.295215,
            51.322189,
            0.5
          ],
          [
            1.295055,
            51.322239,
            0.5
          ],
          [
            1.295091,
            51.322276,
            0.5
          ],
          [
            1.295111,
            51.322297,
            0.5
          ],
          [
            1.295149,
            51.322336,
            0.5
          ],
          [
            1.295656,
            51.322646,
            0.4
          ],
          [
            1.296048,
            51.322808,
            0.3
          ],
          [
            1.296856,
            51.323019,
            0.2
          ],
          [
            1.297773,
            51.323,
            0.1
          ],
          [
            1.297842,
            51.323025,
            0.1
          ],
          [
            1.297704,
            51.323356,
            0
          ],
          [
            1.296903,
            51.324377,
            0
          ],
          [
            1.296958,
            51.324451,
            0
          ],
          [
            1.297643,
            51.324575,
            0
          ],
          [
            1.297903,
            51.324725,
            0
          ],
          [
            1.298095,
            51.324789,
            0
          ],
          [
            1.29831,
            51.324807,
            0
          ],
          [
            1.29879,
            51.324791,
            0
          ],
          [
            1.300796,
            51.324649,
            0
          ],
          [
            1.303082,
            51.324545,
            0
          ],
          [
            1.303683,
            51.324495,
            0
          ],
          [
            1.303695,
            51.324573,
            0
          ],
          [
            1.303792,
            51.324588,
            0
          ],
          [
            1.30412,
            51.324974,
            0
          ],
          [
            1.305426,
            51.327372,
            0.2
          ],
          [
            1.305572,
            51.327756,
            0.2
          ],
          [
            1.304164,
            51.32786,
            0.2
          ],
          [
            1.304087,
            51.327883,
            0.2
          ],
          [
            1.3041,
            51.327949,
            0.2
          ],
          [
            1.304716,
            51.328873,
            0.4
          ],
          [
            1.305034,
            51.329288,
            0.6
          ],
          [
            1.305063,
            51.329338,
            0.6
          ],
          [
            1.305109,
            51.329423,
            0.6
          ],
          [
            1.3051,
            51.329752,
            0.7
          ],
          [
            1.30513,
            51.330256,
            1
          ],
          [
            1.30607,
            51.330268,
            1.1
          ],
          [
            1.307351,
            51.330189,
            1.2
          ],
          [
            1.308227,
            51.330142,
            1
          ],
          [
            1.30868,
            51.330137,
            0.9
          ],
          [
            1.309288,
            51.330168,
            0.9
          ],
          [
            1.309601,
            51.330179,
            1
          ],
          [
            1.30988,
            51.330244,
            1
          ],
          [
            1.310022,
            51.330267,
            1
          ],
          [
            1.310917,
            51.330258,
            1.2
          ],
          [
            1.311411,
            51.330232,
            1.3
          ],
          [
            1.311983,
            51.330143,
            1.5
          ],
          [
            1.313449,
            51.329919,
            2
          ],
          [
            1.314022,
            51.329752,
            2.4
          ],
          [
            1.314609,
            51.329643,
            2.8
          ],
          [
            1.314777,
            51.329625,
            2.9
          ],
          [
            1.31482,
            51.329621,
            2.9
          ],
          [
            1.314973,
            51.329637,
            3.1
          ],
          [
            1.314935,
            51.329823,
            3.2
          ],
          [
            1.314989,
            51.330142,
            3.6
          ],
          [
            1.315141,
            51.330796,
            4.1
          ],
          [
            1.315297,
            51.330985,
            4.2
          ],
          [
            1.315409,
            51.331102,
            4.3
          ],
          [
            1.315562,
            51.33106,
            4.3
          ],
          [
            1.316385,
            51.330904,
            4.5
          ],
          [
            1.316778,
            51.330767,
            4.5
          ],
          [
            1.316882,
            51.330742,
            4.5
          ],
          [
            1.318134,
            51.330719,
            4.2
          ],
          [
            1.318266,
            51.330741,
            4.2
          ],
          [
            1.318352,
            51.330797,
            4.2
          ],
          [
            1.31847,
            51.330978,
            4.2
          ],
          [
            1.319985,
            51.331109,
            4.4
          ],
          [
            1.320237,
            51.331107,
            4.5
          ],
          [
            1.320655,
            51.331106,
            4.7
          ],
          [
            1.321299,
            51.331158,
            4.8
          ],
          [
            1.321824,
            51.331154,
            4.9
          ],
          [
            1.321926,
            51.331148,
            4.9
          ],
          [
            1.32272,
            51.331075,
            5.3
          ],
          [
            1.323796,
            51.330917,
            5.8
          ],
          [
            1.324391,
            51.330788,
            6
          ],
          [
            1.325251,
            51.330546,
            6.4
          ],
          [
            1.326611,
            51.330091,
            6.4
          ],
          [
            1.327182,
            51.329873,
            6.1
          ],
          [
            1.327759,
            51.329574,
            5.5
          ],
          [
            1.328745,
            51.329001,
            4.3
          ],
          [
            1.329201,
            51.328808,
            3.8
          ],
          [
            1.329964,
            51.328623,
            3.2
          ],
          [
            1.330881,
            51.32851,
            2.7
          ],
          [
            1.331077,
            51.328451,
            2.7
          ],
          [
            1.331159,
            51.32834,
            2.6
          ],
          [
            1.331166,
            51.328199,
            2.6
          ],
          [
            1.337775,
            51.32776,
            2.7
          ],
          [
            1.343288,
            51.32742,
            3.4
          ],
          [
            1.343418,
            51.327434,
            3.5
          ],
          [
            1.343623,
            51.327419,
            3.6
          ],
          [
            1.343777,
            51.327397,
            3.6
          ],
          [
            1.343868,
            51.327358,
            3.7
          ],
          [
            1.345591,
            51.327339,
            4.9
          ],
          [
            1.346722,
            51.327361,
            6.3
          ],
          [
            1.347249,
            51.327396,
            7
          ],
          [
            1.34827,
            51.327444,
            8.5
          ],
          [
            1.350246,
            51.327619,
            11.1
          ],
          [
            1.351787,
            51.327848,
            12
          ],
          [
            1.354159,
            51.328406,
            10.7
          ],
          [
            1.35547,
            51.328637,
            9.4
          ],
          [
            1.356197,
            51.32884,
            8.7
          ],
          [
            1.35635,
            51.328926,
            8.5
          ],
          [
            1.35643,
            51.328896,
            8.4
          ],
          [
            1.357523,
            51.328706,
            7.7
          ],
          [
            1.358572,
            51.328372,
            7.1
          ],
          [
            1.359759,
            51.328145,
            6.6
          ],
          [
            1.360291,
            51.328063,
            6.4
          ],
          [
            1.360854,
            51.327958,
            6.2
          ],
          [
            1.36209,
            51.327724,
            6.4
          ],
          [
            1.362446,
            51.327722,
            6.5
          ],
          [
            1.362863,
            51.327771,
            6.6
          ],
          [
            1.363146,
            51.327848,
            6.7
          ],
          [
            1.363847,
            51.328099,
            7.2
          ],
          [
            1.363959,
            51.328142,
            7.3
          ],
          [
            1.364304,
            51.3283,
            7.6
          ],
          [
            1.364464,
            51.328357,
            7.7
          ],
          [
            1.364952,
            51.328554,
            7.9
          ],
          [
            1.365366,
            51.328843,
            8
          ],
          [
            1.365486,
            51.328881,
            8
          ],
          [
            1.365569,
            51.328881,
            8
          ],
          [
            1.365912,
            51.328901,
            7.9
          ],
          [
            1.365905,
            51.328611,
            7.6
          ],
          [
            1.365867,
            51.328312,
            7.3
          ],
          [
            1.365822,
            51.32795,
            6.8
          ],
          [
            1.365988,
            51.327075,
            5
          ],
          [
            1.366105,
            51.326732,
            4.4
          ],
          [
            1.366122,
            51.32623,
            3.8
          ],
          [
            1.366116,
            51.326085,
            3.6
          ],
          [
            1.366137,
            51.325992,
            3.5
          ],
          [
            1.366205,
            51.325926,
            3.5
          ],
          [
            1.36642,
            51.32604,
            3.4
          ],
          [
            1.366489,
            51.325982,
            3.3
          ],
          [
            1.368332,
            51.32694,
            4.3
          ],
          [
            1.36857,
            51.327018,
            4.7
          ],
          [
            1.369217,
            51.327292,
            5.6
          ],
          [
            1.370018,
            51.327723,
            6.9
          ],
          [
            1.372299,
            51.328828,
            9.6
          ],
          [
            1.373624,
            51.32946,
            10.3
          ],
          [
            1.373884,
            51.329569,
            10.3
          ],
          [
            1.37418,
            51.329639,
            10.1
          ],
          [
            1.374311,
            51.329714,
            10
          ],
          [
            1.375793,
            51.329797,
            7.8
          ],
          [
            1.376165,
            51.329889,
            7.3
          ],
          [
            1.376581,
            51.329949,
            6.7
          ],
          [
            1.376982,
            51.329901,
            6.1
          ],
          [
            1.377223,
            51.329883,
            5.7
          ],
          [
            1.37765,
            51.329902,
            5.1
          ],
          [
            1.378124,
            51.329999,
            4.4
          ],
          [
            1.378798,
            51.32993,
            3.5
          ],
          [
            1.380035,
            51.329689,
            3.1
          ],
          [
            1.380262,
            51.329582,
            3.1
          ],
          [
            1.380496,
            51.32956,
            3.1
          ],
          [
            1.380599,
            51.329577,
            3
          ],
          [
            1.381655,
            51.329336,
            2.8
          ],
          [
            1.382688,
            51.329178,
            2.7
          ],
          [
            1.382671,
            51.329112,
            2.6
          ],
          [
            1.382777,
            51.329086,
            2.6
          ],
          [
            1.382968,
            51.329035,
            2.7
          ],
          [
            1.384063,
            51.328575,
            3
          ],
          [
            1.38575,
            51.328082,
            5
          ],
          [
            1.386047,
            51.328018,
            5.3
          ],
          [
            1.387068,
            51.327987,
            6.2
          ],
          [
            1.387551,
            51.327919,
            6.5
          ],
          [
            1.388407,
            51.32773,
            7.2
          ],
          [
            1.38903,
            51.327671,
            7.3
          ],
          [
            1.389676,
            51.327724,
            7
          ],
          [
            1.390003,
            51.327843,
            6.6
          ],
          [
            1.390233,
            51.327868,
            6.7
          ],
          [
            1.390414,
            51.327833,
            6.7
          ],
          [
            1.390516,
            51.327779,
            6.6
          ],
          [
            1.390818,
            51.327786,
            7.1
          ],
          [
            1.39093,
            51.32761,
            7.2
          ],
          [
            1.39112,
            51.327341,
            8.1
          ],
          [
            1.391177,
            51.327304,
            8.2
          ],
          [
            1.391485,
            51.327254,
            9.2
          ],
          [
            1.392216,
            51.327165,
            11.4
          ],
          [
            1.392281,
            51.327163,
            11.6
          ],
          [
            1.392814,
            51.327303,
            13.6
          ],
          [
            1.393408,
            51.327479,
            16.3
          ],
          [
            1.393449,
            51.32749,
            16.6
          ],
          [
            1.394541,
            51.327806,
            22
          ],
          [
            1.39484,
            51.327878,
            22.9
          ],
          [
            1.394909,
            51.3279,
            23.2
          ],
          [
            1.395344,
            51.328004,
            23.8
          ],
          [
            1.395412,
            51.328023,
            24
          ],
          [
            1.395722,
            51.328111,
            24.1
          ],
          [
            1.396281,
            51.328276,
            23.6
          ],
          [
            1.396385,
            51.328317,
            23.4
          ],
          [
            1.396457,
            51.328353,
            23.2
          ],
          [
            1.396294,
            51.32695,
            13.4
          ],
          [
            1.396256,
            51.326573,
            10.7
          ],
          [
            1.397135,
            51.326602,
            7.7
          ],
          [
            1.397313,
            51.326607,
            7.2
          ],
          [
            1.398012,
            51.3266,
            5.8
          ],
          [
            1.398157,
            51.326601,
            5.7
          ],
          [
            1.400158,
            51.326606,
            7.8
          ],
          [
            1.400195,
            51.326608,
            7.8
          ],
          [
            1.400298,
            51.32661,
            7.9
          ],
          [
            1.401333,
            51.326628,
            9
          ],
          [
            1.401736,
            51.32666,
            9.4
          ],
          [
            1.402143,
            51.326692,
            9.8
          ],
          [
            1.402624,
            51.326721,
            10.1
          ],
          [
            1.402834,
            51.326734,
            10.2
          ],
          [
            1.404347,
            51.326867,
            10.5
          ],
          [
            1.404404,
            51.326873,
            10.5
          ],
          [
            1.404492,
            51.326882,
            10.3
          ],
          [
            1.405934,
            51.327035,
            9.9
          ],
          [
            1.406602,
            51.327128,
            9.7
          ],
          [
            1.406738,
            51.327147,
            9.5
          ],
          [
            1.408699,
            51.327447,
            12.7
          ],
          [
            1.40941,
            51.327521,
            15.1
          ],
          [
            1.409516,
            51.32759,
            15.6
          ],
          [
            1.409731,
            51.327825,
            17.3
          ],
          [
            1.409294,
            51.328467,
            21.4
          ],
          [
            1.409595,
            51.3285,
            22.4
          ],
          [
            1.409814,
            51.328559,
            23.4
          ],
          [
            1.410204,
            51.328665,
            24.9
          ]
        ]
      }
    }
  ]
}