{
  "type": "FeatureCollection",
  "name": "pilgrim_ways_to_canterbury_becket_way",
  "crs": {
    "type": "name",
    "properties": {
      "name": "urn:ogc:def:crs:OGC:1.3:CRS84"
    }
  },
  "properties": {
    "collection_id": "2485574",
    "collection_name": "Pilgrim Ways to Canterbury (Becket Way)",
    "source": "https://www.komoot.com/pt-pt/collection/2485574/-pilgrim-ways-to-canterbury-becket-way"
  },
  "features": [
    {
      "type": "Feature",
      "id": "1390665937",
      "properties": {
        "day": 1,
        "tour_id": "1390665937",
        "name": "Pilgrim Ways to Canterbury (Becket Way) - Day 1 - From Southwark to Charlton",
        "point_count": 726,
        "length_km_geodesic": 15.694,
        "distance_km_komoot": 15.696,
        "duration_s": 14523,
        "elevation_up_m": 89.9,
        "elevation_down_m": 39.1,
        "sport": "hike",
        "source": "https://www.komoot.com/tour/1390665937"
      },
      "geometry": {
        "type": "LineString",
        "coordinates": [
          [
            -0.090029,
            51.506123,
            10
          ],
          [
            -0.090059,
            51.506028,
            10
          ],
          [
            -0.090167,
            51.506054,
            10.1
          ],
          [
            -0.090205,
            51.506053,
            10.1
          ],
          [
            -0.090205,
            51.506053,
            10.1
          ],
          [
            -0.090276,
            51.506049,
            10.1
          ],
          [
            -0.090312,
            51.505959,
            10.1
          ],
          [
            -0.090375,
            51.505726,
            10.2
          ],
          [
            -0.090355,
            51.505696,
            10.2
          ],
          [
            -0.090258,
            51.505546,
            10.3
          ],
          [
            -0.089858,
            51.50535,
            10.4
          ],
          [
            -0.089492,
            51.505173,
            10.6
          ],
          [
            -0.0898,
            51.504986,
            10.6
          ],
          [
            -0.089944,
            51.504906,
            10.7
          ],
          [
            -0.090016,
            51.504868,
            10.7
          ],
          [
            -0.090035,
            51.504753,
            10.8
          ],
          [
            -0.090133,
            51.504673,
            10.9
          ],
          [
            -0.090214,
            51.504633,
            10.9
          ],
          [
            -0.090359,
            51.504508,
            11.1
          ],
          [
            -0.090432,
            51.504453,
            11.1
          ],
          [
            -0.090701,
            51.504276,
            11.3
          ],
          [
            -0.090997,
            51.504079,
            11.4
          ],
          [
            -0.09108,
            51.503988,
            11.4
          ],
          [
            -0.091146,
            51.50391,
            11.4
          ],
          [
            -0.09126,
            51.503775,
            11.4
          ],
          [
            -0.091293,
            51.503737,
            11.4
          ],
          [
            -0.091308,
            51.503718,
            11.4
          ],
          [
            -0.091404,
            51.503607,
            11.4
          ],
          [
            -0.091546,
            51.503442,
            11.4
          ],
          [
            -0.091674,
            51.503281,
            11.4
          ],
          [
            -0.09174,
            51.503199,
            11.3
          ],
          [
            -0.091841,
            51.503076,
            11.3
          ],
          [
            -0.091952,
            51.502928,
            11.2
          ],
          [
            -0.092055,
            51.502807,
            11.1
          ],
          [
            -0.092153,
            51.50266,
            11
          ],
          [
            -0.092266,
            51.502463,
            10.7
          ],
          [
            -0.092398,
            51.502201,
            10.4
          ],
          [
            -0.092455,
            51.502096,
            10.3
          ],
          [
            -0.092489,
            51.502044,
            10.2
          ],
          [
            -0.092659,
            51.50181,
            9.9
          ],
          [
            -0.092809,
            51.501664,
            9.6
          ],
          [
            -0.092658,
            51.501604,
            9.5
          ],
          [
            -0.092557,
            51.501558,
            9.4
          ],
          [
            -0.092144,
            51.501252,
            8.8
          ],
          [
            -0.092044,
            51.501176,
            8.7
          ],
          [
            -0.092025,
            51.501161,
            8.6
          ],
          [
            -0.091848,
            51.501159,
            8.5
          ],
          [
            -0.091849,
            51.501145,
            8.5
          ],
          [
            -0.091846,
            51.501109,
            8.5
          ],
          [
            -0.091842,
            51.501062,
            8.4
          ],
          [
            -0.091839,
            51.501041,
            8.4
          ],
          [
            -0.091915,
            51.50104,
            8.3
          ],
          [
            -0.091907,
            51.500984,
            8.2
          ],
          [
            -0.091857,
            51.500925,
            8.2
          ],
          [
            -0.091706,
            51.50075,
            8
          ],
          [
            -0.091641,
            51.50068,
            8
          ],
          [
            -0.091246,
            51.500086,
            7.9
          ],
          [
            -0.091182,
            51.499972,
            7.9
          ],
          [
            -0.091084,
            51.499847,
            8
          ],
          [
            -0.091046,
            51.499797,
            8
          ],
          [
            -0.09091,
            51.499609,
            8
          ],
          [
            -0.090863,
            51.499566,
            8
          ],
          [
            -0.090783,
            51.499538,
            8
          ],
          [
            -0.090667,
            51.499426,
            8
          ],
          [
            -0.09009,
            51.498892,
            7.8
          ],
          [
            -0.089907,
            51.498725,
            7.8
          ],
          [
            -0.089913,
            51.498698,
            7.8
          ],
          [
            -0.089861,
            51.498646,
            7.8
          ],
          [
            -0.089833,
            51.498618,
            7.8
          ],
          [
            -0.089719,
            51.498512,
            7.9
          ],
          [
            -0.089337,
            51.498162,
            7.9
          ],
          [
            -0.08929,
            51.49812,
            7.9
          ],
          [
            -0.089252,
            51.498084,
            7.9
          ],
          [
            -0.088579,
            51.497456,
            7.4
          ],
          [
            -0.088503,
            51.497385,
            7.3
          ],
          [
            -0.088449,
            51.497335,
            7.2
          ],
          [
            -0.088315,
            51.49721,
            7
          ],
          [
            -0.087839,
            51.496779,
            6.6
          ],
          [
            -0.087757,
            51.496705,
            6.5
          ],
          [
            -0.087702,
            51.496649,
            6.5
          ],
          [
            -0.087217,
            51.496083,
            6.1
          ],
          [
            -0.0867,
            51.495528,
            5.3
          ],
          [
            -0.086595,
            51.495454,
            5.1
          ],
          [
            -0.086537,
            51.495399,
            5
          ],
          [
            -0.086413,
            51.495322,
            4.8
          ],
          [
            -0.086408,
            51.495268,
            4.7
          ],
          [
            -0.086397,
            51.495162,
            4.7
          ],
          [
            -0.086011,
            51.494967,
            4.3
          ],
          [
            -0.086035,
            51.494939,
            4.2
          ],
          [
            -0.086086,
            51.494916,
            4.2
          ],
          [
            -0.086054,
            51.494894,
            4.2
          ],
          [
            -0.086008,
            51.494863,
            4.1
          ],
          [
            -0.085916,
            51.4948,
            4
          ],
          [
            -0.085493,
            51.494739,
            3.9
          ],
          [
            -0.085617,
            51.494475,
            3.8
          ],
          [
            -0.085447,
            51.494345,
            3.8
          ],
          [
            -0.085408,
            51.494312,
            3.8
          ],
          [
            -0.085355,
            51.494261,
            3.8
          ],
          [
            -0.085396,
            51.494221,
            3.9
          ],
          [
            -0.085357,
            51.494056,
            3.9
          ],
          [
            -0.085333,
            51.494043,
            3.9
          ],
          [
            -0.085265,
            51.494002,
            4
          ],
          [
            -0.085174,
            51.493947,
            4
          ],
          [
            -0.085109,
            51.493905,
            4
          ],
          [
            -0.085133,
            51.493813,
            4
          ],
          [
            -0.085175,
            51.493777,
            4
          ],
          [
            -0.085213,
            51.493742,
            4
          ],
          [
            -0.085229,
            51.493726,
            4
          ],
          [
            -0.08534,
            51.493747,
            4
          ],
          [
            -0.085366,
            51.493717,
            4
          ],
          [
            -0.085393,
            51.493685,
            4
          ],
          [
            -0.085479,
            51.493671,
            4
          ],
          [
            -0.085473,
            51.493567,
            4.1
          ],
          [
            -0.085402,
            51.493493,
            4.2
          ],
          [
            -0.085807,
            51.493255,
            4.5
          ],
          [
            -0.086301,
            51.492957,
            4.9
          ],
          [
            -0.086722,
            51.492709,
            5.2
          ],
          [
            -0.086258,
            51.492387,
            5.6
          ],
          [
            -0.086471,
            51.492256,
            5.6
          ],
          [
            -0.086438,
            51.492203,
            5.6
          ],
          [
            -0.085868,
            51.49189,
            5.5
          ],
          [
            -0.085294,
            51.492232,
            5.3
          ],
          [
            -0.085061,
            51.492371,
            5.3
          ],
          [
            -0.084303,
            51.492809,
            4.9
          ],
          [
            -0.084184,
            51.492898,
            4.9
          ],
          [
            -0.084094,
            51.492872,
            4.9
          ],
          [
            -0.084053,
            51.492838,
            4.8
          ],
          [
            -0.083881,
            51.492696,
            4.7
          ],
          [
            -0.083866,
            51.492705,
            4.7
          ],
          [
            -0.083528,
            51.492855,
            4.5
          ],
          [
            -0.083513,
            51.492863,
            4.5
          ],
          [
            -0.083453,
            51.492812,
            4.4
          ],
          [
            -0.083409,
            51.492815,
            4.4
          ],
          [
            -0.083379,
            51.492828,
            4.4
          ],
          [
            -0.083285,
            51.492753,
            4.4
          ],
          [
            -0.083438,
            51.492691,
            4.2
          ],
          [
            -0.083002,
            51.492313,
            3.8
          ],
          [
            -0.082805,
            51.492085,
            3.6
          ],
          [
            -0.082581,
            51.491912,
            3.6
          ],
          [
            -0.08245,
            51.491811,
            3.5
          ],
          [
            -0.081814,
            51.491321,
            3.5
          ],
          [
            -0.081692,
            51.491227,
            3.4
          ],
          [
            -0.081533,
            51.491105,
            3.4
          ],
          [
            -0.081065,
            51.490761,
            3.4
          ],
          [
            -0.080991,
            51.490696,
            3.4
          ],
          [
            -0.080709,
            51.490434,
            3.4
          ],
          [
            -0.080629,
            51.490381,
            3.4
          ],
          [
            -0.080077,
            51.490676,
            3.7
          ],
          [
            -0.079322,
            51.490297,
            4.3
          ],
          [
            -0.077518,
            51.489304,
            4.8
          ],
          [
            -0.077377,
            51.489419,
            4.7
          ],
          [
            -0.077336,
            51.489426,
            4.7
          ],
          [
            -0.077305,
            51.489412,
            4.7
          ],
          [
            -0.077275,
            51.489395,
            4.7
          ],
          [
            -0.077232,
            51.4894,
            4.7
          ],
          [
            -0.076872,
            51.489707,
            4.6
          ],
          [
            -0.076702,
            51.489791,
            4.5
          ],
          [
            -0.076716,
            51.489813,
            4.5
          ],
          [
            -0.07641,
            51.489814,
            4.5
          ],
          [
            -0.076175,
            51.48971,
            4.4
          ],
          [
            -0.076074,
            51.489733,
            4.3
          ],
          [
            -0.075977,
            51.489691,
            4.3
          ],
          [
            -0.075965,
            51.489665,
            4.3
          ],
          [
            -0.075971,
            51.489627,
            4.3
          ],
          [
            -0.075819,
            51.489586,
            4.2
          ],
          [
            -0.075754,
            51.489557,
            4.2
          ],
          [
            -0.075346,
            51.48936,
            4.1
          ],
          [
            -0.07497,
            51.489273,
            4
          ],
          [
            -0.074929,
            51.489323,
            4
          ],
          [
            -0.074845,
            51.489345,
            3.9
          ],
          [
            -0.074757,
            51.489325,
            4
          ],
          [
            -0.074652,
            51.489323,
            3.9
          ],
          [
            -0.074298,
            51.489206,
            3.9
          ],
          [
            -0.074316,
            51.489183,
            4
          ],
          [
            -0.073661,
            51.489015,
            4.1
          ],
          [
            -0.073557,
            51.488984,
            4.1
          ],
          [
            -0.073356,
            51.48894,
            4.2
          ],
          [
            -0.073412,
            51.488734,
            4.3
          ],
          [
            -0.073523,
            51.488557,
            4.4
          ],
          [
            -0.073675,
            51.488335,
            4.6
          ],
          [
            -0.073867,
            51.488162,
            4.7
          ],
          [
            -0.073844,
            51.488132,
            4.7
          ],
          [
            -0.073999,
            51.487984,
            4.7
          ],
          [
            -0.074177,
            51.487809,
            4.7
          ],
          [
            -0.073874,
            51.487671,
            4.7
          ],
          [
            -0.073566,
            51.487547,
            4.7
          ],
          [
            -0.073582,
            51.487527,
            4.7
          ],
          [
            -0.072948,
            51.487265,
            4.6
          ],
          [
            -0.072102,
            51.486954,
            4.3
          ],
          [
            -0.071929,
            51.486885,
            4.2
          ],
          [
            -0.072175,
            51.486584,
            4.1
          ],
          [
            -0.072261,
            51.486486,
            4.1
          ],
          [
            -0.072368,
            51.486358,
            4.1
          ],
          [
            -0.072334,
            51.486346,
            4.1
          ],
          [
            -0.072155,
            51.486284,
            4.1
          ],
          [
            -0.071354,
            51.486005,
            4.1
          ],
          [
            -0.070643,
            51.48576,
            4.1
          ],
          [
            -0.070281,
            51.485656,
            4.2
          ],
          [
            -0.069088,
            51.485207,
            4.5
          ],
          [
            -0.068466,
            51.485,
            4.5
          ],
          [
            -0.066403,
            51.484206,
            4.9
          ],
          [
            -0.066322,
            51.484211,
            4.9
          ],
          [
            -0.066239,
            51.48429,
            4.9
          ],
          [
            -0.066171,
            51.484279,
            5
          ],
          [
            -0.06613,
            51.484271,
            5
          ],
          [
            -0.066107,
            51.484267,
            5
          ],
          [
            -0.066143,
            51.484188,
            5
          ],
          [
            -0.066118,
            51.484183,
            5
          ],
          [
            -0.066058,
            51.484173,
            5
          ],
          [
            -0.066005,
            51.484161,
            5
          ],
          [
            -0.06601,
            51.484054,
            5.1
          ],
          [
            -0.065978,
            51.484021,
            5.1
          ],
          [
            -0.064986,
            51.483582,
            5.3
          ],
          [
            -0.064651,
            51.48343,
            5.4
          ],
          [
            -0.064678,
            51.483398,
            5.4
          ],
          [
            -0.064217,
            51.483195,
            5.4
          ],
          [
            -0.063446,
            51.48284,
            5.3
          ],
          [
            -0.063093,
            51.482679,
            5.3
          ],
          [
            -0.063137,
            51.482644,
            5.3
          ],
          [
            -0.063046,
            51.4826,
            5.2
          ],
          [
            -0.063101,
            51.482555,
            5.2
          ],
          [
            -0.062805,
            51.482426,
            5.2
          ],
          [
            -0.062245,
            51.482182,
            5
          ],
          [
            -0.062164,
            51.482135,
            5
          ],
          [
            -0.061678,
            51.481807,
            4.9
          ],
          [
            -0.061341,
            51.481574,
            4.8
          ],
          [
            -0.0611,
            51.481367,
            4.8
          ],
          [
            -0.060776,
            51.481515,
            4.8
          ],
          [
            -0.060463,
            51.481641,
            4.9
          ],
          [
            -0.060173,
            51.481671,
            5
          ],
          [
            -0.060189,
            51.481503,
            5
          ],
          [
            -0.059902,
            51.481302,
            5.1
          ],
          [
            -0.059961,
            51.48121,
            5.1
          ],
          [
            -0.059965,
            51.481044,
            5.2
          ],
          [
            -0.060167,
            51.48086,
            5.2
          ],
          [
            -0.059972,
            51.480782,
            5.3
          ],
          [
            -0.060108,
            51.480643,
            5.3
          ],
          [
            -0.060056,
            51.480317,
            5.4
          ],
          [
            -0.05995,
            51.48007,
            5.4
          ],
          [
            -0.05985,
            51.479855,
            5.4
          ],
          [
            -0.05946,
            51.478995,
            5.3
          ],
          [
            -0.059418,
            51.478897,
            5.3
          ],
          [
            -0.058963,
            51.478138,
            5.3
          ],
          [
            -0.058807,
            51.477869,
            5.3
          ],
          [
            -0.058441,
            51.477939,
            5.4
          ],
          [
            -0.058246,
            51.477954,
            5.4
          ],
          [
            -0.057962,
            51.477742,
            5.5
          ],
          [
            -0.057787,
            51.477668,
            5.5
          ],
          [
            -0.057351,
            51.477621,
            5.6
          ],
          [
            -0.057112,
            51.477603,
            5.6
          ],
          [
            -0.05691,
            51.477614,
            5.6
          ],
          [
            -0.056645,
            51.477669,
            5.7
          ],
          [
            -0.05611,
            51.477832,
            5.7
          ],
          [
            -0.055585,
            51.477896,
            5.7
          ],
          [
            -0.055562,
            51.478032,
            5.6
          ],
          [
            -0.055158,
            51.478582,
            5.5
          ],
          [
            -0.055059,
            51.478624,
            5.5
          ],
          [
            -0.054988,
            51.478737,
            5.4
          ],
          [
            -0.054892,
            51.478847,
            5.4
          ],
          [
            -0.054852,
            51.478832,
            5.4
          ],
          [
            -0.054303,
            51.478634,
            5.3
          ],
          [
            -0.054155,
            51.478573,
            5.3
          ],
          [
            -0.053567,
            51.478349,
            5.2
          ],
          [
            -0.054066,
            51.477688,
            5.2
          ],
          [
            -0.054035,
            51.47761,
            5.2
          ],
          [
            -0.054121,
            51.476649,
            5.3
          ],
          [
            -0.053723,
            51.476656,
            5.4
          ],
          [
            -0.053566,
            51.476649,
            5.3
          ],
          [
            -0.053569,
            51.476414,
            5.3
          ],
          [
            -0.053517,
            51.476363,
            5.3
          ],
          [
            -0.052695,
            51.476355,
            5.5
          ],
          [
            -0.052695,
            51.476237,
            5.5
          ],
          [
            -0.052695,
            51.475914,
            5.7
          ],
          [
            -0.052696,
            51.475459,
            5.9
          ],
          [
            -0.052696,
            51.475317,
            6
          ],
          [
            -0.052696,
            51.475032,
            6.2
          ],
          [
            -0.052637,
            51.475034,
            6.2
          ],
          [
            -0.052625,
            51.474914,
            6.3
          ],
          [
            -0.05128,
            51.474911,
            6.8
          ],
          [
            -0.05124,
            51.474911,
            6.8
          ],
          [
            -0.051181,
            51.474911,
            6.8
          ],
          [
            -0.051188,
            51.474386,
            7
          ],
          [
            -0.050897,
            51.474422,
            7.1
          ],
          [
            -0.050298,
            51.47453,
            7.1
          ],
          [
            -0.049835,
            51.474626,
            7.2
          ],
          [
            -0.049794,
            51.474553,
            7.2
          ],
          [
            -0.049673,
            51.474528,
            7.2
          ],
          [
            -0.049636,
            51.474499,
            7.3
          ],
          [
            -0.049629,
            51.474397,
            7.3
          ],
          [
            -0.049592,
            51.474325,
            7.3
          ],
          [
            -0.049466,
            51.474073,
            7.5
          ],
          [
            -0.049378,
            51.474085,
            7.5
          ],
          [
            -0.049304,
            51.47394,
            7.6
          ],
          [
            -0.048732,
            51.474018,
            7.8
          ],
          [
            -0.047715,
            51.474069,
            8.1
          ],
          [
            -0.047384,
            51.474113,
            8.3
          ],
          [
            -0.046542,
            51.474327,
            8.9
          ],
          [
            -0.046315,
            51.474427,
            9.1
          ],
          [
            -0.046338,
            51.474441,
            9.2
          ],
          [
            -0.046218,
            51.474515,
            9.3
          ],
          [
            -0.046099,
            51.47459,
            9.4
          ],
          [
            -0.045693,
            51.474474,
            9.7
          ],
          [
            -0.044625,
            51.474406,
            10.2
          ],
          [
            -0.044114,
            51.474398,
            10.4
          ],
          [
            -0.043052,
            51.474407,
            11.1
          ],
          [
            -0.042821,
            51.47442,
            11.3
          ],
          [
            -0.042265,
            51.474525,
            11.6
          ],
          [
            -0.041675,
            51.4747,
            12
          ],
          [
            -0.041629,
            51.474839,
            12.1
          ],
          [
            -0.041544,
            51.474845,
            12.1
          ],
          [
            -0.041453,
            51.474851,
            12.2
          ],
          [
            -0.041392,
            51.474823,
            12.3
          ],
          [
            -0.041112,
            51.474878,
            12.4
          ],
          [
            -0.040829,
            51.474906,
            12.6
          ],
          [
            -0.040764,
            51.474946,
            12.7
          ],
          [
            -0.040707,
            51.47495,
            12.7
          ],
          [
            -0.040606,
            51.474957,
            12.7
          ],
          [
            -0.040564,
            51.474917,
            12.8
          ],
          [
            -0.040535,
            51.474851,
            12.9
          ],
          [
            -0.04046,
            51.474862,
            12.9
          ],
          [
            -0.039842,
            51.475018,
            13.4
          ],
          [
            -0.039523,
            51.475095,
            13.7
          ],
          [
            -0.039559,
            51.47516,
            13.8
          ],
          [
            -0.039188,
            51.47526,
            14.2
          ],
          [
            -0.039175,
            51.47529,
            14.3
          ],
          [
            -0.039237,
            51.4754,
            14.4
          ],
          [
            -0.039154,
            51.475419,
            14.5
          ],
          [
            -0.039249,
            51.475558,
            14.8
          ],
          [
            -0.039157,
            51.475579,
            15
          ],
          [
            -0.038999,
            51.475337,
            15.4
          ],
          [
            -0.038956,
            51.475324,
            15.5
          ],
          [
            -0.038417,
            51.475466,
            15.9
          ],
          [
            -0.0374,
            51.475712,
            15.6
          ],
          [
            -0.037154,
            51.475733,
            15.5
          ],
          [
            -0.036987,
            51.475747,
            15.3
          ],
          [
            -0.037006,
            51.476016,
            14.9
          ],
          [
            -0.036932,
            51.476026,
            14.8
          ],
          [
            -0.036997,
            51.476218,
            14.4
          ],
          [
            -0.037004,
            51.476418,
            13.8
          ],
          [
            -0.036918,
            51.476424,
            13.7
          ],
          [
            -0.036913,
            51.476502,
            13.5
          ],
          [
            -0.036732,
            51.476729,
            12.7
          ],
          [
            -0.035802,
            51.476896,
            10.8
          ],
          [
            -0.035372,
            51.476901,
            10
          ],
          [
            -0.03495,
            51.476999,
            9.2
          ],
          [
            -0.034587,
            51.477111,
            8.6
          ],
          [
            -0.034432,
            51.477135,
            8.4
          ],
          [
            -0.033907,
            51.477177,
            8
          ],
          [
            -0.033895,
            51.477177,
            8
          ],
          [
            -0.033884,
            51.477177,
            7.9
          ],
          [
            -0.033824,
            51.477175,
            7.9
          ],
          [
            -0.03376,
            51.477173,
            7.9
          ],
          [
            -0.033734,
            51.477173,
            7.8
          ],
          [
            -0.033463,
            51.477193,
            7.7
          ],
          [
            -0.032957,
            51.477358,
            7.7
          ],
          [
            -0.032356,
            51.477394,
            7.9
          ],
          [
            -0.032342,
            51.477395,
            7.9
          ],
          [
            -0.032289,
            51.477398,
            7.9
          ],
          [
            -0.032292,
            51.477412,
            7.9
          ],
          [
            -0.032321,
            51.477576,
            8.1
          ],
          [
            -0.032166,
            51.477578,
            8.2
          ],
          [
            -0.031676,
            51.47758,
            8.5
          ],
          [
            -0.031357,
            51.477567,
            8.6
          ],
          [
            -0.031269,
            51.477592,
            8.7
          ],
          [
            -0.031241,
            51.477602,
            8.6
          ],
          [
            -0.030798,
            51.477598,
            8.7
          ],
          [
            -0.030714,
            51.477596,
            8.7
          ],
          [
            -0.030596,
            51.477595,
            8.7
          ],
          [
            -0.030226,
            51.477592,
            8.7
          ],
          [
            -0.030066,
            51.477591,
            8.7
          ],
          [
            -0.029946,
            51.47759,
            8.7
          ],
          [
            -0.029778,
            51.477593,
            8.8
          ],
          [
            -0.029551,
            51.477587,
            8.8
          ],
          [
            -0.029318,
            51.477585,
            8.9
          ],
          [
            -0.029082,
            51.477584,
            8.9
          ],
          [
            -0.028797,
            51.477581,
            9
          ],
          [
            -0.028486,
            51.477573,
            9
          ],
          [
            -0.028435,
            51.477581,
            9
          ],
          [
            -0.028423,
            51.477582,
            9
          ],
          [
            -0.028381,
            51.47759,
            9
          ],
          [
            -0.028317,
            51.477602,
            9
          ],
          [
            -0.02826,
            51.47758,
            9
          ],
          [
            -0.028189,
            51.477592,
            8.9
          ],
          [
            -0.028187,
            51.477536,
            8.9
          ],
          [
            -0.026983,
            51.477539,
            7.9
          ],
          [
            -0.026441,
            51.477535,
            7.4
          ],
          [
            -0.026024,
            51.477538,
            7.1
          ],
          [
            -0.026031,
            51.477605,
            7.1
          ],
          [
            -0.026019,
            51.477606,
            7.1
          ],
          [
            -0.025946,
            51.477614,
            7
          ],
          [
            -0.02568,
            51.477612,
            6.9
          ],
          [
            -0.025362,
            51.477608,
            6.9
          ],
          [
            -0.025307,
            51.477607,
            6.9
          ],
          [
            -0.024291,
            51.477611,
            6.7
          ],
          [
            -0.024109,
            51.477614,
            6.7
          ],
          [
            -0.024108,
            51.477652,
            6.7
          ],
          [
            -0.023526,
            51.477658,
            6.6
          ],
          [
            -0.023414,
            51.477676,
            6.6
          ],
          [
            -0.023251,
            51.477663,
            6.5
          ],
          [
            -0.023134,
            51.477666,
            6.5
          ],
          [
            -0.022986,
            51.477662,
            6.5
          ],
          [
            -0.022808,
            51.477666,
            6.5
          ],
          [
            -0.022778,
            51.477692,
            6.5
          ],
          [
            -0.022801,
            51.47776,
            6.6
          ],
          [
            -0.022755,
            51.477764,
            6.6
          ],
          [
            -0.022704,
            51.477768,
            6.6
          ],
          [
            -0.022686,
            51.47777,
            6.6
          ],
          [
            -0.022651,
            51.477773,
            6.6
          ],
          [
            -0.022589,
            51.477778,
            6.6
          ],
          [
            -0.022632,
            51.477923,
            6.6
          ],
          [
            -0.02264,
            51.477948,
            6.6
          ],
          [
            -0.022473,
            51.477967,
            6.6
          ],
          [
            -0.022415,
            51.477954,
            6.6
          ],
          [
            -0.022302,
            51.47797,
            6.6
          ],
          [
            -0.022263,
            51.477975,
            6.6
          ],
          [
            -0.022232,
            51.47793,
            6.6
          ],
          [
            -0.022173,
            51.477919,
            6.6
          ],
          [
            -0.022132,
            51.477913,
            6.6
          ],
          [
            -0.022097,
            51.477918,
            6.6
          ],
          [
            -0.021994,
            51.47793,
            6.6
          ],
          [
            -0.021366,
            51.477922,
            6.5
          ],
          [
            -0.02114,
            51.477918,
            6.5
          ],
          [
            -0.021051,
            51.477917,
            6.5
          ],
          [
            -0.021043,
            51.477961,
            6.4
          ],
          [
            -0.020988,
            51.47817,
            6.3
          ],
          [
            -0.020954,
            51.478167,
            6.3
          ],
          [
            -0.019846,
            51.478067,
            6
          ],
          [
            -0.019523,
            51.478018,
            5.9
          ],
          [
            -0.019438,
            51.478027,
            5.9
          ],
          [
            -0.019073,
            51.477995,
            6
          ],
          [
            -0.01896,
            51.477986,
            6.1
          ],
          [
            -0.018777,
            51.478015,
            6.2
          ],
          [
            -0.017792,
            51.477969,
            6.7
          ],
          [
            -0.017764,
            51.477969,
            6.7
          ],
          [
            -0.017737,
            51.477874,
            6.7
          ],
          [
            -0.017731,
            51.47785,
            6.8
          ],
          [
            -0.017721,
            51.477717,
            6.9
          ],
          [
            -0.017662,
            51.477564,
            6.9
          ],
          [
            -0.017558,
            51.477312,
            7.1
          ],
          [
            -0.017495,
            51.477254,
            7.1
          ],
          [
            -0.016935,
            51.476749,
            7.7
          ],
          [
            -0.016894,
            51.476766,
            7.7
          ],
          [
            -0.01683,
            51.476688,
            7.7
          ],
          [
            -0.017044,
            51.476602,
            7.9
          ],
          [
            -0.017007,
            51.476555,
            8
          ],
          [
            -0.017042,
            51.476395,
            8.1
          ],
          [
            -0.017075,
            51.476386,
            8.1
          ],
          [
            -0.017094,
            51.476319,
            8.2
          ],
          [
            -0.017112,
            51.476094,
            8.3
          ],
          [
            -0.017207,
            51.475721,
            8.4
          ],
          [
            -0.017311,
            51.475294,
            8.5
          ],
          [
            -0.017257,
            51.475277,
            8.5
          ],
          [
            -0.017332,
            51.475094,
            8.5
          ],
          [
            -0.017929,
            51.473832,
            9.3
          ],
          [
            -0.018139,
            51.473343,
            9.4
          ],
          [
            -0.01818,
            51.473298,
            9.4
          ],
          [
            -0.018132,
            51.47329,
            9.4
          ],
          [
            -0.018113,
            51.473287,
            9.4
          ],
          [
            -0.017697,
            51.473221,
            9.3
          ],
          [
            -0.017701,
            51.473208,
            9.3
          ],
          [
            -0.017717,
            51.473156,
            9.3
          ],
          [
            -0.017729,
            51.473116,
            9.3
          ],
          [
            -0.017735,
            51.473097,
            9.3
          ],
          [
            -0.017888,
            51.473123,
            9.3
          ],
          [
            -0.017892,
            51.473105,
            9.3
          ],
          [
            -0.017886,
            51.473084,
            9.3
          ],
          [
            -0.017709,
            51.472484,
            10
          ],
          [
            -0.017753,
            51.471829,
            11.2
          ],
          [
            -0.017718,
            51.47174,
            11.3
          ],
          [
            -0.017423,
            51.471836,
            11.8
          ],
          [
            -0.016676,
            51.472065,
            13
          ],
          [
            -0.015659,
            51.472329,
            14.6
          ],
          [
            -0.015471,
            51.472351,
            14.9
          ],
          [
            -0.015416,
            51.472614,
            15.6
          ],
          [
            -0.015281,
            51.473035,
            16.4
          ],
          [
            -0.01508,
            51.473223,
            16.9
          ],
          [
            -0.014928,
            51.473405,
            17.3
          ],
          [
            -0.014759,
            51.473598,
            17.7
          ],
          [
            -0.014523,
            51.473856,
            18.2
          ],
          [
            -0.01389,
            51.473544,
            18.9
          ],
          [
            -0.013577,
            51.473386,
            19.2
          ],
          [
            -0.013486,
            51.47334,
            19.4
          ],
          [
            -0.013788,
            51.473045,
            20.1
          ],
          [
            -0.013823,
            51.472982,
            20.2
          ],
          [
            -0.013779,
            51.472916,
            20.4
          ],
          [
            -0.013604,
            51.472837,
            20.8
          ],
          [
            -0.013875,
            51.47259,
            21.7
          ],
          [
            -0.013604,
            51.472837,
            22.9
          ],
          [
            -0.013314,
            51.472727,
            24
          ],
          [
            -0.013139,
            51.472749,
            24.6
          ],
          [
            -0.013106,
            51.472754,
            24.7
          ],
          [
            -0.013058,
            51.472676,
            25.1
          ],
          [
            -0.01296,
            51.472634,
            25.5
          ],
          [
            -0.012388,
            51.472664,
            28
          ],
          [
            -0.012085,
            51.47237,
            30.5
          ],
          [
            -0.011502,
            51.472421,
            33.4
          ],
          [
            -0.011438,
            51.47243,
            33.8
          ],
          [
            -0.011244,
            51.472452,
            34.9
          ],
          [
            -0.010596,
            51.472526,
            38.2
          ],
          [
            -0.01041,
            51.472713,
            39.8
          ],
          [
            -0.010278,
            51.472566,
            41
          ],
          [
            -0.010196,
            51.472576,
            41.3
          ],
          [
            -0.010169,
            51.472507,
            41.7
          ],
          [
            -0.00925,
            51.47265,
            45.4
          ],
          [
            -0.008757,
            51.472692,
            46.5
          ],
          [
            -0.008333,
            51.472681,
            47.1
          ],
          [
            -0.007691,
            51.472613,
            47.5
          ],
          [
            -0.007657,
            51.47268,
            47.5
          ],
          [
            -0.007626,
            51.472748,
            47.6
          ],
          [
            -0.007398,
            51.472712,
            47.5
          ],
          [
            -0.007605,
            51.472815,
            47.5
          ],
          [
            -0.007688,
            51.472845,
            47.4
          ],
          [
            -0.008173,
            51.473038,
            46.9
          ],
          [
            -0.008394,
            51.473186,
            46.5
          ],
          [
            -0.00856,
            51.473218,
            46.3
          ],
          [
            -0.008612,
            51.473253,
            46.2
          ],
          [
            -0.008645,
            51.473291,
            46.1
          ],
          [
            -0.008859,
            51.473312,
            45.6
          ],
          [
            -0.009181,
            51.473429,
            44.9
          ],
          [
            -0.010091,
            51.473433,
            43.7
          ],
          [
            -0.010844,
            51.473435,
            43.2
          ],
          [
            -0.010975,
            51.473387,
            43.1
          ],
          [
            -0.011378,
            51.473372,
            43
          ],
          [
            -0.011387,
            51.473393,
            43.1
          ],
          [
            -0.01145,
            51.473386,
            43
          ],
          [
            -0.011248,
            51.473224,
            43.1
          ],
          [
            -0.011118,
            51.473183,
            43.1
          ],
          [
            -0.010966,
            51.47316,
            43.1
          ],
          [
            -0.010613,
            51.47316,
            43.3
          ],
          [
            -0.010249,
            51.473129,
            43.6
          ],
          [
            -0.010019,
            51.473147,
            43.8
          ],
          [
            -0.009902,
            51.473156,
            43.9
          ],
          [
            -0.009305,
            51.473298,
            44.6
          ],
          [
            -0.008859,
            51.473312,
            45.4
          ],
          [
            -0.008645,
            51.473291,
            45.8
          ],
          [
            -0.008612,
            51.473253,
            45.9
          ],
          [
            -0.00856,
            51.473218,
            46
          ],
          [
            -0.008394,
            51.473186,
            46.2
          ],
          [
            -0.008173,
            51.473038,
            46.5
          ],
          [
            -0.007928,
            51.473049,
            46.7
          ],
          [
            -0.007133,
            51.472891,
            47.1
          ],
          [
            -0.006815,
            51.472926,
            47.2
          ],
          [
            -0.005831,
            51.473013,
            47
          ],
          [
            -0.005408,
            51.473047,
            46.8
          ],
          [
            -0.005089,
            51.473133,
            46.7
          ],
          [
            -0.004998,
            51.473119,
            46.6
          ],
          [
            -0.005047,
            51.473058,
            46.6
          ],
          [
            -0.004883,
            51.473056,
            46.5
          ],
          [
            -0.004606,
            51.472973,
            46.3
          ],
          [
            -0.004456,
            51.472924,
            46.2
          ],
          [
            -0.002943,
            51.472617,
            45.6
          ],
          [
            -0.002635,
            51.472579,
            45.5
          ],
          [
            -0.002426,
            51.472173,
            45.4
          ],
          [
            -0.002417,
            51.472103,
            45.4
          ],
          [
            -0.002332,
            51.472096,
            45.4
          ],
          [
            -0.002286,
            51.47209,
            45.4
          ],
          [
            -0.00224,
            51.472084,
            45.4
          ],
          [
            -0.001233,
            51.471953,
            45.5
          ],
          [
            -0.000359,
            51.471945,
            45.7
          ],
          [
            3e-06,
            51.471957,
            45.7
          ],
          [
            4.2e-05,
            51.471959,
            45.7
          ],
          [
            0.000119,
            51.471964,
            45.8
          ],
          [
            0.000195,
            51.471969,
            45.8
          ],
          [
            0.000318,
            51.47196,
            45.8
          ],
          [
            0.000402,
            51.471953,
            45.8
          ],
          [
            0.000746,
            51.471965,
            45.9
          ],
          [
            0.001629,
            51.472067,
            45.7
          ],
          [
            0.003903,
            51.472324,
            44.7
          ],
          [
            0.00403,
            51.472337,
            44.7
          ],
          [
            0.004035,
            51.472325,
            44.7
          ],
          [
            0.004048,
            51.472283,
            44.6
          ],
          [
            0.00406,
            51.472242,
            44.6
          ],
          [
            0.004063,
            51.472235,
            44.6
          ],
          [
            0.004098,
            51.472197,
            44.6
          ],
          [
            0.004122,
            51.472183,
            44.6
          ],
          [
            0.008318,
            51.472663,
            41.6
          ],
          [
            0.00887,
            51.472692,
            41.1
          ],
          [
            0.009021,
            51.472671,
            41
          ],
          [
            0.009439,
            51.47253,
            40.7
          ],
          [
            0.009455,
            51.472531,
            40.7
          ],
          [
            0.009501,
            51.472531,
            40.6
          ],
          [
            0.009547,
            51.472531,
            40.6
          ],
          [
            0.009576,
            51.472532,
            40.6
          ],
          [
            0.009619,
            51.472532,
            40.6
          ],
          [
            0.009663,
            51.472533,
            40.5
          ],
          [
            0.009682,
            51.472533,
            40.5
          ],
          [
            0.00982,
            51.47257,
            40.5
          ],
          [
            0.010145,
            51.472735,
            40.2
          ],
          [
            0.010507,
            51.472856,
            40.1
          ],
          [
            0.011861,
            51.473005,
            40.1
          ],
          [
            0.01195,
            51.473042,
            40.1
          ],
          [
            0.011977,
            51.473042,
            40.1
          ],
          [
            0.012116,
            51.473037,
            40.2
          ],
          [
            0.014241,
            51.473304,
            41.7
          ],
          [
            0.015322,
            51.473399,
            42.8
          ],
          [
            0.015376,
            51.47344,
            42.8
          ],
          [
            0.015483,
            51.473474,
            43
          ],
          [
            0.015475,
            51.473496,
            43
          ],
          [
            0.015501,
            51.473527,
            43
          ],
          [
            0.015528,
            51.473558,
            43.1
          ],
          [
            0.015537,
            51.473575,
            43.1
          ],
          [
            0.015558,
            51.473604,
            43.1
          ],
          [
            0.015582,
            51.473636,
            43.2
          ],
          [
            0.01558,
            51.47365,
            43.2
          ],
          [
            0.01575,
            51.473678,
            43.3
          ],
          [
            0.01577,
            51.47368,
            43.3
          ],
          [
            0.015855,
            51.47369,
            43.4
          ],
          [
            0.01594,
            51.4737,
            43.5
          ],
          [
            0.016081,
            51.473728,
            43.6
          ],
          [
            0.016125,
            51.473749,
            43.6
          ],
          [
            0.016153,
            51.473763,
            43.6
          ],
          [
            0.016189,
            51.473781,
            43.6
          ],
          [
            0.016208,
            51.47379,
            43.6
          ],
          [
            0.016265,
            51.473756,
            43.7
          ],
          [
            0.016384,
            51.473738,
            43.8
          ],
          [
            0.016504,
            51.473753,
            43.8
          ],
          [
            0.016591,
            51.473764,
            43.9
          ],
          [
            0.016903,
            51.4738,
            44
          ],
          [
            0.01697,
            51.473807,
            44
          ],
          [
            0.017087,
            51.473819,
            44.1
          ],
          [
            0.019683,
            51.474111,
            44.8
          ],
          [
            0.019785,
            51.474125,
            44.8
          ],
          [
            0.019936,
            51.474139,
            44.9
          ],
          [
            0.021937,
            51.47447,
            45.3
          ],
          [
            0.023595,
            51.474743,
            45.4
          ],
          [
            0.023686,
            51.474757,
            45.5
          ],
          [
            0.023831,
            51.474799,
            45.5
          ],
          [
            0.023959,
            51.474936,
            45.6
          ],
          [
            0.023976,
            51.47493,
            45.7
          ],
          [
            0.024189,
            51.474859,
            45.8
          ],
          [
            0.024275,
            51.474805,
            45.8
          ],
          [
            0.024314,
            51.474735,
            45.9
          ],
          [
            0.024396,
            51.474749,
            45.9
          ],
          [
            0.024713,
            51.474816,
            46.1
          ],
          [
            0.024774,
            51.474827,
            46.1
          ],
          [
            0.02481,
            51.474953,
            46.2
          ],
          [
            0.024904,
            51.475091,
            46.3
          ],
          [
            0.024913,
            51.475103,
            46.3
          ],
          [
            0.025177,
            51.475026,
            46.4
          ],
          [
            0.025446,
            51.475057,
            46.5
          ],
          [
            0.025454,
            51.475058,
            46.5
          ],
          [
            0.025459,
            51.475059,
            46.5
          ],
          [
            0.025532,
            51.475071,
            46.6
          ],
          [
            0.025517,
            51.475105,
            46.6
          ],
          [
            0.025512,
            51.475119,
            46.6
          ],
          [
            0.025572,
            51.475127,
            46.6
          ],
          [
            0.025736,
            51.475098,
            46.7
          ],
          [
            0.027648,
            51.475356,
            48.8
          ],
          [
            0.027689,
            51.475361,
            48.8
          ],
          [
            0.027743,
            51.475371,
            48.9
          ],
          [
            0.027807,
            51.475377,
            48.9
          ],
          [
            0.027872,
            51.475383,
            48.9
          ],
          [
            0.028089,
            51.4754,
            48.9
          ],
          [
            0.02816,
            51.475404,
            48.9
          ],
          [
            0.02823,
            51.475408,
            48.9
          ],
          [
            0.029187,
            51.475433,
            48.7
          ],
          [
            0.029433,
            51.475439,
            48.7
          ],
          [
            0.029522,
            51.475454,
            48.6
          ],
          [
            0.029561,
            51.475453,
            48.6
          ],
          [
            0.029613,
            51.475455,
            48.6
          ],
          [
            0.029665,
            51.475457,
            48.6
          ],
          [
            0.029691,
            51.475457,
            48.6
          ],
          [
            0.029732,
            51.475458,
            48.6
          ],
          [
            0.029774,
            51.475459,
            48.6
          ],
          [
            0.029902,
            51.475453,
            48.5
          ],
          [
            0.029909,
            51.475468,
            48.5
          ],
          [
            0.029917,
            51.475482,
            48.5
          ],
          [
            0.029922,
            51.475493,
            48.5
          ],
          [
            0.030265,
            51.475425,
            48.4
          ],
          [
            0.03056,
            51.475377,
            48.3
          ],
          [
            0.032077,
            51.475169,
            47.3
          ],
          [
            0.03274,
            51.475079,
            46.9
          ],
          [
            0.033242,
            51.475009,
            46.9
          ],
          [
            0.033323,
            51.474996,
            46.9
          ],
          [
            0.033398,
            51.474984,
            46.9
          ],
          [
            0.034247,
            51.474858,
            47.3
          ],
          [
            0.034284,
            51.474852,
            47.3
          ],
          [
            0.034323,
            51.474846,
            47.3
          ],
          [
            0.034457,
            51.474819,
            47.4
          ],
          [
            0.0347,
            51.474781,
            47.6
          ],
          [
            0.035119,
            51.474717,
            47.9
          ],
          [
            0.035242,
            51.474699,
            48
          ],
          [
            0.035304,
            51.47469,
            48
          ],
          [
            0.035347,
            51.474683,
            48.1
          ],
          [
            0.036243,
            51.474548,
            48.8
          ],
          [
            0.036305,
            51.474538,
            48.9
          ],
          [
            0.03637,
            51.474528,
            48.9
          ],
          [
            0.03702,
            51.474431,
            49.6
          ],
          [
            0.037292,
            51.474399,
            49.9
          ],
          [
            0.037314,
            51.474396,
            49.9
          ],
          [
            0.037386,
            51.474385,
            50
          ],
          [
            0.037458,
            51.474374,
            50.1
          ],
          [
            0.037493,
            51.474377,
            50.1
          ],
          [
            0.037511,
            51.47436,
            50.2
          ],
          [
            0.038691,
            51.474193,
            51.6
          ],
          [
            0.039105,
            51.474136,
            52.1
          ],
          [
            0.039338,
            51.474102,
            52.4
          ],
          [
            0.03943,
            51.474089,
            52.5
          ],
          [
            0.039424,
            51.474074,
            52.5
          ],
          [
            0.039409,
            51.474032,
            52.6
          ],
          [
            0.039468,
            51.474024,
            52.6
          ],
          [
            0.039973,
            51.473953,
            53.2
          ],
          [
            0.040325,
            51.4739,
            53.7
          ],
          [
            0.040865,
            51.473816,
            54.4
          ],
          [
            0.041847,
            51.473661,
            55.6
          ],
          [
            0.042521,
            51.473552,
            56
          ],
          [
            0.042772,
            51.473511,
            56.1
          ],
          [
            0.042791,
            51.473449,
            56.1
          ],
          [
            0.043211,
            51.473384,
            56.1
          ],
          [
            0.04329,
            51.473427,
            56.1
          ],
          [
            0.043227,
            51.473437,
            56.1
          ],
          [
            0.043334,
            51.473689,
            56.1
          ],
          [
            0.043427,
            51.473909,
            56
          ],
          [
            0.043502,
            51.474101,
            56
          ],
          [
            0.043636,
            51.474445,
            56
          ],
          [
            0.043588,
            51.474536,
            56
          ],
          [
            0.044036,
            51.474633,
            56.2
          ],
          [
            0.044739,
            51.474783,
            56.7
          ],
          [
            0.044972,
            51.474824,
            57
          ],
          [
            0.044894,
            51.474925,
            57.1
          ],
          [
            0.044983,
            51.475035,
            57.2
          ],
          [
            0.046006,
            51.475261,
            58.8
          ],
          [
            0.046058,
            51.475294,
            58.9
          ],
          [
            0.046286,
            51.475238,
            59.3
          ],
          [
            0.047013,
            51.475404,
            60.4
          ],
          [
            0.047282,
            51.475399,
            60.8
          ]
        ]
      }
    },
    {
      "type": "Feature",
      "id": "1390665938",
      "properties": {
        "day": 2,
        "tour_id": "1390665938",
        "name": "Pilgrim Ways to Canterbury (Becket Way) - Day 2 - From Charlton to Erith",
        "point_count": 593,
        "length_km_geodesic": 15.209,
        "distance_km_komoot": 15.216,
        "duration_s": 14544,
        "elevation_up_m": 135.0,
        "elevation_down_m": 190.0,
        "sport": "hike",
        "source": "https://www.komoot.com/tour/1390665938"
      },
      "geometry": {
        "type": "LineString",
        "coordinates": [
          [
            0.047282,
            51.475399,
            62.7
          ],
          [
            0.048067,
            51.474752,
            63.4
          ],
          [
            0.04819,
            51.474849,
            63.5
          ],
          [
            0.048484,
            51.475091,
            63.8
          ],
          [
            0.048464,
            51.47512,
            63.8
          ],
          [
            0.048485,
            51.475136,
            63.8
          ],
          [
            0.048533,
            51.475175,
            63.9
          ],
          [
            0.048575,
            51.475173,
            63.9
          ],
          [
            0.048978,
            51.475511,
            64.2
          ],
          [
            0.049026,
            51.475485,
            64.2
          ],
          [
            0.049329,
            51.475396,
            64.4
          ],
          [
            0.051012,
            51.475615,
            65.1
          ],
          [
            0.0514,
            51.475614,
            65.2
          ],
          [
            0.051733,
            51.475479,
            65.3
          ],
          [
            0.052022,
            51.475443,
            65.3
          ],
          [
            0.052625,
            51.475299,
            65.3
          ],
          [
            0.053926,
            51.475186,
            65.7
          ],
          [
            0.055688,
            51.47512,
            67.2
          ],
          [
            0.055351,
            51.474778,
            68
          ],
          [
            0.055251,
            51.474553,
            68.6
          ],
          [
            0.055295,
            51.474322,
            69.3
          ],
          [
            0.055286,
            51.474134,
            69.9
          ],
          [
            0.055094,
            51.473751,
            71.5
          ],
          [
            0.054898,
            51.473577,
            72.3
          ],
          [
            0.054892,
            51.473065,
            74.3
          ],
          [
            0.054947,
            51.472946,
            74.7
          ],
          [
            0.055225,
            51.472655,
            75.6
          ],
          [
            0.055078,
            51.471913,
            77.4
          ],
          [
            0.055027,
            51.471806,
            77.8
          ],
          [
            0.055041,
            51.471723,
            78.1
          ],
          [
            0.054956,
            51.471341,
            79.5
          ],
          [
            0.054899,
            51.471258,
            79.9
          ],
          [
            0.054937,
            51.471255,
            80
          ],
          [
            0.055049,
            51.471245,
            80.3
          ],
          [
            0.055147,
            51.471236,
            80.6
          ],
          [
            0.055172,
            51.471234,
            80.6
          ],
          [
            0.055315,
            51.471125,
            81.3
          ],
          [
            0.055309,
            51.471104,
            81.4
          ],
          [
            0.055294,
            51.471055,
            81.6
          ],
          [
            0.055281,
            51.471011,
            81.8
          ],
          [
            0.055276,
            51.470996,
            81.9
          ],
          [
            0.056107,
            51.470861,
            85.1
          ],
          [
            0.056322,
            51.470757,
            86.2
          ],
          [
            0.057408,
            51.470455,
            93.2
          ],
          [
            0.058113,
            51.470316,
            98.5
          ],
          [
            0.058129,
            51.470269,
            99.1
          ],
          [
            0.058313,
            51.470188,
            100.7
          ],
          [
            0.058604,
            51.470068,
            103.1
          ],
          [
            0.058798,
            51.469989,
            104.7
          ],
          [
            0.058976,
            51.469865,
            106.5
          ],
          [
            0.058987,
            51.469859,
            106.6
          ],
          [
            0.059189,
            51.469738,
            108.4
          ],
          [
            0.059206,
            51.469731,
            108.6
          ],
          [
            0.059351,
            51.469647,
            109.9
          ],
          [
            0.059504,
            51.469501,
            111.7
          ],
          [
            0.059731,
            51.469294,
            113.8
          ],
          [
            0.059793,
            51.469095,
            115.4
          ],
          [
            0.059946,
            51.468983,
            116.3
          ],
          [
            0.060123,
            51.468879,
            117.3
          ],
          [
            0.060292,
            51.468775,
            118
          ],
          [
            0.060398,
            51.468624,
            118.8
          ],
          [
            0.060748,
            51.468516,
            119.5
          ],
          [
            0.060896,
            51.468478,
            119.9
          ],
          [
            0.060944,
            51.468478,
            119.9
          ],
          [
            0.060944,
            51.468493,
            119.9
          ],
          [
            0.060944,
            51.468535,
            120
          ],
          [
            0.060907,
            51.468555,
            120
          ],
          [
            0.060851,
            51.468601,
            120
          ],
          [
            0.060836,
            51.468664,
            120.1
          ],
          [
            0.060841,
            51.46873,
            120.1
          ],
          [
            0.060914,
            51.468835,
            120.2
          ],
          [
            0.060946,
            51.468866,
            120.2
          ],
          [
            0.060953,
            51.469073,
            120.3
          ],
          [
            0.061031,
            51.469227,
            120.4
          ],
          [
            0.061174,
            51.469315,
            120.4
          ],
          [
            0.061805,
            51.46951,
            120.6
          ],
          [
            0.061896,
            51.469566,
            120.7
          ],
          [
            0.062035,
            51.469976,
            120.5
          ],
          [
            0.062237,
            51.469934,
            120.7
          ],
          [
            0.062842,
            51.469805,
            121.3
          ],
          [
            0.063518,
            51.469684,
            122.2
          ],
          [
            0.063788,
            51.469638,
            122.6
          ],
          [
            0.06517,
            51.469398,
            124.8
          ],
          [
            0.065587,
            51.469324,
            125.2
          ],
          [
            0.065606,
            51.469201,
            125.3
          ],
          [
            0.065807,
            51.469069,
            125.4
          ],
          [
            0.065852,
            51.46906,
            125.4
          ],
          [
            0.065991,
            51.469112,
            125.4
          ],
          [
            0.06636,
            51.469035,
            125.2
          ],
          [
            0.066428,
            51.469084,
            125.2
          ],
          [
            0.06647,
            51.469161,
            125.2
          ],
          [
            0.067179,
            51.469021,
            124.5
          ],
          [
            0.067026,
            51.468784,
            123.9
          ],
          [
            0.066919,
            51.468702,
            123.5
          ],
          [
            0.067095,
            51.468554,
            122.9
          ],
          [
            0.067171,
            51.468428,
            122.5
          ],
          [
            0.067559,
            51.468018,
            120.4
          ],
          [
            0.067761,
            51.467855,
            119.2
          ],
          [
            0.068662,
            51.467278,
            114
          ],
          [
            0.068933,
            51.467109,
            112.7
          ],
          [
            0.069025,
            51.467052,
            112.3
          ],
          [
            0.069022,
            51.466986,
            112
          ],
          [
            0.069151,
            51.46689,
            111.3
          ],
          [
            0.069349,
            51.466773,
            110.6
          ],
          [
            0.069449,
            51.466662,
            110
          ],
          [
            0.069594,
            51.466465,
            109
          ],
          [
            0.069686,
            51.466412,
            108.7
          ],
          [
            0.069775,
            51.466404,
            108.5
          ],
          [
            0.069875,
            51.466439,
            108.2
          ],
          [
            0.069997,
            51.466543,
            107.6
          ],
          [
            0.070126,
            51.466615,
            107.2
          ],
          [
            0.070208,
            51.466629,
            107
          ],
          [
            0.07049,
            51.466836,
            105.9
          ],
          [
            0.070588,
            51.466858,
            105.7
          ],
          [
            0.071182,
            51.466884,
            104.6
          ],
          [
            0.071733,
            51.467003,
            103.9
          ],
          [
            0.071988,
            51.46698,
            103.8
          ],
          [
            0.072522,
            51.466864,
            103.7
          ],
          [
            0.072997,
            51.467032,
            103
          ],
          [
            0.073206,
            51.466996,
            102.6
          ],
          [
            0.073573,
            51.467052,
            101.8
          ],
          [
            0.073745,
            51.467149,
            101.2
          ],
          [
            0.073844,
            51.467238,
            100.8
          ],
          [
            0.073848,
            51.467434,
            99.9
          ],
          [
            0.073749,
            51.467585,
            99.2
          ],
          [
            0.074187,
            51.467604,
            98
          ],
          [
            0.074421,
            51.467647,
            97.3
          ],
          [
            0.074438,
            51.46764,
            97.2
          ],
          [
            0.075275,
            51.467308,
            94.4
          ],
          [
            0.075579,
            51.467264,
            93.3
          ],
          [
            0.076244,
            51.467128,
            90.9
          ],
          [
            0.07669,
            51.466988,
            89.1
          ],
          [
            0.076698,
            51.466843,
            88.4
          ],
          [
            0.077038,
            51.466844,
            87.2
          ],
          [
            0.077378,
            51.466785,
            86.2
          ],
          [
            0.077832,
            51.466521,
            84.5
          ],
          [
            0.078218,
            51.46655,
            83.6
          ],
          [
            0.07831,
            51.466601,
            83.3
          ],
          [
            0.078619,
            51.466634,
            82.5
          ],
          [
            0.078852,
            51.466536,
            81.9
          ],
          [
            0.080358,
            51.466451,
            77.6
          ],
          [
            0.080547,
            51.466397,
            77.1
          ],
          [
            0.081481,
            51.466332,
            74.4
          ],
          [
            0.081982,
            51.466346,
            73.1
          ],
          [
            0.082185,
            51.466477,
            72.4
          ],
          [
            0.082228,
            51.46657,
            71.9
          ],
          [
            0.083324,
            51.466383,
            68.8
          ],
          [
            0.083331,
            51.4664,
            68.7
          ],
          [
            0.083354,
            51.46645,
            68.5
          ],
          [
            0.083376,
            51.466501,
            68.3
          ],
          [
            0.083377,
            51.466509,
            68.3
          ],
          [
            0.083541,
            51.466482,
            67.9
          ],
          [
            0.08363,
            51.466468,
            67.7
          ],
          [
            0.083674,
            51.46646,
            67.6
          ],
          [
            0.084057,
            51.466397,
            66.8
          ],
          [
            0.084111,
            51.466388,
            66.7
          ],
          [
            0.084166,
            51.466379,
            66.6
          ],
          [
            0.084359,
            51.466336,
            66.3
          ],
          [
            0.084657,
            51.466294,
            65.9
          ],
          [
            0.084698,
            51.466288,
            65.8
          ],
          [
            0.084739,
            51.466281,
            65.8
          ],
          [
            0.084867,
            51.466257,
            65.5
          ],
          [
            0.084909,
            51.46625,
            65.5
          ],
          [
            0.08495,
            51.466243,
            65.4
          ],
          [
            0.08536,
            51.466164,
            65
          ],
          [
            0.085399,
            51.466158,
            64.9
          ],
          [
            0.085436,
            51.466151,
            64.8
          ],
          [
            0.086412,
            51.465992,
            64
          ],
          [
            0.086519,
            51.465986,
            63.9
          ],
          [
            0.086566,
            51.46598,
            63.8
          ],
          [
            0.086533,
            51.465887,
            63.7
          ],
          [
            0.086566,
            51.46598,
            63.6
          ],
          [
            0.086885,
            51.466743,
            63.2
          ],
          [
            0.087079,
            51.467213,
            63
          ],
          [
            0.087008,
            51.467246,
            63
          ],
          [
            0.087045,
            51.467345,
            63
          ],
          [
            0.087295,
            51.467339,
            63
          ],
          [
            0.087295,
            51.467339,
            63
          ],
          [
            0.087709,
            51.467327,
            62.9
          ],
          [
            0.087782,
            51.46736,
            62.9
          ],
          [
            0.0888,
            51.469252,
            61.4
          ],
          [
            0.090285,
            51.469757,
            60.8
          ],
          [
            0.090285,
            51.469757,
            60.8
          ],
          [
            0.090348,
            51.469779,
            60.8
          ],
          [
            0.091778,
            51.469327,
            61.1
          ],
          [
            0.091915,
            51.469231,
            61.2
          ],
          [
            0.091972,
            51.469225,
            61.2
          ],
          [
            0.092208,
            51.468848,
            61.5
          ],
          [
            0.092474,
            51.468417,
            61.7
          ],
          [
            0.092749,
            51.468371,
            61.7
          ],
          [
            0.092622,
            51.468101,
            61.7
          ],
          [
            0.092561,
            51.468075,
            61.7
          ],
          [
            0.092622,
            51.468101,
            61.7
          ],
          [
            0.092749,
            51.468371,
            61.6
          ],
          [
            0.093558,
            51.469601,
            59.2
          ],
          [
            0.093534,
            51.469685,
            59
          ],
          [
            0.093557,
            51.469722,
            58.9
          ],
          [
            0.093582,
            51.469758,
            58.7
          ],
          [
            0.093659,
            51.469792,
            58.6
          ],
          [
            0.093884,
            51.47014,
            57.2
          ],
          [
            0.093923,
            51.4702,
            56.9
          ],
          [
            0.093958,
            51.470253,
            56.7
          ],
          [
            0.094001,
            51.470272,
            56.6
          ],
          [
            0.094299,
            51.470634,
            54.9
          ],
          [
            0.09451,
            51.470824,
            53.8
          ],
          [
            0.094504,
            51.470866,
            53.6
          ],
          [
            0.094482,
            51.470907,
            53.4
          ],
          [
            0.094262,
            51.471003,
            52.6
          ],
          [
            0.093821,
            51.471423,
            50.2
          ],
          [
            0.093733,
            51.471475,
            49.8
          ],
          [
            0.093692,
            51.471519,
            49.6
          ],
          [
            0.093632,
            51.471583,
            49.2
          ],
          [
            0.093633,
            51.471613,
            49.1
          ],
          [
            0.093011,
            51.472232,
            45.8
          ],
          [
            0.09301,
            51.472307,
            45.5
          ],
          [
            0.093048,
            51.472347,
            45.3
          ],
          [
            0.093597,
            51.472655,
            43.8
          ],
          [
            0.093975,
            51.472796,
            43.1
          ],
          [
            0.094544,
            51.472898,
            42.3
          ],
          [
            0.0953,
            51.472901,
            41.5
          ],
          [
            0.095379,
            51.472931,
            41.4
          ],
          [
            0.095455,
            51.472929,
            41.3
          ],
          [
            0.095507,
            51.472927,
            41.2
          ],
          [
            0.095557,
            51.472909,
            41.2
          ],
          [
            0.096313,
            51.472889,
            40.5
          ],
          [
            0.096796,
            51.472923,
            40.3
          ],
          [
            0.096874,
            51.472942,
            40.3
          ],
          [
            0.096915,
            51.472978,
            40.2
          ],
          [
            0.096988,
            51.472968,
            40.3
          ],
          [
            0.097042,
            51.472961,
            40.3
          ],
          [
            0.097161,
            51.473266,
            40.3
          ],
          [
            0.097196,
            51.473261,
            40.3
          ],
          [
            0.097196,
            51.473261,
            40.3
          ],
          [
            0.097356,
            51.473238,
            40.3
          ],
          [
            0.097356,
            51.473238,
            40.3
          ],
          [
            0.097677,
            51.473206,
            40.4
          ],
          [
            0.098384,
            51.473143,
            40.8
          ],
          [
            0.098804,
            51.473058,
            41
          ],
          [
            0.099336,
            51.472994,
            41.4
          ],
          [
            0.099661,
            51.472904,
            41.6
          ],
          [
            0.100049,
            51.472769,
            41.9
          ],
          [
            0.100543,
            51.472681,
            42.2
          ],
          [
            0.10077,
            51.472636,
            42.4
          ],
          [
            0.10113,
            51.472614,
            42.5
          ],
          [
            0.10131,
            51.472689,
            42.6
          ],
          [
            0.101602,
            51.472903,
            42.8
          ],
          [
            0.101774,
            51.472956,
            42.8
          ],
          [
            0.102187,
            51.472937,
            43
          ],
          [
            0.102898,
            51.472791,
            43.3
          ],
          [
            0.103147,
            51.472758,
            43.4
          ],
          [
            0.103583,
            51.472714,
            43.6
          ],
          [
            0.103894,
            51.472705,
            43.8
          ],
          [
            0.104272,
            51.472662,
            44
          ],
          [
            0.104692,
            51.472657,
            44.3
          ],
          [
            0.105393,
            51.472662,
            44.9
          ],
          [
            0.105516,
            51.472662,
            45
          ],
          [
            0.105765,
            51.472726,
            45.2
          ],
          [
            0.106151,
            51.472828,
            45.4
          ],
          [
            0.106469,
            51.472876,
            45.4
          ],
          [
            0.106658,
            51.472983,
            45.3
          ],
          [
            0.10676,
            51.473278,
            44.8
          ],
          [
            0.106838,
            51.47346,
            44.3
          ],
          [
            0.107228,
            51.474117,
            41.9
          ],
          [
            0.107343,
            51.474291,
            41.1
          ],
          [
            0.10797,
            51.474729,
            38.4
          ],
          [
            0.10812,
            51.474818,
            37.9
          ],
          [
            0.108166,
            51.474818,
            37.8
          ],
          [
            0.108228,
            51.474818,
            37.7
          ],
          [
            0.108441,
            51.475084,
            36.7
          ],
          [
            0.108835,
            51.475312,
            36
          ],
          [
            0.108792,
            51.47535,
            36
          ],
          [
            0.108763,
            51.475375,
            36
          ],
          [
            0.108523,
            51.475598,
            35.7
          ],
          [
            0.10859,
            51.475617,
            35.7
          ],
          [
            0.108655,
            51.475635,
            35.8
          ],
          [
            0.10856,
            51.475767,
            35.8
          ],
          [
            0.108697,
            51.475825,
            35.8
          ],
          [
            0.110308,
            51.476078,
            36.3
          ],
          [
            0.110426,
            51.476112,
            36.4
          ],
          [
            0.110397,
            51.476157,
            36.4
          ],
          [
            0.110599,
            51.476248,
            36.5
          ],
          [
            0.110594,
            51.476307,
            36.5
          ],
          [
            0.110091,
            51.477057,
            37.2
          ],
          [
            0.109937,
            51.477777,
            38.2
          ],
          [
            0.109925,
            51.47793,
            38.5
          ],
          [
            0.110224,
            51.477964,
            39.1
          ],
          [
            0.11083,
            51.478092,
            40.7
          ],
          [
            0.111181,
            51.478141,
            41.8
          ],
          [
            0.111644,
            51.478216,
            43.6
          ],
          [
            0.111843,
            51.478294,
            44.7
          ],
          [
            0.11212,
            51.478556,
            47.1
          ],
          [
            0.112581,
            51.479155,
            52.7
          ],
          [
            0.11274,
            51.479317,
            54.2
          ],
          [
            0.112945,
            51.479524,
            56.1
          ],
          [
            0.113436,
            51.479638,
            58.5
          ],
          [
            0.114061,
            51.479673,
            60.9
          ],
          [
            0.114461,
            51.479752,
            62.4
          ],
          [
            0.115164,
            51.479849,
            64.4
          ],
          [
            0.115515,
            51.479862,
            65.4
          ],
          [
            0.115644,
            51.479914,
            65.7
          ],
          [
            0.115824,
            51.480031,
            66.2
          ],
          [
            0.115896,
            51.480214,
            66.7
          ],
          [
            0.115977,
            51.480324,
            66.9
          ],
          [
            0.116089,
            51.480523,
            67.3
          ],
          [
            0.116196,
            51.480749,
            67.6
          ],
          [
            0.116245,
            51.480771,
            67.6
          ],
          [
            0.116153,
            51.480848,
            67.7
          ],
          [
            0.116122,
            51.480875,
            67.7
          ],
          [
            0.116162,
            51.480922,
            67.7
          ],
          [
            0.11618,
            51.481455,
            68
          ],
          [
            0.116184,
            51.481576,
            68
          ],
          [
            0.116187,
            51.481656,
            68
          ],
          [
            0.116448,
            51.481636,
            68.1
          ],
          [
            0.117176,
            51.481585,
            68.2
          ],
          [
            0.11775,
            51.481544,
            68.3
          ],
          [
            0.117768,
            51.481602,
            68.2
          ],
          [
            0.119384,
            51.48152,
            68.9
          ],
          [
            0.119776,
            51.481497,
            68.9
          ],
          [
            0.1201,
            51.481478,
            68.9
          ],
          [
            0.120105,
            51.4815,
            68.9
          ],
          [
            0.120523,
            51.481717,
            68.9
          ],
          [
            0.120915,
            51.481997,
            68.7
          ],
          [
            0.12107,
            51.482158,
            68.6
          ],
          [
            0.121311,
            51.4823,
            68.4
          ],
          [
            0.121811,
            51.482011,
            68
          ],
          [
            0.122079,
            51.481825,
            67.8
          ],
          [
            0.122197,
            51.481492,
            67.5
          ],
          [
            0.12224,
            51.481495,
            67.5
          ],
          [
            0.122301,
            51.481499,
            67.4
          ],
          [
            0.122401,
            51.481505,
            67.3
          ],
          [
            0.122412,
            51.481506,
            67.3
          ],
          [
            0.12235,
            51.481684,
            67.2
          ],
          [
            0.123132,
            51.481682,
            66.6
          ],
          [
            0.123173,
            51.48177,
            66.6
          ],
          [
            0.123162,
            51.482024,
            66.4
          ],
          [
            0.123116,
            51.482157,
            66.3
          ],
          [
            0.123089,
            51.482476,
            66.2
          ],
          [
            0.123036,
            51.482541,
            66.2
          ],
          [
            0.123035,
            51.482598,
            66.2
          ],
          [
            0.123069,
            51.482621,
            66.2
          ],
          [
            0.123465,
            51.482524,
            66
          ],
          [
            0.124057,
            51.482415,
            65.6
          ],
          [
            0.12406,
            51.482446,
            65.5
          ],
          [
            0.124071,
            51.482528,
            65.4
          ],
          [
            0.124143,
            51.482641,
            65.3
          ],
          [
            0.124315,
            51.482756,
            65.2
          ],
          [
            0.124446,
            51.483,
            65
          ],
          [
            0.124489,
            51.483196,
            64.7
          ],
          [
            0.124512,
            51.483332,
            64.5
          ],
          [
            0.124585,
            51.483496,
            64.1
          ],
          [
            0.124699,
            51.483957,
            62.4
          ],
          [
            0.124962,
            51.483747,
            61.4
          ],
          [
            0.125284,
            51.483766,
            60.3
          ],
          [
            0.125482,
            51.483865,
            59.5
          ],
          [
            0.125604,
            51.484049,
            58.3
          ],
          [
            0.125598,
            51.484352,
            56.4
          ],
          [
            0.125916,
            51.484609,
            54.2
          ],
          [
            0.126085,
            51.484947,
            52.2
          ],
          [
            0.126256,
            51.485297,
            50
          ],
          [
            0.126542,
            51.485592,
            48.2
          ],
          [
            0.126782,
            51.48577,
            47.1
          ],
          [
            0.126937,
            51.485884,
            46.6
          ],
          [
            0.12699,
            51.48589,
            46.4
          ],
          [
            0.127076,
            51.485901,
            46.2
          ],
          [
            0.127133,
            51.485904,
            46
          ],
          [
            0.127191,
            51.485908,
            45.9
          ],
          [
            0.127583,
            51.485811,
            45
          ],
          [
            0.127939,
            51.485909,
            44.1
          ],
          [
            0.128343,
            51.486086,
            43.1
          ],
          [
            0.129133,
            51.486091,
            41.5
          ],
          [
            0.128985,
            51.48669,
            40.2
          ],
          [
            0.128882,
            51.487431,
            37.8
          ],
          [
            0.12887,
            51.487623,
            37.2
          ],
          [
            0.1291,
            51.487702,
            37
          ],
          [
            0.129098,
            51.487723,
            37
          ],
          [
            0.129099,
            51.487883,
            36.6
          ],
          [
            0.129205,
            51.488119,
            36.2
          ],
          [
            0.129301,
            51.488229,
            35.8
          ],
          [
            0.129387,
            51.488273,
            35.7
          ],
          [
            0.12961,
            51.488425,
            35.2
          ],
          [
            0.129682,
            51.488508,
            34.8
          ],
          [
            0.129695,
            51.488597,
            34.6
          ],
          [
            0.129918,
            51.48858,
            34.2
          ],
          [
            0.130231,
            51.488485,
            33.3
          ],
          [
            0.130501,
            51.488448,
            32.7
          ],
          [
            0.130753,
            51.48845,
            31.8
          ],
          [
            0.130929,
            51.488474,
            31.2
          ],
          [
            0.131577,
            51.488584,
            28.8
          ],
          [
            0.131675,
            51.488824,
            27.1
          ],
          [
            0.131662,
            51.488903,
            26.6
          ],
          [
            0.132086,
            51.489052,
            24.3
          ],
          [
            0.132354,
            51.489469,
            20.7
          ],
          [
            0.131839,
            51.489904,
            17.7
          ],
          [
            0.131789,
            51.489947,
            17.5
          ],
          [
            0.131754,
            51.490057,
            17
          ],
          [
            0.131835,
            51.490184,
            16.8
          ],
          [
            0.131997,
            51.490291,
            16.6
          ],
          [
            0.132012,
            51.490313,
            16.6
          ],
          [
            0.132012,
            51.490313,
            16.6
          ],
          [
            0.132038,
            51.490333,
            16.6
          ],
          [
            0.132063,
            51.490371,
            16.6
          ],
          [
            0.132124,
            51.490355,
            16.6
          ],
          [
            0.134969,
            51.489614,
            25.7
          ],
          [
            0.136753,
            51.489591,
            28.7
          ],
          [
            0.137568,
            51.489507,
            28.1
          ],
          [
            0.138266,
            51.489598,
            26.9
          ],
          [
            0.138848,
            51.489606,
            25.9
          ],
          [
            0.138889,
            51.489607,
            25.9
          ],
          [
            0.139694,
            51.489448,
            24.5
          ],
          [
            0.141304,
            51.4893,
            22.2
          ],
          [
            0.141699,
            51.489236,
            22.3
          ],
          [
            0.141928,
            51.48919,
            22.4
          ],
          [
            0.14204,
            51.489189,
            22.5
          ],
          [
            0.142764,
            51.489319,
            23.4
          ],
          [
            0.142902,
            51.489346,
            23.6
          ],
          [
            0.143007,
            51.489417,
            23.7
          ],
          [
            0.14318,
            51.489363,
            24
          ],
          [
            0.143071,
            51.489213,
            24.4
          ],
          [
            0.143026,
            51.489041,
            24.9
          ],
          [
            0.143032,
            51.488906,
            25.3
          ],
          [
            0.143256,
            51.488897,
            25.6
          ],
          [
            0.143851,
            51.488777,
            26.4
          ],
          [
            0.144104,
            51.488767,
            26.8
          ],
          [
            0.144435,
            51.488752,
            27.1
          ],
          [
            0.144435,
            51.48872,
            27.2
          ],
          [
            0.144703,
            51.488738,
            27.6
          ],
          [
            0.145002,
            51.488794,
            27.8
          ],
          [
            0.145071,
            51.488801,
            27.8
          ],
          [
            0.14514,
            51.488808,
            27.8
          ],
          [
            0.145175,
            51.48884,
            27.8
          ],
          [
            0.14551,
            51.488903,
            27.7
          ],
          [
            0.146429,
            51.488891,
            27.8
          ],
          [
            0.147426,
            51.488749,
            28.4
          ],
          [
            0.147522,
            51.488709,
            28.6
          ],
          [
            0.147638,
            51.488679,
            28.7
          ],
          [
            0.147738,
            51.488687,
            28.7
          ],
          [
            0.149154,
            51.488527,
            30
          ],
          [
            0.14931,
            51.488468,
            30.4
          ],
          [
            0.149357,
            51.48844,
            30.4
          ],
          [
            0.149563,
            51.488521,
            30.5
          ],
          [
            0.149598,
            51.488497,
            30.6
          ],
          [
            0.149676,
            51.488486,
            30.7
          ],
          [
            0.149773,
            51.488471,
            30.9
          ],
          [
            0.149938,
            51.488557,
            31.1
          ],
          [
            0.150229,
            51.488621,
            31.4
          ],
          [
            0.150255,
            51.488645,
            31.4
          ],
          [
            0.150367,
            51.488659,
            31.5
          ],
          [
            0.15103,
            51.488679,
            31.5
          ],
          [
            0.151569,
            51.488767,
            31.5
          ],
          [
            0.151619,
            51.488809,
            31.4
          ],
          [
            0.152049,
            51.488873,
            31.4
          ],
          [
            0.152177,
            51.488867,
            31.3
          ],
          [
            0.152267,
            51.488862,
            31.2
          ],
          [
            0.152334,
            51.488832,
            31.2
          ],
          [
            0.152415,
            51.488831,
            31.2
          ],
          [
            0.152749,
            51.488876,
            31.3
          ],
          [
            0.152828,
            51.488875,
            31.3
          ],
          [
            0.152933,
            51.488874,
            31.4
          ],
          [
            0.15319,
            51.488869,
            31.6
          ],
          [
            0.153564,
            51.488918,
            31.8
          ],
          [
            0.153593,
            51.488882,
            31.8
          ],
          [
            0.153641,
            51.488843,
            31.9
          ],
          [
            0.153864,
            51.488859,
            32
          ],
          [
            0.154549,
            51.488908,
            32.6
          ],
          [
            0.155295,
            51.48879,
            33.7
          ],
          [
            0.155677,
            51.488683,
            34.3
          ],
          [
            0.155953,
            51.488679,
            34.6
          ],
          [
            0.1566,
            51.488763,
            34.5
          ],
          [
            0.156926,
            51.488833,
            34.1
          ],
          [
            0.157186,
            51.488843,
            33.8
          ],
          [
            0.157898,
            51.488656,
            32.5
          ],
          [
            0.158277,
            51.488525,
            31.9
          ],
          [
            0.158576,
            51.488474,
            31.3
          ],
          [
            0.159503,
            51.48817,
            29.8
          ],
          [
            0.16003,
            51.487505,
            28.9
          ],
          [
            0.160864,
            51.487632,
            29.3
          ],
          [
            0.161941,
            51.487796,
            29.9
          ],
          [
            0.162688,
            51.487833,
            29.1
          ],
          [
            0.1631,
            51.487822,
            28.3
          ],
          [
            0.163752,
            51.487673,
            26.4
          ],
          [
            0.165489,
            51.487485,
            18.8
          ],
          [
            0.165861,
            51.487404,
            16.7
          ],
          [
            0.16597,
            51.487366,
            16.1
          ],
          [
            0.166011,
            51.487364,
            15.9
          ],
          [
            0.165991,
            51.487338,
            15.7
          ],
          [
            0.166149,
            51.487284,
            14.8
          ],
          [
            0.166153,
            51.487261,
            14.6
          ],
          [
            0.166217,
            51.487245,
            14.2
          ],
          [
            0.166271,
            51.487232,
            13.9
          ],
          [
            0.166917,
            51.486958,
            10.5
          ],
          [
            0.167244,
            51.486826,
            9
          ],
          [
            0.167274,
            51.486815,
            8.9
          ],
          [
            0.167303,
            51.486803,
            8.8
          ],
          [
            0.167829,
            51.486599,
            7
          ],
          [
            0.167863,
            51.486628,
            6.9
          ],
          [
            0.167906,
            51.486656,
            6.8
          ],
          [
            0.168011,
            51.486644,
            6.6
          ],
          [
            0.168259,
            51.48682,
            5.9
          ],
          [
            0.168288,
            51.486909,
            5.7
          ],
          [
            0.168403,
            51.486923,
            5.5
          ],
          [
            0.168482,
            51.486909,
            5.4
          ],
          [
            0.168593,
            51.486855,
            5.2
          ],
          [
            0.168821,
            51.486654,
            4.8
          ],
          [
            0.169305,
            51.486866,
            4.5
          ],
          [
            0.169411,
            51.486764,
            4.4
          ],
          [
            0.16945,
            51.48678,
            4.4
          ],
          [
            0.169147,
            51.487039,
            4.4
          ],
          [
            0.16918,
            51.487049,
            4.4
          ],
          [
            0.169197,
            51.487023,
            4.4
          ],
          [
            0.169994,
            51.486953,
            4.5
          ],
          [
            0.170145,
            51.486975,
            4.6
          ],
          [
            0.170246,
            51.486888,
            4.6
          ],
          [
            0.17046,
            51.486881,
            4.6
          ],
          [
            0.170426,
            51.486898,
            4.6
          ],
          [
            0.170427,
            51.486943,
            4.6
          ],
          [
            0.170471,
            51.486947,
            4.6
          ],
          [
            0.170546,
            51.486961,
            4.5
          ],
          [
            0.170634,
            51.486975,
            4.5
          ],
          [
            0.170736,
            51.487013,
            4.5
          ],
          [
            0.170866,
            51.487188,
            4.3
          ],
          [
            0.170941,
            51.487193,
            4.3
          ],
          [
            0.170908,
            51.487244,
            4.3
          ],
          [
            0.170955,
            51.487344,
            4.1
          ],
          [
            0.171742,
            51.48756,
            3.8
          ],
          [
            0.171907,
            51.487606,
            3.7
          ],
          [
            0.171976,
            51.487623,
            3.7
          ],
          [
            0.172744,
            51.487835,
            3.8
          ],
          [
            0.172715,
            51.48785,
            3.8
          ],
          [
            0.172888,
            51.487899,
            3.8
          ],
          [
            0.173103,
            51.488007,
            3.8
          ],
          [
            0.173265,
            51.487745,
            3.8
          ],
          [
            0.173411,
            51.487443,
            3.7
          ],
          [
            0.173723,
            51.487111,
            3.6
          ],
          [
            0.173768,
            51.487074,
            3.6
          ],
          [
            0.173824,
            51.48705,
            3.6
          ],
          [
            0.174118,
            51.486771,
            3.7
          ],
          [
            0.174525,
            51.486916,
            3.9
          ],
          [
            0.175258,
            51.486106,
            4
          ],
          [
            0.174859,
            51.485972,
            3.8
          ],
          [
            0.174769,
            51.485917,
            3.8
          ],
          [
            0.17509,
            51.485435,
            3.5
          ],
          [
            0.175164,
            51.485142,
            3.4
          ],
          [
            0.175474,
            51.485251,
            3.3
          ],
          [
            0.175602,
            51.485126,
            3.3
          ],
          [
            0.175635,
            51.48514,
            3.3
          ],
          [
            0.175965,
            51.485288,
            3.3
          ],
          [
            0.176356,
            51.484961,
            3.3
          ],
          [
            0.17803,
            51.483554,
            4.6
          ],
          [
            0.177572,
            51.483194,
            5
          ],
          [
            0.177798,
            51.483017,
            5.2
          ],
          [
            0.177836,
            51.483007,
            5.2
          ],
          [
            0.178329,
            51.483356,
            5.6
          ],
          [
            0.179809,
            51.482626,
            6.7
          ],
          [
            0.180478,
            51.482279,
            7.4
          ],
          [
            0.180944,
            51.482069,
            7.6
          ],
          [
            0.180647,
            51.481761,
            7.6
          ],
          [
            0.180747,
            51.481715,
            7.6
          ],
          [
            0.181028,
            51.481538,
            7.6
          ],
          [
            0.181232,
            51.481331,
            7.6
          ],
          [
            0.181346,
            51.481196,
            7.6
          ],
          [
            0.18144,
            51.481206,
            7.5
          ],
          [
            0.181531,
            51.481217,
            7.5
          ],
          [
            0.181731,
            51.481362,
            7.5
          ],
          [
            0.181949,
            51.481566,
            7.5
          ],
          [
            0.182004,
            51.481623,
            7.4
          ],
          [
            0.18328,
            51.481171,
            6.3
          ],
          [
            0.183369,
            51.480965,
            6.1
          ],
          [
            0.183731,
            51.480886,
            6
          ],
          [
            0.183803,
            51.480929,
            5.9
          ],
          [
            0.183972,
            51.480945,
            5.9
          ],
          [
            0.184706,
            51.480768,
            5.9
          ],
          [
            0.186163,
            51.480497,
            6.2
          ],
          [
            0.186221,
            51.480451,
            6.2
          ],
          [
            0.186734,
            51.480351,
            6.4
          ],
          [
            0.18674,
            51.480271,
            6.5
          ],
          [
            0.186675,
            51.480175,
            6.6
          ],
          [
            0.186596,
            51.480144,
            6.6
          ],
          [
            0.186529,
            51.480031,
            6.7
          ],
          [
            0.186531,
            51.47996,
            6.8
          ],
          [
            0.186519,
            51.479912,
            6.8
          ],
          [
            0.186506,
            51.47985,
            6.8
          ],
          [
            0.186421,
            51.479568,
            7
          ],
          [
            0.186434,
            51.479532,
            7
          ],
          [
            0.186554,
            51.47949,
            7.1
          ],
          [
            0.186538,
            51.47945,
            7.1
          ],
          [
            0.186524,
            51.479421,
            7.1
          ],
          [
            0.186518,
            51.479408,
            7.1
          ],
          [
            0.186556,
            51.4794,
            7.1
          ],
          [
            0.186086,
            51.478453,
            7.6
          ],
          [
            0.186084,
            51.478416,
            7.6
          ],
          [
            0.186239,
            51.478377,
            7.6
          ],
          [
            0.18631,
            51.478367,
            7.6
          ],
          [
            0.186954,
            51.478276,
            7.7
          ]
        ]
      }
    },
    {
      "type": "Feature",
      "id": "1390665941",
      "properties": {
        "day": 3,
        "tour_id": "1390665941",
        "name": "Pilgrim Ways to Canterbury (Becket Way) - Day 3 - From Erith to Horton Kirby",
        "point_count": 471,
        "length_km_geodesic": 15.841,
        "distance_km_komoot": 15.842,
        "duration_s": 14539,
        "elevation_up_m": 56.2,
        "elevation_down_m": 39.6,
        "sport": "hike",
        "source": "https://www.komoot.com/tour/1390665941"
      },
      "geometry": {
        "type": "LineString",
        "coordinates": [
          [
            0.186954,
            51.478276,
            7
          ],
          [
            0.18774,
            51.478169,
            6.6
          ],
          [
            0.189522,
            51.478016,
            5.5
          ],
          [
            0.189874,
            51.477978,
            5.3
          ],
          [
            0.19119,
            51.477769,
            5.2
          ],
          [
            0.191389,
            51.477733,
            5.2
          ],
          [
            0.191464,
            51.477698,
            5.2
          ],
          [
            0.191667,
            51.477639,
            5.3
          ],
          [
            0.191914,
            51.477606,
            5.3
          ],
          [
            0.193439,
            51.477347,
            6
          ],
          [
            0.194065,
            51.477239,
            6.4
          ],
          [
            0.195931,
            51.476932,
            6.7
          ],
          [
            0.196685,
            51.476813,
            6.6
          ],
          [
            0.196714,
            51.478119,
            5.8
          ],
          [
            0.196788,
            51.478245,
            5.6
          ],
          [
            0.197191,
            51.478195,
            5.4
          ],
          [
            0.198191,
            51.477831,
            4.3
          ],
          [
            0.198349,
            51.477798,
            4.1
          ],
          [
            0.199305,
            51.477795,
            3
          ],
          [
            0.200031,
            51.477835,
            2.3
          ],
          [
            0.200508,
            51.477892,
            1.8
          ],
          [
            0.200968,
            51.477974,
            1.4
          ],
          [
            0.201408,
            51.478085,
            1.2
          ],
          [
            0.201818,
            51.478315,
            1
          ],
          [
            0.203468,
            51.47947,
            1.3
          ],
          [
            0.203844,
            51.479671,
            1.4
          ],
          [
            0.204481,
            51.479947,
            1.5
          ],
          [
            0.205289,
            51.480206,
            1.5
          ],
          [
            0.20602,
            51.480374,
            1.6
          ],
          [
            0.206923,
            51.480534,
            1.8
          ],
          [
            0.207563,
            51.48057,
            1.9
          ],
          [
            0.208775,
            51.480576,
            2.1
          ],
          [
            0.208961,
            51.480604,
            2.1
          ],
          [
            0.209084,
            51.480666,
            2.1
          ],
          [
            0.209968,
            51.481556,
            2.5
          ],
          [
            0.210446,
            51.481955,
            2.6
          ],
          [
            0.210917,
            51.4823,
            2.7
          ],
          [
            0.211109,
            51.482406,
            2.7
          ],
          [
            0.211255,
            51.482454,
            2.7
          ],
          [
            0.211526,
            51.48248,
            2.6
          ],
          [
            0.211687,
            51.482475,
            2.6
          ],
          [
            0.212028,
            51.482405,
            2.6
          ],
          [
            0.212453,
            51.482194,
            2.6
          ],
          [
            0.213068,
            51.481971,
            2.5
          ],
          [
            0.213795,
            51.481671,
            2.5
          ],
          [
            0.215634,
            51.480872,
            2.9
          ],
          [
            0.215877,
            51.480667,
            3
          ],
          [
            0.215938,
            51.480449,
            3.1
          ],
          [
            0.215915,
            51.480342,
            3.2
          ],
          [
            0.215526,
            51.479506,
            3.7
          ],
          [
            0.215483,
            51.478303,
            4.7
          ],
          [
            0.215405,
            51.47825,
            4.8
          ],
          [
            0.215404,
            51.478155,
            4.8
          ],
          [
            0.215692,
            51.47745,
            4.8
          ],
          [
            0.215691,
            51.477381,
            4.7
          ],
          [
            0.215613,
            51.477311,
            4.7
          ],
          [
            0.215186,
            51.477085,
            4.5
          ],
          [
            0.214644,
            51.476846,
            4.3
          ],
          [
            0.21427,
            51.476716,
            4.2
          ],
          [
            0.213843,
            51.476609,
            4
          ],
          [
            0.213393,
            51.476457,
            3.7
          ],
          [
            0.212396,
            51.476201,
            3.3
          ],
          [
            0.211857,
            51.476018,
            3.1
          ],
          [
            0.211659,
            51.475903,
            3.1
          ],
          [
            0.211438,
            51.475605,
            3.2
          ],
          [
            0.211173,
            51.475337,
            3.3
          ],
          [
            0.211161,
            51.475325,
            3.3
          ],
          [
            0.211118,
            51.475232,
            3.4
          ],
          [
            0.210997,
            51.474473,
            3.6
          ],
          [
            0.210822,
            51.474049,
            3.6
          ],
          [
            0.210822,
            51.473822,
            3.6
          ],
          [
            0.210973,
            51.473636,
            3.6
          ],
          [
            0.210786,
            51.473037,
            3.4
          ],
          [
            0.210687,
            51.472947,
            3.4
          ],
          [
            0.210118,
            51.472615,
            3.2
          ],
          [
            0.209848,
            51.472386,
            3.1
          ],
          [
            0.209321,
            51.472047,
            3
          ],
          [
            0.209211,
            51.472006,
            3
          ],
          [
            0.20887,
            51.471977,
            3
          ],
          [
            0.208784,
            51.471937,
            3
          ],
          [
            0.208557,
            51.471496,
            3.2
          ],
          [
            0.208168,
            51.471189,
            3.5
          ],
          [
            0.208016,
            51.470975,
            3.7
          ],
          [
            0.207361,
            51.470591,
            4.1
          ],
          [
            0.207498,
            51.470462,
            4.3
          ],
          [
            0.20798,
            51.470146,
            4.6
          ],
          [
            0.208233,
            51.470067,
            4.7
          ],
          [
            0.208638,
            51.470011,
            4.8
          ],
          [
            0.208996,
            51.469705,
            4.9
          ],
          [
            0.209553,
            51.469386,
            4.9
          ],
          [
            0.209846,
            51.469228,
            4.8
          ],
          [
            0.210266,
            51.46909,
            4.7
          ],
          [
            0.210454,
            51.468999,
            4.6
          ],
          [
            0.210598,
            51.468798,
            4.6
          ],
          [
            0.210616,
            51.468277,
            4.4
          ],
          [
            0.210858,
            51.467953,
            4.2
          ],
          [
            0.210874,
            51.46787,
            4.2
          ],
          [
            0.210819,
            51.467459,
            4.1
          ],
          [
            0.210768,
            51.467279,
            4
          ],
          [
            0.209913,
            51.465841,
            3.6
          ],
          [
            0.209841,
            51.465625,
            3.6
          ],
          [
            0.209826,
            51.464947,
            3.4
          ],
          [
            0.209971,
            51.46434,
            3.3
          ],
          [
            0.210064,
            51.463766,
            3.1
          ],
          [
            0.210132,
            51.463025,
            2.9
          ],
          [
            0.210109,
            51.462776,
            2.9
          ],
          [
            0.210036,
            51.462631,
            2.9
          ],
          [
            0.209878,
            51.462474,
            2.9
          ],
          [
            0.2096,
            51.462358,
            2.9
          ],
          [
            0.207381,
            51.461699,
            2.7
          ],
          [
            0.206132,
            51.460876,
            2.2
          ],
          [
            0.205757,
            51.460741,
            2.1
          ],
          [
            0.205516,
            51.460501,
            1.9
          ],
          [
            0.205285,
            51.460366,
            1.9
          ],
          [
            0.205091,
            51.460288,
            1.8
          ],
          [
            0.204558,
            51.460144,
            1.7
          ],
          [
            0.20418,
            51.459986,
            1.6
          ],
          [
            0.203739,
            51.459894,
            1.7
          ],
          [
            0.203648,
            51.45977,
            1.7
          ],
          [
            0.203707,
            51.459521,
            1.8
          ],
          [
            0.203585,
            51.459398,
            1.9
          ],
          [
            0.202998,
            51.458952,
            2.2
          ],
          [
            0.202718,
            51.458555,
            2.6
          ],
          [
            0.20255,
            51.458423,
            2.7
          ],
          [
            0.202406,
            51.458384,
            2.8
          ],
          [
            0.202237,
            51.45838,
            2.9
          ],
          [
            0.201106,
            51.4585,
            3.6
          ],
          [
            0.201123,
            51.458577,
            3.7
          ],
          [
            0.201159,
            51.458751,
            3.9
          ],
          [
            0.201093,
            51.458809,
            3.9
          ],
          [
            0.201109,
            51.458875,
            4
          ],
          [
            0.20057,
            51.458928,
            4.4
          ],
          [
            0.200479,
            51.458936,
            4.4
          ],
          [
            0.199611,
            51.45903,
            4.8
          ],
          [
            0.199541,
            51.459021,
            4.9
          ],
          [
            0.199433,
            51.459006,
            4.9
          ],
          [
            0.198633,
            51.458791,
            5.3
          ],
          [
            0.198107,
            51.458619,
            5.6
          ],
          [
            0.198081,
            51.458649,
            5.6
          ],
          [
            0.197455,
            51.458522,
            6
          ],
          [
            0.197131,
            51.458318,
            6.3
          ],
          [
            0.197015,
            51.458367,
            6.4
          ],
          [
            0.196952,
            51.458322,
            6.4
          ],
          [
            0.196879,
            51.458277,
            6.5
          ],
          [
            0.196962,
            51.458225,
            6.6
          ],
          [
            0.196558,
            51.457935,
            6.8
          ],
          [
            0.195989,
            51.457518,
            7.1
          ],
          [
            0.19529,
            51.457089,
            7.3
          ],
          [
            0.195338,
            51.45705,
            7.3
          ],
          [
            0.195375,
            51.457023,
            7.3
          ],
          [
            0.195507,
            51.45692,
            7.3
          ],
          [
            0.195442,
            51.456874,
            7.3
          ],
          [
            0.19539,
            51.456837,
            7.3
          ],
          [
            0.195468,
            51.456789,
            7.2
          ],
          [
            0.195411,
            51.456751,
            7.2
          ],
          [
            0.195362,
            51.456719,
            7.2
          ],
          [
            0.195579,
            51.456587,
            7.1
          ],
          [
            0.195717,
            51.456462,
            6.9
          ],
          [
            0.195825,
            51.456304,
            6.8
          ],
          [
            0.195816,
            51.456202,
            6.7
          ],
          [
            0.19569,
            51.4561,
            6.5
          ],
          [
            0.195625,
            51.456057,
            6.4
          ],
          [
            0.195662,
            51.456021,
            6.4
          ],
          [
            0.195704,
            51.455987,
            6.3
          ],
          [
            0.196473,
            51.456233,
            5.6
          ],
          [
            0.196585,
            51.456248,
            5.5
          ],
          [
            0.196996,
            51.456169,
            5.2
          ],
          [
            0.197651,
            51.456055,
            4.8
          ],
          [
            0.198419,
            51.455978,
            4.4
          ],
          [
            0.198754,
            51.455993,
            4.3
          ],
          [
            0.201175,
            51.456188,
            5
          ],
          [
            0.20167,
            51.456213,
            5.3
          ],
          [
            0.202561,
            51.456182,
            5.7
          ],
          [
            0.203689,
            51.456097,
            6.4
          ],
          [
            0.204153,
            51.456022,
            6.7
          ],
          [
            0.204619,
            51.455878,
            6.9
          ],
          [
            0.204675,
            51.455865,
            6.9
          ],
          [
            0.205254,
            51.455675,
            7.1
          ],
          [
            0.205298,
            51.455723,
            7.1
          ],
          [
            0.205448,
            51.45575,
            7.2
          ],
          [
            0.205535,
            51.455762,
            7.2
          ],
          [
            0.206904,
            51.45512,
            8
          ],
          [
            0.206836,
            51.455075,
            8
          ],
          [
            0.206658,
            51.455163,
            8.1
          ],
          [
            0.205943,
            51.454601,
            8.3
          ],
          [
            0.205767,
            51.454444,
            8.4
          ],
          [
            0.205733,
            51.454338,
            8.4
          ],
          [
            0.20576,
            51.4543,
            8.4
          ],
          [
            0.205826,
            51.454208,
            8.5
          ],
          [
            0.206744,
            51.453653,
            8.8
          ],
          [
            0.206946,
            51.453549,
            8.9
          ],
          [
            0.206301,
            51.453275,
            9.2
          ],
          [
            0.206636,
            51.452934,
            9.6
          ],
          [
            0.207162,
            51.452362,
            10.5
          ],
          [
            0.207397,
            51.452119,
            11.1
          ],
          [
            0.207525,
            51.451974,
            11.4
          ],
          [
            0.20756,
            51.45186,
            11.7
          ],
          [
            0.207652,
            51.4518,
            11.9
          ],
          [
            0.208432,
            51.451063,
            14
          ],
          [
            0.208965,
            51.450552,
            16
          ],
          [
            0.209151,
            51.450391,
            16.4
          ],
          [
            0.209125,
            51.450351,
            16.6
          ],
          [
            0.209838,
            51.450174,
            17
          ],
          [
            0.209848,
            51.450146,
            16.9
          ],
          [
            0.209706,
            51.449856,
            16.7
          ],
          [
            0.209918,
            51.449691,
            16.2
          ],
          [
            0.209926,
            51.449652,
            16.1
          ],
          [
            0.209998,
            51.44961,
            16
          ],
          [
            0.210693,
            51.449551,
            14.6
          ],
          [
            0.212235,
            51.449361,
            10.8
          ],
          [
            0.212765,
            51.449293,
            9.2
          ],
          [
            0.213427,
            51.449208,
            7.6
          ],
          [
            0.213361,
            51.449106,
            7.3
          ],
          [
            0.213352,
            51.449002,
            7
          ],
          [
            0.213371,
            51.44882,
            6.7
          ],
          [
            0.213481,
            51.44851,
            6.2
          ],
          [
            0.213489,
            51.448212,
            6.2
          ],
          [
            0.213483,
            51.44798,
            6.3
          ],
          [
            0.213476,
            51.447844,
            6.4
          ],
          [
            0.213455,
            51.447472,
            6.8
          ],
          [
            0.213508,
            51.44726,
            7.1
          ],
          [
            0.213692,
            51.447083,
            7.3
          ],
          [
            0.213769,
            51.446939,
            7.5
          ],
          [
            0.213786,
            51.446839,
            7.6
          ],
          [
            0.213783,
            51.446776,
            7.6
          ],
          [
            0.213627,
            51.445837,
            8.6
          ],
          [
            0.214178,
            51.445798,
            8.9
          ],
          [
            0.214777,
            51.445712,
            9.3
          ],
          [
            0.214466,
            51.444946,
            10
          ],
          [
            0.214375,
            51.444918,
            10
          ],
          [
            0.214401,
            51.444868,
            10.1
          ],
          [
            0.214981,
            51.444769,
            10.2
          ],
          [
            0.216044,
            51.444573,
            10.4
          ],
          [
            0.21652,
            51.444494,
            10.4
          ],
          [
            0.216551,
            51.444486,
            10.3
          ],
          [
            0.216823,
            51.444434,
            10.3
          ],
          [
            0.216888,
            51.444457,
            10.3
          ],
          [
            0.2176,
            51.444359,
            10
          ],
          [
            0.21784,
            51.444291,
            9.8
          ],
          [
            0.218273,
            51.444226,
            9.6
          ],
          [
            0.218342,
            51.444216,
            9.6
          ],
          [
            0.218883,
            51.444143,
            9.2
          ],
          [
            0.219733,
            51.44401,
            8.8
          ],
          [
            0.219734,
            51.443984,
            8.7
          ],
          [
            0.219848,
            51.443892,
            8.6
          ],
          [
            0.219726,
            51.443916,
            8.6
          ],
          [
            0.219671,
            51.443889,
            8.5
          ],
          [
            0.219647,
            51.443877,
            8.5
          ],
          [
            0.21932,
            51.44338,
            8.2
          ],
          [
            0.219387,
            51.443301,
            8.2
          ],
          [
            0.219396,
            51.443266,
            8.2
          ],
          [
            0.219224,
            51.442845,
            8
          ],
          [
            0.219281,
            51.442832,
            8
          ],
          [
            0.219009,
            51.442438,
            8
          ],
          [
            0.219004,
            51.442437,
            8
          ],
          [
            0.21894,
            51.442425,
            8
          ],
          [
            0.218696,
            51.442444,
            8
          ],
          [
            0.218673,
            51.442367,
            7.9
          ],
          [
            0.218369,
            51.442402,
            7.9
          ],
          [
            0.218162,
            51.441957,
            7.7
          ],
          [
            0.21811,
            51.441844,
            7.7
          ],
          [
            0.21809,
            51.441798,
            7.7
          ],
          [
            0.218022,
            51.441633,
            7.6
          ],
          [
            0.218081,
            51.441583,
            7.6
          ],
          [
            0.218043,
            51.441541,
            7.6
          ],
          [
            0.218404,
            51.44146,
            7.6
          ],
          [
            0.21838,
            51.441155,
            7.6
          ],
          [
            0.218416,
            51.44107,
            7.6
          ],
          [
            0.218625,
            51.440954,
            7.5
          ],
          [
            0.218708,
            51.440835,
            7.5
          ],
          [
            0.218885,
            51.440799,
            7.5
          ],
          [
            0.218921,
            51.441082,
            7.4
          ],
          [
            0.219649,
            51.441007,
            7.5
          ],
          [
            0.219857,
            51.440961,
            7.6
          ],
          [
            0.220344,
            51.440703,
            7.8
          ],
          [
            0.220698,
            51.440595,
            8
          ],
          [
            0.22115,
            51.440517,
            8.2
          ],
          [
            0.221419,
            51.440467,
            8.4
          ],
          [
            0.221492,
            51.440418,
            8.5
          ],
          [
            0.221541,
            51.440299,
            8.6
          ],
          [
            0.221593,
            51.440127,
            8.8
          ],
          [
            0.221493,
            51.43996,
            9
          ],
          [
            0.221421,
            51.439721,
            9.3
          ],
          [
            0.221453,
            51.439624,
            9.5
          ],
          [
            0.221627,
            51.43943,
            9.8
          ],
          [
            0.221632,
            51.439335,
            10
          ],
          [
            0.221816,
            51.439146,
            10.4
          ],
          [
            0.221903,
            51.439123,
            10.5
          ],
          [
            0.222038,
            51.439036,
            10.8
          ],
          [
            0.222155,
            51.438922,
            10.9
          ],
          [
            0.222284,
            51.438674,
            11.2
          ],
          [
            0.222298,
            51.438584,
            11.2
          ],
          [
            0.22225,
            51.438369,
            11.3
          ],
          [
            0.222335,
            51.438207,
            11.3
          ],
          [
            0.222568,
            51.438193,
            11.4
          ],
          [
            0.222713,
            51.438178,
            11.4
          ],
          [
            0.222884,
            51.438113,
            11.4
          ],
          [
            0.223003,
            51.437953,
            11.5
          ],
          [
            0.223089,
            51.43766,
            11.4
          ],
          [
            0.223073,
            51.437607,
            11.4
          ],
          [
            0.222901,
            51.437448,
            11.2
          ],
          [
            0.222853,
            51.437354,
            11.2
          ],
          [
            0.222969,
            51.437168,
            11
          ],
          [
            0.223242,
            51.437103,
            10.9
          ],
          [
            0.223393,
            51.437037,
            10.9
          ],
          [
            0.223415,
            51.43699,
            10.8
          ],
          [
            0.223289,
            51.436689,
            10.4
          ],
          [
            0.223169,
            51.436469,
            10.1
          ],
          [
            0.223175,
            51.436393,
            10
          ],
          [
            0.223739,
            51.435603,
            9.9
          ],
          [
            0.223901,
            51.435322,
            10.1
          ],
          [
            0.223992,
            51.435057,
            10.4
          ],
          [
            0.224235,
            51.434801,
            10.7
          ],
          [
            0.224314,
            51.43483,
            10.8
          ],
          [
            0.224367,
            51.434851,
            10.9
          ],
          [
            0.224507,
            51.434908,
            11
          ],
          [
            0.224565,
            51.434931,
            11
          ],
          [
            0.22476,
            51.435011,
            11.2
          ],
          [
            0.224846,
            51.435045,
            11.2
          ],
          [
            0.225502,
            51.434382,
            11.8
          ],
          [
            0.225701,
            51.43416,
            12
          ],
          [
            0.225752,
            51.433679,
            12.3
          ],
          [
            0.22579,
            51.433415,
            12.3
          ],
          [
            0.225917,
            51.43312,
            12.3
          ],
          [
            0.226011,
            51.433072,
            12.3
          ],
          [
            0.225974,
            51.432893,
            12.1
          ],
          [
            0.226068,
            51.432732,
            12.1
          ],
          [
            0.226164,
            51.432641,
            12
          ],
          [
            0.226257,
            51.432302,
            11.8
          ],
          [
            0.225785,
            51.431406,
            11.6
          ],
          [
            0.225719,
            51.431117,
            11.6
          ],
          [
            0.225766,
            51.430962,
            11.5
          ],
          [
            0.225875,
            51.430735,
            11.5
          ],
          [
            0.225888,
            51.430467,
            11.5
          ],
          [
            0.226018,
            51.430202,
            11.4
          ],
          [
            0.226085,
            51.429961,
            11.4
          ],
          [
            0.225956,
            51.429492,
            11.3
          ],
          [
            0.225676,
            51.429165,
            11.4
          ],
          [
            0.225703,
            51.429084,
            11.4
          ],
          [
            0.22579,
            51.429021,
            11.4
          ],
          [
            0.226022,
            51.428954,
            11.5
          ],
          [
            0.226141,
            51.428857,
            11.5
          ],
          [
            0.226343,
            51.428781,
            11.5
          ],
          [
            0.226641,
            51.428579,
            11.5
          ],
          [
            0.227169,
            51.428329,
            11.4
          ],
          [
            0.227335,
            51.428282,
            11.4
          ],
          [
            0.227616,
            51.428304,
            11.4
          ],
          [
            0.227722,
            51.428269,
            11.4
          ],
          [
            0.227705,
            51.428184,
            11.4
          ],
          [
            0.227601,
            51.428099,
            11.5
          ],
          [
            0.227575,
            51.428044,
            11.5
          ],
          [
            0.227632,
            51.427991,
            11.6
          ],
          [
            0.228241,
            51.427541,
            12.3
          ],
          [
            0.228489,
            51.427298,
            12.6
          ],
          [
            0.228641,
            51.427199,
            12.8
          ],
          [
            0.228768,
            51.427013,
            12.9
          ],
          [
            0.228813,
            51.426623,
            13.1
          ],
          [
            0.228872,
            51.426483,
            13.2
          ],
          [
            0.228842,
            51.426436,
            13.2
          ],
          [
            0.228805,
            51.426424,
            13.2
          ],
          [
            0.228801,
            51.426423,
            13.2
          ],
          [
            0.228801,
            51.426423,
            13.2
          ],
          [
            0.228797,
            51.42642,
            13.2
          ],
          [
            0.228694,
            51.426346,
            13.3
          ],
          [
            0.228768,
            51.42627,
            13.3
          ],
          [
            0.228804,
            51.426121,
            13.4
          ],
          [
            0.229429,
            51.425601,
            13.9
          ],
          [
            0.229933,
            51.425096,
            14
          ],
          [
            0.230298,
            51.424656,
            13.7
          ],
          [
            0.230641,
            51.424144,
            13.4
          ],
          [
            0.230779,
            51.423866,
            13.4
          ],
          [
            0.230955,
            51.423251,
            13.5
          ],
          [
            0.231488,
            51.423402,
            13.7
          ],
          [
            0.231941,
            51.423538,
            14
          ],
          [
            0.232199,
            51.423369,
            14.2
          ],
          [
            0.232262,
            51.423352,
            14.3
          ],
          [
            0.232355,
            51.423372,
            14.4
          ],
          [
            0.232402,
            51.423392,
            14.4
          ],
          [
            0.232498,
            51.423433,
            14.5
          ],
          [
            0.232518,
            51.423441,
            14.5
          ],
          [
            0.232534,
            51.423427,
            14.6
          ],
          [
            0.233731,
            51.422383,
            16.2
          ],
          [
            0.234159,
            51.42228,
            16.4
          ],
          [
            0.234431,
            51.422145,
            16.5
          ],
          [
            0.23523,
            51.421642,
            16.4
          ],
          [
            0.235432,
            51.421569,
            16.3
          ],
          [
            0.235552,
            51.421569,
            16.3
          ],
          [
            0.236712,
            51.421691,
            16.1
          ],
          [
            0.237996,
            51.421717,
            16.7
          ],
          [
            0.238735,
            51.421794,
            17.4
          ],
          [
            0.238914,
            51.421794,
            17.6
          ],
          [
            0.239181,
            51.421868,
            17.8
          ],
          [
            0.239302,
            51.421858,
            17.9
          ],
          [
            0.239378,
            51.421875,
            18
          ],
          [
            0.239378,
            51.421875,
            18
          ],
          [
            0.239499,
            51.421895,
            18.1
          ],
          [
            0.239693,
            51.42169,
            18.4
          ],
          [
            0.239759,
            51.421607,
            18.6
          ],
          [
            0.240116,
            51.421084,
            19.3
          ],
          [
            0.240188,
            51.42097,
            19.4
          ],
          [
            0.240302,
            51.42077,
            19.6
          ],
          [
            0.240397,
            51.420614,
            19.6
          ],
          [
            0.240531,
            51.420476,
            19.6
          ],
          [
            0.240957,
            51.420089,
            19.4
          ],
          [
            0.241118,
            51.419978,
            19.4
          ],
          [
            0.241292,
            51.419857,
            19.3
          ],
          [
            0.241748,
            51.419576,
            19.3
          ],
          [
            0.24179,
            51.419528,
            19.3
          ],
          [
            0.241816,
            51.419465,
            19.3
          ],
          [
            0.24169,
            51.419433,
            19.3
          ],
          [
            0.242152,
            51.418913,
            19.4
          ],
          [
            0.242511,
            51.418598,
            19.2
          ],
          [
            0.242706,
            51.41844,
            19.1
          ],
          [
            0.243303,
            51.417803,
            18.6
          ],
          [
            0.243409,
            51.417651,
            18.5
          ],
          [
            0.243492,
            51.417445,
            18.4
          ],
          [
            0.243579,
            51.417416,
            18.4
          ],
          [
            0.243756,
            51.416942,
            18.1
          ],
          [
            0.243916,
            51.416194,
            18
          ],
          [
            0.244196,
            51.415395,
            18.6
          ],
          [
            0.244175,
            51.415271,
            18.7
          ],
          [
            0.244251,
            51.414851,
            19.1
          ],
          [
            0.244551,
            51.414589,
            19.5
          ],
          [
            0.245215,
            51.414131,
            20.1
          ],
          [
            0.245396,
            51.413985,
            20.3
          ],
          [
            0.245784,
            51.413471,
            20.7
          ],
          [
            0.246431,
            51.412753,
            20.9
          ],
          [
            0.246369,
            51.412699,
            20.9
          ],
          [
            0.246479,
            51.412129,
            21.1
          ],
          [
            0.246475,
            51.411679,
            21.2
          ],
          [
            0.246408,
            51.408089,
            22.3
          ],
          [
            0.246506,
            51.40771,
            22.5
          ],
          [
            0.246582,
            51.40739,
            22.7
          ],
          [
            0.246589,
            51.407093,
            22.9
          ],
          [
            0.246797,
            51.406811,
            23
          ],
          [
            0.246925,
            51.406482,
            23.2
          ],
          [
            0.246745,
            51.406457,
            23.2
          ],
          [
            0.246669,
            51.40642,
            23.2
          ],
          [
            0.246613,
            51.406354,
            23.2
          ],
          [
            0.246571,
            51.406024,
            23.3
          ],
          [
            0.246492,
            51.405853,
            23.4
          ],
          [
            0.246403,
            51.405648,
            23.4
          ],
          [
            0.246136,
            51.405149,
            23.5
          ],
          [
            0.24585,
            51.404764,
            23.7
          ],
          [
            0.24578,
            51.404514,
            23.9
          ],
          [
            0.245874,
            51.404351,
            24.1
          ],
          [
            0.24605,
            51.404248,
            24.3
          ],
          [
            0.246585,
            51.404015,
            24.9
          ],
          [
            0.246742,
            51.403893,
            25.2
          ],
          [
            0.246884,
            51.403727,
            25.6
          ],
          [
            0.246949,
            51.403465,
            26.3
          ],
          [
            0.246881,
            51.403422,
            26.4
          ],
          [
            0.246865,
            51.403408,
            26.5
          ],
          [
            0.246745,
            51.403156,
            27
          ],
          [
            0.24655,
            51.402677,
            27.6
          ],
          [
            0.246223,
            51.402186,
            27.9
          ],
          [
            0.246051,
            51.401907,
            27.9
          ],
          [
            0.245681,
            51.401581,
            27.8
          ],
          [
            0.245596,
            51.401455,
            27.6
          ],
          [
            0.245563,
            51.401024,
            27
          ],
          [
            0.244908,
            51.40101,
            26.2
          ],
          [
            0.24478,
            51.401006,
            26
          ],
          [
            0.24464,
            51.400999,
            25.8
          ],
          [
            0.244547,
            51.400901,
            25.5
          ],
          [
            0.244481,
            51.40069,
            25.1
          ],
          [
            0.244091,
            51.4003,
            24.5
          ],
          [
            0.244002,
            51.400174,
            24.3
          ],
          [
            0.243161,
            51.399585,
            23.8
          ],
          [
            0.242925,
            51.399171,
            23.7
          ],
          [
            0.242657,
            51.398851,
            23.7
          ],
          [
            0.242656,
            51.398851,
            23.7
          ]
        ]
      }
    },
    {
      "type": "Feature",
      "id": "1390665942",
      "properties": {
        "day": 4,
        "tour_id": "1390665942",
        "name": "Pilgrim Ways to Canterbury (Becket Way) - Day 4 - From Horton Kirby to Kemsing",
        "point_count": 332,
        "length_km_geodesic": 15.45,
        "distance_km_komoot": 15.452,
        "duration_s": 14414,
        "elevation_up_m": 117.8,
        "elevation_down_m": 44.5,
        "sport": "hike",
        "source": "https://www.komoot.com/tour/1390665942"
      },
      "geometry": {
        "type": "LineString",
        "coordinates": [
          [
            0.242656,
            51.398851,
            24.6
          ],
          [
            0.242488,
            51.398401,
            24.9
          ],
          [
            0.242465,
            51.398143,
            25.1
          ],
          [
            0.242508,
            51.398052,
            25.2
          ],
          [
            0.24323,
            51.397467,
            25.8
          ],
          [
            0.243346,
            51.397308,
            26
          ],
          [
            0.24345,
            51.397048,
            26.2
          ],
          [
            0.243356,
            51.396928,
            26.4
          ],
          [
            0.242798,
            51.396488,
            26.8
          ],
          [
            0.242646,
            51.396323,
            26.9
          ],
          [
            0.242288,
            51.396075,
            26.9
          ],
          [
            0.241822,
            51.395646,
            26.9
          ],
          [
            0.24162,
            51.395394,
            26.9
          ],
          [
            0.241389,
            51.39528,
            26.9
          ],
          [
            0.241309,
            51.395239,
            26.8
          ],
          [
            0.241147,
            51.394832,
            26.8
          ],
          [
            0.240987,
            51.39423,
            26.5
          ],
          [
            0.241004,
            51.394067,
            26.4
          ],
          [
            0.240998,
            51.393932,
            26.4
          ],
          [
            0.240972,
            51.393919,
            26.3
          ],
          [
            0.240359,
            51.393628,
            26.1
          ],
          [
            0.240289,
            51.393619,
            26
          ],
          [
            0.240208,
            51.393565,
            26
          ],
          [
            0.240158,
            51.393496,
            26
          ],
          [
            0.240174,
            51.393435,
            26
          ],
          [
            0.240174,
            51.393435,
            26
          ],
          [
            0.240046,
            51.393385,
            26
          ],
          [
            0.238063,
            51.391919,
            25.9
          ],
          [
            0.236978,
            51.391331,
            26.2
          ],
          [
            0.236537,
            51.391209,
            26.5
          ],
          [
            0.236345,
            51.391058,
            26.6
          ],
          [
            0.236217,
            51.390896,
            26.8
          ],
          [
            0.236153,
            51.39075,
            27
          ],
          [
            0.235913,
            51.389199,
            28.6
          ],
          [
            0.235716,
            51.389038,
            28.7
          ],
          [
            0.235127,
            51.388663,
            28.9
          ],
          [
            0.235569,
            51.388482,
            29
          ],
          [
            0.23592,
            51.38831,
            29.1
          ],
          [
            0.236839,
            51.387946,
            29.1
          ],
          [
            0.237428,
            51.387575,
            29.1
          ],
          [
            0.237596,
            51.387506,
            29.1
          ],
          [
            0.237554,
            51.387474,
            29.2
          ],
          [
            0.237554,
            51.387474,
            29.2
          ],
          [
            0.235503,
            51.385883,
            29.9
          ],
          [
            0.232506,
            51.383697,
            31.6
          ],
          [
            0.231993,
            51.383931,
            32.1
          ],
          [
            0.231857,
            51.383834,
            32.3
          ],
          [
            0.230765,
            51.383567,
            33.6
          ],
          [
            0.230168,
            51.383388,
            34.2
          ],
          [
            0.228583,
            51.383714,
            34.8
          ],
          [
            0.228248,
            51.38366,
            34.7
          ],
          [
            0.227786,
            51.383506,
            34.6
          ],
          [
            0.226691,
            51.38293,
            34.6
          ],
          [
            0.22577,
            51.38277,
            34.8
          ],
          [
            0.224674,
            51.382703,
            35.1
          ],
          [
            0.22412,
            51.382546,
            35.4
          ],
          [
            0.223777,
            51.382498,
            35.5
          ],
          [
            0.223579,
            51.38261,
            35.6
          ],
          [
            0.223199,
            51.382508,
            35.7
          ],
          [
            0.222697,
            51.382328,
            35.7
          ],
          [
            0.22171,
            51.381872,
            35.4
          ],
          [
            0.22064,
            51.38145,
            35.5
          ],
          [
            0.220036,
            51.381438,
            36.6
          ],
          [
            0.220008,
            51.381461,
            36.7
          ],
          [
            0.219781,
            51.381638,
            37.4
          ],
          [
            0.219763,
            51.381648,
            37.5
          ],
          [
            0.219236,
            51.381948,
            39.3
          ],
          [
            0.218943,
            51.382057,
            40.1
          ],
          [
            0.218439,
            51.382185,
            41.5
          ],
          [
            0.218129,
            51.382222,
            42.4
          ],
          [
            0.218016,
            51.382098,
            42.8
          ],
          [
            0.217778,
            51.38191,
            43.7
          ],
          [
            0.217402,
            51.381562,
            45.1
          ],
          [
            0.217109,
            51.381238,
            46.1
          ],
          [
            0.217066,
            51.381128,
            46.3
          ],
          [
            0.216983,
            51.380921,
            46.6
          ],
          [
            0.216918,
            51.380608,
            46.6
          ],
          [
            0.216699,
            51.379502,
            46.7
          ],
          [
            0.216497,
            51.378859,
            47.2
          ],
          [
            0.216468,
            51.378818,
            47.2
          ],
          [
            0.215915,
            51.378023,
            47.9
          ],
          [
            0.215616,
            51.377588,
            48.2
          ],
          [
            0.215179,
            51.376967,
            48.3
          ],
          [
            0.214896,
            51.376492,
            48.2
          ],
          [
            0.214238,
            51.375755,
            47.7
          ],
          [
            0.213638,
            51.375224,
            47.5
          ],
          [
            0.213296,
            51.374985,
            47.5
          ],
          [
            0.213003,
            51.374733,
            47.5
          ],
          [
            0.211461,
            51.373349,
            47.4
          ],
          [
            0.211166,
            51.373006,
            47.4
          ],
          [
            0.210622,
            51.372521,
            47.1
          ],
          [
            0.210519,
            51.372418,
            47.1
          ],
          [
            0.210485,
            51.372384,
            47.1
          ],
          [
            0.209914,
            51.371626,
            46.4
          ],
          [
            0.209056,
            51.370615,
            45
          ],
          [
            0.208514,
            51.370181,
            44.2
          ],
          [
            0.208253,
            51.370014,
            43.9
          ],
          [
            0.207534,
            51.369476,
            42.9
          ],
          [
            0.207225,
            51.369263,
            42.6
          ],
          [
            0.206867,
            51.369475,
            42.3
          ],
          [
            0.206717,
            51.369538,
            42.2
          ],
          [
            0.206516,
            51.369581,
            42.1
          ],
          [
            0.206274,
            51.369553,
            42
          ],
          [
            0.205949,
            51.369363,
            42
          ],
          [
            0.205707,
            51.369257,
            42.1
          ],
          [
            0.20498,
            51.369132,
            42.6
          ],
          [
            0.203771,
            51.368999,
            43.5
          ],
          [
            0.20289,
            51.368873,
            44
          ],
          [
            0.202054,
            51.368637,
            44.2
          ],
          [
            0.200494,
            51.368063,
            43.9
          ],
          [
            0.199502,
            51.367682,
            43.1
          ],
          [
            0.199191,
            51.367497,
            43
          ],
          [
            0.198401,
            51.366737,
            43.1
          ],
          [
            0.197646,
            51.366182,
            43.5
          ],
          [
            0.197361,
            51.365851,
            43.7
          ],
          [
            0.196737,
            51.364528,
            44.4
          ],
          [
            0.196674,
            51.364332,
            44.6
          ],
          [
            0.196726,
            51.36424,
            44.6
          ],
          [
            0.196703,
            51.364177,
            44.7
          ],
          [
            0.196679,
            51.363944,
            44.9
          ],
          [
            0.196486,
            51.363739,
            45.1
          ],
          [
            0.196337,
            51.363624,
            45.3
          ],
          [
            0.196131,
            51.363295,
            45.6
          ],
          [
            0.196009,
            51.362786,
            46.2
          ],
          [
            0.196082,
            51.362292,
            47
          ],
          [
            0.196065,
            51.361699,
            48
          ],
          [
            0.195896,
            51.361023,
            48.7
          ],
          [
            0.195802,
            51.360776,
            48.9
          ],
          [
            0.195687,
            51.360476,
            49
          ],
          [
            0.195335,
            51.359553,
            49
          ],
          [
            0.195187,
            51.359157,
            48.8
          ],
          [
            0.194985,
            51.358517,
            48.5
          ],
          [
            0.194803,
            51.358228,
            48.4
          ],
          [
            0.194496,
            51.357957,
            48.3
          ],
          [
            0.194455,
            51.357946,
            48.3
          ],
          [
            0.194348,
            51.357939,
            48.3
          ],
          [
            0.194241,
            51.357725,
            48.2
          ],
          [
            0.194206,
            51.357676,
            48.2
          ],
          [
            0.194195,
            51.35766,
            48.2
          ],
          [
            0.194195,
            51.35766,
            48.2
          ],
          [
            0.19373,
            51.357239,
            48.3
          ],
          [
            0.193093,
            51.35646,
            48.6
          ],
          [
            0.192916,
            51.356045,
            48.9
          ],
          [
            0.192371,
            51.355488,
            49.3
          ],
          [
            0.19205,
            51.354993,
            49.6
          ],
          [
            0.191798,
            51.354478,
            49.8
          ],
          [
            0.191335,
            51.353858,
            49.7
          ],
          [
            0.191451,
            51.353434,
            49.4
          ],
          [
            0.191385,
            51.353232,
            49.3
          ],
          [
            0.191254,
            51.353062,
            49.2
          ],
          [
            0.190828,
            51.352644,
            48.9
          ],
          [
            0.190828,
            51.352644,
            48.9
          ],
          [
            0.190824,
            51.352611,
            48.9
          ],
          [
            0.190743,
            51.352605,
            48.8
          ],
          [
            0.190721,
            51.35263,
            48.8
          ],
          [
            0.190579,
            51.352521,
            48.8
          ],
          [
            0.190559,
            51.352506,
            48.8
          ],
          [
            0.190559,
            51.352506,
            48.8
          ],
          [
            0.190231,
            51.352325,
            48.7
          ],
          [
            0.189658,
            51.351904,
            48.6
          ],
          [
            0.188781,
            51.351399,
            49.3
          ],
          [
            0.188018,
            51.350912,
            50.4
          ],
          [
            0.187679,
            51.350672,
            51.2
          ],
          [
            0.187401,
            51.350434,
            51.9
          ],
          [
            0.187004,
            51.349778,
            53.3
          ],
          [
            0.186763,
            51.349529,
            53.9
          ],
          [
            0.186555,
            51.349378,
            54.2
          ],
          [
            0.186294,
            51.34927,
            54.6
          ],
          [
            0.186307,
            51.349257,
            54.6
          ],
          [
            0.186354,
            51.349213,
            54.7
          ],
          [
            0.186426,
            51.349204,
            54.7
          ],
          [
            0.186436,
            51.349081,
            54.9
          ],
          [
            0.185343,
            51.345505,
            56.3
          ],
          [
            0.184932,
            51.344471,
            55.5
          ],
          [
            0.184951,
            51.344398,
            55.4
          ],
          [
            0.18452,
            51.343269,
            53.7
          ],
          [
            0.184172,
            51.341951,
            52.1
          ],
          [
            0.184037,
            51.341847,
            52
          ],
          [
            0.183762,
            51.341326,
            51.3
          ],
          [
            0.183292,
            51.340893,
            50.9
          ],
          [
            0.18275,
            51.340496,
            50.7
          ],
          [
            0.182539,
            51.34019,
            50.8
          ],
          [
            0.182352,
            51.339844,
            51.1
          ],
          [
            0.182048,
            51.339482,
            51.4
          ],
          [
            0.181649,
            51.339222,
            51.8
          ],
          [
            0.181649,
            51.339222,
            51.8
          ],
          [
            0.181235,
            51.338874,
            52.3
          ],
          [
            0.181093,
            51.338521,
            52.6
          ],
          [
            0.180353,
            51.337983,
            53.3
          ],
          [
            0.180425,
            51.337923,
            53.4
          ],
          [
            0.180455,
            51.337804,
            53.5
          ],
          [
            0.180385,
            51.337521,
            53.7
          ],
          [
            0.180498,
            51.337497,
            53.7
          ],
          [
            0.180335,
            51.337048,
            54
          ],
          [
            0.180226,
            51.336575,
            54.3
          ],
          [
            0.180051,
            51.336032,
            54.6
          ],
          [
            0.18001,
            51.335705,
            54.9
          ],
          [
            0.180062,
            51.335448,
            55.1
          ],
          [
            0.180676,
            51.334546,
            55.8
          ],
          [
            0.180957,
            51.334115,
            56.2
          ],
          [
            0.181157,
            51.333916,
            56.4
          ],
          [
            0.181358,
            51.333771,
            56.7
          ],
          [
            0.181385,
            51.33374,
            56.7
          ],
          [
            0.18144,
            51.333514,
            57.1
          ],
          [
            0.181657,
            51.333408,
            57.4
          ],
          [
            0.181825,
            51.333283,
            57.7
          ],
          [
            0.181941,
            51.333235,
            57.8
          ],
          [
            0.182052,
            51.333221,
            57.9
          ],
          [
            0.182383,
            51.333176,
            58.4
          ],
          [
            0.182445,
            51.333168,
            58.5
          ],
          [
            0.182715,
            51.333124,
            58.9
          ],
          [
            0.18309,
            51.333061,
            59.4
          ],
          [
            0.183139,
            51.333052,
            59.5
          ],
          [
            0.183392,
            51.332995,
            59.9
          ],
          [
            0.183432,
            51.332958,
            60
          ],
          [
            0.183517,
            51.332977,
            60.1
          ],
          [
            0.184314,
            51.332915,
            61.5
          ],
          [
            0.184992,
            51.332851,
            62.9
          ],
          [
            0.184992,
            51.332851,
            62.9
          ],
          [
            0.185039,
            51.332846,
            63
          ],
          [
            0.185056,
            51.332622,
            63.6
          ],
          [
            0.184921,
            51.332363,
            64.4
          ],
          [
            0.185943,
            51.332129,
            66.3
          ],
          [
            0.186024,
            51.33199,
            66.8
          ],
          [
            0.186199,
            51.331401,
            68.6
          ],
          [
            0.186147,
            51.330908,
            70.5
          ],
          [
            0.186156,
            51.329583,
            76
          ],
          [
            0.186242,
            51.32895,
            79
          ],
          [
            0.186316,
            51.328474,
            80.9
          ],
          [
            0.186356,
            51.328018,
            82.5
          ],
          [
            0.186411,
            51.327933,
            82.8
          ],
          [
            0.186411,
            51.327933,
            82.8
          ],
          [
            0.186685,
            51.327523,
            84
          ],
          [
            0.186702,
            51.327378,
            84.4
          ],
          [
            0.186593,
            51.327002,
            85.1
          ],
          [
            0.186568,
            51.32695,
            85.2
          ],
          [
            0.186731,
            51.326006,
            86
          ],
          [
            0.186774,
            51.325888,
            86.1
          ],
          [
            0.186937,
            51.323791,
            88.5
          ],
          [
            0.186583,
            51.322149,
            89.6
          ],
          [
            0.186413,
            51.321683,
            88.8
          ],
          [
            0.186466,
            51.321087,
            86.9
          ],
          [
            0.186505,
            51.3209,
            86.1
          ],
          [
            0.186887,
            51.319993,
            81
          ],
          [
            0.187442,
            51.319261,
            77
          ],
          [
            0.187924,
            51.318742,
            74.8
          ],
          [
            0.188993,
            51.31644,
            71.8
          ],
          [
            0.189193,
            51.31595,
            71.4
          ],
          [
            0.189322,
            51.31415,
            69.6
          ],
          [
            0.189318,
            51.313892,
            69.4
          ],
          [
            0.18933,
            51.313494,
            69.4
          ],
          [
            0.189367,
            51.31338,
            69.4
          ],
          [
            0.189417,
            51.313213,
            69.5
          ],
          [
            0.189366,
            51.312975,
            69.4
          ],
          [
            0.189936,
            51.312902,
            69.4
          ],
          [
            0.190426,
            51.312856,
            69.4
          ],
          [
            0.190853,
            51.312869,
            69.4
          ],
          [
            0.19097,
            51.312884,
            69.5
          ],
          [
            0.191138,
            51.312882,
            69.5
          ],
          [
            0.191182,
            51.312795,
            69.5
          ],
          [
            0.191136,
            51.312666,
            69.6
          ],
          [
            0.191167,
            51.312581,
            69.6
          ],
          [
            0.191305,
            51.312375,
            69.8
          ],
          [
            0.191346,
            51.312364,
            69.8
          ],
          [
            0.191346,
            51.312364,
            69.8
          ],
          [
            0.191518,
            51.312251,
            69.9
          ],
          [
            0.191636,
            51.312244,
            70
          ],
          [
            0.192189,
            51.312112,
            70.2
          ],
          [
            0.193344,
            51.312199,
            70.7
          ],
          [
            0.193344,
            51.312199,
            70.7
          ],
          [
            0.193396,
            51.31215,
            70.8
          ],
          [
            0.193621,
            51.31213,
            71
          ],
          [
            0.19398,
            51.31214,
            71.5
          ],
          [
            0.194222,
            51.312113,
            71.9
          ],
          [
            0.194367,
            51.31207,
            72.2
          ],
          [
            0.194947,
            51.312104,
            73.3
          ],
          [
            0.196371,
            51.31235,
            75.8
          ],
          [
            0.196854,
            51.312482,
            76.6
          ],
          [
            0.197436,
            51.311688,
            79
          ],
          [
            0.197857,
            51.311339,
            80.2
          ],
          [
            0.197908,
            51.311326,
            80.3
          ],
          [
            0.197908,
            51.311326,
            80.3
          ],
          [
            0.198212,
            51.311287,
            80.8
          ],
          [
            0.198212,
            51.311287,
            80.8
          ],
          [
            0.198664,
            51.311231,
            81.5
          ],
          [
            0.199224,
            51.311224,
            82.4
          ],
          [
            0.199749,
            51.311254,
            83.3
          ],
          [
            0.200189,
            51.311183,
            84.1
          ],
          [
            0.200309,
            51.311143,
            84.3
          ],
          [
            0.200704,
            51.31108,
            85
          ],
          [
            0.201074,
            51.310965,
            85.7
          ],
          [
            0.201583,
            51.310752,
            86.6
          ],
          [
            0.202652,
            51.310209,
            88.2
          ],
          [
            0.206352,
            51.308477,
            94.5
          ],
          [
            0.2066,
            51.308432,
            94.7
          ],
          [
            0.206909,
            51.308377,
            94.9
          ],
          [
            0.208124,
            51.308146,
            95.1
          ],
          [
            0.208387,
            51.308061,
            95
          ],
          [
            0.208623,
            51.308018,
            94.8
          ],
          [
            0.210519,
            51.307677,
            92.8
          ],
          [
            0.21138,
            51.307603,
            91.9
          ],
          [
            0.212361,
            51.307503,
            91.1
          ],
          [
            0.21249,
            51.30748,
            91.1
          ],
          [
            0.213176,
            51.3074,
            90.8
          ],
          [
            0.213417,
            51.307329,
            90.8
          ],
          [
            0.214275,
            51.306934,
            91.1
          ],
          [
            0.216101,
            51.306493,
            92.9
          ],
          [
            0.217714,
            51.306329,
            95.2
          ],
          [
            0.218182,
            51.306272,
            95.9
          ],
          [
            0.218873,
            51.306199,
            97
          ],
          [
            0.219362,
            51.306108,
            97.8
          ],
          [
            0.219593,
            51.306114,
            98.1
          ],
          [
            0.219809,
            51.306119,
            98.5
          ],
          [
            0.220135,
            51.306178,
            99
          ],
          [
            0.221394,
            51.306181,
            100.3
          ],
          [
            0.221576,
            51.306172,
            100.5
          ],
          [
            0.222015,
            51.306151,
            100.7
          ],
          [
            0.2226,
            51.306174,
            100.9
          ],
          [
            0.223833,
            51.306223,
            101.1
          ],
          [
            0.223955,
            51.306227,
            101
          ],
          [
            0.224995,
            51.306247,
            100.6
          ],
          [
            0.225599,
            51.306266,
            100.2
          ],
          [
            0.226039,
            51.306314,
            99.9
          ],
          [
            0.226362,
            51.30636,
            99.6
          ],
          [
            0.227196,
            51.306412,
            99
          ],
          [
            0.228459,
            51.306379,
            98.5
          ],
          [
            0.228902,
            51.306342,
            98.3
          ],
          [
            0.229011,
            51.306301,
            98.2
          ],
          [
            0.229233,
            51.306215,
            98.1
          ],
          [
            0.229305,
            51.306177,
            98.1
          ],
          [
            0.22955,
            51.306049,
            97.9
          ],
          [
            0.229812,
            51.305912,
            97.9
          ]
        ]
      }
    }
  ]
}