{
"type": "FeatureCollection",
"name": "igrejas-4",
"crs": { "type": "name", "properties": { "name": "urn:ogc:def:crs:OGC:1.3:CRS84" } },
"features": [
{ "type": "Feature", "properties": { "Name": "Iglesia de San Salvador de Arnoia" }, "geometry": { "type": "Point", "coordinates": [ -8.1384538, 42.254101, 0.0 ] } },
{ "type": "Feature", "properties": { "Name": "Iglesia de San Juan Bautista" }, "geometry": { "type": "Point", "coordinates": [ -8.1434811, 42.2881526, 0.0 ] } },
{ "type": "Feature", "properties": { "Name": "Iglesia de San Esteban de Lagartóns" }, "geometry": { "type": "Point", "coordinates": [ -8.4483543, 42.6906761, 0.0 ] } },
{ "type": "Feature", "properties": { "Name": "Mosteiro de Santa Maria de Aciveiro" }, "geometry": { "type": "Point", "coordinates": [ -8.3015532, 42.6178815, 0.0 ] } },
{ "type": "Feature", "properties": { "Name": "Monasterio de San Salvador de Bergondo" }, "geometry": { "type": "Point", "coordinates": [ -8.2412048, 43.3223701, 0.0 ] } },
{ "type": "Feature", "properties": { "Name": "Iglesia de San Martiño de Tiobre" }, "geometry": { "type": "Point", "coordinates": [ -8.2019669, 43.293475, 0.0 ] } },
{ "type": "Feature", "properties": { "Name": "Iglesia de San Vicente de Cespón" }, "geometry": { "type": "Point", "coordinates": [ -8.8548139, 42.6759583, 0.0 ] } },
{ "type": "Feature", "properties": { "Name": "Iglesia de San Xulián da Luaña" }, "geometry": { "type": "Point", "coordinates": [ -8.7620091, 42.8519825, 0.0 ] } },
{ "type": "Feature", "properties": { "Name": "Iglesia de Santa María de Xaviña" }, "geometry": { "type": "Point", "coordinates": [ -9.1528056, 43.1450814, 0.0 ] } },
{ "type": "Feature", "properties": { "Name": "Iglesia de Santa María de Cambre" }, "geometry": { "type": "Point", "coordinates": [ -8.3440758, 43.2921596, 0.0 ] } },
{ "type": "Feature", "properties": { "Name": "Iglesia de San Pedro de Redonda" }, "geometry": { "type": "Point", "coordinates": [ -9.2037323, 42.9218148, 0.0 ] } },
{ "type": "Feature", "properties": { "Name": "Iglesia de Santa María das Areas" }, "geometry": { "type": "Point", "coordinates": [ -9.2636846, 42.9017399, 0.0 ] } },
{ "type": "Feature", "properties": { "Name": "Iglesia de Santiago de Mens" }, "geometry": { "type": "Point", "coordinates": [ -8.8682204, 43.2977042, 0.0 ] } },
{ "type": "Feature", "properties": { "Name": "Iglesia de San Martiño de Moldes" }, "geometry": { "type": "Point", "coordinates": [ -8.0279814, 42.8856771, 0.0 ] } },
{ "type": "Feature", "properties": { "Name": "Iglesia de Santa María de Melide" }, "geometry": { "type": "Point", "coordinates": [ -8.025343, 42.9115044, 0.0 ] } },
{ "type": "Feature", "properties": { "Name": "Iglesia de San Martiño de Ozón" }, "geometry": { "type": "Point", "coordinates": [ -9.1659555, 43.0850289, 0.0 ] } },
{ "type": "Feature", "properties": { "Name": "Iglesia de San Pedro de Leis de Nemancos" }, "geometry": { "type": "Point", "coordinates": [ -9.1535957, 43.1151493, 0.0 ] } },
{ "type": "Feature", "properties": { "Name": "Iglesia de Santa Leocadia de Frixe" }, "geometry": { "type": "Point", "coordinates": [ -9.2282979, 43.0113454, 0.0 ] } },
{ "type": "Feature", "properties": { "Name": "Iglesia de San Fins de Anllóns" }, "geometry": { "type": "Point", "coordinates": [ -8.890338, 43.2286597, 0.0 ] } },
{ "type": "Feature", "properties": { "Name": "Iglesia de San Andrés de Tallo" }, "geometry": { "type": "Point", "coordinates": [ -8.8463709, 43.2482115, 0.0 ] } },
{ "type": "Feature", "properties": { "Name": "Iglesia de San Martín de Cores" }, "geometry": { "type": "Point", "coordinates": [ -8.8661801, 43.2830793, 0.0 ] } },
{ "type": "Feature", "properties": { "Name": "Iglesia de San Fiz de Freixeiro" }, "geometry": { "type": "Point", "coordinates": [ -8.7395998, 43.0097391, 0.0 ] } },
{ "type": "Feature", "properties": { "Name": "Iglesia de Santa María de Paramos" }, "geometry": { "type": "Point", "coordinates": [ -8.6912901, 42.99148, 0.0 ] } },
{ "type": "Feature", "properties": { "Name": "Iglesia de Santiago de Cereixo" }, "geometry": { "type": "Point", "coordinates": [ -9.126424, 43.1321082, 0.0 ] } },
{ "type": "Feature", "properties": { "Name": "Iglesia de Santo Antoíño de Baíñas" }, "geometry": { "type": "Point", "coordinates": [ -9.0191242, 43.0281449, 0.0 ] } },
{ "type": "Feature", "properties": { "Name": "Iglesia de Santa María de Herbón" }, "geometry": { "type": "Point", "coordinates": [ -8.6282588, 42.7346882, 0.0 ] } },
{ "type": "Feature", "properties": { "Name": "Catedral de Santiago de Compostela" }, "geometry": { "type": "Point", "coordinates": [ -8.5443954, 42.880688, 0.0 ] } },
{ "type": "Feature", "properties": { "Name": "Colegiata de Santa María de Sar" }, "geometry": { "type": "Point", "coordinates": [ -8.5371273, 42.8721318, 0.0 ] } },
{ "type": "Feature", "properties": { "Name": "Iglesia de Santa María Salomé" }, "geometry": { "type": "Point", "coordinates": [ -8.5435693, 42.8784766, 0.0 ] } },
{ "type": "Feature", "properties": { "Name": "Iglesia de San Cristóbal de Xavestre" }, "geometry": { "type": "Point", "coordinates": [ -8.5656209, 42.9930124, 0.0 ] } },
{ "type": "Feature", "properties": { "Name": "Iglesia de Santa Mariña de Gafoi" }, "geometry": { "type": "Point", "coordinates": [ -8.2566087, 43.02034, 0.0 ] } },
{ "type": "Feature", "properties": { "Name": "Iglesia de San Miguel de Goiás" }, "geometry": { "type": "Point", "coordinates": [ -8.0914736, 42.6808107, 0.0 ] } },
{ "type": "Feature", "properties": { "Name": "CATEDRAL DE SAN MARTIÑO DE MONDOÑEDO" }, "geometry": { "type": "Point", "coordinates": [ -7.3032063, 43.5610218, 0.0 ] } },
{ "type": "Feature", "properties": { "Name": "Iglesia de San Román de Retorta" }, "geometry": { "type": "Point", "coordinates": [ -7.7374006, 42.9554807, 0.0 ] } },
{ "type": "Feature", "properties": { "Name": "Monasterio De Ferreira De Pallares" }, "geometry": { "type": "Point", "coordinates": [ -7.6794417, 42.8809214, 0.0 ] } },
{ "type": "Feature", "properties": { "Name": "Iglesia de San Cristóbal de Novelúa" }, "geometry": { "type": "Point", "coordinates": [ -7.7948681, 42.8281831, 0.0 ] } },
{ "type": "Feature", "properties": { "Name": "Iglesia de San Miguel de Berbetouros" }, "geometry": { "type": "Point", "coordinates": [ -7.8044009, 42.9227437, 0.0 ] } },
{ "type": "Feature", "properties": { "Name": "Iglesia de San Miguel de Coence" }, "geometry": { "type": "Point", "coordinates": [ -7.8970418, 42.8319149, 0.0 ] } },
{ "type": "Feature", "properties": { "Name": "Iglesia de San Pedro de Meixide" }, "geometry": { "type": "Point", "coordinates": [ -7.9103882, 42.8829229, 0.0 ] } },
{ "type": "Feature", "properties": { "Name": "Iglesia de San Salvador de Villar de Donas" }, "geometry": { "type": "Point", "coordinates": [ -7.8097297, 42.8925081, 0.0 ] } },
{ "type": "Feature", "properties": { "Name": "Iglesia de San Tirso de Palas de Rei" }, "geometry": { "type": "Point", "coordinates": [ -7.8679648, 42.8724335, 0.0 ] } },
{ "type": "Feature", "properties": { "Name": "Iglesia de Santa Mariña de Fontecuberta" }, "geometry": { "type": "Point", "coordinates": [ -7.8426866, 42.8918775, 0.0 ] } },
{ "type": "Feature", "properties": { "Name": "Monasterio de Santa María de Ferreira de Pantón" }, "geometry": { "type": "Point", "coordinates": [ -7.6198722, 42.5085576, 0.0 ] } },
{ "type": "Feature", "properties": { "Name": "Iglesia de San Fiz de Cangas" }, "geometry": { "type": "Point", "coordinates": [ -7.6409311, 42.4865656, 0.0 ] } },
{ "type": "Feature", "properties": { "Name": "Iglesia románica de San Miguel de Eiré" }, "geometry": { "type": "Point", "coordinates": [ -7.647861, 42.5182595, 0.0 ] } },
{ "type": "Feature", "properties": { "Name": "Iglesia de San Vicenzo de Pombeiro" }, "geometry": { "type": "Point", "coordinates": [ -7.7030712, 42.4480987, 0.0 ] } },
{ "type": "Feature", "properties": { "Name": "Iglesia de Santiago de Barbadelo" }, "geometry": { "type": "Point", "coordinates": [ -7.4503861, 42.7652054, 0.0 ] } },
{ "type": "Feature", "properties": { "Name": "Iglesia de San Salvador de Vilar de Sarria" }, "geometry": { "type": "Point", "coordinates": [ -7.4037264, 42.7817213, 0.0 ] } },
{ "type": "Feature", "properties": { "Name": "Igrexa de Santa María de Albán" }, "geometry": { "type": "Point", "coordinates": [ -7.439221, 42.7559557, 0.0 ] } },
{ "type": "Feature", "properties": { "Name": "Iglesia de San Pedro Fiz de Reimóndez" }, "geometry": { "type": "Point", "coordinates": [ -7.424078, 42.7546104, 0.0 ] } },
{ "type": "Feature", "properties": { "Name": "Iglesia de San Esteban de Reiriz" }, "geometry": { "type": "Point", "coordinates": [ -7.3641819, 42.7488572, 0.0 ] } },
{ "type": "Feature", "properties": { "Name": "Iglesia de San Miguel de Biville" }, "geometry": { "type": "Point", "coordinates": [ -7.5027399, 42.7744037, 0.0 ] } },
{ "type": "Feature", "properties": { "Name": "Iglesia de Santa María de Belante" }, "geometry": { "type": "Point", "coordinates": [ -7.4947027, 42.7765336, 0.0 ] } },
{ "type": "Feature", "properties": { "Name": "Monasterio de San Julián y Santa Basilisa de Samos" }, "geometry": { "type": "Point", "coordinates": [ -7.3257235, 42.7325005, 0.0 ] } },
{ "type": "Feature", "properties": { "Name": "Iglesia de San Paio de Diomondi" }, "geometry": { "type": "Point", "coordinates": [ -7.7122154, 42.5944245, 0.0 ] } },
{ "type": "Feature", "properties": { "Name": "Iglesia de Santa María de Taboada dos Freires" }, "geometry": { "type": "Point", "coordinates": [ -7.8206825, 42.698307, 0.0 ] } },
{ "type": "Feature", "properties": { "Name": "Iglesia de San Martiño de Loiro" }, "geometry": { "type": "Point", "coordinates": [ -7.9066703, 42.2676939, 0.0 ] } },
{ "type": "Feature", "properties": { "Name": "Iglesia de San Salvador dos Pazos de Arenteiro" }, "geometry": { "type": "Point", "coordinates": [ -8.1452547, 42.3985169, 0.0 ] } },
{ "type": "Feature", "properties": { "Name": "Iglesia de San Martín de Cameixa" }, "geometry": { "type": "Point", "coordinates": [ -8.1599943, 42.4249432, 0.0 ] } },
{ "type": "Feature", "properties": { "Name": "Iglesia de San Julián de Astureses" }, "geometry": { "type": "Point", "coordinates": [ -8.1121323, 42.4457557, 0.0 ] } },
{ "type": "Feature", "properties": { "Name": "Colegiata de Santa María la Real" }, "geometry": { "type": "Point", "coordinates": [ -7.735015, 42.2043161, 0.0 ] } },
{ "type": "Feature", "properties": { "Name": "Iglesia de San Salvador de Escuadro" }, "geometry": { "type": "Point", "coordinates": [ -8.2994859, 42.6897601, 0.0 ] } },
{ "type": "Feature", "properties": { "Name": "Iglesia de Santo Tomé de Maside Vello" }, "geometry": { "type": "Point", "coordinates": [ -8.0142209, 42.4110519, 0.0 ] } },
{ "type": "Feature", "properties": { "Name": "Monasterio de Santa Cristina de Ribas de Sil - RIBEIRA SACRA" }, "geometry": { "type": "Point", "coordinates": [ -7.5883085, 42.3959268, 0.0 ] } },
{ "type": "Feature", "properties": { "Name": "Iglesia de San Pedro de Mosteiro" }, "geometry": { "type": "Point", "coordinates": [ -8.0300266, 42.1680585, 0.0 ] } },
{ "type": "Feature", "properties": { "Name": "Iglesia de San Esteban de Oca" }, "geometry": { "type": "Point", "coordinates": [ -8.3801763, 42.7500837, 0.0 ] } },
{ "type": "Feature", "properties": { "Name": "Iglesia de San Xurxo de Codeseda" }, "geometry": { "type": "Point", "coordinates": [ -8.4374609, 42.6184539, 0.0 ] } },
{ "type": "Feature", "properties": { "Name": "Iglesia de San Martiño de Riobó" }, "geometry": { "type": "Point", "coordinates": [ -8.403491, 42.7348934, 0.0 ] } },
{ "type": "Feature", "properties": { "Name": "Iglesia de San Pedro de Ancorados" }, "geometry": { "type": "Point", "coordinates": [ -8.4145454, 42.7151395, 0.0 ] } },
{ "type": "Feature", "properties": { "Name": "Iglesia de Santa María de Loimil" }, "geometry": { "type": "Point", "coordinates": [ -8.3652937, 42.7478393, 0.0 ] } },
{ "type": "Feature", "properties": { "Name": "Iglesia de Santiago de Tabeirós" }, "geometry": { "type": "Point", "coordinates": [ -8.4625568, 42.6628695, 0.0 ] } },
{ "type": "Feature", "properties": { "Name": "Iglesia de San Martín de Ramil" }, "geometry": { "type": "Point", "coordinates": [ -7.977503, 42.8423294, 0.0 ] } },
{ "type": "Feature", "properties": { "Name": "Iglesia de San Pedro de Ferreiroa" }, "geometry": { "type": "Point", "coordinates": [ -8.023567, 42.7462365, 0.0 ] } },
{ "type": "Feature", "properties": { "Name": "Igrexa de San Martiño de Agudelo" }, "geometry": { "type": "Point", "coordinates": [ -8.6526126, 42.5274117, 0.0 ] } },
{ "type": "Feature", "properties": { "Name": "Iglesia de Santa María de Baiona" }, "geometry": { "type": "Point", "coordinates": [ -8.8504771, 42.1180242, 0.0 ] } },
{ "type": "Feature", "properties": { "Name": "Iglesia de Santa María de Cela" }, "geometry": { "type": "Point", "coordinates": [ -8.7528486, 42.3267545, 0.0 ] } },
{ "type": "Feature", "properties": { "Name": "Iglesia de San Miguel de Campo Lameiro" }, "geometry": { "type": "Point", "coordinates": [ -8.5428584, 42.5371004, 0.0 ] } },
{ "type": "Feature", "properties": { "Name": "Ruínas da igrexa románica de Casteláns" }, "geometry": { "type": "Point", "coordinates": [ -8.3933381, 42.235339, 0.0 ] } },
{ "type": "Feature", "properties": { "Name": "Monasterio de San Pedro de Vilanova de Dozón" }, "geometry": { "type": "Point", "coordinates": [ -8.0225915, 42.5770836, 0.0 ] } },
{ "type": "Feature", "properties": { "Name": "Iglesia de San Martín de Lalín de Arriba" }, "geometry": { "type": "Point", "coordinates": [ -8.1073844, 42.6611537, 0.0 ] } },
{ "type": "Feature", "properties": { "Name": "Mosteiro de Santa Maria de Aciveiro" }, "geometry": { "type": "Point", "coordinates": [ -8.3015532, 42.6178815, 0.0 ] } },
{ "type": "Feature", "properties": { "Name": "Iglesia de San Cristóbal de Camposancos" }, "geometry": { "type": "Point", "coordinates": [ -8.1435159, 42.7548349, 0.0 ] } },
{ "type": "Feature", "properties": { "Name": "Iglesia de San Pedro de Alperiz" }, "geometry": { "type": "Point", "coordinates": [ -8.030687, 42.7100359, 0.0 ] } },
{ "type": "Feature", "properties": { "Name": "Iglesia de San Juan de Palmou" }, "geometry": { "type": "Point", "coordinates": [ -8.1198138, 42.7305272, 0.0 ] } },
{ "type": "Feature", "properties": { "Name": "Iglesia de San Juan de Palmou" }, "geometry": { "type": "Point", "coordinates": [ -8.1198138, 42.7305272, 0.0 ] } },
{ "type": "Feature", "properties": { "Name": "Iglesia de Santa María de Bermés" }, "geometry": { "type": "Point", "coordinates": [ -8.1357163, 42.7194439, 0.0 ] } },
{ "type": "Feature", "properties": { "Name": "Iglesia de San Tomás de Piñeiro" }, "geometry": { "type": "Point", "coordinates": [ -8.7193065, 42.3550024, 0.0 ] } },
{ "type": "Feature", "properties": { "Name": "Monasterio de Santa María de Armenteira" }, "geometry": { "type": "Point", "coordinates": [ -8.7419179, 42.4633092, 0.0 ] } },
{ "type": "Feature", "properties": { "Name": "Iglesia de San Vicente de Nogueira" }, "geometry": { "type": "Point", "coordinates": [ -8.7184181, 42.5153383, 0.0 ] } },
{ "type": "Feature", "properties": { "Name": "Iglesia de San Martiño de Moaña" }, "geometry": { "type": "Point", "coordinates": [ -8.7489559, 42.2853697, 0.0 ] } },
{ "type": "Feature", "properties": { "Name": "Igrexa de San Martiño de Gargantáns" }, "geometry": { "type": "Point", "coordinates": [ -8.587993, 42.5666216, 0.0 ] } },
{ "type": "Feature", "properties": { "Name": "Igrexa de San Pedro de Rebón" }, "geometry": { "type": "Point", "coordinates": [ -8.6038403, 42.5553944, 0.0 ] } },
{ "type": "Feature", "properties": { "Name": "Iglesia de San Salvador de Louredo" }, "geometry": { "type": "Point", "coordinates": [ -8.5958824, 42.2187743, 0.0 ] } },
{ "type": "Feature", "properties": { "Name": "Igrexa de Santiago de Parada\n" }, "geometry": { "type": "Point", "coordinates": [ -8.7779537, 42.1301271, 0.0 ] } },
{ "type": "Feature", "properties": { "Name": "Iglesia de San Salvador de Budiño" }, "geometry": { "type": "Point", "coordinates": [ -8.5994511, 42.1035727, 0.0 ] } },
{ "type": "Feature", "properties": { "Name": "Iglesia de San Salvador de Padróns" }, "geometry": { "type": "Point", "coordinates": [ -8.5324676, 42.2259275, 0.0 ] } },
{ "type": "Feature", "properties": { "Name": "Iglesia de San Julián de Romai" }, "geometry": { "type": "Point", "coordinates": [ -8.6831827, 42.5505995, 0.0 ] } },
{ "type": "Feature", "properties": { "Name": "Iglesia de Santa Marina de Pescoso" }, "geometry": { "type": "Point", "coordinates": [ -7.9400443, 42.6915017, 0.0 ] } },
{ "type": "Feature", "properties": { "Name": "Iglesia de San Juan de Camba" }, "geometry": { "type": "Point", "coordinates": [ -7.9121228, 42.6702995, 0.0 ] } },
{ "type": "Feature", "properties": { "Name": "Iglesia de San Martín de Dornelas" }, "geometry": { "type": "Point", "coordinates": [ -8.3383615, 42.7564512, 0.0 ] } },
{ "type": "Feature", "properties": { "Name": "Iglesia de San Pedro de Ansemil" }, "geometry": { "type": "Point", "coordinates": [ -8.2682488, 42.7413945, 0.0 ] } },
{ "type": "Feature", "properties": { "Name": "Iglesia de San Mamede de O Castro" }, "geometry": { "type": "Point", "coordinates": [ -8.2476614, 42.7203255, 0.0 ] } },
{ "type": "Feature", "properties": { "Name": "Iglesia de San Martiño de Negreiros" }, "geometry": { "type": "Point", "coordinates": [ -8.2603975, 42.7203816, 0.0 ] } },
{ "type": "Feature", "properties": { "Name": "Iglesia de San Martiño de Fiestras" }, "geometry": { "type": "Point", "coordinates": [ -8.2745139, 42.6815695, 0.0 ] } },
{ "type": "Feature", "properties": { "Name": "Iglesia de Santa María de Tomiño" }, "geometry": { "type": "Point", "coordinates": [ -8.7505194, 41.9867136, 0.0 ] } },
{ "type": "Feature", "properties": { "Name": "Iglesia de San Bartolomé de Rebordáns" }, "geometry": { "type": "Point", "coordinates": [ -8.6389875, 42.0532346, 0.0 ] } },
{ "type": "Feature", "properties": { "Name": "Iglesia de San Miguel de Pexegueiro" }, "geometry": { "type": "Point", "coordinates": [ -8.6980239, 42.0416972, 0.0 ] } },
{ "type": "Feature", "properties": { "Name": "Catedral de Santa María de Tui" }, "geometry": { "type": "Point", "coordinates": [ -8.6444508, 42.0460746, 0.0 ] } },
{ "type": "Feature", "properties": { "Name": "Iglesia de Santa Cristina de Campaña" }, "geometry": { "type": "Point", "coordinates": [ -8.6684647, 42.7116664, 0.0 ] } },
{ "type": "Feature", "properties": { "Name": "Iglesia de San Salvador de Coruxo" }, "geometry": { "type": "Point", "coordinates": [ -8.7767345, 42.1885564, 0.0 ] } },
{ "type": "Feature", "properties": { "Name": "Iglesia de Santa María de Castrelos" }, "geometry": { "type": "Point", "coordinates": [ -8.7257828, 42.2105475, 0.0 ] } },
{ "type": "Feature", "properties": { "Name": "Igrexa de Santiago de Bembrive" }, "geometry": { "type": "Point", "coordinates": [ -8.6866931, 42.2038859, 0.0 ] } },
{ "type": "Feature", "properties": { "Name": "Iglesia de San Martín Sobrán-Vilaxoán" }, "geometry": { "type": "Point", "coordinates": [ -8.7869773, 42.5855441, 0.0 ] } },
{ "type": "Feature", "properties": { "Name": "Iglesia de San Juan de Baión" }, "geometry": { "type": "Point", "coordinates": [ -8.7258187, 42.5616552, 0.0 ] } },
{ "type": "Feature", "properties": { "Name": "Iglesia de San Pedro da Mezquita" }, "geometry": { "type": "Point", "coordinates": [ -7.8691202, 42.236665, 0.0 ] } },
{ "type": "Feature", "properties": { "Name": "Monasterio de San Martiño de Xubia" }, "geometry": { "type": "Point", "coordinates": [ -8.1741552, 43.4979849, 0.0 ] } },
{ "type": "Feature", "properties": { "Name": "Centro Social E Paroquial De Areias De Vilar" }, "geometry": { "type": "Point", "coordinates": [ -8.5536905, 41.5404272, 0.0 ] } },
{ "type": "Feature", "properties": { "Name": "Mosteiro de San Fins (Valença do Minho )" }, "geometry": { "type": "Point", "coordinates": [ -8.5820962, 42.0314221, 0.0 ] } },
{ "type": "Feature", "properties": { "Name": "Monasterio de São João de Longos Vales" }, "geometry": { "type": "Point", "coordinates": [ -8.4443423, 42.0511196, 0.0 ] } },
{ "type": "Feature", "properties": { "Name": "Iglesia de San Pedro de Rubiães" }, "geometry": { "type": "Point", "coordinates": [ -8.6254716, 41.8965051, 0.0 ] } },
{ "type": "Feature", "properties": { "Name": "Mosteiro de Bravães" }, "geometry": { "type": "Point", "coordinates": [ -8.4531164, 41.7978782, 0.0 ] } },
{ "type": "Feature", "properties": { "Name": "Iglesia de Santa María de Sendelle" }, "geometry": { "type": "Point", "coordinates": [ -8.1544041, 42.9848637, 0.0 ] } },
{ "type": "Feature", "properties": { "Name": "Iglesia de São Romão de Arões" }, "geometry": { "type": "Point", "coordinates": [ -8.2172314, 41.4561844, 0.0 ] } },
{ "type": "Feature", "properties": { "Name": "Iglesia de San Salvador de Fontarcada" }, "geometry": { "type": "Point", "coordinates": [ -8.2455908, 41.5793611, 0.0 ] } },
{ "type": "Feature", "properties": { "Name": "Igreja de Arnoso (Santa Eulália)" }, "geometry": { "type": "Point", "coordinates": [ -8.5214793, 41.4718737, 0.0 ] } },
{ "type": "Feature", "properties": { "Name": "Catedral Vieja de Coímbra" }, "geometry": { "type": "Point", "coordinates": [ -8.4270474, 40.2087884, 0.0 ] } },
{ "type": "Feature", "properties": { "Name": "Nossa Sra do Ó Monastery" }, "geometry": { "type": "Point", "coordinates": [ -8.5772168, 41.2104072, 0.0 ] } },
{ "type": "Feature", "properties": { "Name": "Igreja de Santa Maria de Gondar" }, "geometry": { "type": "Point", "coordinates": [ -8.0313444, 41.2635327, 0.0 ] } },
{ "type": "Feature", "properties": { "Name": "Igreja do Salvador de Unhão" }, "geometry": { "type": "Point", "coordinates": [ -8.2361707, 41.3121716, 0.0 ] } },
{ "type": "Feature", "properties": { "Name": "Iglesia de São Pedro de Rates" }, "geometry": { "type": "Point", "coordinates": [ -8.6723908, 41.4232696, 0.0 ] } },
{ "type": "Feature", "properties": { "Name": "Mosteiro de Bravães" }, "geometry": { "type": "Point", "coordinates": [ -8.4531164, 41.7978782, 0.0 ] } },
{ "type": "Feature", "properties": { "Name": "Iglesia de São João de Coucieiro" }, "geometry": { "type": "Point", "coordinates": [ -8.3990285, 41.6780896, 0.0 ] } },
{ "type": "Feature", "properties": { "Name": "Igreja de São Martinho de Mouros" }, "geometry": { "type": "Point", "coordinates": [ -7.8987424, 41.1018386, 0.0 ] } },
{ "type": "Feature", "properties": { "Name": "Iglesia de San Salvador de Balboa" }, "geometry": { "type": "Point", "coordinates": [ -7.8251538, 42.7503726, 0.0 ] } },
{ "type": "Feature", "properties": { "Name": "Iglesia de San Cibrao dos Ferreiros" }, "geometry": { "type": "Point", "coordinates": [ -7.8194024, 42.7344265, 0.0 ] } },
{ "type": "Feature", "properties": { "Name": "Iglesia de San Martiño de Couto" }, "geometry": { "type": "Point", "coordinates": [ -7.7824512, 42.7322852, 0.0 ] } },
{ "type": "Feature", "properties": { "Name": "Iglesia de Santiago de Amoexa" }, "geometry": { "type": "Point", "coordinates": [ -7.848978, 42.7460919, 0.0 ] } },
{ "type": "Feature", "properties": { "Name": "Iglesia de San Lorenzo de Peibás" }, "geometry": { "type": "Point", "coordinates": [ -7.8702249, 42.7522606, 0.0 ] } },
{ "type": "Feature", "properties": { "Name": "Iglesia de Santa María de Arcos" }, "geometry": { "type": "Point", "coordinates": [ -7.8960165, 42.7605207, 0.0 ] } },
{ "type": "Feature", "properties": { "Name": "Iglesia de San Martín de Amarante" }, "geometry": { "type": "Point", "coordinates": [ -7.9346893, 42.7717402, 0.0 ] } },
{ "type": "Feature", "properties": { "Name": "Iglesia de San Cristóbal de Borraxeiros" }, "geometry": { "type": "Point", "coordinates": [ -8.0057174, 42.7994915, 0.0 ] } },
{ "type": "Feature", "properties": { "Name": "Iglesia de Santa María de Novela" }, "geometry": { "type": "Point", "coordinates": [ -8.0553317, 42.8748522, 0.0 ] } },
{ "type": "Feature", "properties": { "Name": "Iglesia de San Miguel de Esporiz" }, "geometry": { "type": "Point", "coordinates": [ -7.8418978, 42.7971699, 0.0 ] } },
{ "type": "Feature", "properties": { "Name": "Iglesia de Santiago de Albá" }, "geometry": { "type": "Point", "coordinates": [ -7.887705, 42.8462644, 0.0 ] } },
{ "type": "Feature", "properties": { "Name": "Iglesia de San Pedro de Vilareda" }, "geometry": { "type": "Point", "coordinates": [ -7.8616122, 42.8493384, 0.0 ] } },
{ "type": "Feature", "properties": { "Name": "Iglesia de San Pedro de Frameán" }, "geometry": { "type": "Point", "coordinates": [ -7.8232609, 42.7727535, 0.0 ] } },
{ "type": "Feature", "properties": { "Name": "Iglesia de Santa Mariña de Sucastro" }, "geometry": { "type": "Point", "coordinates": [ -7.8127054, 42.7634423, 0.0 ] } },
{ "type": "Feature", "properties": { "Name": "Iglesia de Santa María de Piñeira" }, "geometry": { "type": "Point", "coordinates": [ -7.7984418, 42.6823577, 0.0 ] } },
{ "type": "Feature", "properties": { "Name": "Iglesia de San Miguel do Monte" }, "geometry": { "type": "Point", "coordinates": [ -7.8733649, 42.6681759, 0.0 ] } },
{ "type": "Feature", "properties": { "Name": "Iglesia de San Juan de Bouzoa" }, "geometry": { "type": "Point", "coordinates": [ -7.8567909, 42.6973523, 0.0 ] } },
{ "type": "Feature", "properties": { "Name": "Iglesia de San Vicente de Argozón" }, "geometry": { "type": "Point", "coordinates": [ -7.8702268, 42.6603834, 0.0 ] } },
{ "type": "Feature", "properties": { "Name": "Iglesia de San Cristóbal de Mouricios" }, "geometry": { "type": "Point", "coordinates": [ -7.8413253, 42.6330686, 0.0 ] } },
{ "type": "Feature", "properties": { "Name": "Iglesia de San Cristobal de Fornas" }, "geometry": { "type": "Point", "coordinates": [ -7.775896, 42.6247685, 0.0 ] } },
{ "type": "Feature", "properties": { "Name": "Monasterio de San Salvador de Asma" }, "geometry": { "type": "Point", "coordinates": [ -7.7632176, 42.6015305, 0.0 ] } },
{ "type": "Feature", "properties": { "Name": "Iglesia de Santa María de Camporramiro" }, "geometry": { "type": "Point", "coordinates": [ -7.749638, 42.592012, 0.0 ] } },
{ "type": "Feature", "properties": { "Name": "Iglesia de Santa María de Marrube" }, "geometry": { "type": "Point", "coordinates": [ -7.6587978, 42.5926503, 0.0 ] } },
{ "type": "Feature", "properties": { "Name": "Iglesia de Santa María de Proendos" }, "geometry": { "type": "Point", "coordinates": [ -7.5834208, 42.4516575, 0.0 ] } },
{ "type": "Feature", "properties": { "Name": "Iglesia de San Vicente de Pinol" }, "geometry": { "type": "Point", "coordinates": [ -7.5495557, 42.4060017, 0.0 ] } },
{ "type": "Feature", "properties": { "Name": "San Paio de Abeleda" }, "geometry": { "type": "Point", "coordinates": [ -7.4484778, 42.3893557, 0.0 ] } },
{ "type": "Feature", "properties": { "Name": "Iglesia de San Salvador de Sobrado" }, "geometry": { "type": "Point", "coordinates": [ -7.2381176, 42.31648, 0.0 ] } },
{ "type": "Feature", "properties": { "Name": "Pazo de San Pedro de Grixoa Viana do Bolo" }, "geometry": { "type": "Point", "coordinates": [ -7.1625795, 42.2135967, 0.0 ] } },
{ "type": "Feature", "properties": { "Name": "Iglesia de San Salvador de Vilaza" }, "geometry": { "type": "Point", "coordinates": [ -7.4889293, 41.9313663, 0.0 ] } },
{ "type": "Feature", "properties": { "Name": "Igrexa de Santa María de Zos" }, "geometry": { "type": "Point", "coordinates": [ -7.6615178, 42.0406325, 0.0 ] } },
{ "type": "Feature", "properties": { "Name": "Iglesia de San Martiño de Porqueira" }, "geometry": { "type": "Point", "coordinates": [ -7.8344163, 42.0170812, 0.0 ] } },
{ "type": "Feature", "properties": { "Name": "Iglesia de San Pedro de Boado" }, "geometry": { "type": "Point", "coordinates": [ -7.6831244, 42.0680491, 0.0 ] } },
{ "type": "Feature", "properties": { "Name": "Iglesia de San Tomé de Morgade" }, "geometry": { "type": "Point", "coordinates": [ -7.6972693, 42.0773003, 0.0 ] } },
{ "type": "Feature", "properties": { "Name": "Iglesia de Santa María de Codosedo" }, "geometry": { "type": "Point", "coordinates": [ -7.600447, 42.1406917, 0.0 ] } },
{ "type": "Feature", "properties": { "Name": "Iglesia de San Andrés de Guillamil" }, "geometry": { "type": "Point", "coordinates": [ -7.8343056, 42.1235427, 0.0 ] } },
{ "type": "Feature", "properties": { "Name": "Iglesia de San Miguel de Melias" }, "geometry": { "type": "Point", "coordinates": [ -7.8089076, 42.3998535, 0.0 ] } },
{ "type": "Feature", "properties": { "Name": "Iglesia de San Andrés de Castro de Beiro" }, "geometry": { "type": "Point", "coordinates": [ -7.916724, 42.3749212, 0.0 ] } },
{ "type": "Feature", "properties": { "Name": "Iglesia de Santa Baia de Beiro" }, "geometry": { "type": "Point", "coordinates": [ -7.9026795, 42.3837547, 0.0 ] } },
{ "type": "Feature", "properties": { "Name": "Iglesia de Santa María de Amoeiro" }, "geometry": { "type": "Point", "coordinates": [ -7.9540767, 42.4098203, 0.0 ] } },
{ "type": "Feature", "properties": { "Name": "Iglesia de San Fagundo de Cea" }, "geometry": { "type": "Point", "coordinates": [ -8.0091765, 42.461298, 0.0 ] } },
{ "type": "Feature", "properties": { "Name": "Ermita da Ntra. Señora de Lodairo" }, "geometry": { "type": "Point", "coordinates": [ -8.1632277, 42.3144764, 0.0 ] } },
{ "type": "Feature", "properties": { "Name": "Iglesia de San Xiao de Muimenta" }, "geometry": { "type": "Point", "coordinates": [ -8.1874971, 42.331305, 0.0 ] } },
{ "type": "Feature", "properties": { "Name": "Iglesia de San Andrés de Abelenda das Penas" }, "geometry": { "type": "Point", "coordinates": [ -8.1833074, 42.3455156, 0.0 ] } },
{ "type": "Feature", "properties": { "Name": "Iglesia de Santa María de Razamonde" }, "geometry": { "type": "Point", "coordinates": [ -8.0530049, 42.3290576, 0.0 ] } },
{ "type": "Feature", "properties": { "Name": "Iglesia de San Fiz de Navío" }, "geometry": { "type": "Point", "coordinates": [ -8.0891229, 42.3653749, 0.0 ] } },
{ "type": "Feature", "properties": { "Name": "Iglesia de Santa María de Gomariz" }, "geometry": { "type": "Point", "coordinates": [ -8.1171569, 42.3794083, 0.0 ] } },
{ "type": "Feature", "properties": { "Name": "Iglesia de Sta. María de Melón" }, "geometry": { "type": "Point", "coordinates": [ -8.2161064, 42.2557391, 0.0 ] } },
{ "type": "Feature", "properties": { "Name": "Iglesia de San Vicente de Betote" }, "geometry": { "type": "Point", "coordinates": [ -7.4094374, 42.7994338, 0.0 ] } },
{ "type": "Feature", "properties": { "Name": "Igrexa de San Xulián de Chorente" }, "geometry": { "type": "Point", "coordinates": [ -7.4585938, 42.7217846, 0.0 ] } },
{ "type": "Feature", "properties": { "Name": "Iglesia de San Cristóbal de Cervela" }, "geometry": { "type": "Point", "coordinates": [ -7.4807641, 42.7035987, 0.0 ] } },
{ "type": "Feature", "properties": { "Name": "Iglesia de San Julián de Santalla de Bardaos" }, "geometry": { "type": "Point", "coordinates": [ -7.4242476, 42.6885099, 0.0 ] } },
{ "type": "Feature", "properties": { "Name": "Iglesia de San Xián de Veiga" }, "geometry": { "type": "Point", "coordinates": [ -7.4115849, 42.5953569, 0.0 ] } },
{ "type": "Feature", "properties": { "Name": "Iglesia de San Clodio de Ribas do Sil" }, "geometry": { "type": "Point", "coordinates": [ -7.2825441, 42.4649998, 0.0 ] } },
{ "type": "Feature", "properties": { "Name": "Iglesia de San Lorenzo de Suar" }, "geometry": { "type": "Point", "coordinates": [ -7.5765661, 42.780177, 0.0 ] } },
{ "type": "Feature", "properties": { "Name": "Iglesia de San Miguel de Paradela" }, "geometry": { "type": "Point", "coordinates": [ -7.5695561, 42.7675255, 0.0 ] } },
{ "type": "Feature", "properties": { "Name": "Iglesia de Santa María de Ferreiros" }, "geometry": { "type": "Point", "coordinates": [ -7.5367049, 42.7837066, 0.0 ] } },
{ "type": "Feature", "properties": { "Name": "Iglesia de San Juan de Lodoso" }, "geometry": { "type": "Point", "coordinates": [ -7.8177614, 42.8405325, 0.0 ] } },
{ "type": "Feature", "properties": { "Name": "Iglesia de San Martiño de Fufín" }, "geometry": { "type": "Point", "coordinates": [ -7.8318949, 42.8330155, 0.0 ] } },
{ "type": "Feature", "properties": { "Name": "Iglesia de Santa María de Tarrío" }, "geometry": { "type": "Point", "coordinates": [ -7.8247941, 42.8521324, 0.0 ] } },
{ "type": "Feature", "properties": { "Name": "Iglesia de San Salvador de Toirán" }, "geometry": { "type": "Point", "coordinates": [ -7.343096, 42.892455, 0.0 ] } },
{ "type": "Feature", "properties": { "Name": "Iglesia de Santa María de Caamaño" }, "geometry": { "type": "Point", "coordinates": [ -9.025017, 42.6556614, 0.0 ] } },
{ "type": "Feature", "properties": { "Name": "Iglesia de San Xián de Beba" }, "geometry": { "type": "Point", "coordinates": [ -9.0029108, 42.909953, 0.0 ] } },
{ "type": "Feature", "properties": { "Name": "Iglesia de San Pedro de Benza" }, "geometry": { "type": "Point", "coordinates": [ -8.5950692, 43.0213503, 0.0 ] } },
{ "type": "Feature", "properties": { "Name": "Iglesia de San Mamede de Ribadulla" }, "geometry": { "type": "Point", "coordinates": [ -8.4410995, 42.7700047, 0.0 ] } },
{ "type": "Feature", "properties": { "Name": "Iglesia de San Miguel de Couselo" }, "geometry": { "type": "Point", "coordinates": [ -8.5647475, 42.6728699, 0.0 ] } },
{ "type": "Feature", "properties": { "Name": "Iglesia de Santa María de Frades" }, "geometry": { "type": "Point", "coordinates": [ -8.5673199, 42.7166022, 0.0 ] } },
{ "type": "Feature", "properties": { "Name": "Iglesia de San Julián da Portela" }, "geometry": { "type": "Point", "coordinates": [ -7.0302072, 42.4354143, 0.0 ] } },
{ "type": "Feature", "properties": { "Name": "Iglesia de San Pedro de Gonte" }, "geometry": { "type": "Point", "coordinates": [ -8.7614207, 42.9051753, 0.0 ] } },
{ "type": "Feature", "properties": { "Name": "Iglesia de San Juan de Vilanova" }, "geometry": { "type": "Point", "coordinates": [ -8.129434, 42.6133772, 0.0 ] } },
{ "type": "Feature", "properties": { "Name": "Iglesia de San Andrés de Obre" }, "geometry": { "type": "Point", "coordinates": [ -8.1891548, 43.2868686, 0.0 ] } },
{ "type": "Feature", "properties": { "Name": "Iglesia de Santo Tomás de Salto" }, "geometry": { "type": "Point", "coordinates": [ -8.1964497, 43.2193023, 0.0 ] } },
{ "type": "Feature", "properties": { "Name": "Monasterio de Santa María de Mezonzo" }, "geometry": { "type": "Point", "coordinates": [ -8.1347162, 43.0603323, 0.0 ] } },
{ "type": "Feature", "properties": { "Name": "Iglesia de San Xoán de Muro" }, "geometry": { "type": "Point", "coordinates": [ -7.4039667, 42.8539859, 0.0 ] } },
{ "type": "Feature", "properties": { "Name": "Iglesia de San Esteban de Lousadela" }, "geometry": { "type": "Point", "coordinates": [ -7.3994968, 42.8261126, 0.0 ] } },
{ "type": "Feature", "properties": { "Name": "Antigua Iglesia de San Mamede de Vilasouto" }, "geometry": { "type": "Point", "coordinates": [ -7.4196403, 42.6656887, 0.0 ] } },
{ "type": "Feature", "properties": { "Name": "Iglesia de San Pedro de Ribas Altas" }, "geometry": { "type": "Point", "coordinates": [ -7.4968231, 42.549285, 0.0 ] } },
{ "type": "Feature", "properties": { "Name": "Iglesia de Santa María de Morlán" }, "geometry": { "type": "Point", "coordinates": [ -8.4996233, 43.0111795, 0.0 ] } },
{ "type": "Feature", "properties": { "Name": "Iglesia de San Esteban" }, "geometry": { "type": "Point", "coordinates": [ -6.8194044, 42.5780308, 0.0 ] } },
{ "type": "Feature", "properties": { "Name": "Iglesia de San Miguel" }, "geometry": { "type": "Point", "coordinates": [ -6.8168665, 42.5840755, 0.0 ] } },
{ "type": "Feature", "properties": { "Name": "Iglesia de Santa María de Vizbayo" }, "geometry": { "type": "Point", "coordinates": [ -6.594454, 42.53741, 0.0 ] } },
{ "type": "Feature", "properties": { "Name": "Monasterio de San Pedro de las Dueñas" }, "geometry": { "type": "Point", "coordinates": [ -5.0497795, 42.3312659, 0.0 ] } },
{ "type": "Feature", "properties": { "Name": "Basílica de San Isidoro" }, "geometry": { "type": "Point", "coordinates": [ -5.570794, 42.600768, 0.0 ] } },
{ "type": "Feature", "properties": { "Name": "Santa Marta de Tera" }, "geometry": { "type": "Point", "coordinates": [ -5.9680575, 41.9955967, 0.0 ] } },
{ "type": "Feature", "properties": { "Name": "Iglesia de San Martiño de Prado" }, "geometry": { "type": "Point", "coordinates": [ -8.1883726, 42.681094, 0.0 ] } },
{ "type": "Feature", "properties": { "Name": "Iglesia de Santiago de Taboada" }, "geometry": { "type": "Point", "coordinates": [ -8.2179484, 42.6868335, 0.0 ] } },
{ "type": "Feature", "properties": { "Name": "Iglesia de Santa Eulalia de Chamín" }, "geometry": { "type": "Point", "coordinates": [ -8.5659346, 43.2935056, 0.0 ] } },
{ "type": "Feature", "properties": { "Name": "Iglesia de Santa María de Celas" }, "geometry": { "type": "Point", "coordinates": [ -8.4072166, 43.2495101, 0.0 ] } },
{ "type": "Feature", "properties": { "Name": "Iglesia de Santa María de Verís" }, "geometry": { "type": "Point", "coordinates": [ -8.0549961, 43.2640722, 0.0 ] } },
{ "type": "Feature", "properties": { "Name": "Iglesia de San Julián de Moraime" }, "geometry": { "type": "Point", "coordinates": [ -9.1995776, 43.084873, 0.0 ] } },
{ "type": "Feature", "properties": { "Name": "Iglesia de San Miguel de Bacurín" }, "geometry": { "type": "Point", "coordinates": [ -7.6887618, 42.9680335, 0.0 ] } },
{ "type": "Feature", "properties": { "Name": "Iglesia de San Vicente de Elviña" }, "geometry": { "type": "Point", "coordinates": [ -8.4031969, 43.3342112, 0.0 ] } },
{ "type": "Feature", "properties": { "Name": "Igrexa de San Nicolás de portomarin" }, "geometry": { "type": "Point", "coordinates": [ -7.6157767, 42.807391, 0.0 ] } },
{ "type": "Feature", "properties": { "Name": "Iglesia de San Pedro" }, "geometry": { "type": "Point", "coordinates": [ -7.6147079, 42.8094573, 0.0 ] } },
{ "type": "Feature", "properties": { "Name": "Iglesia de Santa Comba de Trevoedo" }, "geometry": { "type": "Point", "coordinates": [ -8.0321152, 42.3945749, 0.0 ] } },
{ "type": "Feature", "properties": { "Name": "Iglesia de Santa Cruz de Arrabaldo" }, "geometry": { "type": "Point", "coordinates": [ -7.9981454, 42.3467734, 0.0 ] } },
{ "type": "Feature", "properties": { "Name": "Iglesia de Santa María de Feá" }, "geometry": { "type": "Point", "coordinates": [ -7.9979694, 42.3389966, 0.0 ] } },
{ "type": "Feature", "properties": { "Name": "Iglesia de Santa María de Castrelo de Miño" }, "geometry": { "type": "Point", "coordinates": [ -8.1150672, 42.2910019, 0.0 ] } },
{ "type": "Feature", "properties": { "Name": "Iglesia de San Martiño de Bandoxa" }, "geometry": { "type": "Point", "coordinates": [ -8.143899, 43.2062643, 0.0 ] } },
{ "type": "Feature", "properties": { "Name": "Iglesia de San Martiño de Brabío" }, "geometry": { "type": "Point", "coordinates": [ -8.1997189, 43.2664527, 0.0 ] } },
{ "type": "Feature", "properties": { "Name": "Iglesia de San Julián de Coirós" }, "geometry": { "type": "Point", "coordinates": [ -8.1647338, 43.2499551, 0.0 ] } },
{ "type": "Feature", "properties": { "Name": "Iglesia de Santa María de Cruces" }, "geometry": { "type": "Point", "coordinates": [ -8.6480528, 42.786276, 0.0 ] } },
{ "type": "Feature", "properties": { "Name": "Iglesia de Santa Eulalia da Espenuca" }, "geometry": { "type": "Point", "coordinates": [ -8.1559662, 43.2637238, 0.0 ] } },
{ "type": "Feature", "properties": { "Name": "Iglesia de Santa Mariña do Obre" }, "geometry": { "type": "Point", "coordinates": [ -8.8977691, 42.7821011, 0.0 ] } },
{ "type": "Feature", "properties": { "Name": "Iglesia de San Esteban de Anos" }, "geometry": { "type": "Point", "coordinates": [ -8.9133006, 43.1682631, 0.0 ] } },
{ "type": "Feature", "properties": { "Name": "Capilla de San Cosme y San Damián de Sésamo" }, "geometry": { "type": "Point", "coordinates": [ -8.3875861, 43.2771474, 0.0 ] } },
{ "type": "Feature", "properties": { "Name": "Iglesia de Santa Baia de Aguada" }, "geometry": { "type": "Point", "coordinates": [ -7.8800105, 42.5200178, 0.0 ] } },
{ "type": "Feature", "properties": { "Name": "Iglesia de San Vicenzo de Ambreixo" }, "geometry": { "type": "Point", "coordinates": [ -7.916129, 42.8945278, 0.0 ] } },
{ "type": "Feature", "properties": { "Name": "Iglesia de San Pedro de Bembibre" }, "geometry": { "type": "Point", "coordinates": [ -7.7527474, 42.7260692, 0.0 ] } },
{ "type": "Feature", "properties": { "Name": "Iglesia de Santa María de Bermún" }, "geometry": { "type": "Point", "coordinates": [ -7.877854, 42.5787952, 0.0 ] } },
{ "type": "Feature", "properties": { "Name": "Iglesia de Santiago de Bidouredo" }, "geometry": { "type": "Point", "coordinates": [ -7.8555958, 42.8018407, 0.0 ] } },
{ "type": "Feature", "properties": { "Name": "Iglesia de San Salvador de Brigos" }, "geometry": { "type": "Point", "coordinates": [ -7.7943946, 42.5972711, 0.0 ] } },
{ "type": "Feature", "properties": { "Name": "Iglesia de San Xián do Campo" }, "geometry": { "type": "Point", "coordinates": [ -7.7728308, 42.6926019, 0.0 ] } },
{ "type": "Feature", "properties": { "Name": "Iglesia de Santa María de Camporramiro" }, "geometry": { "type": "Point", "coordinates": [ -7.749638, 42.592012, 0.0 ] } },
{ "type": "Feature", "properties": { "Name": "Iglesia de San Mamede do Carballal" }, "geometry": { "type": "Point", "coordinates": [ -7.8981712, 42.9153925, 0.0 ] } },
{ "type": "Feature", "properties": { "Name": "Iglesia de San Martiño de Cumbraos" }, "geometry": { "type": "Point", "coordinates": [ -7.8351446, 42.8132921, 0.0 ] } },
{ "type": "Feature", "properties": { "Name": "Iglesia de San Juan de Friolfe" }, "geometry": { "type": "Point", "coordinates": [ -7.5374764, 42.8107423, 0.0 ] } },
{ "type": "Feature", "properties": { "Name": "Catedral de Lugo" }, "geometry": { "type": "Point", "coordinates": [ -7.558004, 43.0093462, 0.0 ] } },
{ "type": "Feature", "properties": { "Name": "Iglesia de San Martiño de Mariz" }, "geometry": { "type": "Point", "coordinates": [ -7.799488, 42.6389673, 0.0 ] } },
{ "type": "Feature", "properties": { "Name": "Igrexa de San Pedro de Martul" }, "geometry": { "type": "Point", "coordinates": [ -7.635769, 43.0843265, 0.0 ] } },
{ "type": "Feature", "properties": { "Name": "Iglesia de San Salvador de Merlán" }, "geometry": { "type": "Point", "coordinates": [ -7.872587, 42.9425512, 0.0 ] } },
{ "type": "Feature", "properties": { "Name": "Iglesia de Santa María de Mosteiro" }, "geometry": { "type": "Point", "coordinates": [ -7.5829792, 42.8718856, 0.0 ] } },
{ "type": "Feature", "properties": { "Name": "Iglesia de Santa María de Nogueira de Miño" }, "geometry": { "type": "Point", "coordinates": [ -7.7138586, 42.5562553, 0.0 ] } },
{ "type": "Feature", "properties": { "Name": "Iglesia de San Miguel de Oleiros" }, "geometry": { "type": "Point", "coordinates": [ -7.7375402, 42.4747512, 0.0 ] } },
{ "type": "Feature", "properties": { "Name": "Capilla de San Lorenzo de Pedraza" }, "geometry": { "type": "Point", "coordinates": [ -7.8633385, 42.8133215, 0.0 ] } },
{ "type": "Feature", "properties": { "Name": "Iglesia de San Lorenzo de Peibás" }, "geometry": { "type": "Point", "coordinates": [ -7.8702249, 42.7522606, 0.0 ] } },
{ "type": "Feature", "properties": { "Name": "Mosteirio de Santa María de Penamaior" }, "geometry": { "type": "Point", "coordinates": [ -7.2078433, 42.8769444, 0.0 ] } },
{ "type": "Feature", "properties": { "Name": "Iglesia de Santa María de Penela" }, "geometry": { "type": "Point", "coordinates": [ -7.4779866, 42.487229, 0.0 ] } },
{ "type": "Feature", "properties": { "Name": "Iglesia de Santiago de Pradeda" }, "geometry": { "type": "Point", "coordinates": [ -7.8082805, 42.561251, 0.0 ] } },
{ "type": "Feature", "properties": { "Name": "Iglesia de Santiago de Requeixo" }, "geometry": { "type": "Point", "coordinates": [ -7.8648967, 42.6129892, 0.0 ] } },
{ "type": "Feature", "properties": { "Name": "Iglesia de San Pedro Fiz de Reimóndez" }, "geometry": { "type": "Point", "coordinates": [ -7.424078, 42.7546104, 0.0 ] } },
{ "type": "Feature", "properties": { "Name": "Iglesia de Santa Cruz de Viana" }, "geometry": { "type": "Point", "coordinates": [ -7.8426287, 42.5790541, 0.0 ] } },
{ "type": "Feature", "properties": { "Name": "Iglesia de San Paio de Seixón" }, "geometry": { "type": "Point", "coordinates": [ -7.8143626, 43.1155822, 0.0 ] } },
{ "type": "Feature", "properties": { "Name": "Iglesia de Santa María de Seteventos" }, "geometry": { "type": "Point", "coordinates": [ -7.6194697, 42.5924971, 0.0 ] } },
{ "type": "Feature", "properties": { "Name": "Iglesia de Santa María de Torbeo" }, "geometry": { "type": "Point", "coordinates": [ -7.3777445, 42.4418253, 0.0 ] } },
{ "type": "Feature", "properties": { "Name": "Iglesia de San Salvador de Balboa" }, "geometry": { "type": "Point", "coordinates": [ -7.8251538, 42.7503726, 0.0 ] } },
{ "type": "Feature", "properties": { "Name": "Iglesia de Santa María de Vilaragunte" }, "geometry": { "type": "Point", "coordinates": [ -7.5515444, 42.7571598, 0.0 ] } },
{ "type": "Feature", "properties": { "Name": "Iglesia de San Salvador de Vileiriz" }, "geometry": { "type": "Point", "coordinates": [ -7.5502161, 42.8139857, 0.0 ] } },
{ "type": "Feature", "properties": { "Name": "Iglesia de San Pedro de Figueiredo" }, "geometry": { "type": "Point", "coordinates": [ -7.7763813, 42.2754954, 0.0 ] } },
{ "type": "Feature", "properties": { "Name": "Iglesia de San Pedro de Garabás" }, "geometry": { "type": "Point", "coordinates": [ -8.0166125, 42.4266044, 0.0 ] } },
{ "type": "Feature", "properties": { "Name": "Iglesia de Santa María de Mesego" }, "geometry": { "type": "Point", "coordinates": [ -8.0891336, 42.4171106, 0.0 ] } },
{ "type": "Feature", "properties": { "Name": "Monasterio de San Pedro de Rocas" }, "geometry": { "type": "Point", "coordinates": [ -7.7134122, 42.3418883, 0.0 ] } },
{ "type": "Feature", "properties": { "Name": "Iglesia de San Pedro de Trasalba" }, "geometry": { "type": "Point", "coordinates": [ -7.9751157, 42.3659819, 0.0 ] } },
{ "type": "Feature", "properties": { "Name": "Iglesia de Santa María de Xuvencos" }, "geometry": { "type": "Point", "coordinates": [ -8.1296661, 42.4404811, 0.0 ] } },
{ "type": "Feature", "properties": { "Name": "Igrexa de San Xoán de Anzo" }, "geometry": { "type": "Point", "coordinates": [ -8.1993265, 42.7179567, 0.0 ] } },
{ "type": "Feature", "properties": { "Name": "Iglesia de San Andrés de Cesar" }, "geometry": { "type": "Point", "coordinates": [ -8.6268974, 42.6104924, 0.0 ] } },
{ "type": "Feature", "properties": { "Name": "Iglesia de Santa Eulalia de Donas" }, "geometry": { "type": "Point", "coordinates": [ -8.7885662, 42.0975882, 0.0 ] } },
{ "type": "Feature", "properties": { "Name": "Iglesia de San Andrés de Figueirido" }, "geometry": { "type": "Point", "coordinates": [ -8.6296441, 42.3694634, 0.0 ] } },
{ "type": "Feature", "properties": { "Name": "Iglesia de San Pedro de Fontecarmoa" }, "geometry": { "type": "Point", "coordinates": [ -8.7706341, 42.5850743, 0.0 ] } },
{ "type": "Feature", "properties": { "Name": "Iglesia de Santa Mariña de Fragas" }, "geometry": { "type": "Point", "coordinates": [ -8.5577694, 42.5245467, 0.0 ] } },
{ "type": "Feature", "properties": { "Name": "Iglesia de Santo Tirso de Manduas" }, "geometry": { "type": "Point", "coordinates": [ -8.2944095, 42.7379073, 0.0 ] } },
{ "type": "Feature", "properties": { "Name": "Iglesia de San Salvador de Meis" }, "geometry": { "type": "Point", "coordinates": [ -8.7273203, 42.4972085, 0.0 ] } },
{ "type": "Feature", "properties": { "Name": "Iglesia de San Martín de Meis" }, "geometry": { "type": "Point", "coordinates": [ -8.7506009, 42.4953398, 0.0 ] } },
{ "type": "Feature", "properties": { "Name": "Iglesia de San Miguel de Moreira" }, "geometry": { "type": "Point", "coordinates": [ -8.4478875, 42.7164905, 0.0 ] } },
{ "type": "Feature", "properties": { "Name": "Igrexa de Santa María de Noceda" }, "geometry": { "type": "Point", "coordinates": [ -8.1912392, 42.6993982, 0.0 ] } },
{ "type": "Feature", "properties": { "Name": "Iglesia de San Miguel de Peitieiros" }, "geometry": { "type": "Point", "coordinates": [ -8.7370045, 42.0994377, 0.0 ] } },
{ "type": "Feature", "properties": { "Name": "Parroquia San Xoan de Poio" }, "geometry": { "type": "Point", "coordinates": [ -8.685095, 42.4462735, 0.0 ] } },
{ "type": "Feature", "properties": { "Name": "Iglesia de Santa María de Sacos" }, "geometry": { "type": "Point", "coordinates": [ -8.4939611, 42.5140286, 0.0 ] } },
{ "type": "Feature", "properties": { "Name": "Iglesia Santa María de Xanza" }, "geometry": { "type": "Point", "coordinates": [ -8.6515088, 42.6934824, 0.0 ] } },
{ "type": "Feature", "properties": { "Name": "Iglesia de Santa María de Corvelle" }, "geometry": { "type": "Point", "coordinates": [ -7.3569372, 42.8068438, 0.0 ] } },
{ "type": "Feature", "properties": { "Name": "Iglesia de San Xiao do Camiño" }, "geometry": { "type": "Point", "coordinates": [ -7.9041575, 42.874271, 0.0 ] } },
{ "type": "Feature", "properties": { "Name": "Iglesia de Santiago" }, "geometry": { "type": "Point", "coordinates": [ -7.8020004, 42.190046, 0.0 ] } },
{ "type": "Feature", "properties": { "Name": "Iglesia de San Pedro Fiz" }, "geometry": { "type": "Point", "coordinates": [ -7.3398831, 42.6549337, 0.0 ] } },
{ "type": "Feature", "properties": { "Name": "Iglesia de Santiago" }, "geometry": { "type": "Point", "coordinates": [ -6.8077191, 42.6040621, 0.0 ] } },
{ "type": "Feature", "properties": { "Name": "Iglesia de Santiago de Reboredo" }, "geometry": { "type": "Point", "coordinates": [ -8.1609195, 43.2129849, 0.0 ] } },
{ "type": "Feature", "properties": { "Name": "Iglesia de San Juan de Amandi" }, "geometry": { "type": "Point", "coordinates": [ -5.4424338, 43.4695197, 0.0 ] } },
{ "type": "Feature", "properties": { "Name": "Iglesia de San Esteban de Aramil" }, "geometry": { "type": "Point", "coordinates": [ -5.6184696, 43.3846104, 0.0 ] } },
{ "type": "Feature", "properties": { "Name": "Iglesia de San Vicente de Arcellana" }, "geometry": { "type": "Point", "coordinates": [ -6.2672216, 43.3934989, 0.0 ] } },
{ "type": "Feature", "properties": { "Name": "Iglesia de Santiago de Arlós" }, "geometry": { "type": "Point", "coordinates": [ -5.9044374, 43.4821494, 0.0 ] } },
{ "type": "Feature", "properties": { "Name": "Iglesia San Nicolás de Bari" }, "geometry": { "type": "Point", "coordinates": [ -5.9233582, 43.5548489, 0.0 ] } },
{ "type": "Feature", "properties": { "Name": "Iglesia de Santa María Magdalena de los Corros" }, "geometry": { "type": "Point", "coordinates": [ -5.9232647, 43.5459472, 0.0 ] } },
{ "type": "Feature", "properties": { "Name": "Iglesia vieja de Sabugo" }, "geometry": { "type": "Point", "coordinates": [ -5.9234123, 43.559955, 0.0 ] } },
{ "type": "Feature", "properties": { "Name": "Iglesia de Santa Eulalia de Valdornón" }, "geometry": { "type": "Point", "coordinates": [ -5.61288, 43.45695, 0.0 ] } },
{ "type": "Feature", "properties": { "Name": "Iglesia de San Miguel de Báscones" }, "geometry": { "type": "Point", "coordinates": [ -5.9955797, 43.3634791, 0.0 ] } },
{ "type": "Feature", "properties": { "Name": "Iglesia de San Vicente de Caldones" }, "geometry": { "type": "Point", "coordinates": [ -5.6267478, 43.484425, 0.0 ] } },
{ "type": "Feature", "properties": { "Name": "Iglesia de San Vicente" }, "geometry": { "type": "Point", "coordinates": [ -6.0675476, 43.4005012, 0.0 ] } },
{ "type": "Feature", "properties": { "Name": "Iglesia de San Juan Bautista de Cenero" }, "geometry": { "type": "Point", "coordinates": [ -5.7335601, 43.5008869, 0.0 ] } },
{ "type": "Feature", "properties": { "Name": "Iglesia de San Esteban de Ciañu" }, "geometry": { "type": "Point", "coordinates": [ -5.6680233, 43.2885959, 0.0 ] } },
{ "type": "Feature", "properties": { "Name": "Iglesia de San Miguel de Cofiño" }, "geometry": { "type": "Point", "coordinates": [ -5.2296847, 43.4113043, 0.0 ] } },
{ "type": "Feature", "properties": { "Name": "Iglesia de San Pedro" }, "geometry": { "type": "Point", "coordinates": [ -5.0155737, 43.3381727, 0.0 ] } },
{ "type": "Feature", "properties": { "Name": "Monasterio de San Salvador de Cornellana/Corniana" }, "geometry": { "type": "Point", "coordinates": [ -6.156924, 43.4089419, 0.0 ] } },
{ "type": "Feature", "properties": { "Name": "Iglesia de San Salvador de Fuentes" }, "geometry": { "type": "Point", "coordinates": [ -5.4249397, 43.4735579, 0.0 ] } },
{ "type": "Feature", "properties": { "Name": "Iglesia de San Pedro" }, "geometry": { "type": "Point", "coordinates": [ -6.0699168, 43.3892267, 0.0 ] } },
{ "type": "Feature", "properties": { "Name": "Iglesia de Santa Maria Magdalena" }, "geometry": { "type": "Point", "coordinates": [ -5.7922367, 43.2673845, 0.0 ] } },
{ "type": "Feature", "properties": { "Name": "Iglesia de Santa Eulalia" }, "geometry": { "type": "Point", "coordinates": [ -5.4457686, 43.5296637, 0.0 ] } },
{ "type": "Feature", "properties": { "Name": "Iglesia de Santa María de Llogrezana" }, "geometry": { "type": "Point", "coordinates": [ -5.80849, 43.5449658, 0.0 ] } },
{ "type": "Feature", "properties": { "Name": "Iglesia de Santa María Magdalena de Los Pandos" }, "geometry": { "type": "Point", "coordinates": [ -5.3892254, 43.4667417, 0.0 ] } },
{ "type": "Feature", "properties": { "Name": "Iglesia de Santa María de Llugás" }, "geometry": { "type": "Point", "coordinates": [ -5.4285051, 43.4528724, 0.0 ] } },
{ "type": "Feature", "properties": { "Name": "Iglesia de San Jorge" }, "geometry": { "type": "Point", "coordinates": [ -5.8757537, 43.6060142, 0.0 ] } },
{ "type": "Feature", "properties": { "Name": "Iglesia San Juan" }, "geometry": { "type": "Point", "coordinates": [ -5.771932, 43.2522367, 0.0 ] } },
{ "type": "Feature", "properties": { "Name": "Iglesia de Santa María de Narzana" }, "geometry": { "type": "Point", "coordinates": [ -5.5750278, 43.4150952, 0.0 ] } },
{ "type": "Feature", "properties": { "Name": "Catedral de San Salvador" }, "geometry": { "type": "Point", "coordinates": [ -5.8436718, 43.3625093, 0.0 ] } },
{ "type": "Feature", "properties": { "Name": "Iglesia de San Juan" }, "geometry": { "type": "Point", "coordinates": [ -6.0441911, 43.402715, 0.0 ] } },
{ "type": "Feature", "properties": { "Name": "Iglesia de San Pedro de Piñeres" }, "geometry": { "type": "Point", "coordinates": [ -5.69398, 43.16757, 0.0 ] } },
{ "type": "Feature", "properties": { "Name": "Iglesia de San Félix" }, "geometry": { "type": "Point", "coordinates": [ -5.7066065, 43.5011904, 0.0 ] } },
{ "type": "Feature", "properties": { "Name": "Iglesia de San Esteban" }, "geometry": { "type": "Point", "coordinates": [ -6.1400808, 43.4223986, 0.0 ] } },
{ "type": "Feature", "properties": { "Name": "Iglesia de San Pedro de Plecín. Ruinas" }, "geometry": { "type": "Point", "coordinates": [ -4.701385, 43.3298281, 0.0 ] } },
{ "type": "Feature", "properties": { "Name": "Iglesia de Santa María de Sariegomuerto" }, "geometry": { "type": "Point", "coordinates": [ -5.4835517, 43.4810125, 0.0 ] } },
{ "type": "Feature", "properties": { "Name": "Iglesia de Santa María" }, "geometry": { "type": "Point", "coordinates": [ -5.3763295, 43.4939494, 0.0 ] } },
{ "type": "Feature", "properties": { "Name": "Iglesia de Santa Eulalia (Selorio)" }, "geometry": { "type": "Point", "coordinates": [ -5.3634052, 43.5147676, 0.0 ] } },
{ "type": "Feature", "properties": { "Name": "Iglesia de San Miguel" }, "geometry": { "type": "Point", "coordinates": [ -5.785012, 43.5034276, 0.0 ] } },
{ "type": "Feature", "properties": { "Name": "Iglesia de San Esteban" }, "geometry": { "type": "Point", "coordinates": [ -5.9355048, 43.34743, 0.0 ] } },
{ "type": "Feature", "properties": { "Name": "Iglesia de San Pedro" }, "geometry": { "type": "Point", "coordinates": [ -6.2718227, 43.3618076, 0.0 ] } },
{ "type": "Feature", "properties": { "Name": "Colegiata de San Pedro" }, "geometry": { "type": "Point", "coordinates": [ -6.1021398, 43.1586547, 0.0 ] } },
{ "type": "Feature", "properties": { "Name": "Iglesia de Santa María" }, "geometry": { "type": "Point", "coordinates": [ -5.7509684, 43.3667091, 0.0 ] } },
{ "type": "Feature", "properties": { "Name": "Iglesia de San Pedro (antes de San Francisco)" }, "geometry": { "type": "Point", "coordinates": [ -6.4150333, 43.3352862, 0.0 ] } },
{ "type": "Feature", "properties": { "Name": "Iglesia de Santolaya de Uxo" }, "geometry": { "type": "Point", "coordinates": [ -5.7919471, 43.2042377, 0.0 ] } },
{ "type": "Feature", "properties": { "Name": "Iglesia de San Andrés" }, "geometry": { "type": "Point", "coordinates": [ -5.4720217, 43.43246, 0.0 ] } },
{ "type": "Feature", "properties": { "Name": "Monasterio de Santa María de Valdediós" }, "geometry": { "type": "Point", "coordinates": [ -5.5069372, 43.4365187, 0.0 ] } },
{ "type": "Feature", "properties": { "Name": "Ábside Románico (Antiguo Monasterio de Santa María de Villamayor)" }, "geometry": { "type": "Point", "coordinates": [ -5.3064481, 43.3594696, 0.0 ] } },
{ "type": "Feature", "properties": { "Name": "Monasterio de San Pedro" }, "geometry": { "type": "Point", "coordinates": [ -5.1510218, 43.3668473, 0.0 ] } },
{ "type": "Feature", "properties": { "Name": "Iglesia románica de Santa María" }, "geometry": { "type": "Point", "coordinates": [ -6.1402548, 43.1487968, 0.0 ] } },
{ "type": "Feature", "properties": { "Name": "Iglesia de Santa María de la Oliva" }, "geometry": { "type": "Point", "coordinates": [ -5.4369125, 43.4819745, 0.0 ] } },
{ "type": "Feature", "properties": { "Name": "Iglesia de San Nicolás" }, "geometry": { "type": "Point", "coordinates": [ -5.5649272, 43.2167195, 0.0 ] } },
{ "type": "Feature", "properties": { "Name": "Monasterio de Santa María de Valdediós" }, "geometry": { "type": "Point", "coordinates": [ -5.5069372, 43.4365187, 0.0 ] } },
{ "type": "Feature", "properties": { "Name": "Colegiata de Santa María" }, "geometry": { "type": "Point", "coordinates": [ -5.7446088, 42.9933241, 0.0 ] } },
{ "type": "Feature", "properties": { "Name": "Iglesia de La Asunción" }, "geometry": { "type": "Point", "coordinates": [ -4.8864407, 42.8960638, 0.0 ] } },
{ "type": "Feature", "properties": { "Name": "Iglesia de San Vicente" }, "geometry": { "type": "Point", "coordinates": [ -5.3399168, 42.8025329, 0.0 ] } },
{ "type": "Feature", "properties": { "Name": "Monasterio de Santa María de Carracedo" }, "geometry": { "type": "Point", "coordinates": [ -6.7312486, 42.5709041, 0.0 ] } },
{ "type": "Feature", "properties": { "Name": "Iglesia de San Juan Bautista" }, "geometry": { "type": "Point", "coordinates": [ -6.4564366, 42.3096855, 0.0 ] } },
{ "type": "Feature", "properties": { "Name": "Iglesia de Santa María del Camino o del Mercado" }, "geometry": { "type": "Point", "coordinates": [ -5.5690753, 42.594994, 0.0 ] } },
{ "type": "Feature", "properties": { "Name": "Iglesia de San Juan de Montealegre. Ruinas" }, "geometry": { "type": "Point", "coordinates": [ -6.2828655, 42.5988026, 0.0 ] } },
{ "type": "Feature", "properties": { "Name": "Iglesia de Nuestra Señora de las Nieves" }, "geometry": { "type": "Point", "coordinates": [ -5.5408279, 42.8515212, 0.0 ] } },
{ "type": "Feature", "properties": { "Name": "Monasterio de los Santos Facundo y Primitivo" }, "geometry": { "type": "Point", "coordinates": [ -5.0330066, 42.3711306, 0.0 ] } },
{ "type": "Feature", "properties": { "Name": "Iglesia de San Martín" }, "geometry": { "type": "Point", "coordinates": [ -6.5448268, 42.5127647, 0.0 ] } },
{ "type": "Feature", "properties": { "Name": "Iglesia de San Martín" }, "geometry": { "type": "Point", "coordinates": [ -4.9954365, 42.8084223, 0.0 ] } },
{ "type": "Feature", "properties": { "Name": "Monasterio de San Miguel de Escalada" }, "geometry": { "type": "Point", "coordinates": [ -5.3028875, 42.5712708, 0.0 ] } },
{ "type": "Feature", "properties": { "Name": "Iglesia de Santiago" }, "geometry": { "type": "Point", "coordinates": [ -4.8949616, 42.9364343, 0.0 ] } },
{ "type": "Feature", "properties": { "Name": "Iglesia de San Juan Bautista" }, "geometry": { "type": "Point", "coordinates": [ -6.2686965, 42.4498885, 0.0 ] } },
{ "type": "Feature", "properties": { "Name": "Done Bartolome Eliza/Iglesia de San Bartolomé" }, "geometry": { "type": "Point", "coordinates": [ -2.4740713, 42.8232161, 0.0 ] } },
{ "type": "Feature", "properties": { "Name": "Ermita de Nuestra Señora de Ayala" }, "geometry": { "type": "Point", "coordinates": [ -2.511684, 42.8528008, 0.0 ] } },
{ "type": "Feature", "properties": { "Name": "Iglesia de San Vicente" }, "geometry": { "type": "Point", "coordinates": [ -3.1326891, 43.0593042, 0.0 ] } },
{ "type": "Feature", "properties": { "Name": "Ermita de San Juan de Amamio" }, "geometry": { "type": "Point", "coordinates": [ -2.3094795, 42.8890964, 0.0 ] } },
{ "type": "Feature", "properties": { "Name": "Basílica de San Andrés y San Prudencio" }, "geometry": { "type": "Point", "coordinates": [ -2.7019923, 42.8331427, 0.0 ] } },
{ "type": "Feature", "properties": { "Name": "Iglesia de San Román" }, "geometry": { "type": "Point", "coordinates": [ -2.9855182, 42.8864244, 0.0 ] } },
{ "type": "Feature", "properties": { "Name": "Iglesia de San Millán" }, "geometry": { "type": "Point", "coordinates": [ -3.0868833, 42.8827449, 0.0 ] } },
{ "type": "Feature", "properties": { "Name": "Ermita de la Soledad" }, "geometry": { "type": "Point", "coordinates": [ -2.4336893, 42.7288654, 0.0 ] } },
{ "type": "Feature", "properties": { "Name": "Iglesia de San Ginés" }, "geometry": { "type": "Point", "coordinates": [ -2.9610954, 42.8120834, 0.0 ] } },
{ "type": "Feature", "properties": { "Name": "Iglesia de San Cornelio y San Cipriano" }, "geometry": { "type": "Point", "coordinates": [ -3.0292051, 42.8279338, 0.0 ] } },
{ "type": "Feature", "properties": { "Name": "Iglesia de San Pedro" }, "geometry": { "type": "Point", "coordinates": [ -2.8909385, 42.9593547, 0.0 ] } },
{ "type": "Feature", "properties": { "Name": "Iglesia de la Natividad de Nuestra Señora" }, "geometry": { "type": "Point", "coordinates": [ -2.7195192, 42.9459459, 0.0 ] } },
{ "type": "Feature", "properties": { "Name": "Iglesia de Nuestra Señora de la Asunción" }, "geometry": { "type": "Point", "coordinates": [ -2.66609, 42.938586, 0.0 ] } },
{ "type": "Feature", "properties": { "Name": "Iglesia de la Degollación de San Juan Bautista" }, "geometry": { "type": "Point", "coordinates": [ -2.4375141, 42.7546989, 0.0 ] } },
{ "type": "Feature", "properties": { "Name": "Bartolome Deunaren Eliza/Iglesia de San Bartolomé" }, "geometry": { "type": "Point", "coordinates": [ -2.8075798, 42.9277288, 0.0 ] } },
{ "type": "Feature", "properties": { "Name": "Erroman Deunaren Eliza/Iglesia de San Román" }, "geometry": { "type": "Point", "coordinates": [ -2.3127679, 42.8652858, 0.0 ] } },
{ "type": "Feature", "properties": { "Name": "Ander Deuna Apostoluaren Eliza/Iglesia de San Andrés Apóstol" }, "geometry": { "type": "Point", "coordinates": [ -2.5218039, 42.8152294, 0.0 ] } },
{ "type": "Feature", "properties": { "Name": "Iglesia de San Andrés Apóstol" }, "geometry": { "type": "Point", "coordinates": [ -2.7478618, 42.8665514, 0.0 ] } },
{ "type": "Feature", "properties": { "Name": "Santuario de Nuestra Señora de Estíbaliz" }, "geometry": { "type": "Point", "coordinates": [ -2.5702479, 42.8482329, 0.0 ] } },
{ "type": "Feature", "properties": { "Name": "Erroman Deunaren Eliza/Iglesia de San Roman" }, "geometry": { "type": "Point", "coordinates": [ -2.4524781, 42.8484506, 0.0 ] } },
{ "type": "Feature", "properties": { "Name": "Iglesia de Nuestra Señora de la Asunción" }, "geometry": { "type": "Point", "coordinates": [ -2.3628593, 42.8966189, 0.0 ] } },
{ "type": "Feature", "properties": { "Name": "Iglesia de Santiago Apóstol" }, "geometry": { "type": "Point", "coordinates": [ -2.9132661, 42.9769343, 0.0 ] } },
{ "type": "Feature", "properties": { "Name": "Iglesia de San Cristóbal" }, "geometry": { "type": "Point", "coordinates": [ -2.4441269, 42.878256, 0.0 ] } },
{ "type": "Feature", "properties": { "Name": "Done Bikendi Eliza/Iglesia de San Vicente" }, "geometry": { "type": "Point", "coordinates": [ -2.7990403, 42.8834905, 0.0 ] } },
{ "type": "Feature", "properties": { "Name": "Iglesia de San Martín" }, "geometry": { "type": "Point", "coordinates": [ -2.9160463, 42.8714423, 0.0 ] } },
{ "type": "Feature", "properties": { "Name": "Done Joan Batailatzearen Eliza/Iglesia de San Juan Bautista" }, "geometry": { "type": "Point", "coordinates": [ -3.0401858, 42.8603045, 0.0 ] } },
{ "type": "Feature", "properties": { "Name": "Iglesia de San Pedro" }, "geometry": { "type": "Point", "coordinates": [ -2.8885165, 42.9111346, 0.0 ] } },
{ "type": "Feature", "properties": { "Name": "Iglesia de Santa Eufemia" }, "geometry": { "type": "Point", "coordinates": [ -2.4425687, 42.7491926, 0.0 ] } },
{ "type": "Feature", "properties": { "Name": "Iglesia de San Martín" }, "geometry": { "type": "Point", "coordinates": [ -2.9720438, 43.0285923, 0.0 ] } },
{ "type": "Feature", "properties": { "Name": "Iglesia de la Asunción de Nuestra Señora" }, "geometry": { "type": "Point", "coordinates": [ -2.3929093, 42.8849518, 0.0 ] } },
{ "type": "Feature", "properties": { "Name": "Iglesia de San Juan Bautista" }, "geometry": { "type": "Point", "coordinates": [ -2.875899, 42.7407712, 0.0 ] } },
{ "type": "Feature", "properties": { "Name": "Ermita de San Juan" }, "geometry": { "type": "Point", "coordinates": [ -2.5600796, 42.7063908, 0.0 ] } },
{ "type": "Feature", "properties": { "Name": "Iglesia de San Esteban" }, "geometry": { "type": "Point", "coordinates": [ -2.7791727, 42.8594382, 0.0 ] } },
{ "type": "Feature", "properties": { "Name": "Iglesia de San Vicente Mártir" }, "geometry": { "type": "Point", "coordinates": [ -2.669427, 42.9234396, 0.0 ] } },
{ "type": "Feature", "properties": { "Name": "Iglesia de Nuestra Señora de la Asunción" }, "geometry": { "type": "Point", "coordinates": [ -2.3555112, 42.8468566, 0.0 ] } },
{ "type": "Feature", "properties": { "Name": "Iglesia de San Martín" }, "geometry": { "type": "Point", "coordinates": [ -2.4219992, 42.7770519, 0.0 ] } },
{ "type": "Feature", "properties": { "Name": "Iglesia de San Bartolomé" }, "geometry": { "type": "Point", "coordinates": [ -2.7660697, 42.951434, 0.0 ] } },
{ "type": "Feature", "properties": { "Name": "Iglesia de San Lorenzo" }, "geometry": { "type": "Point", "coordinates": [ -2.7351964, 42.9567025, 0.0 ] } },
{ "type": "Feature", "properties": { "Name": "Iglesia de Nuestra Señora de la Asunción" }, "geometry": { "type": "Point", "coordinates": [ -2.3775093, 42.8739592, 0.0 ] } },
{ "type": "Feature", "properties": { "Name": "Iglesia de San Jorge" }, "geometry": { "type": "Point", "coordinates": [ -2.7942034, 42.6831652, 0.0 ] } },
{ "type": "Feature", "properties": { "Name": "Iglesia de San Jorge" }, "geometry": { "type": "Point", "coordinates": [ -2.7942034, 42.6831652, 0.0 ] } },
{ "type": "Feature", "properties": { "Name": "Ermita de Santa María de Tobera" }, "geometry": { "type": "Point", "coordinates": [ -2.7858592, 42.6856296, 0.0 ] } },
{ "type": "Feature", "properties": { "Name": "Iglesia de San Román" }, "geometry": { "type": "Point", "coordinates": [ -3.1876866, 42.8799102, 0.0 ] } },
{ "type": "Feature", "properties": { "Name": "Olaia Donea Eliza/Iglesia de Santa Eulalia" }, "geometry": { "type": "Point", "coordinates": [ -2.4543466, 42.836853, 0.0 ] } },
{ "type": "Feature", "properties": { "Name": "Ermita Andra Mari" }, "geometry": { "type": "Point", "coordinates": [ -2.3194754, 42.7616739, 0.0 ] } },
{ "type": "Feature", "properties": { "Name": "Iglesia de San Esteban" }, "geometry": { "type": "Point", "coordinates": [ -2.5941515, 42.8878651, 0.0 ] } },
{ "type": "Feature", "properties": { "Name": "Iglesia de San Quirico y Julita" }, "geometry": { "type": "Point", "coordinates": [ -2.9100637, 42.8589969, 0.0 ] } },
{ "type": "Feature", "properties": { "Name": "Iglesia San Juan Bautista" }, "geometry": { "type": "Point", "coordinates": [ -2.6521767, 42.9538065, 0.0 ] } },
{ "type": "Feature", "properties": { "Name": "Iglesia de San Millán" }, "geometry": { "type": "Point", "coordinates": [ -3.0414045, 42.8222602, 0.0 ] } },
{ "type": "Feature", "properties": { "Name": "Iglesia de San Andrés" }, "geometry": { "type": "Point", "coordinates": [ -2.4745816, 42.7542942, 0.0 ] } },
{ "type": "Feature", "properties": { "Name": "Iglesia de San Pedro Apóstol" }, "geometry": { "type": "Point", "coordinates": [ -4.695336, 40.6542177, 0.0 ] } },
{ "type": "Feature", "properties": { "Name": "Iglesia de San Andrés" }, "geometry": { "type": "Point", "coordinates": [ -4.6953776, 40.6594397, 0.0 ] } },
{ "type": "Feature", "properties": { "Name": "Ermita de San Esteban" }, "geometry": { "type": "Point", "coordinates": [ -4.7050848, 40.6573378, 0.0 ] } },
{ "type": "Feature", "properties": { "Name": "Iglesia de Santo Tomé el Viejo" }, "geometry": { "type": "Point", "coordinates": [ -4.6956702, 40.6561152, 0.0 ] } },
{ "type": "Feature", "properties": { "Name": "Iglesia de San Nicolás" }, "geometry": { "type": "Point", "coordinates": [ -4.7024277, 40.6518078, 0.0 ] } },
{ "type": "Feature", "properties": { "Name": "Iglesia de San Martín" }, "geometry": { "type": "Point", "coordinates": [ -4.7186923, 41.0655665, 0.0 ] } },
{ "type": "Feature", "properties": { "Name": "Frontón de la Iglesia Mediana de Voltoya" }, "geometry": { "type": "Point", "coordinates": [ -4.562765, 40.7003356, 0.0 ] } },
{ "type": "Feature", "properties": { "Name": "Iglesia de San Juan del Mercado" }, "geometry": { "type": "Point", "coordinates": [ -5.6777071, 42.0038314, 0.0 ] } },
{ "type": "Feature", "properties": { "Name": "Iglesia Parroquial de Santa María" }, "geometry": { "type": "Point", "coordinates": [ -5.9579945, 41.8267071, 0.0 ] } },
{ "type": "Feature", "properties": { "Name": "Iglesia de San Cipriano" }, "geometry": { "type": "Point", "coordinates": [ -5.7480889, 41.5014296, 0.0 ] } },
{ "type": "Feature", "properties": { "Name": "Iglesia de Santo Tomé (Museo Diocesano)" }, "geometry": { "type": "Point", "coordinates": [ -5.7427279, 41.5013713, 0.0 ] } },
{ "type": "Feature", "properties": { "Name": "Iglesia de Santiago el Viejo o de los Caballeros" }, "geometry": { "type": "Point", "coordinates": [ -5.7582739, 41.4996646, 0.0 ] } },
{ "type": "Feature", "properties": { "Name": "Iglesia de la Presentación de Nuestra Señora" }, "geometry": { "type": "Point", "coordinates": [ -6.0541199, 41.3466717, 0.0 ] } },
{ "type": "Feature", "properties": { "Name": "Iglesia de San Claudio de Olivares" }, "geometry": { "type": "Point", "coordinates": [ -5.7551522, 41.4976604, 0.0 ] } },
{ "type": "Feature", "properties": { "Name": "Iglesia de Santa María la Nueva" }, "geometry": { "type": "Point", "coordinates": [ -5.7492708, 41.5033605, 0.0 ] } },
{ "type": "Feature", "properties": { "Name": "Iglesia de San Andrés" }, "geometry": { "type": "Point", "coordinates": [ -3.8769113, 43.3040911, 0.0 ] } },
{ "type": "Feature", "properties": { "Name": "Iglesia de San Cosme y San Damián" }, "geometry": { "type": "Point", "coordinates": [ -4.0565754, 43.1246298, 0.0 ] } },
{ "type": "Feature", "properties": { "Name": "Iglesia de San Cipriano" }, "geometry": { "type": "Point", "coordinates": [ -4.124623, 42.9906093, 0.0 ] } },
{ "type": "Feature", "properties": { "Name": "Iglesia de San Cipriano" }, "geometry": { "type": "Point", "coordinates": [ -4.6973583, 43.1635054, 0.0 ] } },
{ "type": "Feature", "properties": { "Name": "Iglesia de San Julián" }, "geometry": { "type": "Point", "coordinates": [ -4.0311427, 42.9347626, 0.0 ] } },
{ "type": "Feature", "properties": { "Name": "Cementerio de Cabezón de Liébana (antigua ermita románica)" }, "geometry": { "type": "Point", "coordinates": [ -4.5753527, 43.131937, 0.0 ] } },
{ "type": "Feature", "properties": { "Name": "Colegiata de San Pedro de Cervatos" }, "geometry": { "type": "Point", "coordinates": [ -4.1485234, 42.9559897, 0.0 ] } },
{ "type": "Feature", "properties": { "Name": "Iglesia de San Andrés" }, "geometry": { "type": "Point", "coordinates": [ -4.0016704, 43.201798, 0.0 ] } },
{ "type": "Feature", "properties": { "Name": "Parroquia de Santa María" }, "geometry": { "type": "Point", "coordinates": [ -4.3284246, 43.3734832, 0.0 ] } },
{ "type": "Feature", "properties": { "Name": "Ermita de San Román de Escalante" }, "geometry": { "type": "Point", "coordinates": [ -3.528563, 43.4468061, 0.0 ] } },
{ "type": "Feature", "properties": { "Name": "Iglesia de Nuestra Señora de los Caballeros" }, "geometry": { "type": "Point", "coordinates": [ -4.5930965, 43.147919, 0.0 ] } },
{ "type": "Feature", "properties": { "Name": "Ermita de San Nicolás" }, "geometry": { "type": "Point", "coordinates": [ -4.266516, 43.3364305, 0.0 ] } },
{ "type": "Feature", "properties": { "Name": "Ermita de Nuestra Señora de 'El Endrinal'" }, "geometry": { "type": "Point", "coordinates": [ -4.3927744, 43.3261821, 0.0 ] } },
{ "type": "Feature", "properties": { "Name": "Iglesia de Santa Juliana" }, "geometry": { "type": "Point", "coordinates": [ -4.5097002, 43.254166, 0.0 ] } },
{ "type": "Feature", "properties": { "Name": "Iglesia de Santa María la Real" }, "geometry": { "type": "Point", "coordinates": [ -4.1951923, 42.872192, 0.0 ] } },
{ "type": "Feature", "properties": { "Name": "Ermita de San Juan. Restos románicos" }, "geometry": { "type": "Point", "coordinates": [ -3.8287343, 43.4237728, 0.0 ] } },
{ "type": "Feature", "properties": { "Name": "Iglesia de San Juan Bautista" }, "geometry": { "type": "Point", "coordinates": [ -4.21955, 42.93361, 0.0 ] } },
{ "type": "Feature", "properties": { "Name": "Iglesia de San Sebastián" }, "geometry": { "type": "Point", "coordinates": [ -4.6106548, 43.1629925, 0.0 ] } },
{ "type": "Feature", "properties": { "Name": "Ermita de San Miguel" }, "geometry": { "type": "Point", "coordinates": [ -4.1760789, 42.9378693, 0.0 ] } },
{ "type": "Feature", "properties": { "Name": "Iglesia de Santa María de Piasca" }, "geometry": { "type": "Point", "coordinates": [ -4.5802294, 43.1193924, 0.0 ] } },
{ "type": "Feature", "properties": { "Name": "Iglesia de Santa María" }, "geometry": { "type": "Point", "coordinates": [ -4.1135906, 42.985628, 0.0 ] } },
{ "type": "Feature", "properties": { "Name": "Iglesia San Andrés" }, "geometry": { "type": "Point", "coordinates": [ -4.0933525, 43.0795685, 0.0 ] } },
{ "type": "Feature", "properties": { "Name": "Iglesia de San Pedro" }, "geometry": { "type": "Point", "coordinates": [ -3.9174802, 42.8210703, 0.0 ] } },
{ "type": "Feature", "properties": { "Name": "Iglesia de San Andrés" }, "geometry": { "type": "Point", "coordinates": [ -4.560736, 43.1506424, 0.0 ] } },
{ "type": "Feature", "properties": { "Name": "Iglesia de San Juan Bautista" }, "geometry": { "type": "Point", "coordinates": [ -4.0387921, 43.1891957, 0.0 ] } },
{ "type": "Feature", "properties": { "Name": "San Martín de Elines" }, "geometry": { "type": "Point", "coordinates": [ -3.8685527, 42.828611, 0.0 ] } },
{ "type": "Feature", "properties": { "Name": "Iglesia de San Martín" }, "geometry": { "type": "Point", "coordinates": [ -4.1539547, 42.9315897, 0.0 ] } },
{ "type": "Feature", "properties": { "Name": "Iglesia de Nuestra Señora de los Ángeles" }, "geometry": { "type": "Point", "coordinates": [ -4.4039384, 43.3840066, 0.0 ] } },
{ "type": "Feature", "properties": { "Name": "Colegiata de Santa Juliana de Santillana del Mar" }, "geometry": { "type": "Point", "coordinates": [ -4.1059227, 43.392189, 0.0 ] } },
{ "type": "Feature", "properties": { "Name": "Iglesia de San Tirso" }, "geometry": { "type": "Point", "coordinates": [ -3.8428961, 43.259626, 0.0 ] } },
{ "type": "Feature", "properties": { "Name": "Iglesia románica de San Facundo y San Primitivo" }, "geometry": { "type": "Point", "coordinates": [ -4.0184283, 43.148551, 0.0 ] } },
{ "type": "Feature", "properties": { "Name": "Iglesia de Santa María" }, "geometry": { "type": "Point", "coordinates": [ -4.480821, 43.254033, 0.0 ] } },
{ "type": "Feature", "properties": { "Name": "Iglesia de La Purísima o de San Martín" }, "geometry": { "type": "Point", "coordinates": [ -3.9908036, 42.7784967, 0.0 ] } },
{ "type": "Feature", "properties": { "Name": "Colegiata de Santa Cruz de Castañeda" }, "geometry": { "type": "Point", "coordinates": [ -3.9422363, 43.314471, 0.0 ] } },
{ "type": "Feature", "properties": { "Name": "Iglesia de Santa María la Mayor" }, "geometry": { "type": "Point", "coordinates": [ -4.207356, 43.003689, 0.0 ] } },
{ "type": "Feature", "properties": { "Name": "Iglesia de San Juan Bautista" }, "geometry": { "type": "Point", "coordinates": [ -3.8616812, 43.3695338, 0.0 ] } },
{ "type": "Feature", "properties": { "Name": "Iglesia de San Juan Bautista" }, "geometry": { "type": "Point", "coordinates": [ -4.0494594, 42.8035555, 0.0 ] } },
{ "type": "Feature", "properties": { "Name": "Iglesia de El Salvador" }, "geometry": { "type": "Point", "coordinates": [ -4.0590702, 43.3776525, 0.0 ] } },
{ "type": "Feature", "properties": { "Name": "Iglesia de Santa María" }, "geometry": { "type": "Point", "coordinates": [ -4.0822755, 43.3080452, 0.0 ] } },
{ "type": "Feature", "properties": { "Name": "Ermita de San Pedro de Abrisketa" }, "geometry": { "type": "Point", "coordinates": [ -2.909377, 43.2104827, 0.0 ] } },
{ "type": "Feature", "properties": { "Name": "Iglesia de San Juan Evangelista" }, "geometry": { "type": "Point", "coordinates": [ -2.5768933, 43.1750694, 0.0 ] } },
{ "type": "Feature", "properties": { "Name": "Ermita de San Cristobal y Santa Lucía" }, "geometry": { "type": "Point", "coordinates": [ -2.7562427, 43.1638292, 0.0 ] } },
{ "type": "Feature", "properties": { "Name": "Iglesia de Santa María de La Asunción" }, "geometry": { "type": "Point", "coordinates": [ -2.9023832, 43.4108318, 0.0 ] } },
{ "type": "Feature", "properties": { "Name": "Tomas Deunaren Eliza/Iglesia de Santo Tomás" }, "geometry": { "type": "Point", "coordinates": [ -2.5489693, 43.2499058, 0.0 ] } },
{ "type": "Feature", "properties": { "Name": "Iglesia de San Pedro de Izurieta" }, "geometry": { "type": "Point", "coordinates": [ -2.508022, 43.041459, 0.0 ] } },
{ "type": "Feature", "properties": { "Name": "Iglesia de Santa María La Mayor" }, "geometry": { "type": "Point", "coordinates": [ -3.5797218, 42.6242914, 0.0 ] } },
{ "type": "Feature", "properties": { "Name": "Iglesia de San Martín. Ruinas" }, "geometry": { "type": "Point", "coordinates": [ -3.4424363, 42.536479, 0.0 ] } },
{ "type": "Feature", "properties": { "Name": "Iglesia de San Cristóbal" }, "geometry": { "type": "Point", "coordinates": [ -3.7406095, 42.8650075, 0.0 ] } },
{ "type": "Feature", "properties": { "Name": "Iglesia de Nuestra Señora de la Asunción" }, "geometry": { "type": "Point", "coordinates": [ -3.2901635, 42.3039918, 0.0 ] } },
{ "type": "Feature", "properties": { "Name": "Iglesia de Santa Eulalia de Mérida" }, "geometry": { "type": "Point", "coordinates": [ -3.5211799, 42.5970362, 0.0 ] } },
{ "type": "Feature", "properties": { "Name": "Iglesia de San Miguel Arcángel" }, "geometry": { "type": "Point", "coordinates": [ -3.7567633, 42.2649775, 0.0 ] } },
{ "type": "Feature", "properties": { "Name": "Iglesia de San Esteban Protomártir" }, "geometry": { "type": "Point", "coordinates": [ -3.84751, 42.22351, 0.0 ] } },
{ "type": "Feature", "properties": { "Name": "Iglesia de San Martín Obispo" }, "geometry": { "type": "Point", "coordinates": [ -4.0000861, 42.571089, 0.0 ] } },
{ "type": "Feature", "properties": { "Name": "Iglesia de San Miguel Arcángel" }, "geometry": { "type": "Point", "coordinates": [ -3.4570834, 42.3226781, 0.0 ] } },
{ "type": "Feature", "properties": { "Name": "Iglesia de San Pelayo, Parroquia de San Pelayo y de La Asunción" }, "geometry": { "type": "Point", "coordinates": [ -3.1783579, 43.145111, 0.0 ] } },
{ "type": "Feature", "properties": { "Name": "Iglesia de Nuestra Señora de la Asunción" }, "geometry": { "type": "Point", "coordinates": [ -3.7305964, 41.8628919, 0.0 ] } },
{ "type": "Feature", "properties": { "Name": "Iglesia de San Antolín" }, "geometry": { "type": "Point", "coordinates": [ -3.5143171, 42.8758113, 0.0 ] } },
{ "type": "Feature", "properties": { "Name": "Ermita de los Santos Cosme y Damián" }, "geometry": { "type": "Point", "coordinates": [ -3.1430115, 42.1518269, 0.0 ] } },
{ "type": "Feature", "properties": { "Name": "Ermita de Nuestra Señora de las Nieves" }, "geometry": { "type": "Point", "coordinates": [ -3.2254751, 42.1132346, 0.0 ] } },
{ "type": "Feature", "properties": { "Name": "Ermita de Santa Julita y San Quirico" }, "geometry": { "type": "Point", "coordinates": [ -3.2518764, 42.1322847, 0.0 ] } },
{ "type": "Feature", "properties": { "Name": "Cementerio (antigua iglesia de Nuestra Señora de la Asunción)" }, "geometry": { "type": "Point", "coordinates": [ -3.48803, 43.00759, 0.0 ] } },
{ "type": "Feature", "properties": { "Name": "Iglesia de Santa Marina" }, "geometry": { "type": "Point", "coordinates": [ -2.9507471, 42.6710569, 0.0 ] } },
{ "type": "Feature", "properties": { "Name": "Iglesia de Santo Tomás" }, "geometry": { "type": "Point", "coordinates": [ -3.3339775, 42.8105703, 0.0 ] } },
{ "type": "Feature", "properties": { "Name": "Iglesia de San Miguel Arcángel" }, "geometry": { "type": "Point", "coordinates": [ -3.4496388, 43.0851442, 0.0 ] } },
{ "type": "Feature", "properties": { "Name": "Ermita de la Virgen del Carmen" }, "geometry": { "type": "Point", "coordinates": [ -3.8331627, 42.9608639, 0.0 ] } },
{ "type": "Feature", "properties": { "Name": "Iglesia de San Pedro" }, "geometry": { "type": "Point", "coordinates": [ -3.20702, 43.16616, 0.0 ] } },
{ "type": "Feature", "properties": { "Name": "Iglesia de San Julián y Santa Basilisa" }, "geometry": { "type": "Point", "coordinates": [ -3.0850395, 42.7262472, 0.0 ] } },
{ "type": "Feature", "properties": { "Name": "Iglesia de San Martín de Tours" }, "geometry": { "type": "Point", "coordinates": [ -3.7845173, 41.8322668, 0.0 ] } },
{ "type": "Feature", "properties": { "Name": "Iglesia de San Vicente" }, "geometry": { "type": "Point", "coordinates": [ -3.2412107, 41.9349021, 0.0 ] } },
{ "type": "Feature", "properties": { "Name": "Iglesia de San Sebastián" }, "geometry": { "type": "Point", "coordinates": [ -3.4869941, 41.8256295, 0.0 ] } },
{ "type": "Feature", "properties": { "Name": "Iglesia de San Juan Bautista" }, "geometry": { "type": "Point", "coordinates": [ -3.5684659, 42.9733612, 0.0 ] } },
{ "type": "Feature", "properties": { "Name": "Iglesia de Santa Eulalia" }, "geometry": { "type": "Point", "coordinates": [ -3.4987991, 42.5770005, 0.0 ] } },
{ "type": "Feature", "properties": { "Name": "Iglesia de Santa María" }, "geometry": { "type": "Point", "coordinates": [ -3.5453919, 42.6420427, 0.0 ] } },
{ "type": "Feature", "properties": { "Name": "Iglesia de Santa María la Mayor" }, "geometry": { "type": "Point", "coordinates": [ -4.2026979, 42.7077139, 0.0 ] } },
{ "type": "Feature", "properties": { "Name": "Iglesia de Nuestra Señora de la Asunción" }, "geometry": { "type": "Point", "coordinates": [ -3.7947434, 42.9951708, 0.0 ] } },
{ "type": "Feature", "properties": { "Name": "Iglesia de San Facundo y San Primitivo" }, "geometry": { "type": "Point", "coordinates": [ -3.3917811, 43.0411639, 0.0 ] } },
{ "type": "Feature", "properties": { "Name": "Iglesia de San Esteban" }, "geometry": { "type": "Point", "coordinates": [ -3.8192852, 42.2723868, 0.0 ] } },
{ "type": "Feature", "properties": { "Name": "Iglesia de San Millán Abad" }, "geometry": { "type": "Point", "coordinates": [ -3.8917061, 42.5795504, 0.0 ] } },
{ "type": "Feature", "properties": { "Name": "Iglesia de San Cristóbal" }, "geometry": { "type": "Point", "coordinates": [ -3.6692378, 42.2463381, 0.0 ] } },
{ "type": "Feature", "properties": { "Name": "Iglesia de Santa María" }, "geometry": { "type": "Point", "coordinates": [ -3.5191726, 42.8069657, 0.0 ] } },
{ "type": "Feature", "properties": { "Name": "Ermita del Santo Cristo de San Sebastián" }, "geometry": { "type": "Point", "coordinates": [ -3.39665, 41.76329, 0.0 ] } },
{ "type": "Feature", "properties": { "Name": "Iglesia de la Inmaculada Concepción" }, "geometry": { "type": "Point", "coordinates": [ -3.7840102, 42.8973193, 0.0 ] } },
{ "type": "Feature", "properties": { "Name": "Iglesia de San Pantaleón" }, "geometry": { "type": "Point", "coordinates": [ -3.5368894, 42.2770967, 0.0 ] } },
{ "type": "Feature", "properties": { "Name": "Ermita de Nuestra Señora de Camporredondo" }, "geometry": { "type": "Point", "coordinates": [ -4.2378301, 42.6431152, 0.0 ] } },
{ "type": "Feature", "properties": { "Name": "Iglesia de San Nicolás de Bari" }, "geometry": { "type": "Point", "coordinates": [ -3.5967323, 42.8310439, 0.0 ] } },
{ "type": "Feature", "properties": { "Name": "Iglesia de San Salvador" }, "geometry": { "type": "Point", "coordinates": [ -3.6331165, 42.9586711, 0.0 ] } },
{ "type": "Feature", "properties": { "Name": "Iglesia de Santa Cruz" }, "geometry": { "type": "Point", "coordinates": [ -3.5800176, 42.7442113, 0.0 ] } },
{ "type": "Feature", "properties": { "Name": "Ermita de Nuestra Señora de la Oliva" }, "geometry": { "type": "Point", "coordinates": [ -3.58109, 42.7418425, 0.0 ] } },
{ "type": "Feature", "properties": { "Name": "Iglesia de San Millán" }, "geometry": { "type": "Point", "coordinates": [ -3.4695043, 41.8959789, 0.0 ] } },
{ "type": "Feature", "properties": { "Name": "Iglesia de San Millán" }, "geometry": { "type": "Point", "coordinates": [ -3.8714391, 42.5316719, 0.0 ] } },
{ "type": "Feature", "properties": { "Name": "Iglesia de Nuestra Señora de la Asunción" }, "geometry": { "type": "Point", "coordinates": [ -2.6505636, 42.6931709, 0.0 ] } },
{ "type": "Feature", "properties": { "Name": "Iglesia de San Pedro y San Pablo" }, "geometry": { "type": "Point", "coordinates": [ -3.720191, 42.720382, 0.0 ] } },
{ "type": "Feature", "properties": { "Name": "Iglesia de Santiago Apóstol" }, "geometry": { "type": "Point", "coordinates": [ -3.9005012, 42.9746517, 0.0 ] } },
{ "type": "Feature", "properties": { "Name": "Iglesia de San Martín" }, "geometry": { "type": "Point", "coordinates": [ -4.28428, 42.5524313, 0.0 ] } },
{ "type": "Feature", "properties": { "Name": "Monasterio de San Pedro de Arlanza" }, "geometry": { "type": "Point", "coordinates": [ -3.4664817, 42.0484769, 0.0 ] } },
{ "type": "Feature", "properties": { "Name": "Iglesia de la Santa Cruz" }, "geometry": { "type": "Point", "coordinates": [ -3.9498572, 42.7096709, 0.0 ] } },
{ "type": "Feature", "properties": { "Name": "Iglesia de San Cornelio y San Cipriano" }, "geometry": { "type": "Point", "coordinates": [ -3.494276, 42.815473, 0.0 ] } },
{ "type": "Feature", "properties": { "Name": "Ermita de Santa María" }, "geometry": { "type": "Point", "coordinates": [ -3.0833245, 42.1192999, 0.0 ] } },
{ "type": "Feature", "properties": { "Name": "Iglesia de San Clemente" }, "geometry": { "type": "Point", "coordinates": [ -3.6939885, 42.7692068, 0.0 ] } },
{ "type": "Feature", "properties": { "Name": "Iglesia de Santiago Apóstol" }, "geometry": { "type": "Point", "coordinates": [ -3.6135521, 42.4062468, 0.0 ] } },
{ "type": "Feature", "properties": { "Name": "Iglesia de Santa María" }, "geometry": { "type": "Point", "coordinates": [ -3.9297806, 42.3607347, 0.0 ] } },
{ "type": "Feature", "properties": { "Name": "Iglesia de Nuestra Señora de la Asunción" }, "geometry": { "type": "Point", "coordinates": [ -3.313431, 42.1161017, 0.0 ] } },
{ "type": "Feature", "properties": { "Name": "Iglesia de San Román" }, "geometry": { "type": "Point", "coordinates": [ -3.234771, 42.703174, 0.0 ] } },
{ "type": "Feature", "properties": { "Name": "Iglesia de San Saturnino" }, "geometry": { "type": "Point", "coordinates": [ -3.3317783, 42.8484269, 0.0 ] } },
{ "type": "Feature", "properties": { "Name": "Iglesia de Santa María" }, "geometry": { "type": "Point", "coordinates": [ -3.8769119, 42.6352896, 0.0 ] } },
{ "type": "Feature", "properties": { "Name": "Iglesia de la Natividad de Nuestra Señora" }, "geometry": { "type": "Point", "coordinates": [ -3.4444948, 42.1232456, 0.0 ] } },
{ "type": "Feature", "properties": { "Name": "Iglesia de la Natividad de Nuestra Señora" }, "geometry": { "type": "Point", "coordinates": [ -3.4444948, 42.1232456, 0.0 ] } },
{ "type": "Feature", "properties": { "Name": "Ermita de Nuestra Señora del Castillo" }, "geometry": { "type": "Point", "coordinates": [ -3.5871405, 42.2276333, 0.0 ] } },
{ "type": "Feature", "properties": { "Name": "Iglesia de San Quirce" }, "geometry": { "type": "Point", "coordinates": [ -3.5969207, 42.1910419, 0.0 ] } },
{ "type": "Feature", "properties": { "Name": "Iglesia de San Clemente Papa" }, "geometry": { "type": "Point", "coordinates": [ -3.3264317, 42.8023316, 0.0 ] } },
{ "type": "Feature", "properties": { "Name": "Iglesia de Santa Eulalia" }, "geometry": { "type": "Point", "coordinates": [ -3.53928, 42.77245, 0.0 ] } },
{ "type": "Feature", "properties": { "Name": "Iglesia de San Miguel" }, "geometry": { "type": "Point", "coordinates": [ -3.6939725, 42.8915921, 0.0 ] } },
{ "type": "Feature", "properties": { "Name": "Iglesia de Santa Eulalia" }, "geometry": { "type": "Point", "coordinates": [ -3.9470033, 42.5522523, 0.0 ] } },
{ "type": "Feature", "properties": { "Name": "Iglesia del Espíritu Santo" }, "geometry": { "type": "Point", "coordinates": [ -2.950216, 42.6841961, 0.0 ] } },
{ "type": "Feature", "properties": { "Name": "Calle la Iglesia" }, "geometry": { "type": "Point", "coordinates": [ -3.4812575, 42.4620249, 0.0 ] } },
{ "type": "Feature", "properties": { "Name": "Ermita de Nuestra Señora del Valle" }, "geometry": { "type": "Point", "coordinates": [ -3.4843729, 42.4594491, 0.0 ] } },
{ "type": "Feature", "properties": { "Name": "Iglesia de San Andrés" }, "geometry": { "type": "Point", "coordinates": [ -3.0174831, 42.7268781, 0.0 ] } },
{ "type": "Feature", "properties": { "Name": "Iglesia de San Juan Bautista" }, "geometry": { "type": "Point", "coordinates": [ -3.1122098, 42.1496946, 0.0 ] } },
{ "type": "Feature", "properties": { "Name": "Iglesia de San Juan Bautista" }, "geometry": { "type": "Point", "coordinates": [ -3.7768564, 42.5839755, 0.0 ] } },
{ "type": "Feature", "properties": { "Name": "Iglesia de Nuestra Señora de la Asunción. Ruinas" }, "geometry": { "type": "Point", "coordinates": [ -3.6830833, 42.9184722, 0.0 ] } },
{ "type": "Feature", "properties": { "Name": "Iglesia de San Vicente" }, "geometry": { "type": "Point", "coordinates": [ -4.0531019, 42.7282222, 0.0 ] } },
{ "type": "Feature", "properties": { "Name": "Iglesia de San Miguel Arcángel" }, "geometry": { "type": "Point", "coordinates": [ -3.774151, 42.914096, 0.0 ] } },
{ "type": "Feature", "properties": { "Name": "Iglesia de Santa María" }, "geometry": { "type": "Point", "coordinates": [ -2.9963517, 42.0601747, 0.0 ] } },
{ "type": "Feature", "properties": { "Name": "Iglesia de San Miguel" }, "geometry": { "type": "Point", "coordinates": [ -2.9928762, 42.0604213, 0.0 ] } },
{ "type": "Feature", "properties": { "Name": "Iglesia de San Juan Bautista" }, "geometry": { "type": "Point", "coordinates": [ -2.5320285, 42.6490676, 0.0 ] } },
{ "type": "Feature", "properties": { "Name": "Monasterio de San Salvador de Oña" }, "geometry": { "type": "Point", "coordinates": [ -3.412777, 42.7339197, 0.0 ] } },
{ "type": "Feature", "properties": { "Name": "Iglesia de San Cipriano" }, "geometry": { "type": "Point", "coordinates": [ -3.705699, 41.832053, 0.0 ] } },
{ "type": "Feature", "properties": { "Name": "Iglesia de Santa María" }, "geometry": { "type": "Point", "coordinates": [ -4.0725, 42.6397256, 0.0 ] } },
{ "type": "Feature", "properties": { "Name": "Ermita de Nuestra Señora del Torreón" }, "geometry": { "type": "Point", "coordinates": [ -4.1804488, 42.4114754, 0.0 ] } },
{ "type": "Feature", "properties": { "Name": "Iglesia de Santa María" }, "geometry": { "type": "Point", "coordinates": [ -4.18775, 42.4386565, 0.0 ] } },
{ "type": "Feature", "properties": { "Name": "Iglesia de San Bartolomé" }, "geometry": { "type": "Point", "coordinates": [ -3.4593647, 42.2130027, 0.0 ] } },
{ "type": "Feature", "properties": { "Name": "Ermita de la Virgen de Berzosa" }, "geometry": { "type": "Point", "coordinates": [ -4.0813491, 42.5939152, 0.0 ] } },
{ "type": "Feature", "properties": { "Name": "Ermita del Santo Cristo del Barrio" }, "geometry": { "type": "Point", "coordinates": [ -3.0963424, 42.6422728, 0.0 ] } },
{ "type": "Feature", "properties": { "Name": "Iglesia de San Andrés Apóstol" }, "geometry": { "type": "Point", "coordinates": [ -3.4719857, 42.8004277, 0.0 ] } },
{ "type": "Feature", "properties": { "Name": "Iglesia de Nuestra Señora de la Asunción" }, "geometry": { "type": "Point", "coordinates": [ -2.6935152, 42.7143917, 0.0 ] } },
{ "type": "Feature", "properties": { "Name": "Iglesia de Nuestra Señora de la Asunción" }, "geometry": { "type": "Point", "coordinates": [ -3.8370761, 41.8223058, 0.0 ] } },
{ "type": "Feature", "properties": { "Name": "Iglesia de San Martín Obispo" }, "geometry": { "type": "Point", "coordinates": [ -3.4293845, 42.7067023, 0.0 ] } },
{ "type": "Feature", "properties": { "Name": "Iglesia de los Santos Justo y Pastor" }, "geometry": { "type": "Point", "coordinates": [ -3.4775071, 42.9411671, 0.0 ] } },
{ "type": "Feature", "properties": { "Name": "Ermita de San Pedro de Tejada" }, "geometry": { "type": "Point", "coordinates": [ -3.5724505, 42.8424967, 0.0 ] } },
{ "type": "Feature", "properties": { "Name": "Iglesia de Santa María" }, "geometry": { "type": "Point", "coordinates": [ -3.2433528, 42.9890404, 0.0 ] } },
{ "type": "Feature", "properties": { "Name": "Iglesia de San Sebastián" }, "geometry": { "type": "Point", "coordinates": [ -3.8183669, 42.6183892, 0.0 ] } },
{ "type": "Feature", "properties": { "Name": "Iglesia de San Andrés" }, "geometry": { "type": "Point", "coordinates": [ -3.6736783, 42.6983702, 0.0 ] } },
{ "type": "Feature", "properties": { "Name": "Iglesia de Santa Leocadia" }, "geometry": { "type": "Point", "coordinates": [ -3.592372, 42.5666103, 0.0 ] } },
{ "type": "Feature", "properties": { "Name": "Iglesia de San Martín Obispo" }, "geometry": { "type": "Point", "coordinates": [ -3.29162, 42.8694, 0.0 ] } },
{ "type": "Feature", "properties": { "Name": "Iglesia de Santiago Apóstol" }, "geometry": { "type": "Point", "coordinates": [ -3.6622181, 43.0500664, 0.0 ] } },
{ "type": "Feature", "properties": { "Name": "Iglesia de San Esteban" }, "geometry": { "type": "Point", "coordinates": [ -3.3596246, 42.5619939, 0.0 ] } },
{ "type": "Feature", "properties": { "Name": "Iglesia de San Pedro Apóstol" }, "geometry": { "type": "Point", "coordinates": [ -3.7809357, 42.8686116, 0.0 ] } },
{ "type": "Feature", "properties": { "Name": "Iglesia de San Martín Obispo" }, "geometry": { "type": "Point", "coordinates": [ -3.4912324, 42.2949831, 0.0 ] } },
{ "type": "Feature", "properties": { "Name": "Iglesia de Santa María" }, "geometry": { "type": "Point", "coordinates": [ -3.2415468, 42.9697793, 0.0 ] } },
{ "type": "Feature", "properties": { "Name": "Iglesia de Nuestra Señora de la Asunción" }, "geometry": { "type": "Point", "coordinates": [ -3.6652145, 42.9159808, 0.0 ] } },
{ "type": "Feature", "properties": { "Name": "Iglesia de San Miguel Arcángel" }, "geometry": { "type": "Point", "coordinates": [ -3.7252172, 42.8963282, 0.0 ] } },
{ "type": "Feature", "properties": { "Name": "Iglesia de San Millán Obispo" }, "geometry": { "type": "Point", "coordinates": [ -3.34458, 42.13541, 0.0 ] } },
{ "type": "Feature", "properties": { "Name": "Ermita de San Pantaleón de Losa" }, "geometry": { "type": "Point", "coordinates": [ -3.2910782, 42.9345438, 0.0 ] } },
{ "type": "Feature", "properties": { "Name": "Iglesia de San Vicente" }, "geometry": { "type": "Point", "coordinates": [ -3.9255869, 42.9796985, 0.0 ] } },
{ "type": "Feature", "properties": { "Name": "Iglesia de San Saturnino" }, "geometry": { "type": "Point", "coordinates": [ -3.156735, 42.8416603, 0.0 ] } },
{ "type": "Feature", "properties": { "Name": "Ermita de San Pedro" }, "geometry": { "type": "Point", "coordinates": [ -3.4736533, 42.248502, 0.0 ] } },
{ "type": "Feature", "properties": { "Name": "Iglesia de San Martín" }, "geometry": { "type": "Point", "coordinates": [ -3.4731696, 42.2513369, 0.0 ] } },
{ "type": "Feature", "properties": { "Name": "Ermita de la Virgen de la Vega" }, "geometry": { "type": "Point", "coordinates": [ -3.5676523, 41.8586674, 0.0 ] } },
{ "type": "Feature", "properties": { "Name": "Ermita de San Salvador" }, "geometry": { "type": "Point", "coordinates": [ -3.7642882, 41.831617, 0.0 ] } },
{ "type": "Feature", "properties": { "Name": "Ermita de Santa Cecilia" }, "geometry": { "type": "Point", "coordinates": [ -3.4739438, 41.9663188, 0.0 ] } },
{ "type": "Feature", "properties": { "Name": "Iglesia de San Miguel Arcángel" }, "geometry": { "type": "Point", "coordinates": [ -3.9203787, 42.246102, 0.0 ] } },
{ "type": "Feature", "properties": { "Name": "Santo Domingo de Silos" }, "geometry": { "type": "Point", "coordinates": [ -3.418922, 41.9624616, 0.0 ] } },
{ "type": "Feature", "properties": { "Name": "Iglesia de Santa María de Siones" }, "geometry": { "type": "Point", "coordinates": [ -3.3190224, 43.0673258, 0.0 ] } },
{ "type": "Feature", "properties": { "Name": "Iglesia de San Miguel Arcángel" }, "geometry": { "type": "Point", "coordinates": [ -4.1778469, 42.5789368, 0.0 ] } },
{ "type": "Feature", "properties": { "Name": "Iglesia de San Vicente Mártir" }, "geometry": { "type": "Point", "coordinates": [ -3.92545, 42.4719935, 0.0 ] } },
{ "type": "Feature", "properties": { "Name": "Iglesia de San Andrés" }, "geometry": { "type": "Point", "coordinates": [ -3.4570429, 43.0101312, 0.0 ] } },
{ "type": "Feature", "properties": { "Name": "Iglesia de Nuestra Señora de la Asunción" }, "geometry": { "type": "Point", "coordinates": [ -3.96508, 42.64918, 0.0 ] } },
{ "type": "Feature", "properties": { "Name": "Iglesia de San Miguel" }, "geometry": { "type": "Point", "coordinates": [ -3.4869912, 42.8240463, 0.0 ] } },
{ "type": "Feature", "properties": { "Name": "Iglesia de Santa Eugenia" }, "geometry": { "type": "Point", "coordinates": [ -3.2510972, 42.0480519, 0.0 ] } },
{ "type": "Feature", "properties": { "Name": "Iglesia de San Nicolás" }, "geometry": { "type": "Point", "coordinates": [ -3.2034342, 42.9745842, 0.0 ] } },
{ "type": "Feature", "properties": { "Name": "Iglesia de San Miguel" }, "geometry": { "type": "Point", "coordinates": [ -3.5719009, 42.5055842, 0.0 ] } },
{ "type": "Feature", "properties": { "Name": "Iglesia de San Martín de Tours" }, "geometry": { "type": "Point", "coordinates": [ -3.5625479, 42.9921161, 0.0 ] } },
{ "type": "Feature", "properties": { "Name": "Iglesia de San Baudelio" }, "geometry": { "type": "Point", "coordinates": [ -3.646802, 42.1555782, 0.0 ] } },
{ "type": "Feature", "properties": { "Name": "Iglesia de San Martín Obispo" }, "geometry": { "type": "Point", "coordinates": [ -3.7578584, 42.8351612, 0.0 ] } },
{ "type": "Feature", "properties": { "Name": "Iglesia de La Natividad de Nuestra Señora" }, "geometry": { "type": "Point", "coordinates": [ -3.5418056, 42.57302, 0.0 ] } },
{ "type": "Feature", "properties": { "Name": "San Miguel Arcángel" }, "geometry": { "type": "Point", "coordinates": [ -3.60185, 42.84887, 0.0 ] } },
{ "type": "Feature", "properties": { "Name": "Iglesia de San Martín Obispo" }, "geometry": { "type": "Point", "coordinates": [ -3.5569283, 42.9524259, 0.0 ] } },
{ "type": "Feature", "properties": { "Name": "Iglesia de San Lorenzo" }, "geometry": { "type": "Point", "coordinates": [ -4.0120449, 42.5151948, 0.0 ] } },
{ "type": "Feature", "properties": { "Name": "Iglesia de Nuestra Señora de la Concepción" }, "geometry": { "type": "Point", "coordinates": [ -4.0872015, 42.7400277, 0.0 ] } },
{ "type": "Feature", "properties": { "Name": "Iglesia de Nuestra Señora de la Asunción" }, "geometry": { "type": "Point", "coordinates": [ -4.1046499, 42.4775963, 0.0 ] } },
{ "type": "Feature", "properties": { "Name": "Iglesia de San Martín" }, "geometry": { "type": "Point", "coordinates": [ -4.1072851, 42.4806078, 0.0 ] } },
{ "type": "Feature", "properties": { "Name": "Iglesia de Santiago Apóstol" }, "geometry": { "type": "Point", "coordinates": [ -3.6268409, 41.8072293, 0.0 ] } },
{ "type": "Feature", "properties": { "Name": "Iglesia de San Salvador" }, "geometry": { "type": "Point", "coordinates": [ -3.9761715, 42.5251128, 0.0 ] } },
{ "type": "Feature", "properties": { "Name": "Iglesia de San Julián Obispo" }, "geometry": { "type": "Point", "coordinates": [ -4.0198233, 42.4919761, 0.0 ] } },
{ "type": "Feature", "properties": { "Name": "Iglesia de la Asunción de Nuestra Señora" }, "geometry": { "type": "Point", "coordinates": [ -3.9328191, 42.380733, 0.0 ] } },
{ "type": "Feature", "properties": { "Name": "Iglesia de San Millán Abad" }, "geometry": { "type": "Point", "coordinates": [ -3.9611445, 42.592772, 0.0 ] } },
{ "type": "Feature", "properties": { "Name": "Iglesia de Nuestra Señora de la Asunción. Ruinas consolidadas" }, "geometry": { "type": "Point", "coordinates": [ -3.3872006, 42.8745699, 0.0 ] } },
{ "type": "Feature", "properties": { "Name": "Iglesia de San Cristóbal" }, "geometry": { "type": "Point", "coordinates": [ -3.5324461, 42.9176195, 0.0 ] } },
{ "type": "Feature", "properties": { "Name": "Iglesia de San Martin" }, "geometry": { "type": "Point", "coordinates": [ -3.9588186, 42.5435639, 0.0 ] } },
{ "type": "Feature", "properties": { "Name": "Iglesia de San Adrián" }, "geometry": { "type": "Point", "coordinates": [ -3.8931506, 42.2588057, 0.0 ] } },
{ "type": "Feature", "properties": { "Name": "Iglesia de Nuestra Señora de la Asunción" }, "geometry": { "type": "Point", "coordinates": [ -3.9237231, 42.4324476, 0.0 ] } },
{ "type": "Feature", "properties": { "Name": "Iglesia de San Miguel" }, "geometry": { "type": "Point", "coordinates": [ -3.97259, 41.81534, 0.0 ] } },
{ "type": "Feature", "properties": { "Name": "Iglesia de Santa María" }, "geometry": { "type": "Point", "coordinates": [ -4.0589925, 42.5646419, 0.0 ] } },
{ "type": "Feature", "properties": { "Name": "Iglesia de San Martín de Tours" }, "geometry": { "type": "Point", "coordinates": [ -3.2664598, 42.1007766, 0.0 ] } },
{ "type": "Feature", "properties": { "Name": "Ermita de la Virgen de las Fuentes" }, "geometry": { "type": "Point", "coordinates": [ -4.4705692, 42.1778474, 0.0 ] } },
{ "type": "Feature", "properties": { "Name": "Monasterio de San Pelayo Mártir" }, "geometry": { "type": "Point", "coordinates": [ -4.5931421, 42.580013, 0.0 ] } },
{ "type": "Feature", "properties": { "Name": "Iglesia de Santa María de Dehesa de Espinosilla" }, "geometry": { "type": "Point", "coordinates": [ -4.349472, 42.132806, 0.0 ] } },
{ "type": "Feature", "properties": { "Name": "Iglesia de Nuestra Señora de la Asunción" }, "geometry": { "type": "Point", "coordinates": [ -4.3802801, 42.8129977, 0.0 ] } },
{ "type": "Feature", "properties": { "Name": "San Pedro Cultural" }, "geometry": { "type": "Point", "coordinates": [ -4.6429638, 42.1078122, 0.0 ] } },
{ "type": "Feature", "properties": { "Name": "Iglesia de San Miguel. Ruinas." }, "geometry": { "type": "Point", "coordinates": [ -4.6382596, 42.1061725, 0.0 ] } },
{ "type": "Feature", "properties": { "Name": "Iglesia de San Vicente" }, "geometry": { "type": "Point", "coordinates": [ -4.2927648, 42.713893, 0.0 ] } },
{ "type": "Feature", "properties": { "Name": "Ermita de Santa Marina. Ruinas" }, "geometry": { "type": "Point", "coordinates": [ -4.981474, 41.9460156, 0.0 ] } },
{ "type": "Feature", "properties": { "Name": "Iglesia de San Andrés" }, "geometry": { "type": "Point", "coordinates": [ -4.2231464, 42.8066349, 0.0 ] } },
{ "type": "Feature", "properties": { "Name": "Iglesia de Santa María del Camino" }, "geometry": { "type": "Point", "coordinates": [ -4.6016471, 42.3374784, 0.0 ] } },
{ "type": "Feature", "properties": { "Name": "Iglesia de Santiago" }, "geometry": { "type": "Point", "coordinates": [ -4.603525, 42.3382255, 0.0 ] } },
{ "type": "Feature", "properties": { "Name": "Monasterio de San Zoilo Visitas Turísticas" }, "geometry": { "type": "Point", "coordinates": [ -4.6110967, 42.3406431, 0.0 ] } },
{ "type": "Feature", "properties": { "Name": "Iglesia de Santa Lucía" }, "geometry": { "type": "Point", "coordinates": [ -4.4834312, 42.6200176, 0.0 ] } },
{ "type": "Feature", "properties": { "Name": "Iglesia de Santa Eugenia" }, "geometry": { "type": "Point", "coordinates": [ -4.429057, 42.6423573, 0.0 ] } },
{ "type": "Feature", "properties": { "Name": "Iglesia de San Martín de Tours" }, "geometry": { "type": "Point", "coordinates": [ -4.4067933, 42.2667542, 0.0 ] } },
{ "type": "Feature", "properties": { "Name": "Iglesia de San Andrés" }, "geometry": { "type": "Point", "coordinates": [ -4.3274322, 42.803849, 0.0 ] } },
{ "type": "Feature", "properties": { "Name": "Colegiata de Santa María" }, "geometry": { "type": "Point", "coordinates": [ -4.5266287, 42.0907496, 0.0 ] } },
{ "type": "Feature", "properties": { "Name": "Iglesia de Nuestra Señora de la Asunción" }, "geometry": { "type": "Point", "coordinates": [ -4.5674935, 42.2038285, 0.0 ] } },
{ "type": "Feature", "properties": { "Name": "Iglesia de San Martín" }, "geometry": { "type": "Point", "coordinates": [ -4.2624605, 42.834245, 0.0 ] } },
{ "type": "Feature", "properties": { "Name": "Iglesia de Nuestra Señora de la Asunción" }, "geometry": { "type": "Point", "coordinates": [ -4.2527584, 42.2541475, 0.0 ] } },
{ "type": "Feature", "properties": { "Name": "Iglesia de Nuestra Señora del Tovar" }, "geometry": { "type": "Point", "coordinates": [ -4.9195482, 41.9419355, 0.0 ] } },
{ "type": "Feature", "properties": { "Name": "Iglesia de San Juan Bautista" }, "geometry": { "type": "Point", "coordinates": [ -4.4118147, 42.7043421, 0.0 ] } },
{ "type": "Feature", "properties": { "Name": "Monasterio de San Salvador" }, "geometry": { "type": "Point", "coordinates": [ -4.6452833, 42.392368, 0.0 ] } },
{ "type": "Feature", "properties": { "Name": "Iglesia de San Juan Bautista" }, "geometry": { "type": "Point", "coordinates": [ -4.3041653, 42.6687007, 0.0 ] } },
{ "type": "Feature", "properties": { "Name": "Iglesia de Santa Eufemia" }, "geometry": { "type": "Point", "coordinates": [ -4.423566, 42.729984, 0.0 ] } },
{ "type": "Feature", "properties": { "Name": "Iglesia de Nuestra Señora de la Natividad" }, "geometry": { "type": "Point", "coordinates": [ -4.3965638, 42.5795084, 0.0 ] } },
{ "type": "Feature", "properties": { "Name": "Iglesia de la Nuestra Señora de la Asunción" }, "geometry": { "type": "Point", "coordinates": [ -4.4214748, 42.7850079, 0.0 ] } },
{ "type": "Feature", "properties": { "Name": "Ermita de San Pelayo" }, "geometry": { "type": "Point", "coordinates": [ -4.4194631, 42.7757398, 0.0 ] } },
{ "type": "Feature", "properties": { "Name": "Iglesia de Nuestra Señora de la Asunción" }, "geometry": { "type": "Point", "coordinates": [ -4.62291, 42.80895, 0.0 ] } },
{ "type": "Feature", "properties": { "Name": "Ermita de San Miguel" }, "geometry": { "type": "Point", "coordinates": [ -4.4414029, 42.2670572, 0.0 ] } },
{ "type": "Feature", "properties": { "Name": "Iglesia de El Salvador" }, "geometry": { "type": "Point", "coordinates": [ -4.2272478, 42.7141064, 0.0 ] } },
{ "type": "Feature", "properties": { "Name": "Iglesia de Nuestra Señora de la Asunción" }, "geometry": { "type": "Point", "coordinates": [ -4.4589565, 42.7348383, 0.0 ] } },
{ "type": "Feature", "properties": { "Name": "Iglesia de San Andrés" }, "geometry": { "type": "Point", "coordinates": [ -4.5033562, 42.6301951, 0.0 ] } },
{ "type": "Feature", "properties": { "Name": "Iglesia de San Martín Obispo" }, "geometry": { "type": "Point", "coordinates": [ -4.2745627, 42.9407528, 0.0 ] } },
{ "type": "Feature", "properties": { "Name": "Ruinas del Monasterio de San Pedro de Valdecal (ruinas)" }, "geometry": { "type": "Point", "coordinates": [ -4.257806, 42.6962585, 0.0 ] } },
{ "type": "Feature", "properties": { "Name": "Iglesia de San Nicolás de Bari" }, "geometry": { "type": "Point", "coordinates": [ -4.4070821, 42.6103684, 0.0 ] } },
{ "type": "Feature", "properties": { "Name": "Iglesia de El Castillo" }, "geometry": { "type": "Point", "coordinates": [ -4.3933957, 42.2026837, 0.0 ] } },
{ "type": "Feature", "properties": { "Name": "Ermita de la Santa Cruz (s. XIII)" }, "geometry": { "type": "Point", "coordinates": [ -4.3157145, 42.0369985, 0.0 ] } },
{ "type": "Feature", "properties": { "Name": "Iglesia de San Miguel" }, "geometry": { "type": "Point", "coordinates": [ -4.6296205, 42.2887, 0.0 ] } },
{ "type": "Feature", "properties": { "Name": "Iglesia Santa Mª del Castillo" }, "geometry": { "type": "Point", "coordinates": [ -4.776902, 41.9616528, 0.0 ] } },
{ "type": "Feature", "properties": { "Name": "Iglesia de Santa Mª la Real" }, "geometry": { "type": "Point", "coordinates": [ -4.2470683, 42.9163313, 0.0 ] } },
{ "type": "Feature", "properties": { "Name": "Iglesia de Nuestra Señora" }, "geometry": { "type": "Point", "coordinates": [ -4.2203012, 42.7253978, 0.0 ] } },
{ "type": "Feature", "properties": { "Name": "Iglesia de San Juan Bautista" }, "geometry": { "type": "Point", "coordinates": [ -4.3999438, 42.0413547, 0.0 ] } },
{ "type": "Feature", "properties": { "Name": "Iglesia de San Saturnino" }, "geometry": { "type": "Point", "coordinates": [ -4.4745281, 42.878416, 0.0 ] } },
{ "type": "Feature", "properties": { "Name": "Iglesia de San Vicente" }, "geometry": { "type": "Point", "coordinates": [ -4.466938, 42.7510469, 0.0 ] } },
{ "type": "Feature", "properties": { "Name": "Iglesia San Pedro" }, "geometry": { "type": "Point", "coordinates": [ -4.3480994, 42.8807359, 0.0 ] } },
{ "type": "Feature", "properties": { "Name": "Iglesia de San Pedro Apóstol" }, "geometry": { "type": "Point", "coordinates": [ -4.42953, 42.90048, 0.0 ] } },
{ "type": "Feature", "properties": { "Name": "Iglesia de Nuestra Señora de la Asunción" }, "geometry": { "type": "Point", "coordinates": [ -4.3593658, 42.6169249, 0.0 ] } },
{ "type": "Feature", "properties": { "Name": "Iglesia de San Adrián Mártir" }, "geometry": { "type": "Point", "coordinates": [ -4.6788424, 42.7895343, 0.0 ] } },
{ "type": "Feature", "properties": { "Name": "Iglesia de Santa María la Mayor" }, "geometry": { "type": "Point", "coordinates": [ -4.2369763, 42.7649593, 0.0 ] } },
{ "type": "Feature", "properties": { "Name": "Iglesia de Nuestra Señora de la Natividad" }, "geometry": { "type": "Point", "coordinates": [ -2.302341, 40.7359486, 0.0 ] } },
{ "type": "Feature", "properties": { "Name": "Iglesia de San Bartolomé - Museo Paleontológico" }, "geometry": { "type": "Point", "coordinates": [ -2.8709958, 41.2021836, 0.0 ] } },
{ "type": "Feature", "properties": { "Name": "Iglesia de San Bartolomé" }, "geometry": { "type": "Point", "coordinates": [ -3.14601, 41.26735, 0.0 ] } },
{ "type": "Feature", "properties": { "Name": "Ermita de Santa Catalina Tartanedo" }, "geometry": { "type": "Point", "coordinates": [ -1.9065255, 41.0579171, 0.0 ] } },
{ "type": "Feature", "properties": { "Name": "Iglesia de Santiago Apóstol" }, "geometry": { "type": "Point", "coordinates": [ -1.9411801, 41.04818, 0.0 ] } },
{ "type": "Feature", "properties": { "Name": "Iglesia de Santa María Magdalena" }, "geometry": { "type": "Point", "coordinates": [ -2.5455017, 40.9414033, 0.0 ] } },
{ "type": "Feature", "properties": { "Name": "Iglesia de Santo Domingo" }, "geometry": { "type": "Point", "coordinates": [ -2.5721267, 40.507356, 0.0 ] } },
{ "type": "Feature", "properties": { "Name": "Catedral de Santa María de Sigüenza" }, "geometry": { "type": "Point", "coordinates": [ -2.6410585, 41.0684929, 0.0 ] } },
{ "type": "Feature", "properties": { "Name": "San Vicente Mártir" }, "geometry": { "type": "Point", "coordinates": [ -2.6413511, 41.0658339, 0.0 ] } },
{ "type": "Feature", "properties": { "Name": "Santuario de Nuestra Señora e Iglesia de San Esteban" }, "geometry": { "type": "Point", "coordinates": [ -1.1732129, 42.7910164, 0.0 ] } },
{ "type": "Feature", "properties": { "Name": "Iglesia de San Pedro" }, "geometry": { "type": "Point", "coordinates": [ -1.3595159, 42.5922203, 0.0 ] } },
{ "type": "Feature", "properties": { "Name": "Iglesia de Santa María de Arce" }, "geometry": { "type": "Point", "coordinates": [ -1.3761485, 42.8650331, 0.0 ] } },
{ "type": "Feature", "properties": { "Name": "Iglesia de San Martín" }, "geometry": { "type": "Point", "coordinates": [ -1.4694201, 42.7486032, 0.0 ] } },
{ "type": "Feature", "properties": { "Name": "Iglesia de San Jorge (Monasterio de Azuelo)" }, "geometry": { "type": "Point", "coordinates": [ -2.3464082, 42.6086279, 0.0 ] } },
{ "type": "Feature", "properties": { "Name": "Antiguo Monasterio de Santa María" }, "geometry": { "type": "Point", "coordinates": [ -1.4669496, 42.9852401, 0.0 ] } },
{ "type": "Feature", "properties": { "Name": "Iglesia de San Pedro de la Rúa" }, "geometry": { "type": "Point", "coordinates": [ -2.0293899, 42.6688668, 0.0 ] } },
{ "type": "Feature", "properties": { "Name": "Ermita de San Juan Bautista" }, "geometry": { "type": "Point", "coordinates": [ -2.21405, 42.7778788, 0.0 ] } },
{ "type": "Feature", "properties": { "Name": "Iglesia de San Esteban" }, "geometry": { "type": "Point", "coordinates": [ -1.6311199, 42.8657071, 0.0 ] } },
{ "type": "Feature", "properties": { "Name": "Iglesia de la Natividad de Nuestra Señora" }, "geometry": { "type": "Point", "coordinates": [ -1.9122904, 42.719321, 0.0 ] } },
{ "type": "Feature", "properties": { "Name": "Ermita de Santa María Magdalena" }, "geometry": { "type": "Point", "coordinates": [ -1.9990787, 42.6837475, 0.0 ] } },
{ "type": "Feature", "properties": { "Name": "Iglesia de San Cosme y San Damián" }, "geometry": { "type": "Point", "coordinates": [ -1.0890875, 42.7845884, 0.0 ] } },
{ "type": "Feature", "properties": { "Name": "Iglesia de San Cristóbal" }, "geometry": { "type": "Point", "coordinates": [ -2.2576029, 42.7783461, 0.0 ] } },
{ "type": "Feature", "properties": { "Name": "Ermita de la Santa Cruz" }, "geometry": { "type": "Point", "coordinates": [ -1.5426625, 42.3612815, 0.0 ] } },
{ "type": "Feature", "properties": { "Name": "Antigua ermita de Santa María Magdalena" }, "geometry": { "type": "Point", "coordinates": [ -1.4343777, 42.5929788, 0.0 ] } },
{ "type": "Feature", "properties": { "Name": "Ermita de Santa María del Campo" }, "geometry": { "type": "Point", "coordinates": [ -1.1219392, 42.7205029, 0.0 ] } },
{ "type": "Feature", "properties": { "Name": "Iglesia de San Pedro" }, "geometry": { "type": "Point", "coordinates": [ -1.6480599, 42.480175, 0.0 ] } },
{ "type": "Feature", "properties": { "Name": "Iglesia de la Asuncion de la Virgen" }, "geometry": { "type": "Point", "coordinates": [ -1.5395917, 42.5846984, 0.0 ] } },
{ "type": "Feature", "properties": { "Name": "Ermita de San Pedro de Etxano" }, "geometry": { "type": "Point", "coordinates": [ -1.5916915, 42.6340592, 0.0 ] } },
{ "type": "Feature", "properties": { "Name": "Iglesia de San Martín" }, "geometry": { "type": "Point", "coordinates": [ -1.6043777, 42.6017246, 0.0 ] } },
{ "type": "Feature", "properties": { "Name": "Catedral Metropolitana de Santa María la Real de Pamplona" }, "geometry": { "type": "Point", "coordinates": [ -1.6408159, 42.8198625, 0.0 ] } },
{ "type": "Feature", "properties": { "Name": "Iglesia de San Nicolás de Bari" }, "geometry": { "type": "Point", "coordinates": [ -1.6450025, 42.8158647, 0.0 ] } },
{ "type": "Feature", "properties": { "Name": "San Martín de Unx" }, "geometry": { "type": "Point", "coordinates": [ -1.5614289, 42.5238112, 0.0 ] } },
{ "type": "Feature", "properties": { "Name": "Iglesia Románica de Santa María la Real de Sangüesa" }, "geometry": { "type": "Point", "coordinates": [ -1.2851466, 42.5770001, 0.0 ] } },
{ "type": "Feature", "properties": { "Name": "Iglesia de Santiago el Mayor" }, "geometry": { "type": "Point", "coordinates": [ -1.2829814, 42.5752662, 0.0 ] } },
{ "type": "Feature", "properties": { "Name": "Iglesia de San Adrián de Vadoluengo" }, "geometry": { "type": "Point", "coordinates": [ -1.2839168, 42.5635033, 0.0 ] } },
{ "type": "Feature", "properties": { "Name": "Iglesia del Santo Sepulcro" }, "geometry": { "type": "Point", "coordinates": [ -2.2714275, 42.5521096, 0.0 ] } },
{ "type": "Feature", "properties": { "Name": "Iglesia de Santa María Magdalena" }, "geometry": { "type": "Point", "coordinates": [ -1.6039727, 42.0649771, 0.0 ] } },
{ "type": "Feature", "properties": { "Name": "Catedral de Santa María la Mayor" }, "geometry": { "type": "Point", "coordinates": [ -1.6051214, 42.0637223, 0.0 ] } },
{ "type": "Feature", "properties": { "Name": "Iglesia de Santa María" }, "geometry": { "type": "Point", "coordinates": [ -1.4996137, 42.5062568, 0.0 ] } },
{ "type": "Feature", "properties": { "Name": "Iglesia de San Martín" }, "geometry": { "type": "Point", "coordinates": [ -1.4694201, 42.7486032, 0.0 ] } },
{ "type": "Feature", "properties": { "Name": "Ermita de San Martín de Tidón" }, "geometry": { "type": "Point", "coordinates": [ -2.3850484, 42.5211615, 0.0 ] } },
{ "type": "Feature", "properties": { "Name": "Ruinas de la ermita de San Andrés de Longar" }, "geometry": { "type": "Point", "coordinates": [ -2.3897943, 42.577245, 0.0 ] } },
{ "type": "Feature", "properties": { "Name": "Iglesia de San Andrés Apóstol" }, "geometry": { "type": "Point", "coordinates": [ -2.1035336, 42.628816, 0.0 ] } },
{ "type": "Feature", "properties": { "Name": "Iglesia de la Purificación de Nuestra Señora" }, "geometry": { "type": "Point", "coordinates": [ -1.3994771, 42.7706834, 0.0 ] } },
{ "type": "Feature", "properties": { "Name": "Monasterio de Leyre" }, "geometry": { "type": "Point", "coordinates": [ -1.1703983, 42.6359302, 0.0 ] } },
{ "type": "Feature", "properties": { "Name": "Ermita de Santa María de Bueyo" }, "geometry": { "type": "Point", "coordinates": [ -2.4658664, 42.3824294, 0.0 ] } },
{ "type": "Feature", "properties": { "Name": "Iglesia de San Julián, de Castilseco" }, "geometry": { "type": "Point", "coordinates": [ -2.9594174, 42.6109622, 0.0 ] } },
{ "type": "Feature", "properties": { "Name": "Ermita de Santa María de Plano" }, "geometry": { "type": "Point", "coordinates": [ -2.399982, 42.3347935, 0.0 ] } },
{ "type": "Feature", "properties": { "Name": "Iglesia de San Bartolomé" }, "geometry": { "type": "Point", "coordinates": [ -2.4437093, 42.467283, 0.0 ] } },
{ "type": "Feature", "properties": { "Name": "Ruinas del Convento de Valbuena" }, "geometry": { "type": "Point", "coordinates": [ -2.4523861, 42.4679995, 0.0 ] } },
{ "type": "Feature", "properties": { "Name": "Monasterio de Santa María la Real" }, "geometry": { "type": "Point", "coordinates": [ -2.7355089, 42.4167011, 0.0 ] } },
{ "type": "Feature", "properties": { "Name": "Iglesia de San Miguel" }, "geometry": { "type": "Point", "coordinates": [ -2.7038486, 42.1773579, 0.0 ] } },
{ "type": "Feature", "properties": { "Name": "Iglesia de Santa María de la Asunción" }, "geometry": { "type": "Point", "coordinates": [ -2.9595246, 42.5893703, 0.0 ] } },
{ "type": "Feature", "properties": { "Name": "Ermita de Santa María de la Piscina" }, "geometry": { "type": "Point", "coordinates": [ -2.7258899, 42.5781078, 0.0 ] } },
{ "type": "Feature", "properties": { "Name": "Iglesia de El Salvador" }, "geometry": { "type": "Point", "coordinates": [ -2.9490295, 42.5458356, 0.0 ] } },
{ "type": "Feature", "properties": { "Name": "Castillo de Ocón. Ruinas" }, "geometry": { "type": "Point", "coordinates": [ -2.244755, 42.3008, 0.0 ] } },
{ "type": "Feature", "properties": { "Name": "Iglesia de Santa María de la Asunción" }, "geometry": { "type": "Point", "coordinates": [ -2.9861398, 42.1318677, 0.0 ] } },
{ "type": "Feature", "properties": { "Name": "Iglesia de Nuestra Señora de la Asunción" }, "geometry": { "type": "Point", "coordinates": [ -2.8348588, 42.0956034, 0.0 ] } },
{ "type": "Feature", "properties": { "Name": "Iglesia de San Juan Ante Portam Latinam" }, "geometry": { "type": "Point", "coordinates": [ -4.797795, 41.6090417, 0.0 ] } },
{ "type": "Feature", "properties": { "Name": "Iglesia de Fuentes de Duero" }, "geometry": { "type": "Point", "coordinates": [ -4.6316861, 41.577679, 0.0 ] } },
{ "type": "Feature", "properties": { "Name": "Iglesia de San Miguel" }, "geometry": { "type": "Point", "coordinates": [ -4.5363763, 41.359697, 0.0 ] } },
{ "type": "Feature", "properties": { "Name": "Iglesia de Santa María de la Vega" }, "geometry": { "type": "Point", "coordinates": [ -4.6845516, 41.2931475, 0.0 ] } },
{ "type": "Feature", "properties": { "Name": "Iglesia parroquial de Santa María del Castillo" }, "geometry": { "type": "Point", "coordinates": [ -4.6849075, 41.28882, 0.0 ] } },
{ "type": "Feature", "properties": { "Name": "Iglesia de El Salvador" }, "geometry": { "type": "Point", "coordinates": [ -4.82761, 41.5905116, 0.0 ] } },
{ "type": "Feature", "properties": { "Name": "Iglesia de San Miguel Arcángel" }, "geometry": { "type": "Point", "coordinates": [ -4.6513343, 41.8301417, 0.0 ] } },
{ "type": "Feature", "properties": { "Name": "Ruinas de la Colegiata de Santa María la Mayor" }, "geometry": { "type": "Point", "coordinates": [ -4.7230401, 41.6532273, 0.0 ] } },
{ "type": "Feature", "properties": { "Name": "Iglesia de Nuestra Señora de las Nieves" }, "geometry": { "type": "Point", "coordinates": [ -4.3821304, 41.4454839, 0.0 ] } },
{ "type": "Feature", "properties": { "Name": "Iglesia de Santa María de la Antigua" }, "geometry": { "type": "Point", "coordinates": [ -4.7227778, 41.6538889, 0.0 ] } },
{ "type": "Feature", "properties": { "Name": "Iglesia de San Andrés" }, "geometry": { "type": "Point", "coordinates": [ -6.5288865, 40.6017983, 0.0 ] } },
{ "type": "Feature", "properties": { "Name": "Iglesia de San Pedro y San Isidoro" }, "geometry": { "type": "Point", "coordinates": [ -6.5323772, 40.5966683, 0.0 ] } },
{ "type": "Feature", "properties": { "Name": "Ermita de Nuestra Señora de la Encarnación" }, "geometry": { "type": "Point", "coordinates": [ -5.489351, 41.100227, 0.0 ] } },
{ "type": "Feature", "properties": { "Name": "Iglesia de La Exaltación de la Santa Cruz" }, "geometry": { "type": "Point", "coordinates": [ -5.6004783, 41.0942195, 0.0 ] } },
{ "type": "Feature", "properties": { "Name": "Catedral Vieja de Santa María de la Sede de Salamanca" }, "geometry": { "type": "Point", "coordinates": [ -5.666702, 40.9603931, 0.0 ] } },
{ "type": "Feature", "properties": { "Name": "San Cristobal" }, "geometry": { "type": "Point", "coordinates": [ -5.6591516, 40.9639657, 0.0 ] } },
{ "type": "Feature", "properties": { "Name": "Iglesia de Santo Tomás Cantuariense" }, "geometry": { "type": "Point", "coordinates": [ -5.6601862, 40.9601928, 0.0 ] } },
{ "type": "Feature", "properties": { "Name": "San Pelayo de Guareña" }, "geometry": { "type": "Point", "coordinates": [ -5.857146, 41.1165429, 0.0 ] } },
{ "type": "Feature", "properties": { "Name": "Iglesia de San Miguel Arcángel" }, "geometry": { "type": "Point", "coordinates": [ -5.8949762, 41.2041589, 0.0 ] } },
{ "type": "Feature", "properties": { "Name": "Iglesia de San Miguel Arcángel" }, "geometry": { "type": "Point", "coordinates": [ -3.4087377, 41.3480915, 0.0 ] } },
{ "type": "Feature", "properties": { "Name": "Iglesia de Nuestra Señora de la Asunción" }, "geometry": { "type": "Point", "coordinates": [ -3.7995258, 41.0737084, 0.0 ] } },
{ "type": "Feature", "properties": { "Name": "Iglesia de Nuestra Señora de la Asunción" }, "geometry": { "type": "Point", "coordinates": [ -3.4674573, 41.4623627, 0.0 ] } },
{ "type": "Feature", "properties": { "Name": "Iglesia de Santa María Magdalena" }, "geometry": { "type": "Point", "coordinates": [ -4.05603, 41.47138, 0.0 ] } },
{ "type": "Feature", "properties": { "Name": "Iglesia de San Miguel" }, "geometry": { "type": "Point", "coordinates": [ -3.376187, 41.4198109, 0.0 ] } },
{ "type": "Feature", "properties": { "Name": "Iglesia de San Juan Evangelista" }, "geometry": { "type": "Point", "coordinates": [ -3.3726247, 41.4181642, 0.0 ] } },
{ "type": "Feature", "properties": { "Name": "Iglesia de La Asunción de Nuestra Señora" }, "geometry": { "type": "Point", "coordinates": [ -3.9643651, 41.1206415, 0.0 ] } },
{ "type": "Feature", "properties": { "Name": "Ermita de San Frutos" }, "geometry": { "type": "Point", "coordinates": [ -3.878952, 41.3246388, 0.0 ] } },
{ "type": "Feature", "properties": { "Name": "Iglesia de Nuestra Señora de la Asunción" }, "geometry": { "type": "Point", "coordinates": [ -3.6031427, 41.2839426, 0.0 ] } },
{ "type": "Feature", "properties": { "Name": "Iglesia de San Juan Bautista" }, "geometry": { "type": "Point", "coordinates": [ -3.5579729, 41.2370733, 0.0 ] } },
{ "type": "Feature", "properties": { "Name": "Iglesia de Nuestra Señora de la Asunción" }, "geometry": { "type": "Point", "coordinates": [ -4.0980998, 41.3913484, 0.0 ] } },
{ "type": "Feature", "properties": { "Name": "Iglesia de San Cristóbal" }, "geometry": { "type": "Point", "coordinates": [ -3.9609425, 41.0818049, 0.0 ] } },
{ "type": "Feature", "properties": { "Name": "Iglesia de Nuestra Señora de la Asunción" }, "geometry": { "type": "Point", "coordinates": [ -3.6823632, 41.2881775, 0.0 ] } },
{ "type": "Feature", "properties": { "Name": "Iglesia de la Natividad de Nuestra Señora" }, "geometry": { "type": "Point", "coordinates": [ -3.6504674, 41.2369, 0.0 ] } },
{ "type": "Feature", "properties": { "Name": "Iglesia de la Virgen de Vallehermoso" }, "geometry": { "type": "Point", "coordinates": [ -3.308874, 41.3260284, 0.0 ] } },
{ "type": "Feature", "properties": { "Name": "Ermita de San Lorenzo (Ruinas)" }, "geometry": { "type": "Point", "coordinates": [ -3.7034022, 41.3235131, 0.0 ] } },
{ "type": "Feature", "properties": { "Name": "Iglesia de San Pedro en Cátedra" }, "geometry": { "type": "Point", "coordinates": [ -4.0005124, 41.3804263, 0.0 ] } },
{ "type": "Feature", "properties": { "Name": "ERMITA DE SAN VICENTE MARTIR" }, "geometry": { "type": "Point", "coordinates": [ -3.9315441, 41.455696, 0.0 ] } },
{ "type": "Feature", "properties": { "Name": "Iglesia de San Martín (ruinas)" }, "geometry": { "type": "Point", "coordinates": [ -3.9777217, 41.4392131, 0.0 ] } },
{ "type": "Feature", "properties": { "Name": "Iglesia de Nuestra Señora de la Asunción" }, "geometry": { "type": "Point", "coordinates": [ -4.4683078, 41.0055113, 0.0 ] } },
{ "type": "Feature", "properties": { "Name": "Iglesia de Santo Tomás" }, "geometry": { "type": "Point", "coordinates": [ -4.0819636, 41.0158667, 0.0 ] } },
{ "type": "Feature", "properties": { "Name": "Iglesia San Miguel Arcángel" }, "geometry": { "type": "Point", "coordinates": [ -3.4239108, 41.4490205, 0.0 ] } },
{ "type": "Feature", "properties": { "Name": "Iglesia románica Nuestra Señora de la Cerca de Madrona" }, "geometry": { "type": "Point", "coordinates": [ -4.171237, 40.8979106, 0.0 ] } },
{ "type": "Feature", "properties": { "Name": "Iglesia de San Cristóbal" }, "geometry": { "type": "Point", "coordinates": [ -3.61725, 41.46445, 0.0 ] } },
{ "type": "Feature", "properties": { "Name": "Iglesia de Nuestra Señora de la Asunción o de la Virgen de las Dehesas" }, "geometry": { "type": "Point", "coordinates": [ -3.7067099, 41.3728377, 0.0 ] } },
{ "type": "Feature", "properties": { "Name": "Iglesia de la Inmaculada Concepción" }, "geometry": { "type": "Point", "coordinates": [ -4.1365055, 40.8685245, 0.0 ] } },
{ "type": "Feature", "properties": { "Name": "Ermita de Nuestra Señora del Pozo Viejo" }, "geometry": { "type": "Point", "coordinates": [ -4.4229918, 41.0967347, 0.0 ] } },
{ "type": "Feature", "properties": { "Name": "Iglesia del Espíritu Santo. Ruinas." }, "geometry": { "type": "Point", "coordinates": [ -3.7824659, 41.1539875, 0.0 ] } },
{ "type": "Feature", "properties": { "Name": "Abadía de Santa María Real de Párraces" }, "geometry": { "type": "Point", "coordinates": [ -4.4131393, 40.9064858, 0.0 ] } },
{ "type": "Feature", "properties": { "Name": "Ermita de Santa María de Cárdaba (Santa Apolonia)" }, "geometry": { "type": "Point", "coordinates": [ -3.9586915, 41.4840856, 0.0 ] } },
{ "type": "Feature", "properties": { "Name": "Iglesia de Santa María (ruinas)" }, "geometry": { "type": "Point", "coordinates": [ -3.8126694, 41.1318436, 0.0 ] } },
{ "type": "Feature", "properties": { "Name": "Iglesia de San Pedro Ad Vincula" }, "geometry": { "type": "Point", "coordinates": [ -3.708252, 41.2457474, 0.0 ] } },
{ "type": "Feature", "properties": { "Name": "Iglesia de San Juan Bautista" }, "geometry": { "type": "Point", "coordinates": [ -3.6842431, 41.1615654, 0.0 ] } },
{ "type": "Feature", "properties": { "Name": "Ermita de Nuestra Señora de las Vegas" }, "geometry": { "type": "Point", "coordinates": [ -3.8463889, 41.1161111, 0.0 ] } },
{ "type": "Feature", "properties": { "Name": "Iglesia de San Miguel" }, "geometry": { "type": "Point", "coordinates": [ -3.9653433, 41.4968328, 0.0 ] } },
{ "type": "Feature", "properties": { "Name": "Iglesia de Santa Marina" }, "geometry": { "type": "Point", "coordinates": [ -3.96097, 41.49429, 0.0 ] } },
{ "type": "Feature", "properties": { "Name": "Ermita de Nuestra Señora del Río" }, "geometry": { "type": "Point", "coordinates": [ -3.95221, 41.396666, 0.0 ] } },
{ "type": "Feature", "properties": { "Name": "Iglesia de San Pedro Apóstol" }, "geometry": { "type": "Point", "coordinates": [ -3.8096359, 41.2270019, 0.0 ] } },
{ "type": "Feature", "properties": { "Name": "Iglesia de La Natividad" }, "geometry": { "type": "Point", "coordinates": [ -3.4071488, 41.4149358, 0.0 ] } },
{ "type": "Feature", "properties": { "Name": "Iglesia de San Juan de los Caballeros" }, "geometry": { "type": "Point", "coordinates": [ -4.1170742, 40.9509247, 0.0 ] } },
{ "type": "Feature", "properties": { "Name": "Iglesia de San Millán" }, "geometry": { "type": "Point", "coordinates": [ -4.120673, 40.945702, 0.0 ] } },
{ "type": "Feature", "properties": { "Name": "Iglesias de San Justo" }, "geometry": { "type": "Point", "coordinates": [ -4.1155358, 40.9478065, 0.0 ] } },
{ "type": "Feature", "properties": { "Name": "Iglesia de San Lorenzo" }, "geometry": { "type": "Point", "coordinates": [ -4.1139889, 40.9528507, 0.0 ] } },
{ "type": "Feature", "properties": { "Name": "Iglesia de San Martín" }, "geometry": { "type": "Point", "coordinates": [ -4.1218797, 40.948973, 0.0 ] } },
{ "type": "Feature", "properties": { "Name": "Iglesia de San Nicolás. Taller Municipal de Teatro" }, "geometry": { "type": "Point", "coordinates": [ -4.1218319, 40.9517837, 0.0 ] } },
{ "type": "Feature", "properties": { "Name": "Iglesia De San Bartolomé" }, "geometry": { "type": "Point", "coordinates": [ -3.7474449, 41.2969701, 0.0 ] } },
{ "type": "Feature", "properties": { "Name": "Iglesia de El Salvador" }, "geometry": { "type": "Point", "coordinates": [ -3.7504522, 41.2979659, 0.0 ] } },
{ "type": "Feature", "properties": { "Name": "Santuario de Nuestra Señora de la Peña" }, "geometry": { "type": "Point", "coordinates": [ -3.7505316, 41.302113, 0.0 ] } },
{ "type": "Feature", "properties": { "Name": "Iglesia de los Santos Justo y Pastor" }, "geometry": { "type": "Point", "coordinates": [ -3.7496719, 41.2984229, 0.0 ] } },
{ "type": "Feature", "properties": { "Name": "Iglesia de San Nicolás de Bari" }, "geometry": { "type": "Point", "coordinates": [ -4.0247286, 40.9934025, 0.0 ] } },
{ "type": "Feature", "properties": { "Name": "Iglesia de San Bartolomé" }, "geometry": { "type": "Point", "coordinates": [ -4.1771743, 40.9305591, 0.0 ] } },
{ "type": "Feature", "properties": { "Name": "Iglesia de Nuestra Señora de la Asunción" }, "geometry": { "type": "Point", "coordinates": [ -4.0312059, 41.105853, 0.0 ] } },
{ "type": "Feature", "properties": { "Name": "Iglesia de San Miguel Arcángel" }, "geometry": { "type": "Point", "coordinates": [ -4.0054323, 41.1580765, 0.0 ] } },
{ "type": "Feature", "properties": { "Name": "Iglesia de Santiago" }, "geometry": { "type": "Point", "coordinates": [ -4.0068606, 41.1554575, 0.0 ] } },
{ "type": "Feature", "properties": { "Name": "Iglesia de San Cristóbal" }, "geometry": { "type": "Point", "coordinates": [ -3.8070943, 41.179484, 0.0 ] } },
{ "type": "Feature", "properties": { "Name": "Iglesia de Nuestra Señora de Tejadilla" }, "geometry": { "type": "Point", "coordinates": [ -3.6898727, 41.1838913, 0.0 ] } },
{ "type": "Feature", "properties": { "Name": "Iglesia de Santa Cecilia Virgen" }, "geometry": { "type": "Point", "coordinates": [ -3.6549097, 41.5209975, 0.0 ] } },
{ "type": "Feature", "properties": { "Name": "Iglesia de la Purificación de Nuestra Señora" }, "geometry": { "type": "Point", "coordinates": [ -4.1227507, 41.1154252, 0.0 ] } },
{ "type": "Feature", "properties": { "Name": "Real Monasterio de Santes Creus" }, "geometry": { "type": "Point", "coordinates": [ 1.363803, 41.3460331, 0.0 ] } },
{ "type": "Feature", "properties": { "Name": "Iglesia de Santa Maria" }, "geometry": { "type": "Point", "coordinates": [ 1.3748023, 41.2294416, 0.0 ] } },
{ "type": "Feature", "properties": { "Name": "Capella de Santa Tecla la Vella" }, "geometry": { "type": "Point", "coordinates": [ 1.2588834, 41.1196887, 0.0 ] } },
{ "type": "Feature", "properties": { "Name": "Parque del Milagro - Parc del Miracle" }, "geometry": { "type": "Point", "coordinates": [ 1.2583989, 41.1152446, 0.0 ] } },
{ "type": "Feature", "properties": { "Name": "Iglesia de los Santos Julián y Basilisa" }, "geometry": { "type": "Point", "coordinates": [ -0.9456767, 42.5472677, 0.0 ] } },
{ "type": "Feature", "properties": { "Name": "Iglesia de San Nicolás de Ceñito" }, "geometry": { "type": "Point", "coordinates": [ -1.1313997, 42.5006348, 0.0 ] } },
{ "type": "Feature", "properties": { "Name": "Basílica Santa María de los Sagrados Corporales" }, "geometry": { "type": "Point", "coordinates": [ -1.4137368, 41.1150824, 0.0 ] } },
{ "type": "Feature", "properties": { "Name": "Iglesia de San Miguel" }, "geometry": { "type": "Point", "coordinates": [ -1.4169078, 41.1152337, 0.0 ] } },
{ "type": "Feature", "properties": { "Name": "Ermita de San Miguel de Liso" }, "geometry": { "type": "Point", "coordinates": [ -0.867157, 42.3832202, 0.0 ] } },
{ "type": "Feature", "properties": { "Name": "Iglesia de Nuestra Señora de la Asunción" }, "geometry": { "type": "Point", "coordinates": [ -1.1458828, 42.5129455, 0.0 ] } },
{ "type": "Feature", "properties": { "Name": "Iglesia de San Esteban" }, "geometry": { "type": "Point", "coordinates": [ -1.2147667, 42.4971723, 0.0 ] } },
{ "type": "Feature", "properties": { "Name": "Iglesia de Santa María la Mayor" }, "geometry": { "type": "Point", "coordinates": [ -1.1329148, 42.3593461, 0.0 ] } },
{ "type": "Feature", "properties": { "Name": "Iglesia San Miguel" }, "geometry": { "type": "Point", "coordinates": [ -1.1300325, 42.3624425, 0.0 ] } },
{ "type": "Feature", "properties": { "Name": "Iglesia de San Lorenzo" }, "geometry": { "type": "Point", "coordinates": [ -1.1315502, 42.3638441, 0.0 ] } },
{ "type": "Feature", "properties": { "Name": "Iglesia de San Martín" }, "geometry": { "type": "Point", "coordinates": [ -1.1304113, 42.361442, 0.0 ] } },
{ "type": "Feature", "properties": { "Name": "Ermita de Santa Quiteria. Ruinas" }, "geometry": { "type": "Point", "coordinates": [ -1.0313268, 42.4350924, 0.0 ] } },
{ "type": "Feature", "properties": { "Name": "Iglesia San Adrián" }, "geometry": { "type": "Point", "coordinates": [ -1.0439465, 42.5376904, 0.0 ] } },
{ "type": "Feature", "properties": { "Name": "Iglesia de Santiago y San Miguel" }, "geometry": { "type": "Point", "coordinates": [ -0.9301947, 42.1693325, 0.0 ] } },
{ "type": "Feature", "properties": { "Name": "Iglesia San Adrián" }, "geometry": { "type": "Point", "coordinates": [ -1.0439465, 42.5376904, 0.0 ] } },
{ "type": "Feature", "properties": { "Name": "\"monasterio de Santa María de Veruela" }, "geometry": { "type": "Point", "coordinates": [ -1.6928508, 41.812681, 0.0 ] } },
{ "type": "Feature", "properties": { "Name": "Catedral del Salvador - La Seo" }, "geometry": { "type": "Point", "coordinates": [ -0.8757358, 41.6545606, 0.0 ] } },
{ "type": "Feature", "properties": { "Name": "Ermita de Nuestra Señora de Treviño" }, "geometry": { "type": "Point", "coordinates": [ -0.0081414, 42.1340949, 0.0 ] } },
{ "type": "Feature", "properties": { "Name": "Iglesia de San Salvador" }, "geometry": { "type": "Point", "coordinates": [ -0.7944334, 42.3547978, 0.0 ] } },
{ "type": "Feature", "properties": { "Name": "Iglesia San Miguel de Alastuey" }, "geometry": { "type": "Point", "coordinates": [ -0.7596987, 42.5208655, 0.0 ] } },
{ "type": "Feature", "properties": { "Name": "Ermita de San Nicolás de Bari" }, "geometry": { "type": "Point", "coordinates": [ -0.0352241, 42.164789, 0.0 ] } },
{ "type": "Feature", "properties": { "Name": "Iglesia Parroquial de San Félix" }, "geometry": { "type": "Point", "coordinates": [ -0.403273, 42.225456, 0.0 ] } },
{ "type": "Feature", "properties": { "Name": "Iglesia de San Pedro" }, "geometry": { "type": "Point", "coordinates": [ -0.7842199, 42.5071347, 0.0 ] } },
{ "type": "Feature", "properties": { "Name": "Iglesia de San Clemente. Ruinas" }, "geometry": { "type": "Point", "coordinates": [ -0.140803, 42.21395, 0.0 ] } },
{ "type": "Feature", "properties": { "Name": "Iglesia de San Juan Evangelista" }, "geometry": { "type": "Point", "coordinates": [ -0.1541227, 42.0581783, 0.0 ] } },
{ "type": "Feature", "properties": { "Name": "Iglesia de los Santos Ángeles Custodios" }, "geometry": { "type": "Point", "coordinates": [ -0.6988898, 42.5482442, 0.0 ] } },
{ "type": "Feature", "properties": { "Name": "Ermita del monasterio de San Adrián de Sásabe (S.IX-XII)" }, "geometry": { "type": "Point", "coordinates": [ -0.5901162, 42.6755023, 0.0 ] } },
{ "type": "Feature", "properties": { "Name": "Plaza San Bernardo, 1" }, "geometry": { "type": "Point", "coordinates": [ -0.140065, 42.1564904, 0.0 ] } },
{ "type": "Feature", "properties": { "Name": "Santa Maria de Castanesa" }, "geometry": { "type": "Point", "coordinates": [ 0.6617598, 42.4976607, 0.0 ] } },
{ "type": "Feature", "properties": { "Name": "Santa Maria de Castanesa" }, "geometry": { "type": "Point", "coordinates": [ 0.6617598, 42.4976607, 0.0 ] } },
{ "type": "Feature", "properties": { "Name": "Ermita de Santa María" }, "geometry": { "type": "Point", "coordinates": [ -0.6682264, 42.4325995, 0.0 ] } },
{ "type": "Feature", "properties": { "Name": "Ermita de Santa Isabel" }, "geometry": { "type": "Point", "coordinates": [ -0.6761128, 42.4134877, 0.0 ] } },
{ "type": "Feature", "properties": { "Name": "Ermita de San Vicente (ruinas)" }, "geometry": { "type": "Point", "coordinates": [ 0.6241745, 42.0057401, 0.0 ] } },
{ "type": "Feature", "properties": { "Name": "Monasterio de San Pedro el Viejo" }, "geometry": { "type": "Point", "coordinates": [ -0.4074278, 42.1382472, 0.0 ] } },
{ "type": "Feature", "properties": { "Name": "Ermita de Santa María de Iguácel" }, "geometry": { "type": "Point", "coordinates": [ -0.4719652, 42.6470782, 0.0 ] } },
{ "type": "Feature", "properties": { "Name": "Catedral de San Pedro" }, "geometry": { "type": "Point", "coordinates": [ -0.5495069, 42.5707728, 0.0 ] } },
{ "type": "Feature", "properties": { "Name": "Iglesia de la Adoración de los Reyes Magos" }, "geometry": { "type": "Point", "coordinates": [ -0.5355756, 42.4087256, 0.0 ] } },
{ "type": "Feature", "properties": { "Name": "Castillo de Loarre" }, "geometry": { "type": "Point", "coordinates": [ -0.612386, 42.3256653, 0.0 ] } },
{ "type": "Feature", "properties": { "Name": "Ermita de Santa Águeda" }, "geometry": { "type": "Point", "coordinates": [ -0.6213059, 42.292095, 0.0 ] } },
{ "type": "Feature", "properties": { "Name": "Iglesia de San Miguel" }, "geometry": { "type": "Point", "coordinates": [ -0.4370317, 42.451503, 0.0 ] } },
{ "type": "Feature", "properties": { "Name": "Ermita de San Martín o de Santa Cruz" }, "geometry": { "type": "Point", "coordinates": [ -0.7278897, 42.3474596, 0.0 ] } },
{ "type": "Feature", "properties": { "Name": "Iglesia de San Bernardo" }, "geometry": { "type": "Point", "coordinates": [ -0.8272741, 42.3742624, 0.0 ] } },
{ "type": "Feature", "properties": { "Name": "Monasterio Viejo de San Juan de la Peña" }, "geometry": { "type": "Point", "coordinates": [ -0.6727629, 42.5078339, 0.0 ] } },
{ "type": "Feature", "properties": { "Name": "Iglesia de Santa María de Santa Cruz de la Serós" }, "geometry": { "type": "Point", "coordinates": [ -0.6743649, 42.5227079, 0.0 ] } },
{ "type": "Feature", "properties": { "Name": "Monasterio de Santa María de Alaón" }, "geometry": { "type": "Point", "coordinates": [ 0.7497799, 42.3181022, 0.0 ] } },
{ "type": "Feature", "properties": { "Name": "Santa Maria de Tolba" }, "geometry": { "type": "Point", "coordinates": [ 0.5649823, 42.114694, 0.0 ] } },
{ "type": "Feature", "properties": { "Name": "Iglesia de San Esteban de Villarrué" }, "geometry": { "type": "Point", "coordinates": [ 0.5903716, 42.4794314, 0.0 ] } },
{ "type": "Feature", "properties": { "Name": "Iglesia de San Martín" }, "geometry": { "type": "Point", "coordinates": [ -0.4358651, 42.1843509, 0.0 ] } },
{ "type": "Feature", "properties": { "Name": "Iglesia de San Miguel" }, "geometry": { "type": "Point", "coordinates": [ -2.5338939, 41.4873377, 0.0 ] } },
{ "type": "Feature", "properties": { "Name": "Iglesia de Nuestra Señora de la la Asuncion" }, "geometry": { "type": "Point", "coordinates": [ -2.6705753, 41.2640662, 0.0 ] } },
{ "type": "Feature", "properties": { "Name": "Iglesia de San Miguel Arcángel" }, "geometry": { "type": "Point", "coordinates": [ -2.8083333, 41.52, 0.0 ] } },
{ "type": "Feature", "properties": { "Name": "Iglesia de Nuestra Señora del Espino" }, "geometry": { "type": "Point", "coordinates": [ -3.0070389, 41.6423647, 0.0 ] } },
{ "type": "Feature", "properties": { "Name": "Iglesia de San Martín de Tours" }, "geometry": { "type": "Point", "coordinates": [ -3.1614521, 41.6603504, 0.0 ] } },
{ "type": "Feature", "properties": { "Name": "Iglesia de San Pedro" }, "geometry": { "type": "Point", "coordinates": [ -3.3611878, 41.6631732, 0.0 ] } },
{ "type": "Feature", "properties": { "Name": "Ermita de Nuestra Señora de la Calzada" }, "geometry": { "type": "Point", "coordinates": [ -2.9547605, 41.3973124, 0.0 ] } },
{ "type": "Feature", "properties": { "Name": "Iglesia de Santa María" }, "geometry": { "type": "Point", "coordinates": [ -3.0898595, 41.3833174, 0.0 ] } },
{ "type": "Feature", "properties": { "Name": "Ermita de los Santos Mártires" }, "geometry": { "type": "Point", "coordinates": [ -3.4945098, 41.5636419, 0.0 ] } },
{ "type": "Feature", "properties": { "Name": "Iglesia de la Inmaculada Concepción" }, "geometry": { "type": "Point", "coordinates": [ -3.328983, 41.5052396, 0.0 ] } },
{ "type": "Feature", "properties": { "Name": "Iglesia de San Juan Bautista" }, "geometry": { "type": "Point", "coordinates": [ -2.9969972, 41.4285921, 0.0 ] } },
{ "type": "Feature", "properties": { "Name": "Iglesia de San Miguel" }, "geometry": { "type": "Point", "coordinates": [ -3.2067173, 41.5757508, 0.0 ] } },
{ "type": "Feature", "properties": { "Name": "Iglesia de la Asunción de Nuestra Señora" }, "geometry": { "type": "Point", "coordinates": [ -2.600258, 41.8694476, 0.0 ] } },
{ "type": "Feature", "properties": { "Name": "Iglesia de San Gervasio y San Protasio" }, "geometry": { "type": "Point", "coordinates": [ -2.6097042, 41.6724197, 0.0 ] } },
{ "type": "Feature", "properties": { "Name": "Iglesia de Santo Tomás Apóstol" }, "geometry": { "type": "Point", "coordinates": [ -2.71021, 41.5970046, 0.0 ] } },
{ "type": "Feature", "properties": { "Name": "Iglesia de San Juan Bautista" }, "geometry": { "type": "Point", "coordinates": [ -3.3180317, 41.4082515, 0.0 ] } },
{ "type": "Feature", "properties": { "Name": "Iglesia de Nuestra Señora de la Asunción" }, "geometry": { "type": "Point", "coordinates": [ -2.5830439, 41.6580444, 0.0 ] } },
{ "type": "Feature", "properties": { "Name": "Iglesia de San Juan Bautista" }, "geometry": { "type": "Point", "coordinates": [ -3.2138752, 41.6349066, 0.0 ] } },
{ "type": "Feature", "properties": { "Name": "Iglesia de San Martín" }, "geometry": { "type": "Point", "coordinates": [ -3.3455432, 41.5359608, 0.0 ] } },
{ "type": "Feature", "properties": { "Name": "Ermita de Santa María de Tiermes" }, "geometry": { "type": "Point", "coordinates": [ -3.1475476, 41.3316287, 0.0 ] } },
{ "type": "Feature", "properties": { "Name": "Iglesia de Santo Tomás Apóstol. Ruinas" }, "geometry": { "type": "Point", "coordinates": [ -3.021523, 41.4311111, 0.0 ] } },
{ "type": "Feature", "properties": { "Name": "Iglesia de la cátedra de San Pedro de Antioquía" }, "geometry": { "type": "Point", "coordinates": [ -2.7263992, 41.5751271, 0.0 ] } },
{ "type": "Feature", "properties": { "Name": "Iglesia de San Pedro Apóstol" }, "geometry": { "type": "Point", "coordinates": [ -2.4536125, 41.482225, 0.0 ] } },
{ "type": "Feature", "properties": { "Name": "Iglesia de Nuestra Señora de la Asunción" }, "geometry": { "type": "Point", "coordinates": [ -2.4385548, 41.8725396, 0.0 ] } },
{ "type": "Feature", "properties": { "Name": "Iglesia de San Martín" }, "geometry": { "type": "Point", "coordinates": [ -3.2640507, 41.6218685, 0.0 ] } },
{ "type": "Feature", "properties": { "Name": "Iglesia de San Ginés" }, "geometry": { "type": "Point", "coordinates": [ -3.2618221, 41.6223999, 0.0 ] } },
{ "type": "Feature", "properties": { "Name": "Ermita de San Miguel" }, "geometry": { "type": "Point", "coordinates": [ -3.0042116, 41.3345076, 0.0 ] } },
{ "type": "Feature", "properties": { "Name": "Monasterio Cisterciense de Santa María de Huerta" }, "geometry": { "type": "Point", "coordinates": [ -2.1768796, 41.2615271, 0.0 ] } },
{ "type": "Feature", "properties": { "Name": "Ermita del Santo Cristo de Miranda" }, "geometry": { "type": "Point", "coordinates": [ -3.1380465, 41.7642394, 0.0 ] } },
{ "type": "Feature", "properties": { "Name": "Monasterio de San Juan de Duero. Sección Medieval del Museo Numantino." }, "geometry": { "type": "Point", "coordinates": [ -2.4543466, 41.768397, 0.0 ] } },
{ "type": "Feature", "properties": { "Name": "Ruinas de la Iglesia de San Nicolás" }, "geometry": { "type": "Point", "coordinates": [ -2.460289, 41.7649129, 0.0 ] } },
{ "type": "Feature", "properties": { "Name": "Iglesia de El Salvador" }, "geometry": { "type": "Point", "coordinates": [ -2.4686696, 41.7650141, 0.0 ] } },
{ "type": "Feature", "properties": { "Name": "Iglesia de San Juan de Rabanera" }, "geometry": { "type": "Point", "coordinates": [ -2.466022, 41.7631695, 0.0 ] } },
{ "type": "Feature", "properties": { "Name": "Iglesia Santo Domingo De Silos" }, "geometry": { "type": "Point", "coordinates": [ -2.8280599, 41.58569, 0.0 ] } },
{ "type": "Feature", "properties": { "Name": "Iglesia de San Juan Bautista" }, "geometry": { "type": "Point", "coordinates": [ -2.2838617, 41.750183, 0.0 ] } },
{ "type": "Feature", "properties": { "Name": "Iglesia de San Bartolomé Apóstol" }, "geometry": { "type": "Point", "coordinates": [ -2.4613468, 41.5340994, 0.0 ] } },
{ "type": "Feature", "properties": { "Name": "Iglesia de Nuestra Señora de la Asunción" }, "geometry": { "type": "Point", "coordinates": [ -2.6101119, 41.3529638, 0.0 ] } },
{ "type": "Feature", "properties": { "Name": "Monasterio de Sant Sebastià dels Gorgs" }, "geometry": { "type": "Point", "coordinates": [ 1.766509, 41.3806421, 0.0 ] } },
{ "type": "Feature", "properties": { "Name": "Parroquia de San Pedro de las Puel·las (antes monasterio)" }, "geometry": { "type": "Point", "coordinates": [ 2.1788741, 41.3897842, 0.0 ] } },
{ "type": "Feature", "properties": { "Name": "Palacio Episcopal de Barcelona" }, "geometry": { "type": "Point", "coordinates": [ 2.1755312, 41.3838689, 0.0 ] } },
{ "type": "Feature", "properties": { "Name": "Església de Sant Fèlix" }, "geometry": { "type": "Point", "coordinates": [ 2.2780115, 41.6246266, 0.0 ] } },
{ "type": "Feature", "properties": { "Name": "Monasterio de Santa Maria de l'Estany" }, "geometry": { "type": "Point", "coordinates": [ 2.1124717, 41.8690935, 0.0 ] } },
{ "type": "Feature", "properties": { "Name": "Iglesia de Sant Martí de Biure" }, "geometry": { "type": "Point", "coordinates": [ 1.9294994, 42.0236467, 0.0 ] } },
{ "type": "Feature", "properties": { "Name": "Església de Santa Maria de Cornet" }, "geometry": { "type": "Point", "coordinates": [ 1.9375255, 41.895214, 0.0 ] } },
{ "type": "Feature", "properties": { "Name": "Monasterio de San Benito de Bages" }, "geometry": { "type": "Point", "coordinates": [ 1.8992328, 41.742636, 0.0 ] } },
{ "type": "Feature", "properties": { "Name": "Església Parroquial de Santa María" }, "geometry": { "type": "Point", "coordinates": [ 1.6110917, 41.380293, 0.0 ] } },
{ "type": "Feature", "properties": { "Name": "Iglesia de San Pedro de Riudebitlles" }, "geometry": { "type": "Point", "coordinates": [ 1.7031654, 41.4538422, 0.0 ] } },
{ "type": "Feature", "properties": { "Name": " 41.90328   2.09215" }, "geometry": { "type": "Point", "coordinates": [ 2.09215, 41.90328, 0.0 ] } },
{ "type": "Feature", "properties": { "Name": "Santa Maria de Veciana" }, "geometry": { "type": "Point", "coordinates": [ 1.4844001, 41.6591229, 0.0 ] } },
{ "type": "Feature", "properties": { "Name": "Església de Sant Pere del Vim" }, "geometry": { "type": "Point", "coordinates": [ 1.5291641, 41.6797867, 0.0 ] } },
{ "type": "Feature", "properties": { "Name": "Catedral de San Pedro de Vic" }, "geometry": { "type": "Point", "coordinates": [ 2.2551588, 41.9281464, 0.0 ] } },
{ "type": "Feature", "properties": { "Name": "Ermita de la Mare de Déu de la Sala" }, "geometry": { "type": "Point", "coordinates": [ 1.5554611, 41.5894106, 0.0 ] } },
{ "type": "Feature", "properties": { "Name": "Església Parroquial de Santa María" }, "geometry": { "type": "Point", "coordinates": [ 1.6110917, 41.380293, 0.0 ] } },
{ "type": "Feature", "properties": { "Name": "Església Parroquial de Santa María" }, "geometry": { "type": "Point", "coordinates": [ 1.6110917, 41.380293, 0.0 ] } },
{ "type": "Feature", "properties": { "Name": "Monasterio de Santa Maria de Serrateix" }, "geometry": { "type": "Point", "coordinates": [ 1.7765892, 41.9463347, 0.0 ] } },
{ "type": "Feature", "properties": { "Name": "Iglesia de San Martín" }, "geometry": { "type": "Point", "coordinates": [ 1.8814814, 41.9708083, 0.0 ] } },
{ "type": "Feature", "properties": { "Name": "Iglesia de San Pablo" }, "geometry": { "type": "Point", "coordinates": [ 1.8427975, 42.0277758, 0.0 ] } },
{ "type": "Feature", "properties": { "Name": "Iglesia de Sant Martí de Maçanet" }, "geometry": { "type": "Point", "coordinates": [ 2.7477903, 42.3861303, 0.0 ] } },
{ "type": "Feature", "properties": { "Name": "Iglesia de San Vicente de Espinelves" }, "geometry": { "type": "Point", "coordinates": [ 2.4174047, 41.8688152, 0.0 ] } },
{ "type": "Feature", "properties": { "Name": "Monasterio de San Esteban" }, "geometry": { "type": "Point", "coordinates": [ 2.7694103, 42.1205617, 0.0 ] } },
{ "type": "Feature", "properties": { "Name": "Iglesia de San Esteban" }, "geometry": { "type": "Point", "coordinates": [ 1.8779607, 42.448014, 0.0 ] } },
{ "type": "Feature", "properties": { "Name": "Iglesia de San Esteban de Bas" }, "geometry": { "type": "Point", "coordinates": [ 2.4590918, 42.1186019, 0.0 ] } },
{ "type": "Feature", "properties": { "Name": "Monestir de Santa Maria de Lladó" }, "geometry": { "type": "Point", "coordinates": [ 2.8135601, 42.2478508, 0.0 ] } },
{ "type": "Feature", "properties": { "Name": "Iglesia de Santa Maria de l'Om" }, "geometry": { "type": "Point", "coordinates": [ 2.9807613, 42.3517024, 0.0 ] } },
{ "type": "Feature", "properties": { "Name": "Ermita de Santa Eugènia" }, "geometry": { "type": "Point", "coordinates": [ 2.9172289, 42.2399519, 0.0 ] } },
{ "type": "Feature", "properties": { "Name": "Iglesia de Santa Maria de Colomers" }, "geometry": { "type": "Point", "coordinates": [ 2.9871972, 42.0841414, 0.0 ] } },
{ "type": "Feature", "properties": { "Name": "Monasterio de Santa María de Ripoll" }, "geometry": { "type": "Point", "coordinates": [ 2.1903529, 42.2013345, 0.0 ] } },
{ "type": "Feature", "properties": { "Name": "Esglèsia de Sant Feliu de Beuda" }, "geometry": { "type": "Point", "coordinates": [ 2.7097796, 42.236987, 0.0 ] } },
{ "type": "Feature", "properties": { "Name": "Monasterio de Sant Miquel de Fluvià" }, "geometry": { "type": "Point", "coordinates": [ 2.9917839, 42.1718301, 0.0 ] } },
{ "type": "Feature", "properties": { "Name": "Monestir de Sant Joan de les Abadesses" }, "geometry": { "type": "Point", "coordinates": [ 2.2860286, 42.232531, 0.0 ] } },
{ "type": "Feature", "properties": { "Name": "Monasterio de San Pedro de Rodes" }, "geometry": { "type": "Point", "coordinates": [ 3.1663708, 42.3233925, 0.0 ] } },
{ "type": "Feature", "properties": { "Name": "Canónica de Santa María de Vilabertrán" }, "geometry": { "type": "Point", "coordinates": [ 2.97881, 42.28195, 0.0 ] } },
{ "type": "Feature", "properties": { "Name": "Iglesia de Sant Andreu de Valencia d'Àneu" }, "geometry": { "type": "Point", "coordinates": [ 1.1107323, 42.6344224, 0.0 ] } },
{ "type": "Feature", "properties": { "Name": "Iglesia de Sant Joan d'Isil" }, "geometry": { "type": "Point", "coordinates": [ 1.084599, 42.6758771, 0.0 ] } },
{ "type": "Feature", "properties": { "Name": "Iglesia de Sant Lliser d'Alós d'Isil" }, "geometry": { "type": "Point", "coordinates": [ 1.1000863, 42.7011751, 0.0 ] } },
{ "type": "Feature", "properties": { "Name": "Església de Sant Llorenç d'Isavarre" }, "geometry": { "type": "Point", "coordinates": [ 1.1006023, 42.6510855, 0.0 ] } },
{ "type": "Feature", "properties": { "Name": "Monestir de Santa Maria de Gerri de la Sal" }, "geometry": { "type": "Point", "coordinates": [ 1.0666287, 42.3221649, 0.0 ] } },
{ "type": "Feature", "properties": { "Name": "Santa Maria de Bell-lloc" }, "geometry": { "type": "Point", "coordinates": [ 1.9262321, 42.479361, 0.0 ] } },
{ "type": "Feature", "properties": { "Name": "Iglesia de Santa Maria de Covet" }, "geometry": { "type": "Point", "coordinates": [ 1.0701186, 42.087424, 0.0 ] } },
{ "type": "Feature", "properties": { "Name": "Catedral de Santa María de Urgel" }, "geometry": { "type": "Point", "coordinates": [ 1.4617412, 42.3578393, 0.0 ] } },
{ "type": "Feature", "properties": { "Name": "Iglesia de San Clemente" }, "geometry": { "type": "Point", "coordinates": [ 0.8486653, 42.5174264, 0.0 ] } },
{ "type": "Feature", "properties": { "Name": "Iglesia de Santa María o de la Natividad de Nuestra Señora de Durro" }, "geometry": { "type": "Point", "coordinates": [ 0.8206355, 42.4981585, 0.0 ] } },
{ "type": "Feature", "properties": { "Name": "Iglesia de Santa María de la Asunción de Cóll" }, "geometry": { "type": "Point", "coordinates": [ 0.7726603, 42.4720996, 0.0 ] } },
{ "type": "Feature", "properties": { "Name": "Iglesia de Sant Andrèu de Salardú" }, "geometry": { "type": "Point", "coordinates": [ 0.901942, 42.70753, 0.0 ] } },
{ "type": "Feature", "properties": { "Name": "Iglesia de San Félix de Bagergue" }, "geometry": { "type": "Point", "coordinates": [ 0.9153765, 42.7180974, 0.0 ] } },
{ "type": "Feature", "properties": { "Name": "Iglesia de Santa María de Arties" }, "geometry": { "type": "Point", "coordinates": [ 0.8707278, 42.6979288, 0.0 ] } },
{ "type": "Feature", "properties": { "Name": "Glèisa de Santa Maria de Cap d'Aran" }, "geometry": { "type": "Point", "coordinates": [ 0.9177614, 42.7027138, 0.0 ] } },
{ "type": "Feature", "properties": { "Name": "Monasterio de Santa María de Lavaix. Ruïnes" }, "geometry": { "type": "Point", "coordinates": [ 0.7468613, 42.387652, 0.0 ] } },
{ "type": "Feature", "properties": { "Name": "Catedral de Santa Maria de Solsona" }, "geometry": { "type": "Point", "coordinates": [ 1.5192392, 41.9942156, 0.0 ] } },
{ "type": "Feature", "properties": { "Name": "Iglesia de Santa María | Ribera de Cardós" }, "geometry": { "type": "Point", "coordinates": [ 1.22807, 42.56372, 0.0 ] } },
{ "type": "Feature", "properties": { "Name": "Iglesia de Sant Feliu de Vilac" }, "geometry": { "type": "Point", "coordinates": [ 0.7978, 42.7218827, 0.0 ] } },
{ "type": "Feature", "properties": { "Name": "Església de Sant Peir d'Escunhau" }, "geometry": { "type": "Point", "coordinates": [ 0.8252297, 42.6967365, 0.0 ] } },
{ "type": "Feature", "properties": { "Name": "Iglesia de Iglesia de Santa María" }, "geometry": { "type": "Point", "coordinates": [ 0.8123832, 42.3694349, 0.0 ] } },
{ "type": "Feature", "properties": { "Name": "Església de Santa Maria de Corroncui" }, "geometry": { "type": "Point", "coordinates": [ 0.8523385, 42.3338082, 0.0 ] } },
{ "type": "Feature", "properties": { "Name": "Església de Santa Maria de Vilagrassa" }, "geometry": { "type": "Point", "coordinates": [ 1.1057053, 41.6484344, 0.0 ] } },
{ "type": "Feature", "properties": { "Name": "Abadía de Marmoutier" }, "geometry": { "type": "Point", "coordinates": [ 7.3820103, 48.6907936, 0.0 ] } },
{ "type": "Feature", "properties": { "Name": "Abadía de San Léger de Murbach" }, "geometry": { "type": "Point", "coordinates": [ 7.1579274, 47.923312, 0.0 ] } },
{ "type": "Feature", "properties": { "Name": "Eglise Saints-Pierre-et-Paul" }, "geometry": { "type": "Point", "coordinates": [ 7.4705985, 48.4967671, 0.0 ] } },
{ "type": "Feature", "properties": { "Name": "Church of St Dominic" }, "geometry": { "type": "Point", "coordinates": [ 0.894732, 44.6805276, 0.0 ] } },
{ "type": "Feature", "properties": { "Name": "Église Sainte-Croix" }, "geometry": { "type": "Point", "coordinates": [ -0.6060714, 43.1892067, 0.0 ] } },
{ "type": "Feature", "properties": { "Name": "Catedral de Saint-Front de Périgueux" }, "geometry": { "type": "Point", "coordinates": [ 0.722768, 45.1835855, 0.0 ] } },
{ "type": "Feature", "properties": { "Name": "Église Saint-Pierre de Savigny-sous-Faye" }, "geometry": { "type": "Point", "coordinates": [ 0.2868379, 46.8704532, 0.0 ] } },
{ "type": "Feature", "properties": { "Name": "Église Notre-Dame de l'Assomption" }, "geometry": { "type": "Point", "coordinates": [ 0.9212129, 45.4145461, 0.0 ] } },
{ "type": "Feature", "properties": { "Name": "Church of Saint Laurent in Châtel-de-Neuvre (11th century)" }, "geometry": { "type": "Point", "coordinates": [ 3.3117703, 46.4030598, 0.0 ] } },
{ "type": "Feature", "properties": { "Name": "Basílica de Nuestra Señora del Puerto" }, "geometry": { "type": "Point", "coordinates": [ 3.0896144, 45.7806497, 0.0 ] } },
{ "type": "Feature", "properties": { "Name": "Abadía de Nuestra Señora de Fontgombault" }, "geometry": { "type": "Point", "coordinates": [ 0.9786337, 46.6770697, 0.0 ] } },
{ "type": "Feature", "properties": { "Name": "Collégiale Saint-Austrégésile de Saint-Outrille" }, "geometry": { "type": "Point", "coordinates": [ 1.8423385, 47.1436968, 0.0 ] } },
{ "type": "Feature", "properties": { "Name": "Neuvy-Saint-Sépulchre" }, "geometry": { "type": "Point", "coordinates": [ 1.807213, 46.595932, 0.0 ] } },
{ "type": "Feature", "properties": { "Name": "Basílica del Sagrado Corazón" }, "geometry": { "type": "Point", "coordinates": [ 4.1218022, 46.4498504, 0.0 ] } },
{ "type": "Feature", "properties": { "Name": "Basilique Saint-Andoche de Saulieu" }, "geometry": { "type": "Point", "coordinates": [ 4.2298087, 47.2794661, 0.0 ] } },
{ "type": "Feature", "properties": { "Name": "St. Stephen's Church" }, "geometry": { "type": "Point", "coordinates": [ -0.3735002, 49.1818463, 0.0 ] } },
{ "type": "Feature", "properties": { "Name": "Abadía de las Damas" }, "geometry": { "type": "Point", "coordinates": [ -0.3530372, 49.1863877, 0.0 ] } },
{ "type": "Feature", "properties": { "Name": "Église Saint-Symphorien d'Azay-le-Rideau" }, "geometry": { "type": "Point", "coordinates": [ 0.4662353, 47.2604441, 0.0 ] } },
{ "type": "Feature", "properties": { "Name": "Catedral de Bourges" }, "geometry": { "type": "Point", "coordinates": [ 2.399205, 47.0821639, 0.0 ] } },
{ "type": "Feature", "properties": { "Name": "Église Saint-Étienne" }, "geometry": { "type": "Point", "coordinates": [ 0.6138184, 47.6685773, 0.0 ] } },
{ "type": "Feature", "properties": { "Name": "Église Saint-Étienne" }, "geometry": { "type": "Point", "coordinates": [ 0.6138184, 47.6685773, 0.0 ] } },
{ "type": "Feature", "properties": { "Name": "Abadía de Fleury" }, "geometry": { "type": "Point", "coordinates": [ 2.3057125, 47.8095941, 0.0 ] } },
{ "type": "Feature", "properties": { "Name": "Church of Saint-Étienne, Vignory" }, "geometry": { "type": "Point", "coordinates": [ 5.1048055, 48.2776466, 0.0 ] } },
{ "type": "Feature", "properties": { "Name": "Abadía de Saint-Sever" }, "geometry": { "type": "Point", "coordinates": [ -0.5743525, 43.7596407, 0.0 ] } },
{ "type": "Feature", "properties": { "Name": "Église Saint-Jacques" }, "geometry": { "type": "Point", "coordinates": [ 3.2136951, 43.3377942, 0.0 ] } },
{ "type": "Feature", "properties": { "Name": "Església - Église de Sant Sadurní de Bula d'Amunt" }, "geometry": { "type": "Point", "coordinates": [ 2.614127, 42.5791893, 0.0 ] } },
{ "type": "Feature", "properties": { "Name": "Église Sainte-Marie" }, "geometry": { "type": "Point", "coordinates": [ 2.8345964, 42.5242417, 0.0 ] } },
{ "type": "Feature", "properties": { "Name": "Catedral de Santa Eulalia y Santa Julia de Elna" }, "geometry": { "type": "Point", "coordinates": [ 2.9719365, 42.5990923, 0.0 ] } },
{ "type": "Feature", "properties": { "Name": "Sant Julià i Santa Basilissa de Jújols" }, "geometry": { "type": "Point", "coordinates": [ 2.2948567, 42.5690118, 0.0 ] } },
{ "type": "Feature", "properties": { "Name": "Notre Dame des Escaliers de Marcevol" }, "geometry": { "type": "Point", "coordinates": [ 2.4999119, 42.6638159, 0.0 ] } },
{ "type": "Feature", "properties": { "Name": "Sant Pere de Riuferrer" }, "geometry": { "type": "Point", "coordinates": [ 2.6202795, 42.4636203, 0.0 ] } },
{ "type": "Feature", "properties": { "Name": "Sant Esteve d'Agusà" }, "geometry": { "type": "Point", "coordinates": [ 2.8452558, 42.7080774, 0.0 ] } },
{ "type": "Feature", "properties": { "Name": "Eglise Ste Marie" }, "geometry": { "type": "Point", "coordinates": [ 2.7227271, 42.6877168, 0.0 ] } },
{ "type": "Feature", "properties": { "Name": "Église Saint André" }, "geometry": { "type": "Point", "coordinates": [ 2.9713324, 42.5524711, 0.0 ] } },
{ "type": "Feature", "properties": { "Name": "Taxo-d'Avall" }, "geometry": { "type": "Point", "coordinates": [ 3.0040969, 42.568145, 0.0 ] } },
{ "type": "Feature", "properties": { "Name": "Eglise d'Avord" }, "geometry": { "type": "Point", "coordinates": [ 2.6540954, 47.0321761, 0.0 ] } },
{ "type": "Feature", "properties": { "Name": "Iglesia prioral de Nuestra Señora de Cunault" }, "geometry": { "type": "Point", "coordinates": [ -0.2006728, 47.3295308, 0.0 ] } },
{ "type": "Feature", "properties": { "Name": "Abadía de Fontevraud" }, "geometry": { "type": "Point", "coordinates": [ 0.0499881, 47.1817882, 0.0 ] } },
{ "type": "Feature", "properties": { "Name": "Église Saint Martin d'Ineuil" }, "geometry": { "type": "Point", "coordinates": [ 2.2897177, 46.7763307, 0.0 ] } },
{ "type": "Feature", "properties": { "Name": "Église Saint André" }, "geometry": { "type": "Point", "coordinates": [ 2.6432632, 46.9855606, 0.0 ] } },
{ "type": "Feature", "properties": { "Name": "Abbatiale Saint-Martin de Plaimpied" }, "geometry": { "type": "Point", "coordinates": [ 2.4549704, 46.998285, 0.0 ] } },
{ "type": "Feature", "properties": { "Name": "Church of Saint-Pierre of Bessuéjouls" }, "geometry": { "type": "Point", "coordinates": [ 2.7300336, 44.5263543, 0.0 ] } },
{ "type": "Feature", "properties": { "Name": "A Bouzonnet" }, "geometry": { "type": "Point", "coordinates": [ 0.0230184, 43.6965396, 0.0 ] } },
{ "type": "Feature", "properties": { "Name": "Église Notre-Dame" }, "geometry": { "type": "Point", "coordinates": [ 2.3064664, 44.1849083, 0.0 ] } },
{ "type": "Feature", "properties": { "Name": "Iglesia abacial de Sainte-Foy" }, "geometry": { "type": "Point", "coordinates": [ 2.3976934, 44.5992568, 0.0 ] } },
{ "type": "Feature", "properties": { "Name": "Église Saint-Hilarian-Sainte-Foy de Perse" }, "geometry": { "type": "Point", "coordinates": [ 2.7712977, 44.5176998, 0.0 ] } },
{ "type": "Feature", "properties": { "Name": "Église Saint-Jean-Baptiste" }, "geometry": { "type": "Point", "coordinates": [ 0.0124046, 43.6849037, 0.0 ] } },
{ "type": "Feature", "properties": { "Name": "Église Saint-Sigismond de Larressingle" }, "geometry": { "type": "Point", "coordinates": [ 0.3111392, 43.9437693, 0.0 ] } },
{ "type": "Feature", "properties": { "Name": "Loussous-Débat" }, "geometry": { "type": "Point", "coordinates": [ 0.0728325, 43.6533749, 0.0 ] } },
{ "type": "Feature", "properties": { "Name": "Beaucaire" }, "geometry": { "type": "Point", "coordinates": [ 0.384924, 43.837821, 0.0 ] } },
{ "type": "Feature", "properties": { "Name": "Église Saint-Jean-Baptiste de Lunac" }, "geometry": { "type": "Point", "coordinates": [ 2.1133769, 44.2352648, 0.0 ] } },
{ "type": "Feature", "properties": { "Name": "Marsolan" }, "geometry": { "type": "Point", "coordinates": [ 0.539601, 43.943136, 0.0 ] } },
{ "type": "Feature", "properties": { "Name": "Abadía de Moissac" }, "geometry": { "type": "Point", "coordinates": [ 1.0845127, 44.1053467, 0.0 ] } },
{ "type": "Feature", "properties": { "Name": "Église Saint Austrégésile de Mouchan" }, "geometry": { "type": "Point", "coordinates": [ 0.298042, 43.9039577, 0.0 ] } },
{ "type": "Feature", "properties": { "Name": "Eglise Saint-André" }, "geometry": { "type": "Point", "coordinates": [ 0.1797049, 43.6298337, 0.0 ] } },
{ "type": "Feature", "properties": { "Name": "Eglise paroissiale" }, "geometry": { "type": "Point", "coordinates": [ -0.00468, 43.6052818, 0.0 ] } },
{ "type": "Feature", "properties": { "Name": "Eglise Romane Saint-Jean Baptiste" }, "geometry": { "type": "Point", "coordinates": [ 0.0472128, 43.7059598, 0.0 ] } },
{ "type": "Feature", "properties": { "Name": "Catedral de San Bertrand de Comminges" }, "geometry": { "type": "Point", "coordinates": [ 0.5713016, 43.0267205, 0.0 ] } },
{ "type": "Feature", "properties": { "Name": "Église de Saint-Geniez-d'Olt" }, "geometry": { "type": "Point", "coordinates": [ 2.9709621, 44.4669099, 0.0 ] } },
{ "type": "Feature", "properties": { "Name": "Eglise Notre-Dame d'Estables" }, "geometry": { "type": "Point", "coordinates": [ 3.1201506, 44.4482066, 0.0 ] } },
{ "type": "Feature", "properties": { "Name": "Catedral de Toulouse" }, "geometry": { "type": "Point", "coordinates": [ 1.4505181, 43.599905, 0.0 ] } },
{ "type": "Feature", "properties": { "Name": "Basílica de San Sernín" }, "geometry": { "type": "Point", "coordinates": [ 1.4418039, 43.6083156, 0.0 ] } },
{ "type": "Feature", "properties": { "Name": "Eglise du Saint-Sépulcre de Villeneuve" }, "geometry": { "type": "Point", "coordinates": [ 2.031889, 44.4370301, 0.0 ] } },
{ "type": "Feature", "properties": { "Name": "Abadía de Jumièges" }, "geometry": { "type": "Point", "coordinates": [ 0.8180885, 49.4317195, 0.0 ] } },
{ "type": "Feature", "properties": { "Name": "Notre Dame de Morienval" }, "geometry": { "type": "Point", "coordinates": [ 2.9219347, 49.2980813, 0.0 ] } },
{ "type": "Feature", "properties": { "Name": "Eglise Saint Pierre d'Airvault" }, "geometry": { "type": "Point", "coordinates": [ -0.1381207, 46.8268026, 0.0 ] } },
{ "type": "Feature", "properties": { "Name": "Catedral de San Pedro de Angulema" }, "geometry": { "type": "Point", "coordinates": [ 0.1516699, 45.6490071, 0.0 ] } },
{ "type": "Feature", "properties": { "Name": "Church of Notre Dame in Bouresse" }, "geometry": { "type": "Point", "coordinates": [ 0.6097027, 46.3616587, 0.0 ] } },
{ "type": "Feature", "properties": { "Name": "Église Saint-Gervais-et-Saint-Protais de Civaux" }, "geometry": { "type": "Point", "coordinates": [ 0.6642689, 46.4446087, 0.0 ] } },
{ "type": "Feature", "properties": { "Name": "Église Saint-Jean-Baptiste de Jazeneuil" }, "geometry": { "type": "Point", "coordinates": [ 0.0703774, 46.4651531, 0.0 ] } },
{ "type": "Feature", "properties": { "Name": "Abbatiale de Saint Jouin De Marnes" }, "geometry": { "type": "Point", "coordinates": [ -0.052227, 46.8815806, 0.0 ] } },
{ "type": "Feature", "properties": { "Name": "Catedral de Nuestra Señora de Chartres" }, "geometry": { "type": "Point", "coordinates": [ 1.4878371, 48.4478026, 0.0 ] } },
{ "type": "Feature", "properties": { "Name": "Abbey to the Ladies of Saintes" }, "geometry": { "type": "Point", "coordinates": [ -0.6247962, 45.7446709, 0.0 ] } },
{ "type": "Feature", "properties": { "Name": "Église Saint-Maurice de Saint-Maurice-la-Clouère" }, "geometry": { "type": "Point", "coordinates": [ 0.4099181, 46.3766848, 0.0 ] } },
{ "type": "Feature", "properties": { "Name": "Abadía de Saint-Savin-sur-Gartempe" }, "geometry": { "type": "Point", "coordinates": [ 0.8658333, 46.5647222, 0.0 ] } },
{ "type": "Feature", "properties": { "Name": "Eglise, Prieuré Saint-Pierre" }, "geometry": { "type": "Point", "coordinates": [ 0.5288049, 46.2787976, 0.0 ] } },
{ "type": "Feature", "properties": { "Name": "Iglesia de San Román" }, "geometry": { "type": "Point", "coordinates": [ -1.8916561, 42.6757821, 0.0 ] } },
{ "type": "Feature", "properties": { "Name": "Castillo de Alcañiz o de los Calatravos" }, "geometry": { "type": "Point", "coordinates": [ -0.1325202, 41.0482511, 0.0 ] } },
{ "type": "Feature", "properties": { "Name": "Iglesia San Miguel" }, "geometry": { "type": "Point", "coordinates": [ -1.1300325, 42.3624425, 0.0 ] } },
{ "type": "Feature", "properties": { "Name": "Catedral de Parma" }, "geometry": { "type": "Point", "coordinates": [ 10.3308864, 44.8033834, 0.0 ] } },
{ "type": "Feature", "properties": { "Name": "Acquapendente" }, "geometry": { "type": "Point", "coordinates": [ 11.8652467, 42.7447598, 0.0 ] } },
{ "type": "Feature", "properties": { "Name": "Iglesia de San Juan Bautista" }, "geometry": { "type": "Point", "coordinates": [ 9.6547388, 44.1468366, 0.0 ] } },
{ "type": "Feature", "properties": { "Name": "St. Urbano's Abbey" }, "geometry": { "type": "Point", "coordinates": [ 13.0815393, 43.4099163, 0.0 ] } },
{ "type": "Feature", "properties": { "Name": "Abadía de Santa Fe" }, "geometry": { "type": "Point", "coordinates": [ 8.0376349, 45.143677, 0.0 ] } },
{ "type": "Feature", "properties": { "Name": "Chiesa di San Secondo" }, "geometry": { "type": "Point", "coordinates": [ 8.0616725, 44.9796594, 0.0 ] } },
{ "type": "Feature", "properties": { "Name": "Church of Saint Lawrence" }, "geometry": { "type": "Point", "coordinates": [ 8.1048397, 45.0623268, 0.0 ] } },
{ "type": "Feature", "properties": { "Name": "Abbazia dei Santi Nazario e Celso" }, "geometry": { "type": "Point", "coordinates": [ 8.4225764, 45.4376782, 0.0 ] } },
{ "type": "Feature", "properties": { "Name": "Pieve di Santa Maria a Lamula" }, "geometry": { "type": "Point", "coordinates": [ 11.5236742, 42.8830721, 0.0 ] } },
{ "type": "Feature", "properties": { "Name": "Parrocchia dei Santi Quirico e Giulitta" }, "geometry": { "type": "Point", "coordinates": [ 11.6032288, 43.060397, 0.0 ] } },
{ "type": "Feature", "properties": { "Name": "Chiesa e cripta di San Pietro in Villore" }, "geometry": { "type": "Point", "coordinates": [ 11.5907546, 43.1540499, 0.0 ] } },
{ "type": "Feature", "properties": { "Name": "Abadía de Sant'Antimo" }, "geometry": { "type": "Point", "coordinates": [ 11.5154483, 42.9994745, 0.0 ] } },
{ "type": "Feature", "properties": { "Name": "Narni" }, "geometry": { "type": "Point", "coordinates": [ 12.5158742, 42.5177376, 0.0 ] } },
{ "type": "Feature", "properties": { "Name": "Palazzo Del Capitano Del Popolo" }, "geometry": { "type": "Point", "coordinates": [ 12.1108603, 42.7193879, 0.0 ] } },
{ "type": "Feature", "properties": { "Name": "Abbey of Saints Severus and Martirio" }, "geometry": { "type": "Point", "coordinates": [ 12.116096, 42.709655, 0.0 ] } },
{ "type": "Feature", "properties": { "Name": "Perugia" }, "geometry": { "type": "Point", "coordinates": [ 12.3908279, 43.1107168, 0.0 ] } },
{ "type": "Feature", "properties": { "Name": "Concatedral de la Asunción de María" }, "geometry": { "type": "Point", "coordinates": [ 16.6895729, 41.1064861, 0.0 ] } },
{ "type": "Feature", "properties": { "Name": "Ermita de San Felices" }, "geometry": { "type": "Point", "coordinates": [ -3.6416529, 42.1927251, 0.0 ] } },
{ "type": "Feature", "properties": { "Name": "Iglesia de Saint-Nectaire" }, "geometry": { "type": "Point", "coordinates": [ 2.9924745, 45.5882298, 0.0 ] } },
{ "type": "Feature", "properties": { "Name": "Iglesia de Santo Tomás de Serantes" }, "geometry": { "type": "Point", "coordinates": [ -8.1582249, 42.3847159, 0.0 ] } },
{ "type": "Feature", "properties": { "Name": "Glèisa de la Purificacion" }, "geometry": { "type": "Point", "coordinates": [ 0.6922761, 42.7857897, 0.0 ] } },
{ "type": "Feature", "properties": { "Name": "Iglesia de L'Hôpital-Saint-Blaise" }, "geometry": { "type": "Point", "coordinates": [ -0.7698148, 43.2513617, 0.0 ] } },
{ "type": "Feature", "properties": { "Name": "Iglesia de San Martiño de Berselos" }, "geometry": { "type": "Point", "coordinates": [ -7.2891742, 42.8476785, 0.0 ] } },
{ "type": "Feature", "properties": { "Name": "Iglesia de Santa María de Mave" }, "geometry": { "type": "Point", "coordinates": [ -4.274098, 42.7231594, 0.0 ] } },
{ "type": "Feature", "properties": { "Name": "Iglesia de Santa Marta" }, "geometry": { "type": "Point", "coordinates": [ -3.6852215, 41.2176644, 0.0 ] } },
{ "type": "Feature", "properties": { "Name": "Eglise Notre-Dame" }, "geometry": { "type": "Point", "coordinates": [ -1.3861983, 43.4868714, 0.0 ] } },
{ "type": "Feature", "properties": { "Name": "Basílica de Nuestra Señora de Orcival" }, "geometry": { "type": "Point", "coordinates": [ 2.841326, 45.6828596, 0.0 ] } },
{ "type": "Feature", "properties": { "Name": "Church of San Martino" }, "geometry": { "type": "Point", "coordinates": [ 8.0190354, 44.9846778, 0.0 ] } },
{ "type": "Feature", "properties": { "Name": "Iglesia de Santa María la Mayor" }, "geometry": { "type": "Point", "coordinates": [ 11.8758566, 42.4139411, 0.0 ] } },
{ "type": "Feature", "properties": { "Name": "Chiesa Rettoria di S. Maria Amalfitana" }, "geometry": { "type": "Point", "coordinates": [ 17.3026782, 40.953327, 0.0 ] } },
{ "type": "Feature", "properties": { "Name": "Abadía de Santa Maria Laach" }, "geometry": { "type": "Point", "coordinates": [ 7.2527398, 50.4020628, 0.0 ] } },
{ "type": "Feature", "properties": { "Name": "Imperial cathedral of Königslutter" }, "geometry": { "type": "Point", "coordinates": [ 10.8158446, 52.2447408, 0.0 ] } },
{ "type": "Feature", "properties": { "Name": "Iglesia de San Pedro" }, "geometry": { "type": "Point", "coordinates": [ -3.2481563, 41.3047215, 0.0 ] } },
{ "type": "Feature", "properties": { "Name": "Church of Saint Julien in Meillers" }, "geometry": { "type": "Point", "coordinates": [ 3.0929635, 46.5065406, 0.0 ] } },
{ "type": "Feature", "properties": { "Name": "Iglesia de San Esteban" }, "geometry": { "type": "Point", "coordinates": [ -4.1248022, 40.951947, 0.0 ] } },
{ "type": "Feature", "properties": { "Name": "Priorato de Nuestra Señora de La Charité-sur-Loire" }, "geometry": { "type": "Point", "coordinates": [ 3.0173061, 47.1775469, 0.0 ] } },
{ "type": "Feature", "properties": { "Name": "Iglesia de Notre-Dame de Saint-Saturnin" }, "geometry": { "type": "Point", "coordinates": [ 3.0935158, 45.6601909, 0.0 ] } },
{ "type": "Feature", "properties": { "Name": "Ermita de San Baudelio. Anexo del Museo Numantino." }, "geometry": { "type": "Point", "coordinates": [ -2.7900173, 41.4181818, 0.0 ] } },
{ "type": "Feature", "properties": { "Name": "Portada Iglesia Románica de San Isidoro" }, "geometry": { "type": "Point", "coordinates": [ -5.8511568, 43.362111, 0.0 ] } },
{ "type": "Feature", "properties": { "Name": "Saint Mary of the Assumption" }, "geometry": { "type": "Point", "coordinates": [ 12.3303723, 42.5747172, 0.0 ] } },
{ "type": "Feature", "properties": { "Name": "Church of St. Limin in Thuret" }, "geometry": { "type": "Point", "coordinates": [ 3.2575177, 45.9701425, 0.0 ] } },
{ "type": "Feature", "properties": { "Name": "Abbaye Saint-Vincent de Chantelle" }, "geometry": { "type": "Point", "coordinates": [ 3.1515141, 46.2418213, 0.0 ] } },
{ "type": "Feature", "properties": { "Name": "Church of San Pietro" }, "geometry": { "type": "Point", "coordinates": [ 11.8784201, 42.4127374, 0.0 ] } },
{ "type": "Feature", "properties": { "Name": "Gurk Cathedral" }, "geometry": { "type": "Point", "coordinates": [ 14.2930763, 46.8747775, 0.0 ] } },
{ "type": "Feature", "properties": { "Name": "ART SPACE stift millstatt" }, "geometry": { "type": "Point", "coordinates": [ 13.5704791, 46.8044096, 0.0 ] } },
{ "type": "Feature", "properties": { "Name": "Benediktinerstift St. Paul" }, "geometry": { "type": "Point", "coordinates": [ 14.8731751, 46.7005546, 0.0 ] } },
{ "type": "Feature", "properties": { "Name": "Iglesia de Ják" }, "geometry": { "type": "Point", "coordinates": [ 16.5822678, 47.1392708, 0.0 ] } },
{ "type": "Feature", "properties": { "Name": "Saint Stephen's Church" }, "geometry": { "type": "Point", "coordinates": [ 18.8179149, 47.9362678, 0.0 ] } },
{ "type": "Feature", "properties": { "Name": "Chapelle Saint André de Sévane" }, "geometry": { "type": "Point", "coordinates": [ 4.6285778, 44.0913093, 0.0 ] } },
{ "type": "Feature", "properties": { "Name": "Église Sainte-Blaise de Lacommande" }, "geometry": { "type": "Point", "coordinates": [ -0.508652, 43.2770805, 0.0 ] } },
{ "type": "Feature", "properties": { "Name": "Abbaye bénédictine Notre Dame d'Alet" }, "geometry": { "type": "Point", "coordinates": [ 2.2554025, 42.9960361, 0.0 ] } },
{ "type": "Feature", "properties": { "Name": "Salle de l'Échiquier" }, "geometry": { "type": "Point", "coordinates": [ -0.3641038, 49.186611, 0.0 ] } },
{ "type": "Feature", "properties": { "Name": "Église Sainte-Radegonde de Talmont-sur-Gironde" }, "geometry": { "type": "Point", "coordinates": [ -0.9091482, 45.5346229, 0.0 ] } },
{ "type": "Feature", "properties": { "Name": "Église Saint-Barthelemy" }, "geometry": { "type": "Point", "coordinates": [ 4.898655, 46.5121541, 0.0 ] } },
{ "type": "Feature", "properties": { "Name": "Catedral de Le Puy-en-Velay" }, "geometry": { "type": "Point", "coordinates": [ 3.8847691, 45.0456057, 0.0 ] } },
{ "type": "Feature", "properties": { "Name": "Église catholique Saint-Martin à Montagne" }, "geometry": { "type": "Point", "coordinates": [ -0.1295663, 44.9306332, 0.0 ] } },
{ "type": "Feature", "properties": { "Name": "Abadía de San Jorge de Boscherville" }, "geometry": { "type": "Point", "coordinates": [ 0.9656147, 49.4445249, 0.0 ] } },
{ "type": "Feature", "properties": { "Name": "Cloître de Cadouin" }, "geometry": { "type": "Point", "coordinates": [ 0.8737598, 44.8114955, 0.0 ] } },
{ "type": "Feature", "properties": { "Name": "Église Saint-Pierre" }, "geometry": { "type": "Point", "coordinates": [ 4.8845053, 46.5031248, 0.0 ] } },
{ "type": "Feature", "properties": { "Name": "Abbaye d'alspach" }, "geometry": { "type": "Point", "coordinates": [ 7.236848, 48.1527794, 0.0 ] } },
{ "type": "Feature", "properties": { "Name": "Église Notre-Dame de Belleville-sur-Saône" }, "geometry": { "type": "Point", "coordinates": [ 4.7506954, 46.1075076, 0.0 ] } },
{ "type": "Feature", "properties": { "Name": "Église Saint-Maclou de Sainneville" }, "geometry": { "type": "Point", "coordinates": [ 0.2861897, 49.5570267, 0.0 ] } },
{ "type": "Feature", "properties": { "Name": "Église Saint-Étienne de Blénod-lès-Pont-à-Mousson" }, "geometry": { "type": "Point", "coordinates": [ 6.0529974, 48.8822355, 0.0 ] } },
{ "type": "Feature", "properties": { "Name": "Pavillon Adélaïde" }, "geometry": { "type": "Point", "coordinates": [ 2.3188726, 43.6362535, 0.0 ] } },
{ "type": "Feature", "properties": { "Name": "Cathédrale Notre-Dame de Saint-Paul-Trois-Châteaux" }, "geometry": { "type": "Point", "coordinates": [ 4.7675508, 44.3494887, 0.0 ] } },
{ "type": "Feature", "properties": { "Name": "Eglise Saint-Rémy" }, "geometry": { "type": "Point", "coordinates": [ 5.7378789, 48.3611748, 0.0 ] } },
{ "type": "Feature", "properties": { "Name": "Collègiale Saint Pierre" }, "geometry": { "type": "Point", "coordinates": [ 2.3180009, 43.6362011, 0.0 ] } },
{ "type": "Feature", "properties": { "Name": "Castle of Canet-en-Roussillon" }, "geometry": { "type": "Point", "coordinates": [ 3.0086859, 42.7067868, 0.0 ] } },
{ "type": "Feature", "properties": { "Name": "Église Saint-Amand de Saint-Amand-sur-Fion" }, "geometry": { "type": "Point", "coordinates": [ 4.6081412, 48.8075566, 0.0 ] } },
{ "type": "Feature", "properties": { "Name": "Chapelle Saint Ulrich" }, "geometry": { "type": "Point", "coordinates": [ 7.5004327, 48.5621137, 0.0 ] } },
{ "type": "Feature", "properties": { "Name": "Église St Césaire" }, "geometry": { "type": "Point", "coordinates": [ 6.0674669, 48.531578, 0.0 ] } },
{ "type": "Feature", "properties": { "Name": "Catedral de Bayeux" }, "geometry": { "type": "Point", "coordinates": [ -0.7034685, 49.2754687, 0.0 ] } },
{ "type": "Feature", "properties": { "Name": "Église Notre-Dame de Médonville" }, "geometry": { "type": "Point", "coordinates": [ 5.7303168, 48.2196786, 0.0 ] } },
{ "type": "Feature", "properties": { "Name": "Église Saint-Germain de Manéglise" }, "geometry": { "type": "Point", "coordinates": [ 0.2551906, 49.5674843, 0.0 ] } },
{ "type": "Feature", "properties": { "Name": "Abbey Museum Graville" }, "geometry": { "type": "Point", "coordinates": [ 0.1650465, 49.5033248, 0.0 ] } },
{ "type": "Feature", "properties": { "Name": "Eglise Saint-Germain" }, "geometry": { "type": "Point", "coordinates": [ 5.9753266, 48.4485786, 0.0 ] } },
{ "type": "Feature", "properties": { "Name": "église Saint-Aubin" }, "geometry": { "type": "Point", "coordinates": [ 0.3533129, 49.5915787, 0.0 ] } },
{ "type": "Feature", "properties": { "Name": "Iglesia de Saint-André-le-Bas" }, "geometry": { "type": "Point", "coordinates": [ 4.8738762, 45.5273834, 0.0 ] } },
{ "type": "Feature", "properties": { "Name": "Catedral de Tréveris" }, "geometry": { "type": "Point", "coordinates": [ 6.6431337, 49.7563453, 0.0 ] } },
{ "type": "Feature", "properties": { "Name": "Catedral de Bamberg" }, "geometry": { "type": "Point", "coordinates": [ 10.882515, 49.8907746, 0.0 ] } },
{ "type": "Feature", "properties": { "Name": "Cathedral of St Peter" }, "geometry": { "type": "Point", "coordinates": [ 8.3599583, 49.6300214, 0.0 ] } },
{ "type": "Feature", "properties": { "Name": "Catedral de San Pedro de Bremen" }, "geometry": { "type": "Point", "coordinates": [ 8.8090624, 53.0755426, 0.0 ] } },
{ "type": "Feature", "properties": { "Name": "Catedral de Bonn" }, "geometry": { "type": "Point", "coordinates": [ 7.0994043, 50.7335831, 0.0 ] } },
{ "type": "Feature", "properties": { "Name": "Catedral de Bamberg" }, "geometry": { "type": "Point", "coordinates": [ 10.882515, 49.8907746, 0.0 ] } },
{ "type": "Feature", "properties": { "Name": "Iglesia de la Santa Cruz de Burdeos" }, "geometry": { "type": "Point", "coordinates": [ -0.561264, 44.8310239, 0.0 ] } },
{ "type": "Feature", "properties": { "Name": "Église Saint-Léger" }, "geometry": { "type": "Point", "coordinates": [ 7.2092336, 47.9117177, 0.0 ] } },
{ "type": "Feature", "properties": { "Name": "Cathédrale Saint-Mammès de Langres" }, "geometry": { "type": "Point", "coordinates": [ 5.334935, 47.864169, 0.0 ] } },
{ "type": "Feature", "properties": { "Name": "Eglise Saint-Jean-Baptiste (anciennement collégiale Saint-Michel et Saint-Gangolphe)" }, "geometry": { "type": "Point", "coordinates": [ 7.1591142, 47.9410918, 0.0 ] } },
{ "type": "Feature", "properties": { "Name": "Abbatiale Saint-Jean-Baptiste de Saint-Jean-Saverne" }, "geometry": { "type": "Point", "coordinates": [ 7.3633323, 48.7717702, 0.0 ] } },
{ "type": "Feature", "properties": { "Name": "Catedral de San Lorenzo Trogir" }, "geometry": { "type": "Point", "coordinates": [ 16.2514196, 43.5170853, 0.0 ] } },
{ "type": "Feature", "properties": { "Name": "Basílica de la Asunción de Nuestra Señora" }, "geometry": { "type": "Point", "coordinates": [ 5.6936293, 50.8474085, 0.0 ] } },
{ "type": "Feature", "properties": { "Name": "Stiftskirche Klosterneuburg" }, "geometry": { "type": "Point", "coordinates": [ 16.3260589, 48.3071833, 0.0 ] } },
{ "type": "Feature", "properties": { "Name": "Catedral de Saint-Pons-de-Thomières" }, "geometry": { "type": "Point", "coordinates": [ 2.7591511, 43.4890005, 0.0 ] } },
{ "type": "Feature", "properties": { "Name": "Iglesia de Santa María" }, "geometry": { "type": "Point", "coordinates": [ -6.5824219, 43.2405198, 0.0 ] } },
{ "type": "Feature", "properties": { "Name": "Catedral de Cremona" }, "geometry": { "type": "Point", "coordinates": [ 10.0252934, 45.1334471, 0.0 ] } },
{ "type": "Feature", "properties": { "Name": "Catedral de San Pedro de Ginebra" }, "geometry": { "type": "Point", "coordinates": [ 6.1485159, 46.2011267, 0.0 ] } },
{ "type": "Feature", "properties": { "Name": "Grossmünster" }, "geometry": { "type": "Point", "coordinates": [ 8.544054, 47.3700931, 0.0 ] } },
{ "type": "Feature", "properties": { "Name": "Monasterio de San Juan" }, "geometry": { "type": "Point", "coordinates": [ 10.4480136, 46.6296006, 0.0 ] } },
{ "type": "Feature", "properties": { "Name": "Iglesia de San Nicolás" }, "geometry": { "type": "Point", "coordinates": [ 8.8741202, 46.4004643, 0.0 ] } },
{ "type": "Feature", "properties": { "Name": "Basílica de San Gereón" }, "geometry": { "type": "Point", "coordinates": [ 6.9457905, 50.943209, 0.0 ] } },
{ "type": "Feature", "properties": { "Name": "Kloster Knechtsteden" }, "geometry": { "type": "Point", "coordinates": [ 6.7525086, 51.0773554, 0.0 ] } },
{ "type": "Feature", "properties": { "Name": "Southwell Minster" }, "geometry": { "type": "Point", "coordinates": [ -0.9534811, 53.0766631, 0.0 ] } },
{ "type": "Feature", "properties": { "Name": "Catedral de Norwich" }, "geometry": { "type": "Point", "coordinates": [ 1.3011826, 52.6318974, 0.0 ] } },
{ "type": "Feature", "properties": { "Name": "Romsey Abbey" }, "geometry": { "type": "Point", "coordinates": [ -1.5013343, 50.9896404, 0.0 ] } },
{ "type": "Feature", "properties": { "Name": "The Priory Church of St Peter and St Paul" }, "geometry": { "type": "Point", "coordinates": [ -2.7357301, 52.2293854, 0.0 ] } },
{ "type": "Feature", "properties": { "Name": "The Church of Saint Peter, Tickencote" }, "geometry": { "type": "Point", "coordinates": [ -0.5365994, 52.6741174, 0.0 ] } },
{ "type": "Feature", "properties": { "Name": "Abadía de Souillac" }, "geometry": { "type": "Point", "coordinates": [ 1.4770016, 44.8939744, 0.0 ] } },
{ "type": "Feature", "properties": { "Name": "Basílica de Saint-Remi" }, "geometry": { "type": "Point", "coordinates": [ 4.0420573, 49.2431515, 0.0 ] } },
{ "type": "Feature", "properties": { "Name": "Basílica de San Nazario" }, "geometry": { "type": "Point", "coordinates": [ 2.3631676, 43.2053044, 0.0 ] } },
{ "type": "Feature", "properties": { "Name": "Basílica de Saint-Just de Valcabrère" }, "geometry": { "type": "Point", "coordinates": [ 0.5848758, 43.0283357, 0.0 ] } },
{ "type": "Feature", "properties": { "Name": "Basilique Saint-Julien de Brioude" }, "geometry": { "type": "Point", "coordinates": [ 3.3844754, 45.2936414, 0.0 ] } },
{ "type": "Feature", "properties": { "Name": "Capilla de la Trinité de Prunet-et-Belpuig" }, "geometry": { "type": "Point", "coordinates": [ 2.6256211, 42.5624148, 0.0 ] } },
{ "type": "Feature", "properties": { "Name": "Iglesia de San Austremonio de Issoire" }, "geometry": { "type": "Point", "coordinates": [ 3.2499623, 45.5435757, 0.0 ] } },
{ "type": "Feature", "properties": { "Name": "Iglesia de Saint-Étienne" }, "geometry": { "type": "Point", "coordinates": [ 3.1645399, 46.9917906, 0.0 ] } },
{ "type": "Feature", "properties": { "Name": "Santa María de Formiguera" }, "geometry": { "type": "Point", "coordinates": [ 2.102982, 42.6140765, 0.0 ] } },
{ "type": "Feature", "properties": { "Name": "Iglesia de Santa Radegunda" }, "geometry": { "type": "Point", "coordinates": [ 0.3517048, 46.5798723, 0.0 ] } },
{ "type": "Feature", "properties": { "Name": "Ribota" }, "geometry": { "type": "Point", "coordinates": [ -5.5344976, 43.2311382, 0.0 ] } },
{ "type": "Feature", "properties": { "Name": "Abbatiale Sainte-Marie" }, "geometry": { "type": "Point", "coordinates": [ 4.7627918, 44.656844, 0.0 ] } },
{ "type": "Feature", "properties": { "Name": "Iglesia de San Miguel Arcángel" }, "geometry": { "type": "Point", "coordinates": [ -3.5226, 41.48576, 0.0 ] } },
{ "type": "Feature", "properties": { "Name": "Ermita de la Veracruz" }, "geometry": { "type": "Point", "coordinates": [ -3.5189181, 41.4850532, 0.0 ] } },
{ "type": "Feature", "properties": { "Name": "Église Saint-Paul de Saint-Paul-lès-Dax" }, "geometry": { "type": "Point", "coordinates": [ -1.0547043, 43.7222377, 0.0 ] } },
{ "type": "Feature", "properties": { "Name": "Catedral de Roda de Isábena" }, "geometry": { "type": "Point", "coordinates": [ 0.5282342, 42.291371, 0.0 ] } },
{ "type": "Feature", "properties": { "Name": "Catedral de Ely" }, "geometry": { "type": "Point", "coordinates": [ 0.263779, 52.398661, 0.0 ] } },
{ "type": "Feature", "properties": { "Name": "Iglesia de San Pedro" }, "geometry": { "type": "Point", "coordinates": [ -3.09228, 41.38252, 0.0 ] } },
{ "type": "Feature", "properties": { "Name": "Catedral de Piacenza" }, "geometry": { "type": "Point", "coordinates": [ 9.6975233, 45.0502694, 0.0 ] } },
{ "type": "Feature", "properties": { "Name": "Iglesia de San Andrés de Nogais" }, "geometry": { "type": "Point", "coordinates": [ -7.0980862, 42.8206168, 0.0 ] } },
{ "type": "Feature", "properties": { "Name": "Iglesia de San Miguel. Ruinas" }, "geometry": { "type": "Point", "coordinates": [ -3.8034294, 42.7095591, 0.0 ] } },
{ "type": "Feature", "properties": { "Name": "Iglesia de San Cristóbal" }, "geometry": { "type": "Point", "coordinates": [ -3.0255422, 42.1404369, 0.0 ] } },
{ "type": "Feature", "properties": { "Name": "Église Saint-Michel de Lescure-d'Albigeois" }, "geometry": { "type": "Point", "coordinates": [ 2.1705882, 43.9497921, 0.0 ] } },
{ "type": "Feature", "properties": { "Name": "Catedral de San Apolinar de Valence" }, "geometry": { "type": "Point", "coordinates": [ 4.8893918, 44.9316815, 0.0 ] } },
{ "type": "Feature", "properties": { "Name": "Église Saint-Pierre d'Avensan" }, "geometry": { "type": "Point", "coordinates": [ -0.75743, 45.0346544, 0.0 ] } },
{ "type": "Feature", "properties": { "Name": "Eglise de Saint Martin" }, "geometry": { "type": "Point", "coordinates": [ 0.8988, 44.891022, 0.0 ] } },
{ "type": "Feature", "properties": { "Name": "Iglesia de Nuestra Señora de Échillais" }, "geometry": { "type": "Point", "coordinates": [ -0.9527587, 45.8983657, 0.0 ] } },
{ "type": "Feature", "properties": { "Name": "Église Saint-Jean d'Abbetot" }, "geometry": { "type": "Point", "coordinates": [ 0.3858619, 49.4992566, 0.0 ] } },
{ "type": "Feature", "properties": { "Name": "Iglesia de San Salvador" }, "geometry": { "type": "Point", "coordinates": [ -0.2259798, 44.5637734, 0.0 ] } },
{ "type": "Feature", "properties": { "Name": "Abbatiale Sainte-Valérie" }, "geometry": { "type": "Point", "coordinates": [ 2.4256846, 46.1930617, 0.0 ] } },
{ "type": "Feature", "properties": { "Name": "Iglesia prioral de Santa Fe de Sélestat" }, "geometry": { "type": "Point", "coordinates": [ 7.4561729, 48.2593003, 0.0 ] } },
{ "type": "Feature", "properties": { "Name": "Eglise Saint-Pierre" }, "geometry": { "type": "Point", "coordinates": [ -1.0276571, 45.7096108, 0.0 ] } },
{ "type": "Feature", "properties": { "Name": "Église Saint-Martial du Douhet" }, "geometry": { "type": "Point", "coordinates": [ -0.5686224, 45.8186949, 0.0 ] } },
{ "type": "Feature", "properties": { "Name": "Abbaye d'Arthous" }, "geometry": { "type": "Point", "coordinates": [ -1.1214198, 43.5273503, 0.0 ] } },
{ "type": "Feature", "properties": { "Name": "Old St. Peter's Church" }, "geometry": { "type": "Point", "coordinates": [ -0.4505374, 49.265708, 0.0 ] } },
{ "type": "Feature", "properties": { "Name": "Basílica de San Salvador" }, "geometry": { "type": "Point", "coordinates": [ 1.6175745, 44.7993119, 0.0 ] } },
{ "type": "Feature", "properties": { "Name": "Église Saint-Pierre-et-Saint-Paul" }, "geometry": { "type": "Point", "coordinates": [ 7.3008385, 48.1345007, 0.0 ] } },
{ "type": "Feature", "properties": { "Name": "Saint Peter's church" }, "geometry": { "type": "Point", "coordinates": [ -0.0624802, 44.9817676, 0.0 ] } },
{ "type": "Feature", "properties": { "Name": "Iglesia de San Andrés" }, "geometry": { "type": "Point", "coordinates": [ 4.9239786, 46.3025222, 0.0 ] } },
{ "type": "Feature", "properties": { "Name": "Iglesia abacial de San Pedro de Beaulieu" }, "geometry": { "type": "Point", "coordinates": [ 1.8382246, 44.9794656, 0.0 ] } },
{ "type": "Feature", "properties": { "Name": "Catedral de Brunswick" }, "geometry": { "type": "Point", "coordinates": [ 10.5235616, 52.2643544, 0.0 ] } },
{ "type": "Feature", "properties": { "Name": "Iglesia de Notre-Dame de Saint-Saturnin" }, "geometry": { "type": "Point", "coordinates": [ 3.0935158, 45.6601909, 0.0 ] } },
{ "type": "Feature", "properties": { "Name": "Abbatiale Saints Pierre et Paul" }, "geometry": { "type": "Point", "coordinates": [ 7.5075183, 47.7873679, 0.0 ] } },
{ "type": "Feature", "properties": { "Name": "Église Saint Savin" }, "geometry": { "type": "Point", "coordinates": [ 0.2011147, 44.3035183, 0.0 ] } },
{ "type": "Feature", "properties": { "Name": "Église Saint-Trojan de Rétaud" }, "geometry": { "type": "Point", "coordinates": [ -0.7282016, 45.6777304, 0.0 ] } },
{ "type": "Feature", "properties": { "Name": "Church of Notre-Dame of l'Assomption of Anzy-le-Duc" }, "geometry": { "type": "Point", "coordinates": [ 4.062043, 46.3209684, 0.0 ] } },
{ "type": "Feature", "properties": { "Name": "Church of Saint Croix in Veauce" }, "geometry": { "type": "Point", "coordinates": [ 3.0568176, 46.1647738, 0.0 ] } },
{ "type": "Feature", "properties": { "Name": "St. Hilaire Collegiate Church in Semur-en-Brionnais" }, "geometry": { "type": "Point", "coordinates": [ 4.0870675, 46.2633608, 0.0 ] } },
{ "type": "Feature", "properties": { "Name": "Abbaye de Saint Amant de Boixe" }, "geometry": { "type": "Point", "coordinates": [ 0.1339763, 45.7963832, 0.0 ] } },
{ "type": "Feature", "properties": { "Name": "Église Saint-Martin de Chadenac" }, "geometry": { "type": "Point", "coordinates": [ -0.4431998, 45.5419489, 0.0 ] } },
{ "type": "Feature", "properties": { "Name": "Église Saint-Pierre-ès-Liens" }, "geometry": { "type": "Point", "coordinates": [ -0.9653055, 45.6425591, 0.0 ] } },
{ "type": "Feature", "properties": { "Name": "Iglesia de Notre-Dame la Grande de Poitiers" }, "geometry": { "type": "Point", "coordinates": [ 0.343939, 46.5832703, 0.0 ] } },
{ "type": "Feature", "properties": { "Name": "Église Saint-Taurin" }, "geometry": { "type": "Point", "coordinates": [ 1.1415696, 49.023961, 0.0 ] } },
{ "type": "Feature", "properties": { "Name": "Église Saint-Didier de Montracol" }, "geometry": { "type": "Point", "coordinates": [ 5.1231219, 46.1978205, 0.0 ] } },
{ "type": "Feature", "properties": { "Name": "Église Saint-Martin" }, "geometry": { "type": "Point", "coordinates": [ 5.7034482, 48.1742699, 0.0 ] } },
{ "type": "Feature", "properties": { "Name": "Église Saint-Julien" }, "geometry": { "type": "Point", "coordinates": [ 2.8780625, 44.5166875, 0.0 ] } },
{ "type": "Feature", "properties": { "Name": "Abbadia a Isola" }, "geometry": { "type": "Point", "coordinates": [ 11.1941241, 43.3879013, 0.0 ] } },
{ "type": "Feature", "properties": { "Name": "Église Saint-Ouen de Rots" }, "geometry": { "type": "Point", "coordinates": [ -0.4739607, 49.2118161, 0.0 ] } },
{ "type": "Feature", "properties": { "Name": "Église Saint-Sulpice de Secqueville-en-Bessin" }, "geometry": { "type": "Point", "coordinates": [ -0.5266319, 49.2362439, 0.0 ] } },
{ "type": "Feature", "properties": { "Name": "Ancienne Église Notre-Dame de Quilly" }, "geometry": { "type": "Point", "coordinates": [ -0.3166733, 49.0510208, 0.0 ] } },
{ "type": "Feature", "properties": { "Name": "Prieuré de Saint-Romain-le-Puy" }, "geometry": { "type": "Point", "coordinates": [ 4.1259996, 45.5574201, 0.0 ] } },
{ "type": "Feature", "properties": { "Name": "Church of Notre-Dame in Agonges" }, "geometry": { "type": "Point", "coordinates": [ 3.1572184, 46.6062217, 0.0 ] } },
{ "type": "Feature", "properties": { "Name": "Église Saint-Saturnin d'Aignan" }, "geometry": { "type": "Point", "coordinates": [ 0.0847345, 43.6987131, 0.0 ] } },
{ "type": "Feature", "properties": { "Name": "Église Sainte-Quitterie" }, "geometry": { "type": "Point", "coordinates": [ -0.2686739, 43.6972381, 0.0 ] } },
{ "type": "Feature", "properties": { "Name": "Eglise Saint Pierre d'Airvault" }, "geometry": { "type": "Point", "coordinates": [ -0.1381207, 46.8268026, 0.0 ] } },
{ "type": "Feature", "properties": { "Name": "Eglise Saint-Pierre d'aizier" }, "geometry": { "type": "Point", "coordinates": [ 0.6265117, 49.4309708, 0.0 ] } },
{ "type": "Feature", "properties": { "Name": "Église Saint-Germain d'Allouis" }, "geometry": { "type": "Point", "coordinates": [ 2.2267015, 47.166611, 0.0 ] } },
{ "type": "Feature", "properties": { "Name": "Église" }, "geometry": { "type": "Point", "coordinates": [ 1.1520822, 49.145877, 0.0 ] } },
{ "type": "Feature", "properties": { "Name": "Église Notre-Dame d'Andance" }, "geometry": { "type": "Point", "coordinates": [ 4.7995136, 45.2414869, 0.0 ] } },
{ "type": "Feature", "properties": { "Name": "Monument aux Morts de Angluzelles-et-Courcelles" }, "geometry": { "type": "Point", "coordinates": [ 3.8796585, 48.658203, 0.0 ] } },
{ "type": "Feature", "properties": { "Name": "Église Saint-Nicolas et Saint-Clair de Angy" }, "geometry": { "type": "Point", "coordinates": [ 2.3267348, 49.3284124, 0.0 ] } },
{ "type": "Feature", "properties": { "Name": "Église Saint-Martin d'Antras" }, "geometry": { "type": "Point", "coordinates": [ 0.9433799, 42.880861, 0.0 ] } },
{ "type": "Feature", "properties": { "Name": "Église Saint-Martin d'Ardentes" }, "geometry": { "type": "Point", "coordinates": [ 1.830193, 46.7410754, 0.0 ] } },
{ "type": "Feature", "properties": { "Name": "Eglise d'Argenton" }, "geometry": { "type": "Point", "coordinates": [ 0.0959568, 44.3863676, 0.0 ] } },
{ "type": "Feature", "properties": { "Name": "Église Saint-Martin d'Artonne" }, "geometry": { "type": "Point", "coordinates": [ 3.1436379, 46.0033433, 0.0 ] } },
{ "type": "Feature", "properties": { "Name": "ÉGLISE Saint-Vigor" }, "geometry": { "type": "Point", "coordinates": [ -0.9385251, 49.3674443, 0.0 ] } },
{ "type": "Feature", "properties": { "Name": "Église Sainte-Marie d'Aubiac" }, "geometry": { "type": "Point", "coordinates": [ 0.5622484, 44.1410208, 0.0 ] } },
{ "type": "Feature", "properties": { "Name": "Eglise Saint Félix de Gérone" }, "geometry": { "type": "Point", "coordinates": [ -0.193017, 42.973434, 0.0 ] } },
{ "type": "Feature", "properties": { "Name": "Église Notre-Dame de Audignon" }, "geometry": { "type": "Point", "coordinates": [ -0.6052222, 43.7224728, 0.0 ] } },
{ "type": "Feature", "properties": { "Name": "Église Saint Symphorien" }, "geometry": { "type": "Point", "coordinates": [ 2.3235239, 46.2422165, 0.0 ] } },
{ "type": "Feature", "properties": { "Name": "Église Notre-Dame, Aulon" }, "geometry": { "type": "Point", "coordinates": [ 0.8192413, 43.1907867, 0.0 ] } },
{ "type": "Feature", "properties": { "Name": "Église Notre-Dame d'Autheuil" }, "geometry": { "type": "Point", "coordinates": [ 0.6705409, 48.5726728, 0.0 ] } },
{ "type": "Feature", "properties": { "Name": "Église Saint-Martin de Autheuil-en-Valois" }, "geometry": { "type": "Point", "coordinates": [ 3.0600337, 49.1753311, 0.0 ] } },
{ "type": "Feature", "properties": { "Name": "Église de la Sainte-Trinité d'Autry-Issards" }, "geometry": { "type": "Point", "coordinates": [ 3.1361695, 46.5491718, 0.0 ] } },
{ "type": "Feature", "properties": { "Name": "Église Saint-Saturnin d'Azé" }, "geometry": { "type": "Point", "coordinates": [ -0.6881786, 47.818063, 0.0 ] } },
{ "type": "Feature", "properties": { "Name": "Église Notre-Dame-de-l'Assomption de Baigts" }, "geometry": { "type": "Point", "coordinates": [ -0.78909, 43.6862712, 0.0 ] } },
{ "type": "Feature", "properties": { "Name": "Église Saint-Blaise" }, "geometry": { "type": "Point", "coordinates": [ 3.2814467, 47.0762803, 0.0 ] } },
{ "type": "Feature", "properties": { "Name": "Église Sainte-Marie de Baraigne" }, "geometry": { "type": "Point", "coordinates": [ 1.8244166, 43.3297962, 0.0 ] } },
{ "type": "Feature", "properties": { "Name": "Église Saint-Pierre de Beauchery - Classée Monument Historique" }, "geometry": { "type": "Point", "coordinates": [ 3.4030054, 48.6156051, 0.0 ] } },
{ "type": "Feature", "properties": { "Name": "Rue de la Tour Maurouard" }, "geometry": { "type": "Point", "coordinates": [ 3.4061833, 48.6115204, 0.0 ] } },
{ "type": "Feature", "properties": { "Name": "église de la Nativité Notre Dame MH" }, "geometry": { "type": "Point", "coordinates": [ -0.0762217, 48.8953089, 0.0 ] } },
{ "type": "Feature", "properties": { "Name": "Church beaussac" }, "geometry": { "type": "Point", "coordinates": [ 0.4996311, 45.4941359, 0.0 ] } },
{ "type": "Feature", "properties": { "Name": "Église Notre-Dame-de-la-Basse-Œuvre de Beauvais" }, "geometry": { "type": "Point", "coordinates": [ 2.0803177, 49.4321703, 0.0 ] } },
{ "type": "Feature", "properties": { "Name": "Église Notre-Dame de Bellegarde 45270" }, "geometry": { "type": "Point", "coordinates": [ 2.4438869, 47.9881478, 0.0 ] } },
{ "type": "Feature", "properties": { "Name": "Church of Saint Martin in Bellenaves" }, "geometry": { "type": "Point", "coordinates": [ 3.0784173, 46.1995988, 0.0 ] } },
{ "type": "Feature", "properties": { "Name": "Église Saint-Laurent, Binos" }, "geometry": { "type": "Point", "coordinates": [ 0.6190269, 42.9002527, 0.0 ] } },
{ "type": "Feature", "properties": { "Name": "44° 29′ 23.93″ N, 2° 45′ 48.55″ E" }, "geometry": { "type": "Point", "coordinates": [ 2.7645375, 44.4900609, 0.0 ] } },
{ "type": "Feature", "properties": { "Name": "Church of Saint Symphorien in Biozat" }, "geometry": { "type": "Point", "coordinates": [ 3.2708858, 46.078384, 0.0 ] } },
{ "type": "Feature", "properties": { "Name": "Église Saint-Barthélemy ou Saint-Arthémy de Blanzac" }, "geometry": { "type": "Point", "coordinates": [ 0.0318915, 45.475616, 0.0 ] } },
{ "type": "Feature", "properties": { "Name": "Église Notre-Dame-de-la-Nativité de Bois-Sainte-Marie" }, "geometry": { "type": "Point", "coordinates": [ 4.3548482, 46.3295762, 0.0 ] } },
{ "type": "Feature", "properties": { "Name": "Église du prieuré Saint-Pierre à Bommiers" }, "geometry": { "type": "Point", "coordinates": [ 1.9844252, 46.7949989, 0.0 ] } },
{ "type": "Feature", "properties": { "Name": "Basílica de San Severino de Burdeos" }, "geometry": { "type": "Point", "coordinates": [ -0.5861009, 44.8431703, 0.0 ] } },
{ "type": "Feature", "properties": { "Name": "Eglise Sainte-Marie" }, "geometry": { "type": "Point", "coordinates": [ -0.3598208, 43.9721164, 0.0 ] } },
{ "type": "Feature", "properties": { "Name": "Église Saint-Étienne de Bouconvillers" }, "geometry": { "type": "Point", "coordinates": [ 1.9025329, 49.1762155, 0.0 ] } },
{ "type": "Feature", "properties": { "Name": "Saint-Côme and Saint-Damien Church" }, "geometry": { "type": "Point", "coordinates": [ 0.5800931, 45.3783276, 0.0 ] } },
{ "type": "Feature", "properties": { "Name": "Église Saint-Martin" }, "geometry": { "type": "Point", "coordinates": [ 1.6632432, 48.7567814, 0.0 ] } },
{ "type": "Feature", "properties": { "Name": "Bourg-d'Oueil" }, "geometry": { "type": "Point", "coordinates": [ 0.49881, 42.85939, 0.0 ] } },
{ "type": "Feature", "properties": { "Name": "Église Saint-Martin de Boussac-Bourg" }, "geometry": { "type": "Point", "coordinates": [ 2.2357536, 46.3611096, 0.0 ] } },
{ "type": "Feature", "properties": { "Name": "Saint Faustus Church of Bozouls" }, "geometry": { "type": "Point", "coordinates": [ 2.7179692, 44.4709016, 0.0 ] } },
{ "type": "Feature", "properties": { "Name": "Église Saint-Gervais et Saint-Protais de Bresles 60510" }, "geometry": { "type": "Point", "coordinates": [ 2.2529808, 49.4088151, 0.0 ] } },
{ "type": "Feature", "properties": { "Name": "Church of Saint Aignan in Briantes" }, "geometry": { "type": "Point", "coordinates": [ 2.0227465, 46.5573665, 0.0 ] } },
{ "type": "Feature", "properties": { "Name": "Eglise Saint-Pierre de Brocas" }, "geometry": { "type": "Point", "coordinates": [ -0.6724035, 43.718627, 0.0 ] } },
{ "type": "Feature", "properties": { "Name": "Église Saint-Martin" }, "geometry": { "type": "Point", "coordinates": [ 1.1141403, 49.1058952, 0.0 ] } },
{ "type": "Feature", "properties": { "Name": "44.0515580119624, 1.63648796472444" }, "geometry": { "type": "Point", "coordinates": [ 1.63648796472444, 44.051558011962399, 0.0 ] } },
{ "type": "Feature", "properties": { "Name": "Church of Saint Maurice in Buxières-les-Mines" }, "geometry": { "type": "Point", "coordinates": [ 2.962814, 46.4674774, 0.0 ] } },
{ "type": "Feature", "properties": { "Name": "Église Saint-Félix" }, "geometry": { "type": "Point", "coordinates": [ 0.3487642, 42.8897809, 0.0 ] } },
{ "type": "Feature", "properties": { "Name": "Église Saint-Pierre-et-Saint-Paul de Caillac" }, "geometry": { "type": "Point", "coordinates": [ 1.3518807, 44.4868821, 0.0 ] } },
{ "type": "Feature", "properties": { "Name": "1592 Rte du Saumont" }, "geometry": { "type": "Point", "coordinates": [ 0.4297561, 44.1283778, 0.0 ] } },
{ "type": "Feature", "properties": { "Name": "Sant Feliu de Calmella" }, "geometry": { "type": "Point", "coordinates": [ 2.6749272, 42.5520617, 0.0 ] } },
{ "type": "Feature", "properties": { "Name": "Sant Quirze de Cànoes" }, "geometry": { "type": "Point", "coordinates": [ 2.8358732, 42.6519478, 0.0 ] } },
{ "type": "Feature", "properties": { "Name": "Iglesia prioral de San Pedro de Carennac" }, "geometry": { "type": "Point", "coordinates": [ 1.7321793, 44.9188583, 0.0 ] } },
{ "type": "Feature", "properties": { "Name": "Carsac-de-Gurson" }, "geometry": { "type": "Point", "coordinates": [ 0.0909819, 44.94645, 0.0 ] } },
{ "type": "Feature", "properties": { "Name": "Église Saint Julien de Brioude" }, "geometry": { "type": "Point", "coordinates": [ 1.1380536, 44.5588849, 0.0 ] } },
{ "type": "Feature", "properties": { "Name": "Église Saint-Martin de Caupenne" }, "geometry": { "type": "Point", "coordinates": [ -0.745728, 43.6835989, 0.0 ] } },
{ "type": "Feature", "properties": { "Name": "Église Saint-Martin de Cazarilh-Laspènes" }, "geometry": { "type": "Point", "coordinates": [ 0.575837, 42.7992808, 0.0 ] } },
{ "type": "Feature", "properties": { "Name": "église Saint-Remi de Ceffonds" }, "geometry": { "type": "Point", "coordinates": [ 4.7639626, 48.4713171, 0.0 ] } },
{ "type": "Feature", "properties": { "Name": "Église Notre-Dame-de-la-Nativité de Cénac-et-Saint-Julien" }, "geometry": { "type": "Point", "coordinates": [ 1.1971071, 44.8004563, 0.0 ] } },
{ "type": "Feature", "properties": { "Name": "Église Saint-Christophe-et-Saint-Phalier de Chabris" }, "geometry": { "type": "Point", "coordinates": [ 1.6529676, 47.255217, 0.0 ] } },
{ "type": "Feature", "properties": { "Name": "Église St-Martin" }, "geometry": { "type": "Point", "coordinates": [ 2.704431, 46.8603994, 0.0 ] } },
{ "type": "Feature", "properties": { "Name": "Catedral de San Esteban" }, "geometry": { "type": "Point", "coordinates": [ 4.3578091, 48.9551943, 0.0 ] } },
{ "type": "Feature", "properties": { "Name": "Colegiata de Notre-Dame-en-Vaux de Châlons-en-Champagne" }, "geometry": { "type": "Point", "coordinates": [ 4.3633486, 48.9576354, 0.0 ] } },
{ "type": "Feature", "properties": { "Name": "Abbatiale Sainte-Valérie" }, "geometry": { "type": "Point", "coordinates": [ 2.4256862, 46.1892619, 0.0 ] } },
{ "type": "Feature", "properties": { "Name": "Abbaye De Saint Pierre" }, "geometry": { "type": "Point", "coordinates": [ 4.7984691, 45.2740027, 0.0 ] } },
{ "type": "Feature", "properties": { "Name": "Église Saint-Pierre de Champagnolles" }, "geometry": { "type": "Point", "coordinates": [ -0.637428, 45.5134823, 0.0 ] } },
{ "type": "Feature", "properties": { "Name": "48° 35′ 06″ N, 0° 33′ 18″ E" }, "geometry": { "type": "Point", "coordinates": [ 0.555, 48.585, 0.0 ] } },
{ "type": "Feature", "properties": { "Name": "Église Saint-Pierre de Champvoux" }, "geometry": { "type": "Point", "coordinates": [ 3.0762644, 47.1353412, 0.0 ] } },
{ "type": "Feature", "properties": { "Name": "Église Saint Martin (ancienne prieurale)" }, "geometry": { "type": "Point", "coordinates": [ 0.7016823, 47.4722121, 0.0 ] } },
{ "type": "Feature", "properties": { "Name": "Chapelle Saint-Jean" }, "geometry": { "type": "Point", "coordinates": [ 0.6658858, 45.2069296, 0.0 ] } },
{ "type": "Feature", "properties": { "Name": "Chancelade Abbey" }, "geometry": { "type": "Point", "coordinates": [ 0.6666117, 45.2073925, 0.0 ] } },
{ "type": "Feature", "properties": { "Name": "Notre Dame" }, "geometry": { "type": "Point", "coordinates": [ 4.9016986, 45.1052301, 0.0 ] } },
{ "type": "Feature", "properties": { "Name": "Church of Sainte-Anne in Chappes" }, "geometry": { "type": "Point", "coordinates": [ 2.9260847, 46.3884276, 0.0 ] } },
{ "type": "Feature", "properties": { "Name": "Charlieu Abbey" }, "geometry": { "type": "Point", "coordinates": [ 4.1681873, 46.1576065, 0.0 ] } },
{ "type": "Feature", "properties": { "Name": "Église Saint-Michel de Chârost" }, "geometry": { "type": "Point", "coordinates": [ 2.1174665, 46.9947223, 0.0 ] } },
{ "type": "Feature", "properties": { "Name": "Charroux Abbey" }, "geometry": { "type": "Point", "coordinates": [ 0.4044379, 46.143472, 0.0 ] } },
{ "type": "Feature", "properties": { "Name": "Église Saint Jean-Baptiste" }, "geometry": { "type": "Point", "coordinates": [ 0.7649962, 45.8520398, 0.0 ] } },
{ "type": "Feature", "properties": { "Name": "La Chapelle du Geneteil" }, "geometry": { "type": "Point", "coordinates": [ -0.6987519, 47.8285366, 0.0 ] } },
{ "type": "Feature", "properties": { "Name": "Tour de Saint-Thugal" }, "geometry": { "type": "Point", "coordinates": [ 2.7061, 48.1501, 0.0 ] } },
{ "type": "Feature", "properties": { "Name": "Madeleine Church" }, "geometry": { "type": "Point", "coordinates": [ 1.3252569, 48.068759, 0.0 ] } },
{ "type": "Feature", "properties": { "Name": "Église Saint-Genès (anciennement Saint-Etienne)" }, "geometry": { "type": "Point", "coordinates": [ 2.2019523, 46.5621596, 0.0 ] } },
{ "type": "Feature", "properties": { "Name": "Église Saint-Germain" }, "geometry": { "type": "Point", "coordinates": [ 2.2798523, 48.7658129, 0.0 ] } },
{ "type": "Feature", "properties": { "Name": "Église Saint Denis" }, "geometry": { "type": "Point", "coordinates": [ 3.3160852, 46.488951, 0.0 ] } },
{ "type": "Feature", "properties": { "Name": "Eglise Saint-Rémi" }, "geometry": { "type": "Point", "coordinates": [ 0.6533836, 46.7276944, 0.0 ] } },
{ "type": "Feature", "properties": { "Name": "Église Saint-Martin de Tours" }, "geometry": { "type": "Point", "coordinates": [ 0.3383802, 47.6127569, 0.0 ] } },
{ "type": "Feature", "properties": { "Name": "Église Saint-Pierre-Saint-Paul de Chigné" }, "geometry": { "type": "Point", "coordinates": [ 0.0868949, 47.5829403, 0.0 ] } },
{ "type": "Feature", "properties": { "Name": "Colegiata de Saint Mexme" }, "geometry": { "type": "Point", "coordinates": [ 0.2455762, 47.1678081, 0.0 ] } },
{ "type": "Feature", "properties": { "Name": "Église Saint-Martin" }, "geometry": { "type": "Point", "coordinates": [ 2.0646061, 46.9109337, 0.0 ] } },
{ "type": "Feature", "properties": { "Name": "Église Saint Martin et Saint-Médard" }, "geometry": { "type": "Point", "coordinates": [ 0.4622101, 47.3476047, 0.0 ] } },
{ "type": "Feature", "properties": { "Name": "Église Saint-Martin de Cinqueux" }, "geometry": { "type": "Point", "coordinates": [ 2.5263971, 49.3146565, 0.0 ] } },
{ "type": "Feature", "properties": { "Name": "Église Saint-Jean-Baptiste de Clermont-Dessous" }, "geometry": { "type": "Point", "coordinates": [ 0.4210127, 44.2466173, 0.0 ] } },
{ "type": "Feature", "properties": { "Name": "Église Saint-Jean de Vidailhac de Cocumont" }, "geometry": { "type": "Point", "coordinates": [ 0.0158454, 44.4560362, 0.0 ] } },
{ "type": "Feature", "properties": { "Name": "Eglise Sainte Radegonde" }, "geometry": { "type": "Point", "coordinates": [ 3.2981717, 46.1054301, 0.0 ] } },
{ "type": "Feature", "properties": { "Name": "Église Saint-Martin" }, "geometry": { "type": "Point", "coordinates": [ -0.1658097, 44.6912987, 0.0 ] } },
{ "type": "Feature", "properties": { "Name": "Eglise de Coizard-Joches" }, "geometry": { "type": "Point", "coordinates": [ 3.865145, 48.8284898, 0.0 ] } },
{ "type": "Feature", "properties": { "Name": "Église Saint Pierre de Collonges" }, "geometry": { "type": "Point", "coordinates": [ 1.6545438, 45.0602343, 0.0 ] } },
{ "type": "Feature", "properties": { "Name": "Église Saint-Patrocle de Colombier" }, "geometry": { "type": "Point", "coordinates": [ 2.7942269, 46.2737873, 0.0 ] } },
{ "type": "Feature", "properties": { "Name": "Church of Saint Etienne" }, "geometry": { "type": "Point", "coordinates": [ 0.7072837, 45.3812904, 0.0 ] } },
{ "type": "Feature", "properties": { "Name": "Église Saint Martin" }, "geometry": { "type": "Point", "coordinates": [ 0.614541, 49.3152495, 0.0 ] } },
{ "type": "Feature", "properties": { "Name": "Église Saint-Antoine de Lialores" }, "geometry": { "type": "Point", "coordinates": [ 0.4006744, 44.0103935, 0.0 ] } },
{ "type": "Feature", "properties": { "Name": "Église de Conzac" }, "geometry": { "type": "Point", "coordinates": [ -0.0308285, 45.4502528, 0.0 ] } },
{ "type": "Feature", "properties": { "Name": "Église Saint-Memmie de Corfélix" }, "geometry": { "type": "Point", "coordinates": [ 3.6994093, 48.8381433, 0.0 ] } },
{ "type": "Feature", "properties": { "Name": "Église Notre-Dame de Cornemps" }, "geometry": { "type": "Point", "coordinates": [ -0.0369272, 44.9797426, 0.0 ] } },
{ "type": "Feature", "properties": { "Name": "Église Saint-Barthélemy à Mondebat" }, "geometry": { "type": "Point", "coordinates": [ 0.1079191, 43.620685, 0.0 ] } },
{ "type": "Feature", "properties": { "Name": "Église Saint Martin" }, "geometry": { "type": "Point", "coordinates": [ 3.9186705, 48.6171832, 0.0 ] } },
{ "type": "Feature", "properties": { "Name": "Church of St. Peter and St. Paul" }, "geometry": { "type": "Point", "coordinates": [ 3.062204, 48.0422489, 0.0 ] } },
{ "type": "Feature", "properties": { "Name": "92 Rue Saint-Julien" }, "geometry": { "type": "Point", "coordinates": [ 4.5572887, 48.9880583, 0.0 ] } },
{ "type": "Feature", "properties": { "Name": "L’église Saint-Martin" }, "geometry": { "type": "Point", "coordinates": [ 2.400975, 49.2550305, 0.0 ] } },
{ "type": "Feature", "properties": { "Name": "Eglise Saint-Léger à Cravant les Coteaux" }, "geometry": { "type": "Point", "coordinates": [ 0.3462298, 47.1583692, 0.0 ] } },
{ "type": "Feature", "properties": { "Name": "Eglise Saint-Vincent" }, "geometry": { "type": "Point", "coordinates": [ 0.0369487, 43.7650955, 0.0 ] } },
{ "type": "Feature", "properties": { "Name": "Église Sainte-Marguerite de Cressat" }, "geometry": { "type": "Point", "coordinates": [ 2.1087544, 46.1394603, 0.0 ] } },
{ "type": "Feature", "properties": { "Name": "Église Saint Pierre de Cuzance" }, "geometry": { "type": "Point", "coordinates": [ 1.5383834, 44.9646381, 0.0 ] } },
{ "type": "Feature", "properties": { "Name": "Église Saint-Martin de cuzorn" }, "geometry": { "type": "Point", "coordinates": [ 0.9514265, 44.5474084, 0.0 ] } },
{ "type": "Feature", "properties": { "Name": "Abadía de Déols" }, "geometry": { "type": "Point", "coordinates": [ 1.70113, 46.8254017, 0.0 ] } },
{ "type": "Feature", "properties": { "Name": "Church of Saint Étienne - Parish of Saint Marie" }, "geometry": { "type": "Point", "coordinates": [ 1.7044188, 46.8277459, 0.0 ] } },
{ "type": "Feature", "properties": { "Name": "Church of Saint Denis" }, "geometry": { "type": "Point", "coordinates": [ 3.0395551, 46.3800872, 0.0 ] } },
{ "type": "Feature", "properties": { "Name": "ÉGLISE Saint-Martin-de-Vertou" }, "geometry": { "type": "Point", "coordinates": [ -0.9617148, 49.348635, 0.0 ] } },
{ "type": "Feature", "properties": { "Name": "Saint-Cyprien Church" }, "geometry": { "type": "Point", "coordinates": [ 0.5697988, 44.3639045, 0.0 ] } },
{ "type": "Feature", "properties": { "Name": "Eglise Saint-Jean-Baptiste" }, "geometry": { "type": "Point", "coordinates": [ -0.1731945, 43.5652744, 0.0 ] } },
{ "type": "Feature", "properties": { "Name": "Église Notre-Dame de Domérat" }, "geometry": { "type": "Point", "coordinates": [ 2.5350557, 46.3602134, 0.0 ] } },
{ "type": "Feature", "properties": { "Name": "Église Notre-Dame-sur-l'Eau" }, "geometry": { "type": "Point", "coordinates": [ -0.6576497, 48.5905578, 0.0 ] } },
{ "type": "Feature", "properties": { "Name": "Chèvrerie des Brosses" }, "geometry": { "type": "Point", "coordinates": [ 3.0699208, 47.4128084, 0.0 ] } },
{ "type": "Feature", "properties": { "Name": "Prieuré Notre Dame du Pré" }, "geometry": { "type": "Point", "coordinates": [ 3.1111859, 47.3660342, 0.0 ] } },
{ "type": "Feature", "properties": { "Name": "Église Notre-Dame de Doulezon" }, "geometry": { "type": "Point", "coordinates": [ -0.004601, 44.7926803, 0.0 ] } },
{ "type": "Feature", "properties": { "Name": "Eglise Saint Avit" }, "geometry": { "type": "Point", "coordinates": [ 1.069172, 44.529154, 0.0 ] } },
{ "type": "Feature", "properties": { "Name": "Abbatiale Saint-Léger" }, "geometry": { "type": "Point", "coordinates": [ 3.0881713, 46.1147298, 0.0 ] } },
{ "type": "Feature", "properties": { "Name": "Église Saint-Pierre-aux-Liens" }, "geometry": { "type": "Point", "coordinates": [ 0.8859111, 44.2588518, 0.0 ] } },
{ "type": "Feature", "properties": { "Name": "Eglise Saint-Orens" }, "geometry": { "type": "Point", "coordinates": [ -0.1240515, 43.4642207, 0.0 ] } },
{ "type": "Feature", "properties": { "Name": "43.7708074488596, -0.0725344287753436" }, "geometry": { "type": "Point", "coordinates": [ -0.072534428775344, 43.7708074488596, 0.0 ] } },
{ "type": "Feature", "properties": { "Name": "Eglise de Notre Dame" }, "geometry": { "type": "Point", "coordinates": [ -0.1026023, 43.8661109, 0.0 ] } },
{ "type": "Feature", "properties": { "Name": "Église Notre-Dame-de-l'Assomption de Fajoles" }, "geometry": { "type": "Point", "coordinates": [ 1.3963869, 44.8036918, 0.0 ] } },
{ "type": "Feature", "properties": { "Name": "Église Saint-Laurent de Falaise" }, "geometry": { "type": "Point", "coordinates": [ -0.1945946, 48.9025234, 0.0 ] } },
{ "type": "Feature", "properties": { "Name": "Église Saint-Martin" }, "geometry": { "type": "Point", "coordinates": [ 5.034124, 48.471844, 0.0 ] } },
{ "type": "Feature", "properties": { "Name": "Église paroissiale St-Georges" }, "geometry": { "type": "Point", "coordinates": [ 0.3027233, 49.4095103, 0.0 ] } },
{ "type": "Feature", "properties": { "Name": "Église Saint Marcel" }, "geometry": { "type": "Point", "coordinates": [ 1.9691467, 49.2414414, 0.0 ] } },
{ "type": "Feature", "properties": { "Name": "Église Saint-Martin de Fleury d'Aude" }, "geometry": { "type": "Point", "coordinates": [ 3.1348351, 43.2287412, 0.0 ] } },
{ "type": "Feature", "properties": { "Name": "Église Saint-Barthélemy de Fleury-la-Montagne" }, "geometry": { "type": "Point", "coordinates": [ 4.118633, 46.2054745, 0.0 ] } },
{ "type": "Feature", "properties": { "Name": "Église Saint-Martin de Fontaine-la-Soret" }, "geometry": { "type": "Point", "coordinates": [ 0.7150254, 49.1496632, 0.0 ] } },
{ "type": "Feature", "properties": { "Name": "Église Saint-Denis" }, "geometry": { "type": "Point", "coordinates": [ 1.7514549, 49.0272107, 0.0 ] } },
{ "type": "Feature", "properties": { "Name": "L’église de la Nativité-de-la-Sainte-Vierge" }, "geometry": { "type": "Point", "coordinates": [ 4.2671022, 48.1536312, 0.0 ] } },
{ "type": "Feature", "properties": { "Name": "Église Saint Etienne" }, "geometry": { "type": "Point", "coordinates": [ 3.0373946, 46.6368863, 0.0 ] } },
{ "type": "Feature", "properties": { "Name": "Église Notre-Dame de l'Assomption" }, "geometry": { "type": "Point", "coordinates": [ 1.9833461, 49.2549002, 0.0 ] } },
{ "type": "Feature", "properties": { "Name": "Église Saint-Jean-Baptiste" }, "geometry": { "type": "Point", "coordinates": [ 0.0124046, 43.6849037, 0.0 ] } },
{ "type": "Feature", "properties": { "Name": "Église Saint-Seurin de Gabarnac" }, "geometry": { "type": "Point", "coordinates": [ -0.2806486, 44.6149672, 0.0 ] } },
{ "type": "Feature", "properties": { "Name": "Abbaye Saint Michel" }, "geometry": { "type": "Point", "coordinates": [ 1.8960978, 43.8972869, 0.0 ] } },
{ "type": "Feature", "properties": { "Name": "Église Notre-Dame-de-l'Assomption" }, "geometry": { "type": "Point", "coordinates": [ -0.372178, 43.9410863, 0.0 ] } },
{ "type": "Feature", "properties": { "Name": "Eglise Saint Seurin" }, "geometry": { "type": "Point", "coordinates": [ -0.2718404, 44.99137, 0.0 ] } },
{ "type": "Feature", "properties": { "Name": "Church of Saint-Étienne" }, "geometry": { "type": "Point", "coordinates": [ 3.1895298, 46.1030781, 0.0 ] } },
{ "type": "Feature", "properties": { "Name": "Église Notre Dame de Germigny l’Exempt" }, "geometry": { "type": "Point", "coordinates": [ 2.8973445, 46.9187726, 0.0 ] } },
{ "type": "Feature", "properties": { "Name": "Église Saint-Pierre-ès-Liens" }, "geometry": { "type": "Point", "coordinates": [ -0.3787554, 44.704002, 0.0 ] } },
{ "type": "Feature", "properties": { "Name": "Église Saint-Martin" }, "geometry": { "type": "Point", "coordinates": [ -0.3715051, 44.7353247, 0.0 ] } },
{ "type": "Feature", "properties": { "Name": "Church of Notre-Dame in Huriel" }, "geometry": { "type": "Point", "coordinates": [ 2.4754102, 46.375598, 0.0 ] } },
{ "type": "Feature", "properties": { "Name": "Eglise" }, "geometry": { "type": "Point", "coordinates": [ 2.0282948, 49.2259849, 0.0 ] } },
{ "type": "Feature", "properties": { "Name": "Église Saint-Ephrem" }, "geometry": { "type": "Point", "coordinates": [ 4.1874109, 49.010379, 0.0 ] } },
{ "type": "Feature", "properties": { "Name": "Église Saint Martial" }, "geometry": { "type": "Point", "coordinates": [ 1.9362918, 46.2566667, 0.0 ] } },
{ "type": "Feature", "properties": { "Name": "Saint-Gilles church of L'Île-Bouchard" }, "geometry": { "type": "Point", "coordinates": [ 0.4271607, 47.1239659, 0.0 ] } },
{ "type": "Feature", "properties": { "Name": "Église Notre-Dame de La Berthenoux" }, "geometry": { "type": "Point", "coordinates": [ 2.0610092, 46.6611356, 0.0 ] } },
{ "type": "Feature", "properties": { "Name": "Eglise Saint-Denis" }, "geometry": { "type": "Point", "coordinates": [ 2.2042027, 46.800975, 0.0 ] } },
{ "type": "Feature", "properties": { "Name": "46° 25′ 19″ N, 2° 30′ 10″ E" }, "geometry": { "type": "Point", "coordinates": [ 2.50277777777778, 46.421944444444399, 0.0 ] } },
{ "type": "Feature", "properties": { "Name": "Mutigny Eglise St Martin" }, "geometry": { "type": "Point", "coordinates": [ 4.512073, 48.8358339, 0.0 ] } },
{ "type": "Feature", "properties": { "Name": "Kirche" }, "geometry": { "type": "Point", "coordinates": [ 4.5255872, 48.8330974, 0.0 ] } },
{ "type": "Feature", "properties": { "Name": "Eglise Saint-Etienne du Gravier" }, "geometry": { "type": "Point", "coordinates": [ 2.9665345, 46.9562121, 0.0 ] } },
{ "type": "Feature", "properties": { "Name": "Chapelle Saint-Pierre" }, "geometry": { "type": "Point", "coordinates": [ -0.0641165, 48.6056776, 0.0 ] } },
{ "type": "Feature", "properties": { "Name": "Abadía de la Selva Mayor" }, "geometry": { "type": "Point", "coordinates": [ -0.31218, 44.7679586, 0.0 ] } },
{ "type": "Feature", "properties": { "Name": "Église Saint Martin" }, "geometry": { "type": "Point", "coordinates": [ 2.026173, 46.5849612, 0.0 ] } },
{ "type": "Feature", "properties": { "Name": "Église Saint-Jean-Baptiste" }, "geometry": { "type": "Point", "coordinates": [ 0.4059118, 47.3260107, 0.0 ] } },
{ "type": "Feature", "properties": { "Name": "église Saint-Pierre de Cazeaux" }, "geometry": { "type": "Point", "coordinates": [ 0.523862, 44.1046351, 0.0 ] } },
{ "type": "Feature", "properties": { "Name": "Église Saint-Jean-Baptiste de Larbey" }, "geometry": { "type": "Point", "coordinates": [ -0.7183967, 43.7032754, 0.0 ] } },
{ "type": "Feature", "properties": { "Name": "Eglise Saint-Orens" }, "geometry": { "type": "Point", "coordinates": [ 0.016971, 43.445441, 0.0 ] } },
{ "type": "Feature", "properties": { "Name": "Église Saint-Ausit" }, "geometry": { "type": "Point", "coordinates": [ 0.0374982, 43.640488, 0.0 ] } },
{ "type": "Feature", "properties": { "Name": "Église Saint-Martin de Layrac" }, "geometry": { "type": "Point", "coordinates": [ 0.6598522, 44.1361739, 0.0 ] } },
{ "type": "Feature", "properties": { "Name": "Catholic church \"Notre-Dame\"" }, "geometry": { "type": "Point", "coordinates": [ 0.887781, 49.8648178, 0.0 ] } },
{ "type": "Feature", "properties": { "Name": "Chapelle romane du XIIème siècle" }, "geometry": { "type": "Point", "coordinates": [ 3.6595691, 46.1835787, 0.0 ] } },
{ "type": "Feature", "properties": { "Name": "Église De Puy-Ferrand" }, "geometry": { "type": "Point", "coordinates": [ 2.2848008, 46.6350282, 0.0 ] } },
{ "type": "Feature", "properties": { "Name": "Mairie de Le Fay Saint Quentin" }, "geometry": { "type": "Point", "coordinates": [ 2.2519317, 49.4521973, 0.0 ] } },
{ "type": "Feature", "properties": { "Name": "Église Saint-Martin du Lion-d'Angers" }, "geometry": { "type": "Point", "coordinates": [ -0.7133261, 47.6281731, 0.0 ] } },
{ "type": "Feature", "properties": { "Name": "Église du Prieuré Saint-Michel" }, "geometry": { "type": "Point", "coordinates": [ 1.9608337, 46.5661713, 0.0 ] } },
{ "type": "Feature", "properties": { "Name": "Catedral de Le Mans" }, "geometry": { "type": "Point", "coordinates": [ 0.1988373, 48.0092387, 0.0 ] } },
{ "type": "Feature", "properties": { "Name": "Iglesia de San Vicente" }, "geometry": { "type": "Point", "coordinates": [ 0.2179751, 44.4120261, 0.0 ] } },
{ "type": "Feature", "properties": { "Name": "Eglise Saint-Nicolas" }, "geometry": { "type": "Point", "coordinates": [ 4.0171901, 48.9458295, 0.0 ] } },
{ "type": "Feature", "properties": { "Name": "Église Saint-Gervais et Saint-Protais de Le Montet" }, "geometry": { "type": "Point", "coordinates": [ 3.0573024, 46.409171, 0.0 ] } },
{ "type": "Feature", "properties": { "Name": "St Christophe, Le Puch" }, "geometry": { "type": "Point", "coordinates": [ -0.1000637, 44.7172517, 0.0 ] } },
{ "type": "Feature", "properties": { "Name": "Church of Our Lady" }, "geometry": { "type": "Point", "coordinates": [ 1.212909, 49.258609, 0.0 ] } },
{ "type": "Feature", "properties": { "Name": "Les Istres-et-Bury" }, "geometry": { "type": "Point", "coordinates": [ 4.0854476, 48.9842859, 0.0 ] } },
{ "type": "Feature", "properties": { "Name": "Catedral de Nuestra Señora de la Asunción" }, "geometry": { "type": "Point", "coordinates": [ -0.4334138, 43.3329789, 0.0 ] } },
{ "type": "Feature", "properties": { "Name": "Église Saint-Michel de Lescure-d'Albigeois" }, "geometry": { "type": "Point", "coordinates": [ 2.1705882, 43.9497921, 0.0 ] } },
{ "type": "Feature", "properties": { "Name": "43° 16′ 15″ N, 3° 10′ 30″ E" }, "geometry": { "type": "Point", "coordinates": [ 3.175, 43.2708333333333, 0.0 ] } },
{ "type": "Feature", "properties": { "Name": "Portail de Levignac" }, "geometry": { "type": "Point", "coordinates": [ 2.7988899, 44.5134492, 0.0 ] } },
{ "type": "Feature", "properties": { "Name": "Church of Saint-Denis of Lichères" }, "geometry": { "type": "Point", "coordinates": [ 0.2289235, 45.9026869, 0.0 ] } },
{ "type": "Feature", "properties": { "Name": "Église Saint-Martin" }, "geometry": { "type": "Point", "coordinates": [ 0.4180416, 48.0789218, 0.0 ] } },
{ "type": "Feature", "properties": { "Name": "Eglise Saint-Pierre de Lorignac" }, "geometry": { "type": "Point", "coordinates": [ -0.6908605, 45.4570367, 0.0 ] } },
{ "type": "Feature", "properties": { "Name": "Église Notre-Dame de Louans" }, "geometry": { "type": "Point", "coordinates": [ 0.7458364, 47.1841791, 0.0 ] } },
{ "type": "Feature", "properties": { "Name": "Église Saint-Pierre de Loupiac" }, "geometry": { "type": "Point", "coordinates": [ -0.297858, 44.6229217, 0.0 ] } },
{ "type": "Feature", "properties": { "Name": "Église Sainte-Quitterie" }, "geometry": { "type": "Point", "coordinates": [ -0.4039892, 43.9703421, 0.0 ] } },
{ "type": "Feature", "properties": { "Name": "Église Saint-Pantaléon" }, "geometry": { "type": "Point", "coordinates": [ 1.4668372, 48.4399228, 0.0 ] } },
{ "type": "Feature", "properties": { "Name": "Église Saint Vincent" }, "geometry": { "type": "Point", "coordinates": [ -0.6589998, 43.2867421, 0.0 ] } },
{ "type": "Feature", "properties": { "Name": "Église Notre-Dame de Lucy-sur-Yonne" }, "geometry": { "type": "Point", "coordinates": [ 3.5817938, 47.5243149, 0.0 ] } },
{ "type": "Feature", "properties": { "Name": "Eglise de Luppé" }, "geometry": { "type": "Point", "coordinates": [ -0.1333614, 43.7400019, 0.0 ] } },
{ "type": "Feature", "properties": { "Name": "Church of Saint Martin in Lurcy-Lévis" }, "geometry": { "type": "Point", "coordinates": [ 2.9380979, 46.7303135, 0.0 ] } },
{ "type": "Feature", "properties": { "Name": "Église Notre-Dame de Lusignan" }, "geometry": { "type": "Point", "coordinates": [ 0.123038, 46.4360117, 0.0 ] } },
{ "type": "Feature", "properties": { "Name": "Church of the Templars" }, "geometry": { "type": "Point", "coordinates": [ -0.0032872, 42.8715314, 0.0 ] } },
{ "type": "Feature", "properties": { "Name": "Eglise Notre Dame de LUZENAC" }, "geometry": { "type": "Point", "coordinates": [ 1.0796618, 42.9541585, 0.0 ] } },
{ "type": "Feature", "properties": { "Name": "Eglise Notre Dame de Lye" }, "geometry": { "type": "Point", "coordinates": [ 1.4730112, 47.2269116, 0.0 ] } },
{ "type": "Feature", "properties": { "Name": "Église Saint-Martin de Mansigné" }, "geometry": { "type": "Point", "coordinates": [ 0.1345314, 47.7476299, 0.0 ] } },
{ "type": "Feature", "properties": { "Name": "46° 41′ 51.22″ N, 2° 22′ 09.26″ E" }, "geometry": { "type": "Point", "coordinates": [ 2.36923888888889, 46.697561111111099, 0.0 ] } },
{ "type": "Feature", "properties": { "Name": "Église Saint-Sulpice de Marignac" }, "geometry": { "type": "Point", "coordinates": [ -0.4765749, 45.5220251, 0.0 ] } },
{ "type": "Feature", "properties": { "Name": "Église Saint-Pierre" }, "geometry": { "type": "Point", "coordinates": [ -0.1687836, 44.7102154, 0.0 ] } },
{ "type": "Feature", "properties": { "Name": "Église Saint-Martin" }, "geometry": { "type": "Point", "coordinates": [ 0.0350806, 43.4702692, 0.0 ] } },
{ "type": "Feature", "properties": { "Name": "Église Saint-Nicolas" }, "geometry": { "type": "Point", "coordinates": [ 1.8491241, 48.908934, 0.0 ] } },
{ "type": "Feature", "properties": { "Name": "Eglise de Mazères" }, "geometry": { "type": "Point", "coordinates": [ -0.0097329, 43.5805685, 0.0 ] } },
{ "type": "Feature", "properties": { "Name": "Eglise d’Aigueparse" }, "geometry": { "type": "Point", "coordinates": [ 0.9693234, 44.6367505, 0.0 ] } },
{ "type": "Feature", "properties": { "Name": "Abbaye bénédictine Saint-Ménélée" }, "geometry": { "type": "Point", "coordinates": [ 2.9045613, 46.1039544, 0.0 ] } },
{ "type": "Feature", "properties": { "Name": "Église Notre-Dame de Moirax" }, "geometry": { "type": "Point", "coordinates": [ 0.6096874, 44.1407666, 0.0 ] } },
{ "type": "Feature", "properties": { "Name": "Église paroissiale Saint-Laurent" }, "geometry": { "type": "Point", "coordinates": [ -0.0672221, 43.5035375, 0.0 ] } },
{ "type": "Feature", "properties": { "Name": "Eglise Saint Géraud, Monsempron Libos" }, "geometry": { "type": "Point", "coordinates": [ 0.9434646, 44.4916753, 0.0 ] } },
{ "type": "Feature", "properties": { "Name": "Chapelle Notre-Dame-de-Colombier" }, "geometry": { "type": "Point", "coordinates": [ 2.6814127, 43.2084952, 0.0 ] } },
{ "type": "Feature", "properties": { "Name": "Église Notre-Dame de Montgaroult" }, "geometry": { "type": "Point", "coordinates": [ -0.1314173, 48.7494905, 0.0 ] } },
{ "type": "Feature", "properties": { "Name": "Église Saint Louis" }, "geometry": { "type": "Point", "coordinates": [ 3.2900804, 47.0270458, 0.0 ] } },
{ "type": "Feature", "properties": { "Name": "50 Av. du Général de Gaulle" }, "geometry": { "type": "Point", "coordinates": [ 0.8665769, 47.7492763, 0.0 ] } },
{ "type": "Feature", "properties": { "Name": "Chapelle Saint Gilles" }, "geometry": { "type": "Point", "coordinates": [ 0.8583136, 47.7515476, 0.0 ] } },
{ "type": "Feature", "properties": { "Name": "église templière" }, "geometry": { "type": "Point", "coordinates": [ 0.9375554, 43.1121136, 0.0 ] } },
{ "type": "Feature", "properties": { "Name": "Church of Saint-Martial" }, "geometry": { "type": "Point", "coordinates": [ 0.2420436, 45.8915102, 0.0 ] } },
{ "type": "Feature", "properties": { "Name": "Church of Saint Nicolas in Murat" }, "geometry": { "type": "Point", "coordinates": [ 2.9080982, 46.4010009, 0.0 ] } },
{ "type": "Feature", "properties": { "Name": "Église Saint-Pierre, Nant" }, "geometry": { "type": "Point", "coordinates": [ 3.3015142, 44.0216351, 0.0 ] } },
{ "type": "Feature", "properties": { "Name": "Basílica catedral de San Quirico y Santa Julieta" }, "geometry": { "type": "Point", "coordinates": [ 3.1573842, 46.9873949, 0.0 ] } },
{ "type": "Feature", "properties": { "Name": "Collégiale Saint-Nicolas de Nogaro" }, "geometry": { "type": "Point", "coordinates": [ -0.0353733, 43.757202, 0.0 ] } },
{ "type": "Feature", "properties": { "Name": "Paroisse de Nogent-sur-Oise" }, "geometry": { "type": "Point", "coordinates": [ 2.4752095, 49.2799385, 0.0 ] } },
{ "type": "Feature", "properties": { "Name": "Eglise - Saint Jacques" }, "geometry": { "type": "Point", "coordinates": [ 0.5062965, 42.7983934, 0.0 ] } },
{ "type": "Feature", "properties": { "Name": "Église Notre-Dame" }, "geometry": { "type": "Point", "coordinates": [ 1.3224608, 49.795583, 0.0 ] } },
{ "type": "Feature", "properties": { "Name": "Église Saint Jean Baptiste" }, "geometry": { "type": "Point", "coordinates": [ 3.148286, 47.091682, 0.0 ] } },
{ "type": "Feature", "properties": { "Name": "Iglesia de Saint-Germain-des-Prés" }, "geometry": { "type": "Point", "coordinates": [ 2.3344943, 48.8539896, 0.0 ] } },
{ "type": "Feature", "properties": { "Name": "Église Saint-Josse de Parnes" }, "geometry": { "type": "Point", "coordinates": [ 1.7373777, 49.2037804, 0.0 ] } },
{ "type": "Feature", "properties": { "Name": "Église Saint-Hubert de Pars-lès-Chavanges" }, "geometry": { "type": "Point", "coordinates": [ 4.4971982, 48.5073159, 0.0 ] } },
{ "type": "Feature", "properties": { "Name": "Église Notre-Dame" }, "geometry": { "type": "Point", "coordinates": [ -0.4019139, 43.6315513, 0.0 ] } },
{ "type": "Feature", "properties": { "Name": "Church of Saint-Pierre" }, "geometry": { "type": "Point", "coordinates": [ -0.4636611, 45.6249191, 0.0 ] } },
{ "type": "Feature", "properties": { "Name": "Chapelle romane de la Madeleine" }, "geometry": { "type": "Point", "coordinates": [ 2.2496382, 43.2585051, 0.0 ] } },
{ "type": "Feature", "properties": { "Name": "Église Saint Pierre" }, "geometry": { "type": "Point", "coordinates": [ 5.0891018, 46.0223021, 0.0 ] } },
{ "type": "Feature", "properties": { "Name": "Iglesia de San Hilario el Grande" }, "geometry": { "type": "Point", "coordinates": [ 0.3326622, 46.5773395, 0.0 ] } },
{ "type": "Feature", "properties": { "Name": "Eglise St Porchaire" }, "geometry": { "type": "Point", "coordinates": [ 0.33967, 46.58142, 0.0 ] } },
{ "type": "Feature", "properties": { "Name": "Poix" }, "geometry": { "type": "Point", "coordinates": [ 4.623964, 48.963349, 0.0 ] } },
{ "type": "Feature", "properties": { "Name": "Eglise Saint-Nicolas" }, "geometry": { "type": "Point", "coordinates": [ 1.2746638, 49.3341315, 0.0 ] } },
{ "type": "Feature", "properties": { "Name": "Église Saint-Lucien de Pont-Sainte-Maxence" }, "geometry": { "type": "Point", "coordinates": [ 2.6221188, 49.3159163, 0.0 ] } },
{ "type": "Feature", "properties": { "Name": "Église Saint-Gervais de Pontpoint" }, "geometry": { "type": "Point", "coordinates": [ 2.6399367, 49.2996019, 0.0 ] } },
{ "type": "Feature", "properties": { "Name": "Priory Church of Saint-Ayoul at Provins" }, "geometry": { "type": "Point", "coordinates": [ 3.3028591, 48.5606166, 0.0 ] } },
{ "type": "Feature", "properties": { "Name": "Église Saint-Gilles et Saint-Leu de Raveau" }, "geometry": { "type": "Point", "coordinates": [ 3.0769608, 47.1854983, 0.0 ] } },
{ "type": "Feature", "properties": { "Name": "Église Saint Aubin" }, "geometry": { "type": "Point", "coordinates": [ 1.8468104, 49.2432593, 0.0 ] } },
{ "type": "Feature", "properties": { "Name": "Église Saint-Martin de Restigné" }, "geometry": { "type": "Point", "coordinates": [ 0.2280541, 47.2807438, 0.0 ] } },
{ "type": "Feature", "properties": { "Name": "Église de Retheuil" }, "geometry": { "type": "Point", "coordinates": [ 3.0117658, 49.3222533, 0.0 ] } },
{ "type": "Feature", "properties": { "Name": "Église Saint-Denis de Reuilly" }, "geometry": { "type": "Point", "coordinates": [ 2.0453675, 47.0847383, 0.0 ] } },
{ "type": "Feature", "properties": { "Name": "Église Saint-Gervais-Saint-Protais de Rhuis" }, "geometry": { "type": "Point", "coordinates": [ 2.6957079, 49.307245, 0.0 ] } },
{ "type": "Feature", "properties": { "Name": "Église Notre-Dame de Rivière" }, "geometry": { "type": "Point", "coordinates": [ 0.2789006, 47.1468739, 0.0 ] } },
{ "type": "Feature", "properties": { "Name": "La chapelle Romane Saint-Georges" }, "geometry": { "type": "Point", "coordinates": [ 0.7357691, 47.4087056, 0.0 ] } },
{ "type": "Feature", "properties": { "Name": "Église Notre-Dame de Rochecorbon" }, "geometry": { "type": "Point", "coordinates": [ 0.7561029, 47.414558, 0.0 ] } },
{ "type": "Feature", "properties": { "Name": "Church of Saint Saturnin" }, "geometry": { "type": "Point", "coordinates": [ 3.0311396, 46.4228899, 0.0 ] } },
{ "type": "Feature", "properties": { "Name": "Église Saint-Médard" }, "geometry": { "type": "Point", "coordinates": [ 3.769827, 49.1729155, 0.0 ] } },
{ "type": "Feature", "properties": { "Name": "église Notre-Dame-de-l'Annonciation de Roumanou" }, "geometry": { "type": "Point", "coordinates": [ 1.9671086, 43.9945565, 0.0 ] } },
{ "type": "Feature", "properties": { "Name": "Église Saint-Gervais-et-Saint-Protais de Ruillé" }, "geometry": { "type": "Point", "coordinates": [ -0.6420459, 47.900473, 0.0 ] } },
{ "type": "Feature", "properties": { "Name": "Eglise de Saint Aignan" }, "geometry": { "type": "Point", "coordinates": [ -0.2980256, 44.9436222, 0.0 ] } },
{ "type": "Feature", "properties": { "Name": "St-Amand-de-Coly" }, "geometry": { "type": "Point", "coordinates": [ 1.2474018, 45.0633874, 0.0 ] } },
{ "type": "Feature", "properties": { "Name": "Église catholique Saint-André-du-Nom-de-Dieu à Saint-André-de-Cubzac" }, "geometry": { "type": "Point", "coordinates": [ -0.4480817, 44.9922797, 0.0 ] } },
{ "type": "Feature", "properties": { "Name": "L'église Saint-Privat" }, "geometry": { "type": "Point", "coordinates": [ 0.6926434, 42.9155752, 0.0 ] } },
{ "type": "Feature", "properties": { "Name": "Eglise de Saint Bénin" }, "geometry": { "type": "Point", "coordinates": [ -0.5101163, 48.978237, 0.0 ] } },
{ "type": "Feature", "properties": { "Name": "Prieuré de Saint-Benoît-du-Sault" }, "geometry": { "type": "Point", "coordinates": [ 1.3896434, 46.4382132, 0.0 ] } },
{ "type": "Feature", "properties": { "Name": "Église Saint Benoit" }, "geometry": { "type": "Point", "coordinates": [ 4.0310302, 48.3681175, 0.0 ] } },
{ "type": "Feature", "properties": { "Name": "église Saint-Caprais de Saint-Caprais-de-Lerm" }, "geometry": { "type": "Point", "coordinates": [ 0.7454134, 44.213817, 0.0 ] } },
{ "type": "Feature", "properties": { "Name": "Church of Our Lady" }, "geometry": { "type": "Point", "coordinates": [ 1.6792477, 49.2062289, 0.0 ] } },
{ "type": "Feature", "properties": { "Name": "Église Saint-Désiré de Saint-Désiré" }, "geometry": { "type": "Point", "coordinates": [ 2.4310119, 46.4984394, 0.0 ] } },
{ "type": "Feature", "properties": { "Name": "Église Saint-Étienne de Saint-Étienne-de-Lisse" }, "geometry": { "type": "Point", "coordinates": [ -0.097421, 44.879687, 0.0 ] } },
{ "type": "Feature", "properties": { "Name": "Église Saint Étienne" }, "geometry": { "type": "Point", "coordinates": [ 3.5333943, 46.1764076, 0.0 ] } },
{ "type": "Feature", "properties": { "Name": "Église Sainte Radegonde" }, "geometry": { "type": "Point", "coordinates": [ 2.118378, 44.611581, 0.0 ] } },
{ "type": "Feature", "properties": { "Name": "Abbaye de Saint-Ferme" }, "geometry": { "type": "Point", "coordinates": [ 0.0586786, 44.6934227, 0.0 ] } },
{ "type": "Feature", "properties": { "Name": "Église Saint-Fortunat de Saint-Fort-sur-Gironde" }, "geometry": { "type": "Point", "coordinates": [ -0.7214683, 45.4610753, 0.0 ] } },
{ "type": "Feature", "properties": { "Name": "Saint Peter of Saint Gaudens Collegiate" }, "geometry": { "type": "Point", "coordinates": [ 0.7245334, 43.1075163, 0.0 ] } },
{ "type": "Feature", "properties": { "Name": "Saint Gaultier" }, "geometry": { "type": "Point", "coordinates": [ 1.423034, 46.634743, 0.0 ] } },
{ "type": "Feature", "properties": { "Name": "Église Saint Genès" }, "geometry": { "type": "Point", "coordinates": [ 3.215432, 46.060295, 0.0 ] } },
{ "type": "Feature", "properties": { "Name": "Abbatiale Saint-Genou de Saint-Genou" }, "geometry": { "type": "Point", "coordinates": [ 1.3381794, 46.9314051, 0.0 ] } },
{ "type": "Feature", "properties": { "Name": "Église catholique Saint-Georges à Saint-Georges de Montagne" }, "geometry": { "type": "Point", "coordinates": [ -0.1325885, 44.9272085, 0.0 ] } },
{ "type": "Feature", "properties": { "Name": "Église Saint-Paul de Soye" }, "geometry": { "type": "Point", "coordinates": [ 2.4726054, 46.6767612, 0.0 ] } },
{ "type": "Feature", "properties": { "Name": "Église St Georges" }, "geometry": { "type": "Point", "coordinates": [ -0.6467959, 45.3754889, 0.0 ] } },
{ "type": "Feature", "properties": { "Name": "Eglise Saint Georges" }, "geometry": { "type": "Point", "coordinates": [ 2.0932611, 46.9986026, 0.0 ] } },
{ "type": "Feature", "properties": { "Name": "Église Saint-Pierre de Saint-Gilles" }, "geometry": { "type": "Point", "coordinates": [ 3.674162, 49.2814344, 0.0 ] } },
{ "type": "Feature", "properties": { "Name": "Eglise Saint-Jean-Baptiste" }, "geometry": { "type": "Point", "coordinates": [ 0.3766052, 43.7267561, 0.0 ] } },
{ "type": "Feature", "properties": { "Name": "Église Saint-Jean-Baptiste" }, "geometry": { "type": "Point", "coordinates": [ 5.062876, 46.3965328, 0.0 ] } },
{ "type": "Feature", "properties": { "Name": "Église Saint-Julien-de-Brioude de Saint-Julien-de-Jonzy" }, "geometry": { "type": "Point", "coordinates": [ 4.1443748, 46.2373715, 0.0 ] } },
{ "type": "Feature", "properties": { "Name": "Église Saint-Laurent de Saint-Laurent-en-Brionnais" }, "geometry": { "type": "Point", "coordinates": [ 4.2583455, 46.2731805, 0.0 ] } },
{ "type": "Feature", "properties": { "Name": "Collégiale de Saint-Léonard-de-Noblat" }, "geometry": { "type": "Point", "coordinates": [ 1.4896427, 45.8372075, 0.0 ] } },
{ "type": "Feature", "properties": { "Name": "Saint-Leu-d'Esserent Abbey" }, "geometry": { "type": "Point", "coordinates": [ 2.4217246, 49.2180478, 0.0 ] } },
{ "type": "Feature", "properties": { "Name": "Cathédrale Saint-Lizier" }, "geometry": { "type": "Point", "coordinates": [ 1.137485, 43.0016375, 0.0 ] } },
{ "type": "Feature", "properties": { "Name": "17 Le Bourg" }, "geometry": { "type": "Point", "coordinates": [ 0.931991, 44.7236411, 0.0 ] } },
{ "type": "Feature", "properties": { "Name": "Église Saint-Martial de Saint-Martial 33490" }, "geometry": { "type": "Point", "coordinates": [ -0.1752545, 44.6375608, 0.0 ] } },
{ "type": "Feature", "properties": { "Name": "Eglise" }, "geometry": { "type": "Point", "coordinates": [ -0.5938227, 45.381882, 0.0 ] } },
{ "type": "Feature", "properties": { "Name": "Saint Menulphus Church" }, "geometry": { "type": "Point", "coordinates": [ 3.157014, 46.585201, 0.0 ] } },
{ "type": "Feature", "properties": { "Name": "Église Saint-Médulphe de Saint-Myon" }, "geometry": { "type": "Point", "coordinates": [ 3.1319229, 45.9944568, 0.0 ] } },
{ "type": "Feature", "properties": { "Name": "Eglise de Saint-Nicolas-la-Nicolas" }, "geometry": { "type": "Point", "coordinates": [ 3.4693442, 48.5297045, 0.0 ] } },
{ "type": "Feature", "properties": { "Name": "Église Saint-Palais de Saint-Palais-de-Phiolin" }, "geometry": { "type": "Point", "coordinates": [ -0.5982677, 45.5169671, 0.0 ] } },
{ "type": "Feature", "properties": { "Name": "Abadía de Saint-Papoul" }, "geometry": { "type": "Point", "coordinates": [ 2.0340892, 43.3305695, 0.0 ] } },
{ "type": "Feature", "properties": { "Name": "Eglise Saint Paterne Racan" }, "geometry": { "type": "Point", "coordinates": [ 0.4841843, 47.602939, 0.0 ] } },
{ "type": "Feature", "properties": { "Name": "Église Saint-Pierre" }, "geometry": { "type": "Point", "coordinates": [ 0.6693321, 42.9837139, 0.0 ] } },
{ "type": "Feature", "properties": { "Name": "Église de Saint-Pierre-de-Buzet" }, "geometry": { "type": "Point", "coordinates": [ 0.2740206, 44.2536447, 0.0 ] } },
{ "type": "Feature", "properties": { "Name": "Church of Saint Pierre in Saint-Pierre-le-Moûtier" }, "geometry": { "type": "Point", "coordinates": [ 3.117436, 46.7901, 0.0 ] } },
{ "type": "Feature", "properties": { "Name": "Église Saint-Pierre" }, "geometry": { "type": "Point", "coordinates": [ 1.9543171, 44.5263017, 0.0 ] } },
{ "type": "Feature", "properties": { "Name": "Abbatiale Romane de Saint-Savin-en-Lavedan" }, "geometry": { "type": "Point", "coordinates": [ -0.0911102, 42.9815133, 0.0 ] } },
{ "type": "Feature", "properties": { "Name": "Saint-Sever-de-Rustan Abbey" }, "geometry": { "type": "Point", "coordinates": [ 0.2252507, 43.3514256, 0.0 ] } },
{ "type": "Feature", "properties": { "Name": "Abbaye Notre-Dame du Nid-au-Merle" }, "geometry": { "type": "Point", "coordinates": [ -1.5744674, 48.2193634, 0.0 ] } },
{ "type": "Feature", "properties": { "Name": "Église St Thomas" }, "geometry": { "type": "Point", "coordinates": [ -0.6867538, 45.3885729, 0.0 ] } },
{ "type": "Feature", "properties": { "Name": "Église Saint-Vaast de Saint-Vaast-de-Longmont" }, "geometry": { "type": "Point", "coordinates": [ 2.7345795, 49.3019838, 0.0 ] } },
{ "type": "Feature", "properties": { "Name": "Église Sainte-Colombe" }, "geometry": { "type": "Point", "coordinates": [ -0.0697451, 44.8781526, 0.0 ] } },
{ "type": "Feature", "properties": { "Name": "Église de Sainte Croix" }, "geometry": { "type": "Point", "coordinates": [ 0.8313299, 44.7399299, 0.0 ] } },
{ "type": "Feature", "properties": { "Name": "Église Sainte-Dode" }, "geometry": { "type": "Point", "coordinates": [ 0.3647408, 43.4195169, 0.0 ] } },
{ "type": "Feature", "properties": { "Name": "Église Sainte-Livrade" }, "geometry": { "type": "Point", "coordinates": [ 0.5891536, 44.3987352, 0.0 ] } },
{ "type": "Feature", "properties": { "Name": "Église Notre-Dame de l'Assomption" }, "geometry": { "type": "Point", "coordinates": [ 0.8297803, 45.1307698, 0.0 ] } },
{ "type": "Feature", "properties": { "Name": "Église Saint-Ours" }, "geometry": { "type": "Point", "coordinates": [ 1.0750431, 45.2039659, 0.0 ] } },
{ "type": "Feature", "properties": { "Name": "Église Sainte-Radegonde" }, "geometry": { "type": "Point", "coordinates": [ 0.0161023, 44.805541, 0.0 ] } },
{ "type": "Feature", "properties": { "Name": "42° 45′ 30″ N, 1° 11′ 21″ E" }, "geometry": { "type": "Point", "coordinates": [ 1.18916666666667, 42.758333333333297, 0.0 ] } },
{ "type": "Feature", "properties": { "Name": "Église Saint-Pierre" }, "geometry": { "type": "Point", "coordinates": [ -0.3820358, 45.0148385, 0.0 ] } },
{ "type": "Feature", "properties": { "Name": "Église Saint-Sauveur de Salles-sur-Cérou 81640" }, "geometry": { "type": "Point", "coordinates": [ 2.0356434, 44.0726036, 0.0 ] } },
{ "type": "Feature", "properties": { "Name": "Samadet" }, "geometry": { "type": "Point", "coordinates": [ -0.487407, 43.639839, 0.0 ] } },
{ "type": "Feature", "properties": { "Name": "Iglesia de Saint Ebons" }, "geometry": { "type": "Point", "coordinates": [ 0.3771266, 42.9660367, 0.0 ] } },
{ "type": "Feature", "properties": { "Name": "Église Sauveterre-la-Lémance" }, "geometry": { "type": "Point", "coordinates": [ 1.0137037, 44.5903389, 0.0 ] } },
{ "type": "Feature", "properties": { "Name": "Église Saint Martin" }, "geometry": { "type": "Point", "coordinates": [ 2.0820868, 46.8918371, 0.0 ] } },
{ "type": "Feature", "properties": { "Name": "Iglesia de Nuestra Señora la Blanca" }, "geometry": { "type": "Point", "coordinates": [ 1.5538798, 47.2751143, 0.0 ] } },
{ "type": "Feature", "properties": { "Name": "Église Saint-Pierre de Semoussac" }, "geometry": { "type": "Point", "coordinates": [ -0.6238936, 45.386611, 0.0 ] } },
{ "type": "Feature", "properties": { "Name": "Église Saint-Martin de Séniergues" }, "geometry": { "type": "Point", "coordinates": [ 1.546249, 44.6993811, 0.0 ] } },
{ "type": "Feature", "properties": { "Name": "Église Saint-Hilaire de Sentilly" }, "geometry": { "type": "Point", "coordinates": [ -0.1161283, 48.7658351, 0.0 ] } },
{ "type": "Feature", "properties": { "Name": "Église Saint-Denis" }, "geometry": { "type": "Point", "coordinates": [ 1.8323274, 49.1872024, 0.0 ] } },
{ "type": "Feature", "properties": { "Name": "Église Saint Jean-Baptiste de Sère" }, "geometry": { "type": "Point", "coordinates": [ -0.0070613, 42.8788704, 0.0 ] } },
{ "type": "Feature", "properties": { "Name": "Église Notre-Dame de Sérignac-sur-Garonne" }, "geometry": { "type": "Point", "coordinates": [ 0.4845606, 44.2140753, 0.0 ] } },
{ "type": "Feature", "properties": { "Name": "Eglise Saint-Pierre" }, "geometry": { "type": "Point", "coordinates": [ -0.2592479, 43.4402161, 0.0 ] } },
{ "type": "Feature", "properties": { "Name": "Église Saint-Pierre-ès-Liens de Simacourbe" }, "geometry": { "type": "Point", "coordinates": [ -0.1660026, 43.446512, 0.0 ] } },
{ "type": "Feature", "properties": { "Name": "Eglise" }, "geometry": { "type": "Point", "coordinates": [ 4.1977525, 48.7420514, 0.0 ] } },
{ "type": "Feature", "properties": { "Name": "Eglise Notre Dame" }, "geometry": { "type": "Point", "coordinates": [ 4.840902, 48.411696, 0.0 ] } },
{ "type": "Feature", "properties": { "Name": "Église Saint-Marc" }, "geometry": { "type": "Point", "coordinates": [ 3.1928111, 46.5354136, 0.0 ] } },
{ "type": "Feature", "properties": { "Name": "Iglesia de San Cristóbal" }, "geometry": { "type": "Point", "coordinates": [ 1.4605002, 47.6673075, 0.0 ] } },
{ "type": "Feature", "properties": { "Name": "Église Saint-Romain" }, "geometry": { "type": "Point", "coordinates": [ -0.2635824, 44.7344327, 0.0 ] } },
{ "type": "Feature", "properties": { "Name": "Église Saint-Pierre de Tasque" }, "geometry": { "type": "Point", "coordinates": [ 0.020738, 43.6393982, 0.0 ] } },
{ "type": "Feature", "properties": { "Name": "Église Saint-Nicolas de Tavant" }, "geometry": { "type": "Point", "coordinates": [ 0.388693, 47.1249609, 0.0 ] } },
{ "type": "Feature", "properties": { "Name": "Church of Saint Martin in Taxat-Senat" }, "geometry": { "type": "Point", "coordinates": [ 3.1369395, 46.2008836, 0.0 ] } },
{ "type": "Feature", "properties": { "Name": "Eglise Saint-Symphorien" }, "geometry": { "type": "Point", "coordinates": [ 4.2147624, 48.9294494, 0.0 ] } },
{ "type": "Feature", "properties": { "Name": "Eglise Saint Antoine" }, "geometry": { "type": "Point", "coordinates": [ 0.5802007, 47.2235919, 0.0 ] } },
{ "type": "Feature", "properties": { "Name": "Église Saint-Germain" }, "geometry": { "type": "Point", "coordinates": [ 0.0425391, 47.6871316, 0.0 ] } },
{ "type": "Feature", "properties": { "Name": "Abbaye de Saint-Julien" }, "geometry": { "type": "Point", "coordinates": [ 0.6874753, 47.3959129, 0.0 ] } },
{ "type": "Feature", "properties": { "Name": "Eglise Tréon" }, "geometry": { "type": "Point", "coordinates": [ 1.3175499, 48.6752626, 0.0 ] } },
{ "type": "Feature", "properties": { "Name": "Paroisse Notre Dame des Noyeraies" }, "geometry": { "type": "Point", "coordinates": [ 5.4833713, 45.2966223, 0.0 ] } },
{ "type": "Feature", "properties": { "Name": "Eglise Saint-Etienne d'Uchacq" }, "geometry": { "type": "Point", "coordinates": [ -0.5592918, 43.9275926, 0.0 ] } },
{ "type": "Feature", "properties": { "Name": "Église Notre-Dame-de-la-Nativité" }, "geometry": { "type": "Point", "coordinates": [ 0.9469055, 44.8128783, 0.0 ] } },
{ "type": "Feature", "properties": { "Name": "Church of St. Martin" }, "geometry": { "type": "Point", "coordinates": [ 4.2603925, 46.2978819, 0.0 ] } },
{ "type": "Feature", "properties": { "Name": "Église Saint-Pierre de Varen" }, "geometry": { "type": "Point", "coordinates": [ 1.8934414, 44.1578708, 0.0 ] } },
{ "type": "Feature", "properties": { "Name": "Church of Saint Paul in Venas" }, "geometry": { "type": "Point", "coordinates": [ 2.7645193, 46.4761842, 0.0 ] } },
{ "type": "Feature", "properties": { "Name": "Église Saint-Martin de Ventouse" }, "geometry": { "type": "Point", "coordinates": [ 0.331773, 45.896205, 0.0 ] } },
{ "type": "Feature", "properties": { "Name": "Église Saint Jacques" }, "geometry": { "type": "Point", "coordinates": [ 3.0078517, 44.506023, 0.0 ] } },
{ "type": "Feature", "properties": { "Name": "Église Saint-Martin de Blancs-Coteaux" }, "geometry": { "type": "Point", "coordinates": [ 4.0010386, 48.906972, 0.0 ] } },
{ "type": "Feature", "properties": { "Name": "Eglise Saint-Cyr" }, "geometry": { "type": "Point", "coordinates": [ 2.429724, 46.5385453, 0.0 ] } },
{ "type": "Feature", "properties": { "Name": "Église Saint-Pierre de Veuil" }, "geometry": { "type": "Point", "coordinates": [ 1.5259125, 47.121115, 0.0 ] } },
{ "type": "Feature", "properties": { "Name": "Église Saint-Christophe" }, "geometry": { "type": "Point", "coordinates": [ 0.3225688, 44.1979285, 0.0 ] } },
{ "type": "Feature", "properties": { "Name": "Vic d'Oust" }, "geometry": { "type": "Point", "coordinates": [ 1.213883, 42.884564, 0.0 ] } },
{ "type": "Feature", "properties": { "Name": "Church of Saint-Martin of Vicq-Exemplet" }, "geometry": { "type": "Point", "coordinates": [ 2.1431856, 46.6282809, 0.0 ] } },
{ "type": "Feature", "properties": { "Name": "Eglise Saint André" }, "geometry": { "type": "Point", "coordinates": [ 0.4962678, 47.2206326, 0.0 ] } },
{ "type": "Feature", "properties": { "Name": "Chapelle Saint Sulpice" }, "geometry": { "type": "Point", "coordinates": [ 2.616622, 46.2897043, 0.0 ] } },
{ "type": "Feature", "properties": { "Name": "Église Saint-Sébastien" }, "geometry": { "type": "Point", "coordinates": [ 1.5379701, 46.8473511, 0.0 ] } },
{ "type": "Feature", "properties": { "Name": "Kirche" }, "geometry": { "type": "Point", "coordinates": [ 4.0613757, 48.9170475, 0.0 ] } },
{ "type": "Feature", "properties": { "Name": "8 Rue Delalande" }, "geometry": { "type": "Point", "coordinates": [ 1.462841, 47.194313, 0.0 ] } },
{ "type": "Feature", "properties": { "Name": "église Saint-Alpin" }, "geometry": { "type": "Point", "coordinates": [ 3.7989576, 48.8275297, 0.0 ] } },
{ "type": "Feature", "properties": { "Name": "Église Saint-Blaise de Vinnac" }, "geometry": { "type": "Point", "coordinates": [ 2.6993731, 44.5497083, 0.0 ] } },
{ "type": "Feature", "properties": { "Name": "Avenue du Docteur Turc" }, "geometry": { "type": "Point", "coordinates": [ 5.2026783, 45.3197106, 0.0 ] } },
{ "type": "Feature", "properties": { "Name": "Eglise de Vornay" }, "geometry": { "type": "Point", "coordinates": [ 2.5844976, 46.9749517, 0.0 ] } },
{ "type": "Feature", "properties": { "Name": "Église Saint-Saturnin" }, "geometry": { "type": "Point", "coordinates": [ 1.925948, 46.8218835, 0.0 ] } },
{ "type": "Feature", "properties": { "Name": "Church of Saint Martin in Ygrande" }, "geometry": { "type": "Point", "coordinates": [ 2.9440909, 46.552495, 0.0 ] } },
{ "type": "Feature", "properties": { "Name": "Sint-Servatiuskerk" }, "geometry": { "type": "Point", "coordinates": [ 5.5307003, 50.7660072, 0.0 ] } },
{ "type": "Feature", "properties": { "Name": "Sint-Eucherius" }, "geometry": { "type": "Point", "coordinates": [ 5.2201504, 50.8000543, 0.0 ] } },
{ "type": "Feature", "properties": { "Name": "Sint-Genovevakerk" }, "geometry": { "type": "Point", "coordinates": [ 5.2474546, 50.8221611, 0.0 ] } },
{ "type": "Feature", "properties": { "Name": "Basílica de la Santa Sangre de Brujas" }, "geometry": { "type": "Point", "coordinates": [ 3.2265448, 51.2081343, 0.0 ] } },
{ "type": "Feature", "properties": { "Name": "Saint Nicholas" }, "geometry": { "type": "Point", "coordinates": [ 1.2401623, 51.2056385, 0.0 ] } },
{ "type": "Feature", "properties": { "Name": "St Andrew & St Cuthman's Church" }, "geometry": { "type": "Point", "coordinates": [ -0.3250981, 50.889982, 0.0 ] } },
{ "type": "Feature", "properties": { "Name": "Basilique Notre-Dame-de-la-Fin-des-Terres de Soulac-sur-Mer" }, "geometry": { "type": "Point", "coordinates": [ -1.1215134, 45.5139104, 0.0 ] } },
{ "type": "Feature", "properties": { "Name": "Cathédrale Saint-Etienne de Cahors" }, "geometry": { "type": "Point", "coordinates": [ 1.4427067, 44.4472644, 0.0 ] } },
{ "type": "Feature", "properties": { "Name": "Iglesia Vieja de Sant Pere de Navata" }, "geometry": { "type": "Point", "coordinates": [ 2.8670248, 42.2174314, 0.0 ] } },
{ "type": "Feature", "properties": { "Name": "Duomo di Sant'Andrea" }, "geometry": { "type": "Point", "coordinates": [ 10.0994276, 44.0799951, 0.0 ] } },
{ "type": "Feature", "properties": { "Name": "Catedral de Módena" }, "geometry": { "type": "Point", "coordinates": [ 10.9255166, 44.6463058, 0.0 ] } },
{ "type": "Feature", "properties": { "Name": "Catedral de Nuestra Señora de la Asunción" }, "geometry": { "type": "Point", "coordinates": [ 8.470924, 44.6740052, 0.0 ] } },
{ "type": "Feature", "properties": { "Name": "Chiesa di San Domenico" }, "geometry": { "type": "Point", "coordinates": [ 8.0364676, 44.6996016, 0.0 ] } },
{ "type": "Feature", "properties": { "Name": "Church of Saint Lawrence" }, "geometry": { "type": "Point", "coordinates": [ 8.1048397, 45.0623268, 0.0 ] } },
{ "type": "Feature", "properties": { "Name": "Iglesia de Santa Mariña de San Román" }, "geometry": { "type": "Point", "coordinates": [ -8.6617022, 42.973972, 0.0 ] } },
{ "type": "Feature", "properties": { "Name": "Iglesia de San Millán" }, "geometry": { "type": "Point", "coordinates": [ -1.0927231, 42.4614627, 0.0 ] } },
{ "type": "Feature", "properties": { "Name": "Iglesia del Salvador" }, "geometry": { "type": "Point", "coordinates": [ -1.0228486, 42.3697144, 0.0 ] } },
{ "type": "Feature", "properties": { "Name": "Catedral (San Domnión de Salona)" }, "geometry": { "type": "Point", "coordinates": [ 16.4404805, 43.5081034, 0.0 ] } },
{ "type": "Feature", "properties": { "Name": "Eglise Saint-Pierre" }, "geometry": { "type": "Point", "coordinates": [ -0.2212, 45.55231, 0.0 ] } },
{ "type": "Feature", "properties": { "Name": "Église souterraine Saint-Jean de Aubeterre-sur-Dronne" }, "geometry": { "type": "Point", "coordinates": [ 0.171361, 45.2722472, 0.0 ] } },
{ "type": "Feature", "properties": { "Name": "Église Notre-Dame de Bayon-sur-Gironde" }, "geometry": { "type": "Point", "coordinates": [ -0.5999723, 45.0533262, 0.0 ] } },
{ "type": "Feature", "properties": { "Name": "Église de Notre-Dame-de-l'Assomption" }, "geometry": { "type": "Point", "coordinates": [ -0.6014942, 45.6431848, 0.0 ] } },
{ "type": "Feature", "properties": { "Name": "Église Saint-Eutrope" }, "geometry": { "type": "Point", "coordinates": [ -0.476145, 45.5695547, 0.0 ] } },
{ "type": "Feature", "properties": { "Name": "Église Notre-Dame de Charmant par Boisné-La Tude" }, "geometry": { "type": "Point", "coordinates": [ 0.1836088, 45.4962838, 0.0 ] } },
{ "type": "Feature", "properties": { "Name": "Église Saint-Pierre de Châteauneuf-sur-Charente" }, "geometry": { "type": "Point", "coordinates": [ -0.0588128, 45.5985193, 0.0 ] } },
{ "type": "Feature", "properties": { "Name": "Abbaye de Châtres" }, "geometry": { "type": "Point", "coordinates": [ -0.2571213, 45.693763, 0.0 ] } },
{ "type": "Feature", "properties": { "Name": "L'église Saint-Maclou" }, "geometry": { "type": "Point", "coordinates": [ -0.5496175, 45.6443885, 0.0 ] } },
{ "type": "Feature", "properties": { "Name": "Eglise St Macrin-St Jean Baptiste" }, "geometry": { "type": "Point", "coordinates": [ -0.2162578, 45.5378282, 0.0 ] } },
{ "type": "Feature", "properties": { "Name": "Church of Saint-Martin" }, "geometry": { "type": "Point", "coordinates": [ -0.2511243, 45.6521639, 0.0 ] } },
{ "type": "Feature", "properties": { "Name": "Eglise Saint Blaise de Givrezac" }, "geometry": { "type": "Point", "coordinates": [ -0.6293549, 45.5435854, 0.0 ] } },
{ "type": "Feature", "properties": { "Name": "Église Saint-Romain" }, "geometry": { "type": "Point", "coordinates": [ -0.5117799, 45.44093, 0.0 ] } },
{ "type": "Feature", "properties": { "Name": "Église St Martin" }, "geometry": { "type": "Point", "coordinates": [ -0.8091658, 45.6495084, 0.0 ] } },
{ "type": "Feature", "properties": { "Name": "Saint Martin Church in Moings" }, "geometry": { "type": "Point", "coordinates": [ -0.3601249, 45.478887, 0.0 ] } },
{ "type": "Feature", "properties": { "Name": "Église Saint-Hilaire de Mouthiers-sur-Boëme" }, "geometry": { "type": "Point", "coordinates": [ 0.1243452, 45.5549013, 0.0 ] } },
{ "type": "Feature", "properties": { "Name": "Eglise Saint-Hippolyte de Plaizac" }, "geometry": { "type": "Point", "coordinates": [ -0.124045, 45.7548347, 0.0 ] } },
{ "type": "Feature", "properties": { "Name": "Église Notre-Dame de Rioux" }, "geometry": { "type": "Point", "coordinates": [ -0.7108608, 45.6358894, 0.0 ] } },
{ "type": "Feature", "properties": { "Name": "Eglise St. Christophe" }, "geometry": { "type": "Point", "coordinates": [ -0.4502189, 45.3357186, 0.0 ] } },
{ "type": "Feature", "properties": { "Name": "Iglesia monolítica de Saint-Émilion" }, "geometry": { "type": "Point", "coordinates": [ -0.1563514, 44.8933058, 0.0 ] } },
{ "type": "Feature", "properties": { "Name": "Eglise Saint-Félix" }, "geometry": { "type": "Point", "coordinates": [ 0.006539, 45.373941, 0.0 ] } },
{ "type": "Feature", "properties": { "Name": "Eglise de Saint-Ouen-la-Thène" }, "geometry": { "type": "Point", "coordinates": [ -0.163035, 45.871353, 0.0 ] } },
{ "type": "Feature", "properties": { "Name": "Église Saint-Quantin de Saint-Quantin-de-Rançanne" }, "geometry": { "type": "Point", "coordinates": [ -0.5946128, 45.5330893, 0.0 ] } },
{ "type": "Feature", "properties": { "Name": "Église Saint Romain de Benet" }, "geometry": { "type": "Point", "coordinates": [ -0.8483492, 45.6912933, 0.0 ] } },
{ "type": "Feature", "properties": { "Name": "Eglise Saint-Simon ou Sigismond" }, "geometry": { "type": "Point", "coordinates": [ -0.5357949, 45.4517992, 0.0 ] } },
{ "type": "Feature", "properties": { "Name": "Église Saint-Étienne de Vaux-sur-Mer" }, "geometry": { "type": "Point", "coordinates": [ -1.0627821, 45.6456587, 0.0 ] } },
{ "type": "Feature", "properties": { "Name": "Église Notre-Dame de Voulgézac" }, "geometry": { "type": "Point", "coordinates": [ 0.118787, 45.510936, 0.0 ] } },
{ "type": "Feature", "properties": { "Name": "Abadía de Saint-Gilles" }, "geometry": { "type": "Point", "coordinates": [ 4.4322319, 43.676773, 0.0 ] } },
{ "type": "Feature", "properties": { "Name": "St. Bridget’s Church" }, "geometry": { "type": "Point", "coordinates": [ -3.418965, 54.6650448, 0.0 ] } },
{ "type": "Feature", "properties": { "Name": "St John the Baptist Church" }, "geometry": { "type": "Point", "coordinates": [ -1.8665566, 51.6608085, 0.0 ] } },
{ "type": "Feature", "properties": { "Name": "St Mary's Church" }, "geometry": { "type": "Point", "coordinates": [ -2.59748, 54.2036444, 0.0 ] } },
{ "type": "Feature", "properties": { "Name": "St Nicholas' Church" }, "geometry": { "type": "Point", "coordinates": [ -2.2002498, 51.4607383, 0.0 ] } },
{ "type": "Feature", "properties": { "Name": "Killagha Abbey" }, "geometry": { "type": "Point", "coordinates": [ -9.730574, 52.1496003, 0.0 ] } },
{ "type": "Feature", "properties": { "Name": "St Margaret's Church, Hales" }, "geometry": { "type": "Point", "coordinates": [ 1.5110667, 52.510683, 0.0 ] } },
{ "type": "Feature", "properties": { "Name": "51°45′14″N, 1°14′58″W" }, "geometry": { "type": "Point", "coordinates": [ -1.24944444444444, 51.753888888888902, 0.0 ] } },
{ "type": "Feature", "properties": { "Name": "St Peter's Church" }, "geometry": { "type": "Point", "coordinates": [ -1.4628956, 51.835075, 0.0 ] } },
{ "type": "Feature", "properties": { "Name": "All Saints Church Norton Mandeville" }, "geometry": { "type": "Point", "coordinates": [ 0.285725, 51.7177472, 0.0 ] } },
{ "type": "Feature", "properties": { "Name": "St Mary's Church" }, "geometry": { "type": "Point", "coordinates": [ -0.6325641, 52.7216104, 0.0 ] } },
{ "type": "Feature", "properties": { "Name": "Cormac Cathedral" }, "geometry": { "type": "Point", "coordinates": [ -7.8904924, 52.5199955, 0.0 ] } },
{ "type": "Feature", "properties": { "Name": "St Carthage's Cathedral, Church of Ireland" }, "geometry": { "type": "Point", "coordinates": [ -7.9293394, 52.1398345, 0.0 ] } },
{ "type": "Feature", "properties": { "Name": "52°8′35″N, 7°55′39″W" }, "geometry": { "type": "Point", "coordinates": [ -7.9275, 52.143055555555598, 0.0 ] } },
{ "type": "Feature", "properties": { "Name": "Catedral de Ardfert" }, "geometry": { "type": "Point", "coordinates": [ -9.7816633, 52.328601, 0.0 ] } },
{ "type": "Feature", "properties": { "Name": "St Llwydian's Church, Heneglwys" }, "geometry": { "type": "Point", "coordinates": [ -4.3665515, 53.2585696, 0.0 ] } },
{ "type": "Feature", "properties": { "Name": "Holy Trinity Church" }, "geometry": { "type": "Point", "coordinates": [ -3.5528544, 51.4102601, 0.0 ] } },
{ "type": "Feature", "properties": { "Name": "Duddingston Kirk" }, "geometry": { "type": "Point", "coordinates": [ -3.1490925, 55.9411916, 0.0 ] } },
{ "type": "Feature", "properties": { "Name": "56°0′31″N, 2°36′45″W" }, "geometry": { "type": "Point", "coordinates": [ -2.6125, 56.008611111111101, 0.0 ] } },
{ "type": "Feature", "properties": { "Name": "Dalmeny Church" }, "geometry": { "type": "Point", "coordinates": [ -3.3727074, 55.9828126, 0.0 ] } },
{ "type": "Feature", "properties": { "Name": "Leuchars" }, "geometry": { "type": "Point", "coordinates": [ -2.882275, 56.380807, 0.0 ] } },
{ "type": "Feature", "properties": { "Name": "St Mary Redcliffe Church" }, "geometry": { "type": "Point", "coordinates": [ -2.5895223, 51.4483337, 0.0 ] } },
{ "type": "Feature", "properties": { "Name": "St Lawrence Church" }, "geometry": { "type": "Point", "coordinates": [ -0.4169561, 51.7077985, 0.0 ] } },
{ "type": "Feature", "properties": { "Name": "St. Michael’s Church" }, "geometry": { "type": "Point", "coordinates": [ -1.6213759, 51.4807364, 0.0 ] } },
{ "type": "Feature", "properties": { "Name": "St. Lawrence's Church" }, "geometry": { "type": "Point", "coordinates": [ -0.9757561, 51.151323, 0.0 ] } },
{ "type": "Feature", "properties": { "Name": "Castillo de Arundel" }, "geometry": { "type": "Point", "coordinates": [ -0.5539038, 50.8562911, 0.0 ] } },
{ "type": "Feature", "properties": { "Name": "St Peter's Church" }, "geometry": { "type": "Point", "coordinates": [ -2.3130579, 52.3062317, 0.0 ] } },
{ "type": "Feature", "properties": { "Name": "St Giles' Church" }, "geometry": { "type": "Point", "coordinates": [ -2.7922188, 52.3415867, 0.0 ] } },
{ "type": "Feature", "properties": { "Name": "St.Mary's Church, Attleborough" }, "geometry": { "type": "Point", "coordinates": [ 1.0185668, 52.5179666, 0.0 ] } },
{ "type": "Feature", "properties": { "Name": "St Giles Church, Balderton" }, "geometry": { "type": "Point", "coordinates": [ -0.778021, 53.0553025, 0.0 ] } },
{ "type": "Feature", "properties": { "Name": "St Mary's Church" }, "geometry": { "type": "Point", "coordinates": [ -1.5488781, 51.7276834, 0.0 ] } },
{ "type": "Feature", "properties": { "Name": "St Mary the Virgin Church" }, "geometry": { "type": "Point", "coordinates": [ -0.6435454, 50.8236068, 0.0 ] } },
{ "type": "Feature", "properties": { "Name": "St Mary's Church" }, "geometry": { "type": "Point", "coordinates": [ -1.8896028, 51.74452, 0.0 ] } },
{ "type": "Feature", "properties": { "Name": "St Bertoline’s, Barthomley" }, "geometry": { "type": "Point", "coordinates": [ -2.3482559, 53.0681688, 0.0 ] } },
{ "type": "Feature", "properties": { "Name": "St Thomas a Becket’s Church, Bassingthorpe" }, "geometry": { "type": "Point", "coordinates": [ -0.5670022, 52.8457512, 0.0 ] } },
{ "type": "Feature", "properties": { "Name": "St Peter's Church, Bickenhill" }, "geometry": { "type": "Point", "coordinates": [ -1.72452, 52.4393028, 0.0 ] } },
{ "type": "Feature", "properties": { "Name": "Holy Cross Church, Binstead" }, "geometry": { "type": "Point", "coordinates": [ -1.1862328, 50.732023, 0.0 ] } },
{ "type": "Feature", "properties": { "Name": "St Mary's Church, Birkin" }, "geometry": { "type": "Point", "coordinates": [ -1.197558, 53.7324077, 0.0 ] } },
{ "type": "Feature", "properties": { "Name": "St Andrew's Church" }, "geometry": { "type": "Point", "coordinates": [ 0.0876041, 50.7897341, 0.0 ] } },
{ "type": "Feature", "properties": { "Name": "Bockleton Church | St Michael" }, "geometry": { "type": "Point", "coordinates": [ -2.5977603, 52.2495303, 0.0 ] } },
{ "type": "Feature", "properties": { "Name": "Old St. Boniface Church" }, "geometry": { "type": "Point", "coordinates": [ -1.184942, 50.5990557, 0.0 ] } },
{ "type": "Feature", "properties": { "Name": "St Mary & St Blaise Church" }, "geometry": { "type": "Point", "coordinates": [ -0.7110265, 50.8599553, 0.0 ] } },
{ "type": "Feature", "properties": { "Name": "All Saints' Church" }, "geometry": { "type": "Point", "coordinates": [ -1.6907864, 53.0706581, 0.0 ] } },
{ "type": "Feature", "properties": { "Name": "52°18′6″N, 1°7′42″E" }, "geometry": { "type": "Point", "coordinates": [ 1.12833333333333, 52.301666666666698, 0.0 ] } },
{ "type": "Feature", "properties": { "Name": "St Nicholas Church" }, "geometry": { "type": "Point", "coordinates": [ -0.3151968, 50.8829663, 0.0 ] } },
{ "type": "Feature", "properties": { "Name": "St Wilfrid's Church" }, "geometry": { "type": "Point", "coordinates": [ -1.0848529, 53.7718399, 0.0 ] } },
{ "type": "Feature", "properties": { "Name": "St Giles Church" }, "geometry": { "type": "Point", "coordinates": [ -2.1180754, 52.0312187, 0.0 ] } },
{ "type": "Feature", "properties": { "Name": "54°41′26″N, 3°22′16″W" }, "geometry": { "type": "Point", "coordinates": [ -3.37111111111111, 54.690555555555598, 0.0 ] } },
{ "type": "Feature", "properties": { "Name": "St. Bridget Church, Bridestowe" }, "geometry": { "type": "Point", "coordinates": [ -4.1055694, 50.6854255, 0.0 ] } },
{ "type": "Feature", "properties": { "Name": "St Nicholas Church" }, "geometry": { "type": "Point", "coordinates": [ -1.0268894, 51.6378382, 0.0 ] } },
{ "type": "Feature", "properties": { "Name": "St Edmund's Church Bromeswell" }, "geometry": { "type": "Point", "coordinates": [ 1.3614336, 52.106444, 0.0 ] } },
{ "type": "Feature", "properties": { "Name": "St. Mary the Virgin Church" }, "geometry": { "type": "Point", "coordinates": [ -1.5058783, 51.6815081, 0.0 ] } },
{ "type": "Feature", "properties": { "Name": "All Saints Church, Burmarsh" }, "geometry": { "type": "Point", "coordinates": [ 0.9963756, 51.0491678, 0.0 ] } },
{ "type": "Feature", "properties": { "Name": "The Leper Chapel of Saint Mary Magdalene" }, "geometry": { "type": "Point", "coordinates": [ 0.1526, 52.2139266, 0.0 ] } },
{ "type": "Feature", "properties": { "Name": "St Peters Church" }, "geometry": { "type": "Point", "coordinates": [ -1.3429071, 51.7924289, 0.0 ] } },
{ "type": "Feature", "properties": { "Name": "Castle Acre Priory" }, "geometry": { "type": "Point", "coordinates": [ 0.6834292, 52.7004328, 0.0 ] } },
{ "type": "Feature", "properties": { "Name": "The Church of St Kyneburgha, Castor" }, "geometry": { "type": "Point", "coordinates": [ -0.3418293, 52.5729374, 0.0 ] } },
{ "type": "Feature", "properties": { "Name": "St Margaret's Church" }, "geometry": { "type": "Point", "coordinates": [ -1.3472756, 51.5185537, 0.0 ] } },
{ "type": "Feature", "properties": { "Name": "St Andrew's Church" }, "geometry": { "type": "Point", "coordinates": [ -1.408428, 51.4987949, 0.0 ] } },
{ "type": "Feature", "properties": { "Name": "St Giles, Church" }, "geometry": { "type": "Point", "coordinates": [ -0.6624573, 51.8529816, 0.0 ] } },
{ "type": "Feature", "properties": { "Name": "Parish Church of St John the Baptist, Chester" }, "geometry": { "type": "Point", "coordinates": [ -2.8857464, 53.1890153, 0.0 ] } },
{ "type": "Feature", "properties": { "Name": "Holy Trinity Church" }, "geometry": { "type": "Point", "coordinates": [ -0.8594227, 50.8288165, 0.0 ] } },
{ "type": "Feature", "properties": { "Name": "St Mary’s Church" }, "geometry": { "type": "Point", "coordinates": [ -1.5423923, 51.4330569, 0.0 ] } },
{ "type": "Feature", "properties": { "Name": "Christchurch Priory" }, "geometry": { "type": "Point", "coordinates": [ -1.7744716, 50.7321222, 0.0 ] } },
{ "type": "Feature", "properties": { "Name": "All Saints Church" }, "geometry": { "type": "Point", "coordinates": [ -2.3064145, 52.5379186, 0.0 ] } },
{ "type": "Feature", "properties": { "Name": "St. Matthew's Church" }, "geometry": { "type": "Point", "coordinates": [ -2.0409924, 51.7077242, 0.0 ] } },
{ "type": "Feature", "properties": { "Name": "St Andrew's Church" }, "geometry": { "type": "Point", "coordinates": [ -1.815665, 51.8775501, 0.0 ] } },
{ "type": "Feature", "properties": { "Name": "All Saints Church" }, "geometry": { "type": "Point", "coordinates": [ -0.5438913, 53.1334537, 0.0 ] } },
{ "type": "Feature", "properties": { "Name": "St Peter's Church : Conisborough" }, "geometry": { "type": "Point", "coordinates": [ -1.2296537, 53.4829864, 0.0 ] } },
{ "type": "Feature", "properties": { "Name": "St Andrew's Church : Cranwell" }, "geometry": { "type": "Point", "coordinates": [ -0.4611452, 53.0370752, 0.0 ] } },
{ "type": "Feature", "properties": { "Name": "Creslow Manor" }, "geometry": { "type": "Point", "coordinates": [ -0.8229036, 51.8894679, 0.0 ] } },
{ "type": "Feature", "properties": { "Name": "Cromwell Museum" }, "geometry": { "type": "Point", "coordinates": [ -0.1845462, 52.3308489, 0.0 ] } },
{ "type": "Feature", "properties": { "Name": "St James the Great Church" }, "geometry": { "type": "Point", "coordinates": [ -1.4509657, 51.6229326, 0.0 ] } },
{ "type": "Feature", "properties": { "Name": "St John's Church" }, "geometry": { "type": "Point", "coordinates": [ -1.9946633, 51.3501453, 0.0 ] } },
{ "type": "Feature", "properties": { "Name": "51°21′2″N, 1°59′59″W" }, "geometry": { "type": "Point", "coordinates": [ -1.99972222222222, 51.350555555555601, 0.0 ] } },
{ "type": "Feature", "properties": { "Name": "St Nicholas’ Church" }, "geometry": { "type": "Point", "coordinates": [ -2.8505069, 50.911233, 0.0 ] } },
{ "type": "Feature", "properties": { "Name": "Priory Church of St Peter" }, "geometry": { "type": "Point", "coordinates": [ -0.5176918, 51.8860656, 0.0 ] } },
{ "type": "Feature", "properties": { "Name": "Catedral de Durham" }, "geometry": { "type": "Point", "coordinates": [ -1.5763921, 54.7732329, 0.0 ] } },
{ "type": "Feature", "properties": { "Name": "St John's Church, Duxford" }, "geometry": { "type": "Point", "coordinates": [ 0.1562857, 52.0943788, 0.0 ] } },
{ "type": "Feature", "properties": { "Name": "All Saints Church" }, "geometry": { "type": "Point", "coordinates": [ -1.4811765, 51.4913528, 0.0 ] } },
{ "type": "Feature", "properties": { "Name": "51°18′5″N, 2°37′26″W" }, "geometry": { "type": "Point", "coordinates": [ -2.62388888888889, 51.301388888888901, 0.0 ] } },
{ "type": "Feature", "properties": { "Name": "St Laurence Church" }, "geometry": { "type": "Point", "coordinates": [ -2.6246683, 51.3011757, 0.0 ] } },
{ "type": "Feature", "properties": { "Name": "All Saints Church, East Meon" }, "geometry": { "type": "Point", "coordinates": [ -1.0315081, 50.9959273, 0.0 ] } },
{ "type": "Feature", "properties": { "Name": "St Mary's Church, Eastling" }, "geometry": { "type": "Point", "coordinates": [ 0.8161776, 51.2742225, 0.0 ] } },
{ "type": "Feature", "properties": { "Name": "St. Michael and All Angels" }, "geometry": { "type": "Point", "coordinates": [ -1.6209805, 51.685023, 0.0 ] } },
{ "type": "Feature", "properties": { "Name": "St Mary's Church" }, "geometry": { "type": "Point", "coordinates": [ -2.0763885, 51.7523005, 0.0 ] } },
{ "type": "Feature", "properties": { "Name": "St Mary the Virgin, Edith Weston" }, "geometry": { "type": "Point", "coordinates": [ -0.6312734, 52.637992, 0.0 ] } },
{ "type": "Feature", "properties": { "Name": "St John the Baptist Church" }, "geometry": { "type": "Point", "coordinates": [ -2.2927647, 51.9786108, 0.0 ] } },
{ "type": "Feature", "properties": { "Name": "St John the Evangelist Church" }, "geometry": { "type": "Point", "coordinates": [ -2.0490639, 51.8092458, 0.0 ] } },
{ "type": "Feature", "properties": { "Name": "St Mary the Virgin Church" }, "geometry": { "type": "Point", "coordinates": [ 0.240751, 51.9104651, 0.0 ] } },
{ "type": "Feature", "properties": { "Name": "52°23′46″N, 0°15′53″E" }, "geometry": { "type": "Point", "coordinates": [ 0.264722222222222, 52.396111111111097, 0.0 ] } },
{ "type": "Feature", "properties": { "Name": "St Mary, Etton" }, "geometry": { "type": "Point", "coordinates": [ -0.5086667, 53.8791412, 0.0 ] } },
{ "type": "Feature", "properties": { "Name": "Saint Martin Eynsford" }, "geometry": { "type": "Point", "coordinates": [ 0.2115068, 51.3674943, 0.0 ] } },
{ "type": "Feature", "properties": { "Name": "All Saints' Church, Faringdon" }, "geometry": { "type": "Point", "coordinates": [ -1.5840504, 51.6595436, 0.0 ] } },
{ "type": "Feature", "properties": { "Name": "St Peter's Church" }, "geometry": { "type": "Point", "coordinates": [ -0.7495158, 51.2924941, 0.0 ] } },
{ "type": "Feature", "properties": { "Name": "St Mary's Church, Fishley" }, "geometry": { "type": "Point", "coordinates": [ 1.5447278, 52.6480583, 0.0 ] } },
{ "type": "Feature", "properties": { "Name": "St Clement of Rome Church, Fiskerton" }, "geometry": { "type": "Point", "coordinates": [ -0.4310052, 53.2345911, 0.0 ] } },
{ "type": "Feature", "properties": { "Name": "St Peter's & St Paul's Church, Flitwick" }, "geometry": { "type": "Point", "coordinates": [ -0.502241, 51.99695, 0.0 ] } },
{ "type": "Feature", "properties": { "Name": "Parish Church of Saint Peter, Foston" }, "geometry": { "type": "Point", "coordinates": [ -0.7226129, 52.9771085, 0.0 ] } },
{ "type": "Feature", "properties": { "Name": "St Mary's Church" }, "geometry": { "type": "Point", "coordinates": [ -1.6025944, 51.3768448, 0.0 ] } },
{ "type": "Feature", "properties": { "Name": "St Mary, Great Canfield" }, "geometry": { "type": "Point", "coordinates": [ 0.3121063, 51.8379394, 0.0 ] } },
{ "type": "Feature", "properties": { "Name": "St Andrew's Church" }, "geometry": { "type": "Point", "coordinates": [ 0.7717454, 52.6977284, 0.0 ] } },
{ "type": "Feature", "properties": { "Name": "St John the Baptist Church" }, "geometry": { "type": "Point", "coordinates": [ -0.5099899, 51.7905661, 0.0 ] } },
{ "type": "Feature", "properties": { "Name": "Church of the Holy Trinity" }, "geometry": { "type": "Point", "coordinates": [ -0.2284963, 52.2623991, 0.0 ] } },
{ "type": "Feature", "properties": { "Name": "St Michael & All Angels Church, Guiting Power" }, "geometry": { "type": "Point", "coordinates": [ -1.8625712, 51.9192543, 0.0 ] } },
{ "type": "Feature", "properties": { "Name": "All Saints Church" }, "geometry": { "type": "Point", "coordinates": [ 1.3802439, 52.1764635, 0.0 ] } },
{ "type": "Feature", "properties": { "Name": "St Mary's Church" }, "geometry": { "type": "Point", "coordinates": [ -1.6238257, 52.1083079, 0.0 ] } },
{ "type": "Feature", "properties": { "Name": "Church of St Andrew the Apostle" }, "geometry": { "type": "Point", "coordinates": [ -1.3181032, 50.8581907, 0.0 ] } },
{ "type": "Feature", "properties": { "Name": "St Mary the Virgin Church" }, "geometry": { "type": "Point", "coordinates": [ -1.2391678, 51.4828626, 0.0 ] } },
{ "type": "Feature", "properties": { "Name": "St Andrew's Church" }, "geometry": { "type": "Point", "coordinates": [ -2.6445745, 52.0387274, 0.0 ] } },
{ "type": "Feature", "properties": { "Name": "St Peter's Church, Harswell" }, "geometry": { "type": "Point", "coordinates": [ -0.7558044, 53.8571968, 0.0 ] } },
{ "type": "Feature", "properties": { "Name": "Hassingham , Hassingham: St Mary" }, "geometry": { "type": "Point", "coordinates": [ 1.4965026, 52.5957427, 0.0 ] } },
{ "type": "Feature", "properties": { "Name": "St Martin, Hayton" }, "geometry": { "type": "Point", "coordinates": [ -0.7520059, 53.9038944, 0.0 ] } },
{ "type": "Feature", "properties": { "Name": "St John The Baptist Church" }, "geometry": { "type": "Point", "coordinates": [ -1.2424239, 53.9249332, 0.0 ] } },
{ "type": "Feature", "properties": { "Name": "St Gregory's Church, Heckingham" }, "geometry": { "type": "Point", "coordinates": [ 1.5143519, 52.5352246, 0.0 ] } },
{ "type": "Feature", "properties": { "Name": "Church of St John the Baptist" }, "geometry": { "type": "Point", "coordinates": [ 1.4128016, 52.5761146, 0.0 ] } },
{ "type": "Feature", "properties": { "Name": "St Mary's Church" }, "geometry": { "type": "Point", "coordinates": [ -0.4729552, 51.7589981, 0.0 ] } },
{ "type": "Feature", "properties": { "Name": "St Peter's Church Henley" }, "geometry": { "type": "Point", "coordinates": [ 1.1516195, 52.118166, 0.0 ] } },
{ "type": "Feature", "properties": { "Name": "52°24′58″N, 1°39′26″E" }, "geometry": { "type": "Point", "coordinates": [ 1.65722222222222, 52.4161111111111, 0.0 ] } },
{ "type": "Feature", "properties": { "Name": "The Parish Church of Saint Margaret's Herringfleet" }, "geometry": { "type": "Point", "coordinates": [ 1.6493254, 52.5218849, 0.0 ] } },
{ "type": "Feature", "properties": { "Name": "Holy Trinity Church" }, "geometry": { "type": "Point", "coordinates": [ -1.1880242, 52.0280948, 0.0 ] } },
{ "type": "Feature", "properties": { "Name": "St Wilfrid's Church : Honington" }, "geometry": { "type": "Point", "coordinates": [ -0.596613, 52.979559, 0.0 ] } },
{ "type": "Feature", "properties": { "Name": "St Peter's Horninghold" }, "geometry": { "type": "Point", "coordinates": [ -0.8109331, 52.5656584, 0.0 ] } },
{ "type": "Feature", "properties": { "Name": "All Saints Church : Hunmanby" }, "geometry": { "type": "Point", "coordinates": [ -0.3223589, 54.181343, 0.0 ] } },
{ "type": "Feature", "properties": { "Name": "St Nicholas Church" }, "geometry": { "type": "Point", "coordinates": [ -0.9093098, 51.624723, 0.0 ] } },
{ "type": "Feature", "properties": { "Name": "St James the Great Church" }, "geometry": { "type": "Point", "coordinates": [ -1.5888414, 52.0952483, 0.0 ] } },
{ "type": "Feature", "properties": { "Name": "St John's Church" }, "geometry": { "type": "Point", "coordinates": [ -1.2382193, 51.0913886, 0.0 ] } },
{ "type": "Feature", "properties": { "Name": "St Mary And St Peter's Kelsale Cum Carlton" }, "geometry": { "type": "Point", "coordinates": [ 1.4956181, 52.2329617, 0.0 ] } },
{ "type": "Feature", "properties": { "Name": "All Saints Church" }, "geometry": { "type": "Point", "coordinates": [ -0.5185112, 52.1209275, 0.0 ] } },
{ "type": "Feature", "properties": { "Name": "St John the Baptist Church" }, "geometry": { "type": "Point", "coordinates": [ -1.5306106, 51.5865146, 0.0 ] } },
{ "type": "Feature", "properties": { "Name": "St Mary's C of E Church, Kippax" }, "geometry": { "type": "Point", "coordinates": [ -1.369155, 53.7676441, 0.0 ] } },
{ "type": "Feature", "properties": { "Name": "St Mary's Church, Kirkburn" }, "geometry": { "type": "Point", "coordinates": [ -0.5075962, 53.9823291, 0.0 ] } },
{ "type": "Feature", "properties": { "Name": "St Denis, Silk Willoughby" }, "geometry": { "type": "Point", "coordinates": [ -0.4270844, 52.9739791, 0.0 ] } },
{ "type": "Feature", "properties": { "Name": "Abadía de Kirkstall" }, "geometry": { "type": "Point", "coordinates": [ -1.6067725, 53.8207677, 0.0 ] } },
{ "type": "Feature", "properties": { "Name": "Kirtling Church, All Saints" }, "geometry": { "type": "Point", "coordinates": [ 0.46645, 52.1909758, 0.0 ] } },
{ "type": "Feature", "properties": { "Name": "St Mary the Virgin Church" }, "geometry": { "type": "Point", "coordinates": [ -1.2749073, 51.8716959, 0.0 ] } },
{ "type": "Feature", "properties": { "Name": "St James the Less Church" }, "geometry": { "type": "Point", "coordinates": [ -0.3220334, 50.8380748, 0.0 ] } },
{ "type": "Feature", "properties": { "Name": "St John the Baptist Church" }, "geometry": { "type": "Point", "coordinates": [ -1.8665566, 51.6608085, 0.0 ] } },
{ "type": "Feature", "properties": { "Name": "Leicester Cathedral" }, "geometry": { "type": "Point", "coordinates": [ -1.137149, 52.6346498, 0.0 ] } },
{ "type": "Feature", "properties": { "Name": "St Michael's Church" }, "geometry": { "type": "Point", "coordinates": [ -1.5828305, 51.3940963, 0.0 ] } },
{ "type": "Feature", "properties": { "Name": "SS Medardus & Gildardus Church : Little Bytham" }, "geometry": { "type": "Point", "coordinates": [ -0.5007795, 52.750569, 0.0 ] } },
{ "type": "Feature", "properties": { "Name": "St. Luke, Clifton" }, "geometry": { "type": "Point", "coordinates": [ -3.4676671, 54.648185, 0.0 ] } },
{ "type": "Feature", "properties": { "Name": "St. Mary’s Church" }, "geometry": { "type": "Point", "coordinates": [ -1.5940511, 51.6399247, 0.0 ] } },
{ "type": "Feature", "properties": { "Name": "St Margaret's Church" }, "geometry": { "type": "Point", "coordinates": [ -1.6739687, 51.7108779, 0.0 ] } },
{ "type": "Feature", "properties": { "Name": "St Swithun's Church" }, "geometry": { "type": "Point", "coordinates": [ -1.6668806, 51.5480153, 0.0 ] } },
{ "type": "Feature", "properties": { "Name": "Church of Saint Nicholas" }, "geometry": { "type": "Point", "coordinates": [ 0.6338888, 52.2421599, 0.0 ] } },
{ "type": "Feature", "properties": { "Name": "St Clement & St John, Little Stretton" }, "geometry": { "type": "Point", "coordinates": [ -1.013913, 52.5961519, 0.0 ] } },
{ "type": "Feature", "properties": { "Name": "St Martin's Church" }, "geometry": { "type": "Point", "coordinates": [ -0.2251496, 52.3658978, 0.0 ] } },
{ "type": "Feature", "properties": { "Name": "Little Totham Church" }, "geometry": { "type": "Point", "coordinates": [ 0.7286164, 51.7599168, 0.0 ] } },
{ "type": "Feature", "properties": { "Name": "St Nicholas’ Church, Lockington" }, "geometry": { "type": "Point", "coordinates": [ -1.3066201, 52.8468854, 0.0 ] } },
{ "type": "Feature", "properties": { "Name": "Iglesia de San Bartolomé el Grande" }, "geometry": { "type": "Point", "coordinates": [ -0.0996749, 51.5188812, 0.0 ] } },
{ "type": "Feature", "properties": { "Name": "All Saints, Church" }, "geometry": { "type": "Point", "coordinates": [ -0.7028484, 51.8340041, 0.0 ] } },
{ "type": "Feature", "properties": { "Name": "St James Church" }, "geometry": { "type": "Point", "coordinates": [ -1.7402924, 51.9657341, 0.0 ] } },
{ "type": "Feature", "properties": { "Name": "Castillo de Ludlow" }, "geometry": { "type": "Point", "coordinates": [ -2.7229913, 52.3671216, 0.0 ] } },
{ "type": "Feature", "properties": { "Name": "St Margaret's Church" }, "geometry": { "type": "Point", "coordinates": [ -1.0365085, 51.4851564, 0.0 ] } },
{ "type": "Feature", "properties": { "Name": "St Mary's Church" }, "geometry": { "type": "Point", "coordinates": [ -1.9811882, 51.2862374, 0.0 ] } },
{ "type": "Feature", "properties": { "Name": "St Swithun’s Church" }, "geometry": { "type": "Point", "coordinates": [ -1.2650391, 51.0919863, 0.0 ] } },
{ "type": "Feature", "properties": { "Name": "St Mary the Virgin, Marystowe" }, "geometry": { "type": "Point", "coordinates": [ -4.2142808, 50.6241989, 0.0 ] } },
{ "type": "Feature", "properties": { "Name": "St. Peter's Church" }, "geometry": { "type": "Point", "coordinates": [ -0.3455661, 52.6576009, 0.0 ] } },
{ "type": "Feature", "properties": { "Name": "St Michael & All Angels' Church" }, "geometry": { "type": "Point", "coordinates": [ -2.1409037, 51.372503, 0.0 ] } },
{ "type": "Feature", "properties": { "Name": "All Saints Church" }, "geometry": { "type": "Point", "coordinates": [ 1.4763624, 52.456659, 0.0 ] } },
{ "type": "Feature", "properties": { "Name": "Middleton Parish Church (St. Leonard's)" }, "geometry": { "type": "Point", "coordinates": [ -2.1946045, 53.5532695, 0.0 ] } },
{ "type": "Feature", "properties": { "Name": "St John the Evangelist Church" }, "geometry": { "type": "Point", "coordinates": [ -2.4622218, 50.9653558, 0.0 ] } },
{ "type": "Feature", "properties": { "Name": "St Mary the Virgin Church, Minster" }, "geometry": { "type": "Point", "coordinates": [ 1.315667, 51.3304922, 0.0 ] } },
{ "type": "Feature", "properties": { "Name": "All Saints Church" }, "geometry": { "type": "Point", "coordinates": [ -1.1139083, 52.0009861, 0.0 ] } },
{ "type": "Feature", "properties": { "Name": "All Saints Church" }, "geometry": { "type": "Point", "coordinates": [ -1.1289783, 51.2981188, 0.0 ] } },
{ "type": "Feature", "properties": { "Name": "Church of St Gregory the Great" }, "geometry": { "type": "Point", "coordinates": [ -2.4886855, 52.5419087, 0.0 ] } },
{ "type": "Feature", "properties": { "Name": "St Andrew's Church" }, "geometry": { "type": "Point", "coordinates": [ -1.5365501, 51.0391295, 0.0 ] } },
{ "type": "Feature", "properties": { "Name": "All Saints' Church" }, "geometry": { "type": "Point", "coordinates": [ 0.4686463, 50.9558137, 0.0 ] } },
{ "type": "Feature", "properties": { "Name": "Saint Thomas the Apostle Church of England" }, "geometry": { "type": "Point", "coordinates": [ 0.2272955, 51.6623719, 0.0 ] } },
{ "type": "Feature", "properties": { "Name": "52°4′21″N, 2°0′52″W" }, "geometry": { "type": "Point", "coordinates": [ -2.01444444444444, 52.0725, 0.0 ] } },
{ "type": "Feature", "properties": { "Name": "St Nicholas Church, New Romney" }, "geometry": { "type": "Point", "coordinates": [ 0.94115, 50.9851181, 0.0 ] } },
{ "type": "Feature", "properties": { "Name": "North Curry" }, "geometry": { "type": "Point", "coordinates": [ -2.973699, 51.022851, 0.0 ] } },
{ "type": "Feature", "properties": { "Name": "St Mary's Church" }, "geometry": { "type": "Point", "coordinates": [ -1.4395372, 51.8201276, 0.0 ] } },
{ "type": "Feature", "properties": { "Name": "St John the Baptist, North Luffenham" }, "geometry": { "type": "Point", "coordinates": [ -0.6212097, 52.6190323, 0.0 ] } },
{ "type": "Feature", "properties": { "Name": "St. Mary Magdalene's Church North Ockendon" }, "geometry": { "type": "Point", "coordinates": [ 0.2876189, 51.5404432, 0.0 ] } },
{ "type": "Feature", "properties": { "Name": "St Mary, North Witham" }, "geometry": { "type": "Point", "coordinates": [ -0.6253382, 52.7864611, 0.0 ] } },
{ "type": "Feature", "properties": { "Name": "Lazar House" }, "geometry": { "type": "Point", "coordinates": [ 1.3033069, 52.6453289, 0.0 ] } },
{ "type": "Feature", "properties": { "Name": "St Peter's Church : Old Edlington" }, "geometry": { "type": "Point", "coordinates": [ -1.1992817, 53.4694174, 0.0 ] } },
{ "type": "Feature", "properties": { "Name": "St. Nicolas Church" }, "geometry": { "type": "Point", "coordinates": [ -0.2855936, 50.8408389, 0.0 ] } },
{ "type": "Feature", "properties": { "Name": "St Lawrence C of E Church" }, "geometry": { "type": "Point", "coordinates": [ -1.5387089, 52.1070008, 0.0 ] } },
{ "type": "Feature", "properties": { "Name": "Catedral de Peterborough" }, "geometry": { "type": "Point", "coordinates": [ -0.2392101, 52.5724835, 0.0 ] } },
{ "type": "Feature", "properties": { "Name": "St Peter's Church" }, "geometry": { "type": "Point", "coordinates": [ -2.9564726, 52.0411952, 0.0 ] } },
{ "type": "Feature", "properties": { "Name": "St Michael's Church" }, "geometry": { "type": "Point", "coordinates": [ -1.2470077, 53.1758344, 0.0 ] } },
{ "type": "Feature", "properties": { "Name": "Portchester Castle" }, "geometry": { "type": "Point", "coordinates": [ -1.1147381, 50.8376105, 0.0 ] } },
{ "type": "Feature", "properties": { "Name": "51°56′22″N, 2°0′15″W" }, "geometry": { "type": "Point", "coordinates": [ -2.00416666666667, 51.939444444444398, 0.0 ] } },
{ "type": "Feature", "properties": { "Name": "51°3′40″N, 0°57′46″W" }, "geometry": { "type": "Point", "coordinates": [ -0.962777777777778, 51.061111111111103, 0.0 ] } },
{ "type": "Feature", "properties": { "Name": "51°24′3″N, 2°31′39″W" }, "geometry": { "type": "Point", "coordinates": [ -2.5275, 51.400833333333303, 0.0 ] } },
{ "type": "Feature", "properties": { "Name": "St. Swithin's Church" }, "geometry": { "type": "Point", "coordinates": [ -1.7866546, 51.7337654, 0.0 ] } },
{ "type": "Feature", "properties": { "Name": "51°44′11″N, 1°47′15″W" }, "geometry": { "type": "Point", "coordinates": [ -1.7875, 51.736388888888897, 0.0 ] } },
{ "type": "Feature", "properties": { "Name": "St James Roman Catholic Church" }, "geometry": { "type": "Point", "coordinates": [ -0.9654994, 51.4570887, 0.0 ] } },
{ "type": "Feature", "properties": { "Name": "51°27′24″N, 0°58′4″W" }, "geometry": { "type": "Point", "coordinates": [ -0.967777777777778, 51.456666666666699, 0.0 ] } },
{ "type": "Feature", "properties": { "Name": "St Mary's Church" }, "geometry": { "type": "Point", "coordinates": [ -0.406225, 51.791961, 0.0 ] } },
{ "type": "Feature", "properties": { "Name": "St. Peter's Church" }, "geometry": { "type": "Point", "coordinates": [ 1.5389901, 52.4042861, 0.0 ] } },
{ "type": "Feature", "properties": { "Name": "St Leonards Church" }, "geometry": { "type": "Point", "coordinates": [ -2.31516, 52.3637782, 0.0 ] } },
{ "type": "Feature", "properties": { "Name": "St Mary Magdalen’s" }, "geometry": { "type": "Point", "coordinates": [ -1.5158524, 54.1408633, 0.0 ] } },
{ "type": "Feature", "properties": { "Name": "St Peter & St Paul Church Rock" }, "geometry": { "type": "Point", "coordinates": [ -2.395335, 52.3378906, 0.0 ] } },
{ "type": "Feature", "properties": { "Name": "50°50′19″N, 0°1′0″E" }, "geometry": { "type": "Point", "coordinates": [ 0.016666666666667, 50.838611111111099, 0.0 ] } },
{ "type": "Feature", "properties": { "Name": "St Peter's Church" }, "geometry": { "type": "Point", "coordinates": [ -1.9799303, 52.1778289, 0.0 ] } },
{ "type": "Feature", "properties": { "Name": "All Saints Church, Roydon" }, "geometry": { "type": "Point", "coordinates": [ 0.5179371, 52.7837607, 0.0 ] } },
{ "type": "Feature", "properties": { "Name": "St Mary Magdalene Church, Ruckinge" }, "geometry": { "type": "Point", "coordinates": [ 0.888314, 51.065483, 0.0 ] } },
{ "type": "Feature", "properties": { "Name": "Church of Saint Mary, Rye" }, "geometry": { "type": "Point", "coordinates": [ 0.7341781, 50.950103, 0.0 ] } },
{ "type": "Feature", "properties": { "Name": "St Giles' Church" }, "geometry": { "type": "Point", "coordinates": [ -1.2873257, 52.9306581, 0.0 ] } },
{ "type": "Feature", "properties": { "Name": "Selby Abbey" }, "geometry": { "type": "Point", "coordinates": [ -1.067768, 53.7840376, 0.0 ] } },
{ "type": "Feature", "properties": { "Name": "St Michael's Church" }, "geometry": { "type": "Point", "coordinates": [ -1.4156131, 50.7013085, 0.0 ] } },
{ "type": "Feature", "properties": { "Name": "All Saints' Church, Shorncote" }, "geometry": { "type": "Point", "coordinates": [ -1.96486, 51.669309, 0.0 ] } },
{ "type": "Feature", "properties": { "Name": "St Michael's Church, Shotwick" }, "geometry": { "type": "Point", "coordinates": [ -2.9951272, 53.2388189, 0.0 ] } },
{ "type": "Feature", "properties": { "Name": "St Mary's Church" }, "geometry": { "type": "Point", "coordinates": [ -2.2857571, 52.280855, 0.0 ] } },
{ "type": "Feature", "properties": { "Name": "St Mary the Virgin Church, Smeeth" }, "geometry": { "type": "Point", "coordinates": [ 0.959575, 51.118294, 0.0 ] } },
{ "type": "Feature", "properties": { "Name": "St Lawrence's Church, Snarford" }, "geometry": { "type": "Point", "coordinates": [ -0.4240682, 53.3283662, 0.0 ] } },
{ "type": "Feature", "properties": { "Name": "St Mary the Blessed Virgin Church" }, "geometry": { "type": "Point", "coordinates": [ -0.3518133, 50.8385279, 0.0 ] } },
{ "type": "Feature", "properties": { "Name": "St James Church, South Elmham St James" }, "geometry": { "type": "Point", "coordinates": [ 1.4112674, 52.3797392, 0.0 ] } },
{ "type": "Feature", "properties": { "Name": "St Michael's Church" }, "geometry": { "type": "Point", "coordinates": [ 1.440897, 52.4033794, 0.0 ] } },
{ "type": "Feature", "properties": { "Name": "St Mary the Virgin" }, "geometry": { "type": "Point", "coordinates": [ -0.6114056, 52.6067516, 0.0 ] } },
{ "type": "Feature", "properties": { "Name": "St Leonard" }, "geometry": { "type": "Point", "coordinates": [ 0.0511414, 53.2557354, 0.0 ] } },
{ "type": "Feature", "properties": { "Name": "South Shoebury Parish" }, "geometry": { "type": "Point", "coordinates": [ 0.7800615, 51.5273557, 0.0 ] } },
{ "type": "Feature", "properties": { "Name": "Church of St Leonard" }, "geometry": { "type": "Point", "coordinates": [ -0.2679722, 52.2654407, 0.0 ] } },
{ "type": "Feature", "properties": { "Name": "St Michael & All Angels Church" }, "geometry": { "type": "Point", "coordinates": [ -0.2413036, 50.8348151, 0.0 ] } },
{ "type": "Feature", "properties": { "Name": "Church of St. James" }, "geometry": { "type": "Point", "coordinates": [ -0.3462349, 52.3417696, 0.0 ] } },
{ "type": "Feature", "properties": { "Name": "All Saints Church" }, "geometry": { "type": "Point", "coordinates": [ -1.4941118, 51.8910416, 0.0 ] } },
{ "type": "Feature", "properties": { "Name": "Stanstead St Margaret's Parish Church" }, "geometry": { "type": "Point", "coordinates": [ -0.0002215, 51.7857487, 0.0 ] } },
{ "type": "Feature", "properties": { "Name": "St Leonard's Church" }, "geometry": { "type": "Point", "coordinates": [ -1.7432512, 51.6096363, 0.0 ] } },
{ "type": "Feature", "properties": { "Name": "St Giles Church, Stanton St Quintin" }, "geometry": { "type": "Point", "coordinates": [ -2.1369075, 51.5178181, 0.0 ] } },
{ "type": "Feature", "properties": { "Name": "Church of St. John the Baptist" }, "geometry": { "type": "Point", "coordinates": [ -0.3926823, 52.5748654, 0.0 ] } },
{ "type": "Feature", "properties": { "Name": "St Andrew's Church" }, "geometry": { "type": "Point", "coordinates": [ -3.1392922, 51.1795959, 0.0 ] } },
{ "type": "Feature", "properties": { "Name": "St Mary's Church" }, "geometry": { "type": "Point", "coordinates": [ -2.5407474, 51.2789982, 0.0 ] } },
{ "type": "Feature", "properties": { "Name": "St Michael and all Angels, Stragglethorpe" }, "geometry": { "type": "Point", "coordinates": [ -0.6385914, 53.0611698, 0.0 ] } },
{ "type": "Feature", "properties": { "Name": "Church of the Holy Cross" }, "geometry": { "type": "Point", "coordinates": [ 0.2845057, 52.3809807, 0.0 ] } },
{ "type": "Feature", "properties": { "Name": "St Michael's & All Angels Church" }, "geometry": { "type": "Point", "coordinates": [ -0.6503706, 51.4088662, 0.0 ] } },
{ "type": "Feature", "properties": { "Name": "St Michael & All Angels" }, "geometry": { "type": "Point", "coordinates": [ -0.9268122, 53.9170927, 0.0 ] } },
{ "type": "Feature", "properties": { "Name": "St Mary's Church, Swaffham Prior" }, "geometry": { "type": "Point", "coordinates": [ 0.2955596, 52.2512083, 0.0 ] } },
{ "type": "Feature", "properties": { "Name": "Swilland, Swilland, St Mary" }, "geometry": { "type": "Point", "coordinates": [ 1.1952346, 52.1316986, 0.0 ] } },
{ "type": "Feature", "properties": { "Name": "Sydling Saint Nicholas" }, "geometry": { "type": "Point", "coordinates": [ -2.5243681, 50.793573, 0.0 ] } },
{ "type": "Feature", "properties": { "Name": "St. Mary's Church" }, "geometry": { "type": "Point", "coordinates": [ -0.6173148, 52.9577764, 0.0 ] } },
{ "type": "Feature", "properties": { "Name": "St Osmund Chapel" }, "geometry": { "type": "Point", "coordinates": [ -2.0621894, 51.6972041, 0.0 ] } },
{ "type": "Feature", "properties": { "Name": "Church of St James the Less, Tatham" }, "geometry": { "type": "Point", "coordinates": [ -2.6043949, 54.1191265, 0.0 ] } },
{ "type": "Feature", "properties": { "Name": "All Saints Church" }, "geometry": { "type": "Point", "coordinates": [ -0.2610219, 53.4022501, 0.0 ] } },
{ "type": "Feature", "properties": { "Name": "Abadía de Tewkesbury" }, "geometry": { "type": "Point", "coordinates": [ -2.160793, 51.990192, 0.0 ] } },
{ "type": "Feature", "properties": { "Name": "Thorney Abbey" }, "geometry": { "type": "Point", "coordinates": [ -0.1071578, 52.6204417, 0.0 ] } },
{ "type": "Feature", "properties": { "Name": "Saint Mary the Virgin Thorngumbald" }, "geometry": { "type": "Point", "coordinates": [ -0.1712993, 53.7207789, 0.0 ] } },
{ "type": "Feature", "properties": { "Name": "Thurlton: All Saints Church" }, "geometry": { "type": "Point", "coordinates": [ 1.5621164, 52.5289771, 0.0 ] } },
{ "type": "Feature", "properties": { "Name": "St Mary's Church, Tissington" }, "geometry": { "type": "Point", "coordinates": [ -1.7380367, 53.0674531, 0.0 ] } },
{ "type": "Feature", "properties": { "Name": "Church of St. Michael" }, "geometry": { "type": "Point", "coordinates": [ -0.184776, 52.247582, 0.0 ] } },
{ "type": "Feature", "properties": { "Name": "St Mary's Church" }, "geometry": { "type": "Point", "coordinates": [ -1.3463848, 51.2186483, 0.0 ] } },
{ "type": "Feature", "properties": { "Name": "St Nicholas, Twywell" }, "geometry": { "type": "Point", "coordinates": [ -0.6026139, 52.3934545, 0.0 ] } },
{ "type": "Feature", "properties": { "Name": "St Mary’s Church" }, "geometry": { "type": "Point", "coordinates": [ -1.0024314, 51.2309974, 0.0 ] } },
{ "type": "Feature", "properties": { "Name": "St John the Baptist's Church, Wakerley" }, "geometry": { "type": "Point", "coordinates": [ -0.5895148, 52.582328, 0.0 ] } },
{ "type": "Feature", "properties": { "Name": "The Old Church - Blessed Mary of Walmer" }, "geometry": { "type": "Point", "coordinates": [ 1.3869845, 51.2032083, 0.0 ] } },
{ "type": "Feature", "properties": { "Name": "Waltham Abbey Church" }, "geometry": { "type": "Point", "coordinates": [ -0.003405, 51.687601, 0.0 ] } },
{ "type": "Feature", "properties": { "Name": "50°50′50″N, 0°11′4″W" }, "geometry": { "type": "Point", "coordinates": [ -0.184444444444444, 50.8472222222222, 0.0 ] } },
{ "type": "Feature", "properties": { "Name": "St Andrew's Church, Westhall" }, "geometry": { "type": "Point", "coordinates": [ 1.5582286, 52.3683143, 0.0 ] } },
{ "type": "Feature", "properties": { "Name": "Holy Trinity C of E Church" }, "geometry": { "type": "Point", "coordinates": [ -0.1593325, 51.9536071, 0.0 ] } },
{ "type": "Feature", "properties": { "Name": "St. Lawrence Church" }, "geometry": { "type": "Point", "coordinates": [ -2.5372722, 51.9064564, 0.0 ] } },
{ "type": "Feature", "properties": { "Name": "St Mary's Church" }, "geometry": { "type": "Point", "coordinates": [ -0.6808268, 54.0820525, 0.0 ] } },
{ "type": "Feature", "properties": { "Name": "St. Mildred’s ( Queen Victoria's ) Church" }, "geometry": { "type": "Point", "coordinates": [ -1.2764443, 50.7397644, 0.0 ] } },
{ "type": "Feature", "properties": { "Name": "St Mary's Church" }, "geometry": { "type": "Point", "coordinates": [ -0.7701899, 51.4901289, 0.0 ] } },
{ "type": "Feature", "properties": { "Name": "St. Mary and All Saints Church" }, "geometry": { "type": "Point", "coordinates": [ 0.0593716, 52.3146281, 0.0 ] } },
{ "type": "Feature", "properties": { "Name": "Castillo de Windsor" }, "geometry": { "type": "Point", "coordinates": [ -0.6044027, 51.483894, 0.0 ] } },
{ "type": "Feature", "properties": { "Name": "St Michael's Church" }, "geometry": { "type": "Point", "coordinates": [ -1.8699647, 51.7763391, 0.0 ] } },
{ "type": "Feature", "properties": { "Name": "Winteringham All Saints" }, "geometry": { "type": "Point", "coordinates": [ -0.6008235, 53.6903636, 0.0 ] } },
{ "type": "Feature", "properties": { "Name": "St Mary's Church, Wirksworth" }, "geometry": { "type": "Point", "coordinates": [ -1.5724705, 53.0819732, 0.0 ] } },
{ "type": "Feature", "properties": { "Name": "Wissett Church, St Andrews" }, "geometry": { "type": "Point", "coordinates": [ 1.4737198, 52.3605509, 0.0 ] } },
{ "type": "Feature", "properties": { "Name": "St Andrew's Church" }, "geometry": { "type": "Point", "coordinates": [ -3.6494568, 51.107968, 0.0 ] } },
{ "type": "Feature", "properties": { "Name": "All Saints Church" }, "geometry": { "type": "Point", "coordinates": [ -1.576352, 51.5864375, 0.0 ] } },
{ "type": "Feature", "properties": { "Name": "St Edmund's Church" }, "geometry": { "type": "Point", "coordinates": [ -1.2342031, 50.7309588, 0.0 ] } },
{ "type": "Feature", "properties": { "Name": "The Priory Church of St Mary & St Cuthbert, Worksop" }, "geometry": { "type": "Point", "coordinates": [ -1.1160508, 53.3037835, 0.0 ] } },
{ "type": "Feature", "properties": { "Name": "All Saints' Church" }, "geometry": { "type": "Point", "coordinates": [ 1.1621016, 51.9429521, 0.0 ] } },
{ "type": "Feature", "properties": { "Name": "St Mary & St Nicholas" }, "geometry": { "type": "Point", "coordinates": [ 0.1234634, 53.0359592, 0.0 ] } },
{ "type": "Feature", "properties": { "Name": "St Michael's Church, Yanworth" }, "geometry": { "type": "Point", "coordinates": [ -1.8864687, 51.8235311, 0.0 ] } },
{ "type": "Feature", "properties": { "Name": "All Saints Church" }, "geometry": { "type": "Point", "coordinates": [ -1.9102213, 51.4423324, 0.0 ] } },
{ "type": "Feature", "properties": { "Name": "St Canice's Cathedral" }, "geometry": { "type": "Point", "coordinates": [ -7.257318, 52.6567338, 0.0 ] } },
{ "type": "Feature", "properties": { "Name": "St Cronan's Church of Ireland" }, "geometry": { "type": "Point", "coordinates": [ -8.5393666, 52.8966945, 0.0 ] } },
{ "type": "Feature", "properties": { "Name": "All Saints, Wold Newton" }, "geometry": { "type": "Point", "coordinates": [ -0.4005535, 54.1433981, 0.0 ] } },
{ "type": "Feature", "properties": { "Name": "St Andrew Church" }, "geometry": { "type": "Point", "coordinates": [ -1.7087864, 51.7464703, 0.0 ] } },
{ "type": "Feature", "properties": { "Name": "Done Joan Bataiatzailearen Eliza/Iglesia de San Juan Bautista" }, "geometry": { "type": "Point", "coordinates": [ -2.1051254, 43.0475452, 0.0 ] } },
{ "type": "Feature", "properties": { "Name": "Andra Mari Eliza/Iglesia de Santa María" }, "geometry": { "type": "Point", "coordinates": [ -2.0713141, 43.13824, 0.0 ] } },
{ "type": "Feature", "properties": { "Name": "Ermita de Santa Engracia" }, "geometry": { "type": "Point", "coordinates": [ -2.2493595, 43.0196475, 0.0 ] } },
{ "type": "Feature", "properties": { "Name": "Igreja Paroquial de Gatão" }, "geometry": { "type": "Point", "coordinates": [ -8.063136, 41.2969428, 0.0 ] } },
{ "type": "Feature", "properties": { "Name": "Monasterio de San Salvador de Travanca" }, "geometry": { "type": "Point", "coordinates": [ -8.1930091, 41.2775555, 0.0 ] } },
{ "type": "Feature", "properties": { "Name": "Convento de S. Salvador de Vilar de Frades (Lóios) - Igreja de Areias de Vilar" }, "geometry": { "type": "Point", "coordinates": [ -8.5567774, 41.540504, 0.0 ] } },
{ "type": "Feature", "properties": { "Name": "Igreja Matriz de Balugães (Barcelos)" }, "geometry": { "type": "Point", "coordinates": [ -8.6373267, 41.6486356, 0.0 ] } },
{ "type": "Feature", "properties": { "Name": "Igreja Românica de S. Martinho de Manhente" }, "geometry": { "type": "Point", "coordinates": [ -8.5735586, 41.5440755, 0.0 ] } },
{ "type": "Feature", "properties": { "Name": "Catedral de Braga" }, "geometry": { "type": "Point", "coordinates": [ -8.4269012, 41.5499885, 0.0 ] } },
{ "type": "Feature", "properties": { "Name": "Iglesia de São Miguel de Gualtar" }, "geometry": { "type": "Point", "coordinates": [ -8.3890977, 41.5689542, 0.0 ] } },
{ "type": "Feature", "properties": { "Name": "Igreja de São Salvador de Ansiães" }, "geometry": { "type": "Point", "coordinates": [ -7.3049926, 41.2024572, 0.0 ] } },
{ "type": "Feature", "properties": { "Name": "iglesia de Nuestra Señora de la Concepción" }, "geometry": { "type": "Point", "coordinates": [ -7.9704737, 40.9224044, 0.0 ] } },
{ "type": "Feature", "properties": { "Name": "Mosteiro de S. João Baptista de Arnóia" }, "geometry": { "type": "Point", "coordinates": [ -8.015151, 41.3736642, 0.0 ] } },
{ "type": "Feature", "properties": { "Name": "Igreja de Nossa Senhora da Azinheira" }, "geometry": { "type": "Point", "coordinates": [ -7.450595, 41.7685053, 0.0 ] } },
{ "type": "Feature", "properties": { "Name": "Igreja de Santa Leocádia" }, "geometry": { "type": "Point", "coordinates": [ -7.4612729, 41.6174934, 0.0 ] } },
{ "type": "Feature", "properties": { "Name": "Igreja de São Julião de Montenegro" }, "geometry": { "type": "Point", "coordinates": [ -7.3947332, 41.7176999, 0.0 ] } },
{ "type": "Feature", "properties": { "Name": "Igreja de Santa Maria Maior de Tarouquela" }, "geometry": { "type": "Point", "coordinates": [ -8.1878997, 41.0697391, 0.0 ] } },
{ "type": "Feature", "properties": { "Name": "Igreja de São Martinho" }, "geometry": { "type": "Point", "coordinates": [ -8.169736, 41.3399244, 0.0 ] } },
{ "type": "Feature", "properties": { "Name": "Iglesia de São Martinho de Candoso" }, "geometry": { "type": "Point", "coordinates": [ -8.3355603, 41.4261982, 0.0 ] } },
{ "type": "Feature", "properties": { "Name": "Mosteiro de São Salvador do Souto / Igreja Paroquial de São Salvador do Souto / Igreja do Divino Salvador" }, "geometry": { "type": "Point", "coordinates": [ -8.2959992, 41.499029, 0.0 ] } },
{ "type": "Feature", "properties": { "Name": "Igreja de Santa Maria de Almacave" }, "geometry": { "type": "Point", "coordinates": [ -7.8103747, 41.0991588, 0.0 ] } },
{ "type": "Feature", "properties": { "Name": "Igreja de Santo Isidoro de Canaveses" }, "geometry": { "type": "Point", "coordinates": [ -8.1439931, 41.2077046, 0.0 ] } },
{ "type": "Feature", "properties": { "Name": "Igreja de São Martinho de Soalhães" }, "geometry": { "type": "Point", "coordinates": [ -8.0966124, 41.1605024, 0.0 ] } },
{ "type": "Feature", "properties": { "Name": "Mosteiro de Vila Boa do Bispo" }, "geometry": { "type": "Point", "coordinates": [ -8.2200646, 41.1288869, 0.0 ] } },
{ "type": "Feature", "properties": { "Name": "Iglesia de Santa María Magdalena de Chaviães" }, "geometry": { "type": "Point", "coordinates": [ -8.2502713, 42.1306307, 0.0 ] } },
{ "type": "Feature", "properties": { "Name": "Iglesia matriz de Santa Maria da Porta de Melgaço" }, "geometry": { "type": "Point", "coordinates": [ -8.2592677, 42.1139293, 0.0 ] } },
{ "type": "Feature", "properties": { "Name": "Monasterio de São Salvador de Paderne" }, "geometry": { "type": "Point", "coordinates": [ -8.2740452, 42.0896032, 0.0 ] } },
{ "type": "Feature", "properties": { "Name": "Capela de Nossa Senhora da Orada" }, "geometry": { "type": "Point", "coordinates": [ -8.2525164, 42.1201581, 0.0 ] } },
{ "type": "Feature", "properties": { "Name": "Mosteiro de Santa Maria das Júnias" }, "geometry": { "type": "Point", "coordinates": [ -7.9425146, 41.831095, 0.0 ] } },
{ "type": "Feature", "properties": { "Name": "Mosteiro de São Salvador de Paço de Sousa" }, "geometry": { "type": "Point", "coordinates": [ -8.3445455, 41.165887, 0.0 ] } },
{ "type": "Feature", "properties": { "Name": "Mosteiro de São Martinho de Crasto" }, "geometry": { "type": "Point", "coordinates": [ -8.4306171, 41.7746398, 0.0 ] } },
{ "type": "Feature", "properties": { "Name": "Iglesia de San Pedro de Roriz" }, "geometry": { "type": "Point", "coordinates": [ -8.3806352, 41.3444712, 0.0 ] } },
{ "type": "Feature", "properties": { "Name": "Mosteiro de São Miguel de Vilarinho" }, "geometry": { "type": "Point", "coordinates": [ -8.3326557, 41.3583073, 0.0 ] } },
{ "type": "Feature", "properties": { "Name": "Igreja de Nossa Senhora da Fresta" }, "geometry": { "type": "Point", "coordinates": [ -7.3453683, 40.7782187, 0.0 ] } },
{ "type": "Feature", "properties": { "Name": "Igreja de São Cristóvão de Rio Mau" }, "geometry": { "type": "Point", "coordinates": [ -8.67932, 41.3998073, 0.0 ] } },
{ "type": "Feature", "properties": { "Name": "Mosteiro de Santa Maria de Landim" }, "geometry": { "type": "Point", "coordinates": [ -8.4636841, 41.3792134, 0.0 ] } },
{ "type": "Feature", "properties": { "Name": "Igreja de Santa Eulália do Mosteiro de Arnoso" }, "geometry": { "type": "Point", "coordinates": [ -8.5225274, 41.4670984, 0.0 ] } },
{ "type": "Feature", "properties": { "Name": "Iglesia de San Miguel" }, "geometry": { "type": "Point", "coordinates": [ -8.2909918, 41.4472847, 0.0 ] } },
{ "type": "Feature", "properties": { "Name": "Iglesia de San Juan Bautista de Sernancelhe" }, "geometry": { "type": "Point", "coordinates": [ -7.4937334, 40.8999287, 0.0 ] } }
]
}
