{
"type": "FeatureCollection",
"name": "igrejas-2",
"crs": { "type": "name", "properties": { "name": "urn:ogc:def:crs:OGC:1.3:CRS84" } },
"features": [
{ "type": "Feature", "properties": { "Name": "Iglesia de San Salvador de Arnoia", "description": null, "timestamp": null, "begin": null, "end": null, "altitudeMode": null, "tessellate": -1, "extrude": 0, "visibility": -1, "drawOrder": null, "icon": null }, "geometry": null },
{ "type": "Feature", "properties": { "Name": "Iglesia de San Juan Bautista", "description": null, "timestamp": null, "begin": null, "end": null, "altitudeMode": null, "tessellate": -1, "extrude": 0, "visibility": -1, "drawOrder": null, "icon": null }, "geometry": null },
{ "type": "Feature", "properties": { "Name": "Iglesia de San Esteban de Lagartóns", "description": null, "timestamp": null, "begin": null, "end": null, "altitudeMode": null, "tessellate": -1, "extrude": 0, "visibility": -1, "drawOrder": null, "icon": null }, "geometry": null },
{ "type": "Feature", "properties": { "Name": "Mosteiro de Santa Maria de Aciveiro", "description": null, "timestamp": null, "begin": null, "end": null, "altitudeMode": null, "tessellate": -1, "extrude": 0, "visibility": -1, "drawOrder": null, "icon": null }, "geometry": null },
{ "type": "Feature", "properties": { "Name": "Monasterio de San Salvador de Bergondo", "description": null, "timestamp": null, "begin": null, "end": null, "altitudeMode": null, "tessellate": -1, "extrude": 0, "visibility": -1, "drawOrder": null, "icon": null }, "geometry": null },
{ "type": "Feature", "properties": { "Name": "Iglesia de San Martiño de Tiobre", "description": null, "timestamp": null, "begin": null, "end": null, "altitudeMode": null, "tessellate": -1, "extrude": 0, "visibility": -1, "drawOrder": null, "icon": null }, "geometry": null },
{ "type": "Feature", "properties": { "Name": "Iglesia de San Vicente de Cespón", "description": null, "timestamp": null, "begin": null, "end": null, "altitudeMode": null, "tessellate": -1, "extrude": 0, "visibility": -1, "drawOrder": null, "icon": null }, "geometry": null },
{ "type": "Feature", "properties": { "Name": "Iglesia de San Xulián da Luaña", "description": null, "timestamp": null, "begin": null, "end": null, "altitudeMode": null, "tessellate": -1, "extrude": 0, "visibility": -1, "drawOrder": null, "icon": null }, "geometry": null },
{ "type": "Feature", "properties": { "Name": "Iglesia de Santa María de Xaviña", "description": null, "timestamp": null, "begin": null, "end": null, "altitudeMode": null, "tessellate": -1, "extrude": 0, "visibility": -1, "drawOrder": null, "icon": null }, "geometry": null },
{ "type": "Feature", "properties": { "Name": "Iglesia de Santa María de Cambre", "description": null, "timestamp": null, "begin": null, "end": null, "altitudeMode": null, "tessellate": -1, "extrude": 0, "visibility": -1, "drawOrder": null, "icon": null }, "geometry": null },
{ "type": "Feature", "properties": { "Name": "Iglesia de San Pedro de Redonda", "description": null, "timestamp": null, "begin": null, "end": null, "altitudeMode": null, "tessellate": -1, "extrude": 0, "visibility": -1, "drawOrder": null, "icon": null }, "geometry": null },
{ "type": "Feature", "properties": { "Name": "Iglesia de Santa María das Areas", "description": null, "timestamp": null, "begin": null, "end": null, "altitudeMode": null, "tessellate": -1, "extrude": 0, "visibility": -1, "drawOrder": null, "icon": null }, "geometry": null },
{ "type": "Feature", "properties": { "Name": "Iglesia de Santiago de Mens", "description": null, "timestamp": null, "begin": null, "end": null, "altitudeMode": null, "tessellate": -1, "extrude": 0, "visibility": -1, "drawOrder": null, "icon": null }, "geometry": null },
{ "type": "Feature", "properties": { "Name": "Iglesia de San Martiño de Moldes", "description": null, "timestamp": null, "begin": null, "end": null, "altitudeMode": null, "tessellate": -1, "extrude": 0, "visibility": -1, "drawOrder": null, "icon": null }, "geometry": null },
{ "type": "Feature", "properties": { "Name": "Iglesia de Santa María de Melide", "description": null, "timestamp": null, "begin": null, "end": null, "altitudeMode": null, "tessellate": -1, "extrude": 0, "visibility": -1, "drawOrder": null, "icon": null }, "geometry": null },
{ "type": "Feature", "properties": { "Name": "Iglesia de San Martiño de Ozón", "description": null, "timestamp": null, "begin": null, "end": null, "altitudeMode": null, "tessellate": -1, "extrude": 0, "visibility": -1, "drawOrder": null, "icon": null }, "geometry": null },
{ "type": "Feature", "properties": { "Name": "Iglesia de San Pedro de Leis de Nemancos", "description": null, "timestamp": null, "begin": null, "end": null, "altitudeMode": null, "tessellate": -1, "extrude": 0, "visibility": -1, "drawOrder": null, "icon": null }, "geometry": null },
{ "type": "Feature", "properties": { "Name": "Iglesia de Santa Leocadia de Frixe", "description": null, "timestamp": null, "begin": null, "end": null, "altitudeMode": null, "tessellate": -1, "extrude": 0, "visibility": -1, "drawOrder": null, "icon": null }, "geometry": null },
{ "type": "Feature", "properties": { "Name": "Iglesia de San Fins de Anllóns", "description": null, "timestamp": null, "begin": null, "end": null, "altitudeMode": null, "tessellate": -1, "extrude": 0, "visibility": -1, "drawOrder": null, "icon": null }, "geometry": null },
{ "type": "Feature", "properties": { "Name": "Iglesia de San Andrés de Tallo", "description": null, "timestamp": null, "begin": null, "end": null, "altitudeMode": null, "tessellate": -1, "extrude": 0, "visibility": -1, "drawOrder": null, "icon": null }, "geometry": null },
{ "type": "Feature", "properties": { "Name": "Iglesia de San Martín de Cores", "description": null, "timestamp": null, "begin": null, "end": null, "altitudeMode": null, "tessellate": -1, "extrude": 0, "visibility": -1, "drawOrder": null, "icon": null }, "geometry": null },
{ "type": "Feature", "properties": { "Name": "Iglesia de San Fiz de Freixeiro", "description": null, "timestamp": null, "begin": null, "end": null, "altitudeMode": null, "tessellate": -1, "extrude": 0, "visibility": -1, "drawOrder": null, "icon": null }, "geometry": null },
{ "type": "Feature", "properties": { "Name": "Iglesia de Santa María de Paramos", "description": null, "timestamp": null, "begin": null, "end": null, "altitudeMode": null, "tessellate": -1, "extrude": 0, "visibility": -1, "drawOrder": null, "icon": null }, "geometry": null },
{ "type": "Feature", "properties": { "Name": "Iglesia de Santiago de Cereixo", "description": null, "timestamp": null, "begin": null, "end": null, "altitudeMode": null, "tessellate": -1, "extrude": 0, "visibility": -1, "drawOrder": null, "icon": null }, "geometry": null },
{ "type": "Feature", "properties": { "Name": "Iglesia de Santo Antoíño de Baíñas", "description": null, "timestamp": null, "begin": null, "end": null, "altitudeMode": null, "tessellate": -1, "extrude": 0, "visibility": -1, "drawOrder": null, "icon": null }, "geometry": null },
{ "type": "Feature", "properties": { "Name": "Iglesia de Santa María de Herbón", "description": null, "timestamp": null, "begin": null, "end": null, "altitudeMode": null, "tessellate": -1, "extrude": 0, "visibility": -1, "drawOrder": null, "icon": null }, "geometry": null },
{ "type": "Feature", "properties": { "Name": "Catedral de Santiago de Compostela", "description": null, "timestamp": null, "begin": null, "end": null, "altitudeMode": null, "tessellate": -1, "extrude": 0, "visibility": -1, "drawOrder": null, "icon": null }, "geometry": null },
{ "type": "Feature", "properties": { "Name": "Colegiata de Santa María de Sar", "description": null, "timestamp": null, "begin": null, "end": null, "altitudeMode": null, "tessellate": -1, "extrude": 0, "visibility": -1, "drawOrder": null, "icon": null }, "geometry": null },
{ "type": "Feature", "properties": { "Name": "Iglesia de Santa María Salomé", "description": null, "timestamp": null, "begin": null, "end": null, "altitudeMode": null, "tessellate": -1, "extrude": 0, "visibility": -1, "drawOrder": null, "icon": null }, "geometry": null },
{ "type": "Feature", "properties": { "Name": "Iglesia de San Cristóbal de Xavestre", "description": null, "timestamp": null, "begin": null, "end": null, "altitudeMode": null, "tessellate": -1, "extrude": 0, "visibility": -1, "drawOrder": null, "icon": null }, "geometry": null },
{ "type": "Feature", "properties": { "Name": "Iglesia de Santa Mariña de Gafoi", "description": null, "timestamp": null, "begin": null, "end": null, "altitudeMode": null, "tessellate": -1, "extrude": 0, "visibility": -1, "drawOrder": null, "icon": null }, "geometry": null },
{ "type": "Feature", "properties": { "Name": "Iglesia de San Miguel de Goiás", "description": null, "timestamp": null, "begin": null, "end": null, "altitudeMode": null, "tessellate": -1, "extrude": 0, "visibility": -1, "drawOrder": null, "icon": null }, "geometry": null },
{ "type": "Feature", "properties": { "Name": "CATEDRAL DE SAN MARTIÑO DE MONDOÑEDO", "description": null, "timestamp": null, "begin": null, "end": null, "altitudeMode": null, "tessellate": -1, "extrude": 0, "visibility": -1, "drawOrder": null, "icon": null }, "geometry": null },
{ "type": "Feature", "properties": { "Name": "Iglesia de San Román de Retorta", "description": null, "timestamp": null, "begin": null, "end": null, "altitudeMode": null, "tessellate": -1, "extrude": 0, "visibility": -1, "drawOrder": null, "icon": null }, "geometry": null },
{ "type": "Feature", "properties": { "Name": "Monasterio De Ferreira De Pallares", "description": null, "timestamp": null, "begin": null, "end": null, "altitudeMode": null, "tessellate": -1, "extrude": 0, "visibility": -1, "drawOrder": null, "icon": null }, "geometry": null },
{ "type": "Feature", "properties": { "Name": "Iglesia de San Cristóbal de Novelúa", "description": null, "timestamp": null, "begin": null, "end": null, "altitudeMode": null, "tessellate": -1, "extrude": 0, "visibility": -1, "drawOrder": null, "icon": null }, "geometry": null },
{ "type": "Feature", "properties": { "Name": "Iglesia de San Miguel de Berbetouros", "description": null, "timestamp": null, "begin": null, "end": null, "altitudeMode": null, "tessellate": -1, "extrude": 0, "visibility": -1, "drawOrder": null, "icon": null }, "geometry": null },
{ "type": "Feature", "properties": { "Name": "Iglesia de San Miguel de Coence", "description": null, "timestamp": null, "begin": null, "end": null, "altitudeMode": null, "tessellate": -1, "extrude": 0, "visibility": -1, "drawOrder": null, "icon": null }, "geometry": null },
{ "type": "Feature", "properties": { "Name": "Iglesia de San Pedro de Meixide", "description": null, "timestamp": null, "begin": null, "end": null, "altitudeMode": null, "tessellate": -1, "extrude": 0, "visibility": -1, "drawOrder": null, "icon": null }, "geometry": null },
{ "type": "Feature", "properties": { "Name": "Iglesia de San Salvador de Villar de Donas", "description": null, "timestamp": null, "begin": null, "end": null, "altitudeMode": null, "tessellate": -1, "extrude": 0, "visibility": -1, "drawOrder": null, "icon": null }, "geometry": null },
{ "type": "Feature", "properties": { "Name": "Iglesia de San Tirso de Palas de Rei", "description": null, "timestamp": null, "begin": null, "end": null, "altitudeMode": null, "tessellate": -1, "extrude": 0, "visibility": -1, "drawOrder": null, "icon": null }, "geometry": null },
{ "type": "Feature", "properties": { "Name": "Iglesia de Santa Mariña de Fontecuberta", "description": null, "timestamp": null, "begin": null, "end": null, "altitudeMode": null, "tessellate": -1, "extrude": 0, "visibility": -1, "drawOrder": null, "icon": null }, "geometry": null },
{ "type": "Feature", "properties": { "Name": "Monasterio de Santa María de Ferreira de Pantón", "description": null, "timestamp": null, "begin": null, "end": null, "altitudeMode": null, "tessellate": -1, "extrude": 0, "visibility": -1, "drawOrder": null, "icon": null }, "geometry": null },
{ "type": "Feature", "properties": { "Name": "Iglesia de San Fiz de Cangas", "description": null, "timestamp": null, "begin": null, "end": null, "altitudeMode": null, "tessellate": -1, "extrude": 0, "visibility": -1, "drawOrder": null, "icon": null }, "geometry": null },
{ "type": "Feature", "properties": { "Name": "Iglesia románica de San Miguel de Eiré", "description": null, "timestamp": null, "begin": null, "end": null, "altitudeMode": null, "tessellate": -1, "extrude": 0, "visibility": -1, "drawOrder": null, "icon": null }, "geometry": null },
{ "type": "Feature", "properties": { "Name": "Iglesia de San Vicenzo de Pombeiro", "description": null, "timestamp": null, "begin": null, "end": null, "altitudeMode": null, "tessellate": -1, "extrude": 0, "visibility": -1, "drawOrder": null, "icon": null }, "geometry": null },
{ "type": "Feature", "properties": { "Name": "Iglesia de Santiago de Barbadelo", "description": null, "timestamp": null, "begin": null, "end": null, "altitudeMode": null, "tessellate": -1, "extrude": 0, "visibility": -1, "drawOrder": null, "icon": null }, "geometry": null },
{ "type": "Feature", "properties": { "Name": "Iglesia de San Salvador de Vilar de Sarria", "description": null, "timestamp": null, "begin": null, "end": null, "altitudeMode": null, "tessellate": -1, "extrude": 0, "visibility": -1, "drawOrder": null, "icon": null }, "geometry": null },
{ "type": "Feature", "properties": { "Name": "Igrexa de Santa María de Albán", "description": null, "timestamp": null, "begin": null, "end": null, "altitudeMode": null, "tessellate": -1, "extrude": 0, "visibility": -1, "drawOrder": null, "icon": null }, "geometry": null },
{ "type": "Feature", "properties": { "Name": "Iglesia de San Pedro Fiz de Reimóndez", "description": null, "timestamp": null, "begin": null, "end": null, "altitudeMode": null, "tessellate": -1, "extrude": 0, "visibility": -1, "drawOrder": null, "icon": null }, "geometry": null },
{ "type": "Feature", "properties": { "Name": "Iglesia de San Esteban de Reiriz", "description": null, "timestamp": null, "begin": null, "end": null, "altitudeMode": null, "tessellate": -1, "extrude": 0, "visibility": -1, "drawOrder": null, "icon": null }, "geometry": null },
{ "type": "Feature", "properties": { "Name": "Iglesia de San Miguel de Biville", "description": null, "timestamp": null, "begin": null, "end": null, "altitudeMode": null, "tessellate": -1, "extrude": 0, "visibility": -1, "drawOrder": null, "icon": null }, "geometry": null },
{ "type": "Feature", "properties": { "Name": "Iglesia de Santa María de Belante", "description": null, "timestamp": null, "begin": null, "end": null, "altitudeMode": null, "tessellate": -1, "extrude": 0, "visibility": -1, "drawOrder": null, "icon": null }, "geometry": null },
{ "type": "Feature", "properties": { "Name": "Monasterio de San Julián y Santa Basilisa de Samos", "description": null, "timestamp": null, "begin": null, "end": null, "altitudeMode": null, "tessellate": -1, "extrude": 0, "visibility": -1, "drawOrder": null, "icon": null }, "geometry": null },
{ "type": "Feature", "properties": { "Name": "Iglesia de San Paio de Diomondi", "description": null, "timestamp": null, "begin": null, "end": null, "altitudeMode": null, "tessellate": -1, "extrude": 0, "visibility": -1, "drawOrder": null, "icon": null }, "geometry": null },
{ "type": "Feature", "properties": { "Name": "Iglesia de Santa María de Taboada dos Freires", "description": null, "timestamp": null, "begin": null, "end": null, "altitudeMode": null, "tessellate": -1, "extrude": 0, "visibility": -1, "drawOrder": null, "icon": null }, "geometry": null },
{ "type": "Feature", "properties": { "Name": "Iglesia de San Martiño de Loiro", "description": null, "timestamp": null, "begin": null, "end": null, "altitudeMode": null, "tessellate": -1, "extrude": 0, "visibility": -1, "drawOrder": null, "icon": null }, "geometry": null },
{ "type": "Feature", "properties": { "Name": "Iglesia de San Salvador dos Pazos de Arenteiro", "description": null, "timestamp": null, "begin": null, "end": null, "altitudeMode": null, "tessellate": -1, "extrude": 0, "visibility": -1, "drawOrder": null, "icon": null }, "geometry": null },
{ "type": "Feature", "properties": { "Name": "Iglesia de San Martín de Cameixa", "description": null, "timestamp": null, "begin": null, "end": null, "altitudeMode": null, "tessellate": -1, "extrude": 0, "visibility": -1, "drawOrder": null, "icon": null }, "geometry": null },
{ "type": "Feature", "properties": { "Name": "Iglesia de San Julián de Astureses", "description": null, "timestamp": null, "begin": null, "end": null, "altitudeMode": null, "tessellate": -1, "extrude": 0, "visibility": -1, "drawOrder": null, "icon": null }, "geometry": null },
{ "type": "Feature", "properties": { "Name": "Colegiata de Santa María la Real", "description": null, "timestamp": null, "begin": null, "end": null, "altitudeMode": null, "tessellate": -1, "extrude": 0, "visibility": -1, "drawOrder": null, "icon": null }, "geometry": null },
{ "type": "Feature", "properties": { "Name": "Iglesia de San Salvador de Escuadro", "description": null, "timestamp": null, "begin": null, "end": null, "altitudeMode": null, "tessellate": -1, "extrude": 0, "visibility": -1, "drawOrder": null, "icon": null }, "geometry": null },
{ "type": "Feature", "properties": { "Name": "Iglesia de Santo Tomé de Maside Vello", "description": null, "timestamp": null, "begin": null, "end": null, "altitudeMode": null, "tessellate": -1, "extrude": 0, "visibility": -1, "drawOrder": null, "icon": null }, "geometry": null },
{ "type": "Feature", "properties": { "Name": "Monasterio de Santa Cristina de Ribas de Sil - RIBEIRA SACRA", "description": null, "timestamp": null, "begin": null, "end": null, "altitudeMode": null, "tessellate": -1, "extrude": 0, "visibility": -1, "drawOrder": null, "icon": null }, "geometry": null },
{ "type": "Feature", "properties": { "Name": "Iglesia de San Pedro de Mosteiro", "description": null, "timestamp": null, "begin": null, "end": null, "altitudeMode": null, "tessellate": -1, "extrude": 0, "visibility": -1, "drawOrder": null, "icon": null }, "geometry": null },
{ "type": "Feature", "properties": { "Name": "Iglesia de San Esteban de Oca", "description": null, "timestamp": null, "begin": null, "end": null, "altitudeMode": null, "tessellate": -1, "extrude": 0, "visibility": -1, "drawOrder": null, "icon": null }, "geometry": null },
{ "type": "Feature", "properties": { "Name": "Iglesia de San Xurxo de Codeseda", "description": null, "timestamp": null, "begin": null, "end": null, "altitudeMode": null, "tessellate": -1, "extrude": 0, "visibility": -1, "drawOrder": null, "icon": null }, "geometry": null },
{ "type": "Feature", "properties": { "Name": "Iglesia de San Martiño de Riobó", "description": null, "timestamp": null, "begin": null, "end": null, "altitudeMode": null, "tessellate": -1, "extrude": 0, "visibility": -1, "drawOrder": null, "icon": null }, "geometry": null },
{ "type": "Feature", "properties": { "Name": "Iglesia de San Pedro de Ancorados", "description": null, "timestamp": null, "begin": null, "end": null, "altitudeMode": null, "tessellate": -1, "extrude": 0, "visibility": -1, "drawOrder": null, "icon": null }, "geometry": null },
{ "type": "Feature", "properties": { "Name": "Iglesia de Santa María de Loimil", "description": null, "timestamp": null, "begin": null, "end": null, "altitudeMode": null, "tessellate": -1, "extrude": 0, "visibility": -1, "drawOrder": null, "icon": null }, "geometry": null },
{ "type": "Feature", "properties": { "Name": "Iglesia de Santiago de Tabeirós", "description": null, "timestamp": null, "begin": null, "end": null, "altitudeMode": null, "tessellate": -1, "extrude": 0, "visibility": -1, "drawOrder": null, "icon": null }, "geometry": null },
{ "type": "Feature", "properties": { "Name": "Iglesia de San Martín de Ramil", "description": null, "timestamp": null, "begin": null, "end": null, "altitudeMode": null, "tessellate": -1, "extrude": 0, "visibility": -1, "drawOrder": null, "icon": null }, "geometry": null },
{ "type": "Feature", "properties": { "Name": "Iglesia de San Pedro de Ferreiroa", "description": null, "timestamp": null, "begin": null, "end": null, "altitudeMode": null, "tessellate": -1, "extrude": 0, "visibility": -1, "drawOrder": null, "icon": null }, "geometry": null },
{ "type": "Feature", "properties": { "Name": "Igrexa de San Martiño de Agudelo", "description": null, "timestamp": null, "begin": null, "end": null, "altitudeMode": null, "tessellate": -1, "extrude": 0, "visibility": -1, "drawOrder": null, "icon": null }, "geometry": null },
{ "type": "Feature", "properties": { "Name": "Iglesia de Santa María de Baiona", "description": null, "timestamp": null, "begin": null, "end": null, "altitudeMode": null, "tessellate": -1, "extrude": 0, "visibility": -1, "drawOrder": null, "icon": null }, "geometry": null },
{ "type": "Feature", "properties": { "Name": "Iglesia de Santa María de Cela", "description": null, "timestamp": null, "begin": null, "end": null, "altitudeMode": null, "tessellate": -1, "extrude": 0, "visibility": -1, "drawOrder": null, "icon": null }, "geometry": null },
{ "type": "Feature", "properties": { "Name": "Iglesia de San Miguel de Campo Lameiro", "description": null, "timestamp": null, "begin": null, "end": null, "altitudeMode": null, "tessellate": -1, "extrude": 0, "visibility": -1, "drawOrder": null, "icon": null }, "geometry": null },
{ "type": "Feature", "properties": { "Name": "Ruínas da igrexa románica de Casteláns", "description": null, "timestamp": null, "begin": null, "end": null, "altitudeMode": null, "tessellate": -1, "extrude": 0, "visibility": -1, "drawOrder": null, "icon": null }, "geometry": null },
{ "type": "Feature", "properties": { "Name": "Monasterio de San Pedro de Vilanova de Dozón", "description": null, "timestamp": null, "begin": null, "end": null, "altitudeMode": null, "tessellate": -1, "extrude": 0, "visibility": -1, "drawOrder": null, "icon": null }, "geometry": null },
{ "type": "Feature", "properties": { "Name": "Iglesia de San Martín de Lalín de Arriba", "description": null, "timestamp": null, "begin": null, "end": null, "altitudeMode": null, "tessellate": -1, "extrude": 0, "visibility": -1, "drawOrder": null, "icon": null }, "geometry": null },
{ "type": "Feature", "properties": { "Name": "Mosteiro de Santa Maria de Aciveiro", "description": null, "timestamp": null, "begin": null, "end": null, "altitudeMode": null, "tessellate": -1, "extrude": 0, "visibility": -1, "drawOrder": null, "icon": null }, "geometry": null },
{ "type": "Feature", "properties": { "Name": "Iglesia de San Cristóbal de Camposancos", "description": null, "timestamp": null, "begin": null, "end": null, "altitudeMode": null, "tessellate": -1, "extrude": 0, "visibility": -1, "drawOrder": null, "icon": null }, "geometry": null },
{ "type": "Feature", "properties": { "Name": "Iglesia de San Pedro de Alperiz", "description": null, "timestamp": null, "begin": null, "end": null, "altitudeMode": null, "tessellate": -1, "extrude": 0, "visibility": -1, "drawOrder": null, "icon": null }, "geometry": null },
{ "type": "Feature", "properties": { "Name": "Iglesia de San Juan de Palmou", "description": null, "timestamp": null, "begin": null, "end": null, "altitudeMode": null, "tessellate": -1, "extrude": 0, "visibility": -1, "drawOrder": null, "icon": null }, "geometry": null },
{ "type": "Feature", "properties": { "Name": "Iglesia de San Juan de Palmou", "description": null, "timestamp": null, "begin": null, "end": null, "altitudeMode": null, "tessellate": -1, "extrude": 0, "visibility": -1, "drawOrder": null, "icon": null }, "geometry": null },
{ "type": "Feature", "properties": { "Name": "Iglesia de Santa María de Bermés", "description": null, "timestamp": null, "begin": null, "end": null, "altitudeMode": null, "tessellate": -1, "extrude": 0, "visibility": -1, "drawOrder": null, "icon": null }, "geometry": null },
{ "type": "Feature", "properties": { "Name": "Iglesia de San Tomás de Piñeiro", "description": null, "timestamp": null, "begin": null, "end": null, "altitudeMode": null, "tessellate": -1, "extrude": 0, "visibility": -1, "drawOrder": null, "icon": null }, "geometry": null },
{ "type": "Feature", "properties": { "Name": "Monasterio de Santa María de Armenteira", "description": null, "timestamp": null, "begin": null, "end": null, "altitudeMode": null, "tessellate": -1, "extrude": 0, "visibility": -1, "drawOrder": null, "icon": null }, "geometry": null },
{ "type": "Feature", "properties": { "Name": "Iglesia de San Vicente de Nogueira", "description": null, "timestamp": null, "begin": null, "end": null, "altitudeMode": null, "tessellate": -1, "extrude": 0, "visibility": -1, "drawOrder": null, "icon": null }, "geometry": null },
{ "type": "Feature", "properties": { "Name": "Iglesia de San Martiño de Moaña", "description": null, "timestamp": null, "begin": null, "end": null, "altitudeMode": null, "tessellate": -1, "extrude": 0, "visibility": -1, "drawOrder": null, "icon": null }, "geometry": null },
{ "type": "Feature", "properties": { "Name": "Igrexa de San Martiño de Gargantáns", "description": null, "timestamp": null, "begin": null, "end": null, "altitudeMode": null, "tessellate": -1, "extrude": 0, "visibility": -1, "drawOrder": null, "icon": null }, "geometry": null },
{ "type": "Feature", "properties": { "Name": "Igrexa de San Pedro de Rebón", "description": null, "timestamp": null, "begin": null, "end": null, "altitudeMode": null, "tessellate": -1, "extrude": 0, "visibility": -1, "drawOrder": null, "icon": null }, "geometry": null },
{ "type": "Feature", "properties": { "Name": "Iglesia de San Salvador de Louredo", "description": null, "timestamp": null, "begin": null, "end": null, "altitudeMode": null, "tessellate": -1, "extrude": 0, "visibility": -1, "drawOrder": null, "icon": null }, "geometry": null },
{ "type": "Feature", "properties": { "Name": "Igrexa de Santiago de Parada\n", "description": "Nigrán", "timestamp": null, "begin": null, "end": null, "altitudeMode": null, "tessellate": -1, "extrude": 0, "visibility": -1, "drawOrder": null, "icon": null }, "geometry": null },
{ "type": "Feature", "properties": { "Name": "Iglesia de San Salvador de Budiño", "description": null, "timestamp": null, "begin": null, "end": null, "altitudeMode": null, "tessellate": -1, "extrude": 0, "visibility": -1, "drawOrder": null, "icon": null }, "geometry": null },
{ "type": "Feature", "properties": { "Name": "Iglesia de San Salvador de Padróns", "description": null, "timestamp": null, "begin": null, "end": null, "altitudeMode": null, "tessellate": -1, "extrude": 0, "visibility": -1, "drawOrder": null, "icon": null }, "geometry": null },
{ "type": "Feature", "properties": { "Name": "Iglesia de San Julián de Romai", "description": null, "timestamp": null, "begin": null, "end": null, "altitudeMode": null, "tessellate": -1, "extrude": 0, "visibility": -1, "drawOrder": null, "icon": null }, "geometry": null },
{ "type": "Feature", "properties": { "Name": "Iglesia de Santa Marina de Pescoso", "description": null, "timestamp": null, "begin": null, "end": null, "altitudeMode": null, "tessellate": -1, "extrude": 0, "visibility": -1, "drawOrder": null, "icon": null }, "geometry": null },
{ "type": "Feature", "properties": { "Name": "Iglesia de San Juan de Camba", "description": null, "timestamp": null, "begin": null, "end": null, "altitudeMode": null, "tessellate": -1, "extrude": 0, "visibility": -1, "drawOrder": null, "icon": null }, "geometry": null },
{ "type": "Feature", "properties": { "Name": "Iglesia de San Martín de Dornelas", "description": null, "timestamp": null, "begin": null, "end": null, "altitudeMode": null, "tessellate": -1, "extrude": 0, "visibility": -1, "drawOrder": null, "icon": null }, "geometry": null },
{ "type": "Feature", "properties": { "Name": "Iglesia de San Pedro de Ansemil", "description": null, "timestamp": null, "begin": null, "end": null, "altitudeMode": null, "tessellate": -1, "extrude": 0, "visibility": -1, "drawOrder": null, "icon": null }, "geometry": null },
{ "type": "Feature", "properties": { "Name": "Iglesia de San Mamede de O Castro", "description": null, "timestamp": null, "begin": null, "end": null, "altitudeMode": null, "tessellate": -1, "extrude": 0, "visibility": -1, "drawOrder": null, "icon": null }, "geometry": null },
{ "type": "Feature", "properties": { "Name": "Iglesia de San Martiño de Negreiros", "description": null, "timestamp": null, "begin": null, "end": null, "altitudeMode": null, "tessellate": -1, "extrude": 0, "visibility": -1, "drawOrder": null, "icon": null }, "geometry": null },
{ "type": "Feature", "properties": { "Name": "Iglesia de San Martiño de Fiestras", "description": null, "timestamp": null, "begin": null, "end": null, "altitudeMode": null, "tessellate": -1, "extrude": 0, "visibility": -1, "drawOrder": null, "icon": null }, "geometry": null },
{ "type": "Feature", "properties": { "Name": "Iglesia de Santa María de Tomiño", "description": null, "timestamp": null, "begin": null, "end": null, "altitudeMode": null, "tessellate": -1, "extrude": 0, "visibility": -1, "drawOrder": null, "icon": null }, "geometry": null },
{ "type": "Feature", "properties": { "Name": "Iglesia de San Bartolomé de Rebordáns", "description": null, "timestamp": null, "begin": null, "end": null, "altitudeMode": null, "tessellate": -1, "extrude": 0, "visibility": -1, "drawOrder": null, "icon": null }, "geometry": null },
{ "type": "Feature", "properties": { "Name": "Iglesia de San Miguel de Pexegueiro", "description": null, "timestamp": null, "begin": null, "end": null, "altitudeMode": null, "tessellate": -1, "extrude": 0, "visibility": -1, "drawOrder": null, "icon": null }, "geometry": null },
{ "type": "Feature", "properties": { "Name": "Catedral de Santa María de Tui", "description": null, "timestamp": null, "begin": null, "end": null, "altitudeMode": null, "tessellate": -1, "extrude": 0, "visibility": -1, "drawOrder": null, "icon": null }, "geometry": null },
{ "type": "Feature", "properties": { "Name": "Iglesia de Santa Cristina de Campaña", "description": null, "timestamp": null, "begin": null, "end": null, "altitudeMode": null, "tessellate": -1, "extrude": 0, "visibility": -1, "drawOrder": null, "icon": null }, "geometry": null },
{ "type": "Feature", "properties": { "Name": "Iglesia de San Salvador de Coruxo", "description": null, "timestamp": null, "begin": null, "end": null, "altitudeMode": null, "tessellate": -1, "extrude": 0, "visibility": -1, "drawOrder": null, "icon": null }, "geometry": null },
{ "type": "Feature", "properties": { "Name": "Iglesia de Santa María de Castrelos", "description": null, "timestamp": null, "begin": null, "end": null, "altitudeMode": null, "tessellate": -1, "extrude": 0, "visibility": -1, "drawOrder": null, "icon": null }, "geometry": null },
{ "type": "Feature", "properties": { "Name": "Igrexa de Santiago de Bembrive", "description": null, "timestamp": null, "begin": null, "end": null, "altitudeMode": null, "tessellate": -1, "extrude": 0, "visibility": -1, "drawOrder": null, "icon": null }, "geometry": null },
{ "type": "Feature", "properties": { "Name": "Iglesia de San Martín Sobrán-Vilaxoán", "description": null, "timestamp": null, "begin": null, "end": null, "altitudeMode": null, "tessellate": -1, "extrude": 0, "visibility": -1, "drawOrder": null, "icon": null }, "geometry": null },
{ "type": "Feature", "properties": { "Name": "Iglesia de San Juan de Baión", "description": null, "timestamp": null, "begin": null, "end": null, "altitudeMode": null, "tessellate": -1, "extrude": 0, "visibility": -1, "drawOrder": null, "icon": null }, "geometry": null },
{ "type": "Feature", "properties": { "Name": "Iglesia de San Pedro da Mezquita", "description": null, "timestamp": null, "begin": null, "end": null, "altitudeMode": null, "tessellate": -1, "extrude": 0, "visibility": -1, "drawOrder": null, "icon": null }, "geometry": null },
{ "type": "Feature", "properties": { "Name": "Monasterio de San Martiño de Xubia", "description": null, "timestamp": null, "begin": null, "end": null, "altitudeMode": null, "tessellate": -1, "extrude": 0, "visibility": -1, "drawOrder": null, "icon": null }, "geometry": null },
{ "type": "Feature", "properties": { "Name": "Centro Social E Paroquial De Areias De Vilar", "description": null, "timestamp": null, "begin": null, "end": null, "altitudeMode": null, "tessellate": -1, "extrude": 0, "visibility": -1, "drawOrder": null, "icon": null }, "geometry": null },
{ "type": "Feature", "properties": { "Name": "Mosteiro de San Fins (Valença do Minho )", "description": null, "timestamp": null, "begin": null, "end": null, "altitudeMode": null, "tessellate": -1, "extrude": 0, "visibility": -1, "drawOrder": null, "icon": null }, "geometry": null },
{ "type": "Feature", "properties": { "Name": "Monasterio de São João de Longos Vales", "description": null, "timestamp": null, "begin": null, "end": null, "altitudeMode": null, "tessellate": -1, "extrude": 0, "visibility": -1, "drawOrder": null, "icon": null }, "geometry": null },
{ "type": "Feature", "properties": { "Name": "Iglesia de San Pedro de Rubiães", "description": null, "timestamp": null, "begin": null, "end": null, "altitudeMode": null, "tessellate": -1, "extrude": 0, "visibility": -1, "drawOrder": null, "icon": null }, "geometry": null },
{ "type": "Feature", "properties": { "Name": "Mosteiro de Bravães", "description": null, "timestamp": null, "begin": null, "end": null, "altitudeMode": null, "tessellate": -1, "extrude": 0, "visibility": -1, "drawOrder": null, "icon": null }, "geometry": null },
{ "type": "Feature", "properties": { "Name": "Iglesia de Santa María de Sendelle", "description": null, "timestamp": null, "begin": null, "end": null, "altitudeMode": null, "tessellate": -1, "extrude": 0, "visibility": -1, "drawOrder": null, "icon": null }, "geometry": null },
{ "type": "Feature", "properties": { "Name": "Iglesia de São Romão de Arões", "description": null, "timestamp": null, "begin": null, "end": null, "altitudeMode": null, "tessellate": -1, "extrude": 0, "visibility": -1, "drawOrder": null, "icon": null }, "geometry": null },
{ "type": "Feature", "properties": { "Name": "Iglesia de San Salvador de Fontarcada", "description": null, "timestamp": null, "begin": null, "end": null, "altitudeMode": null, "tessellate": -1, "extrude": 0, "visibility": -1, "drawOrder": null, "icon": null }, "geometry": null },
{ "type": "Feature", "properties": { "Name": "Igreja de Arnoso (Santa Eulália)", "description": null, "timestamp": null, "begin": null, "end": null, "altitudeMode": null, "tessellate": -1, "extrude": 0, "visibility": -1, "drawOrder": null, "icon": null }, "geometry": null },
{ "type": "Feature", "properties": { "Name": "Catedral Vieja de Coímbra", "description": null, "timestamp": null, "begin": null, "end": null, "altitudeMode": null, "tessellate": -1, "extrude": 0, "visibility": -1, "drawOrder": null, "icon": null }, "geometry": null },
{ "type": "Feature", "properties": { "Name": "Nossa Sra do Ó Monastery", "description": null, "timestamp": null, "begin": null, "end": null, "altitudeMode": null, "tessellate": -1, "extrude": 0, "visibility": -1, "drawOrder": null, "icon": null }, "geometry": null },
{ "type": "Feature", "properties": { "Name": "Igreja de Santa Maria de Gondar", "description": null, "timestamp": null, "begin": null, "end": null, "altitudeMode": null, "tessellate": -1, "extrude": 0, "visibility": -1, "drawOrder": null, "icon": null }, "geometry": null },
{ "type": "Feature", "properties": { "Name": "Igreja do Salvador de Unhão", "description": null, "timestamp": null, "begin": null, "end": null, "altitudeMode": null, "tessellate": -1, "extrude": 0, "visibility": -1, "drawOrder": null, "icon": null }, "geometry": null },
{ "type": "Feature", "properties": { "Name": "Iglesia de São Pedro de Rates", "description": null, "timestamp": null, "begin": null, "end": null, "altitudeMode": null, "tessellate": -1, "extrude": 0, "visibility": -1, "drawOrder": null, "icon": null }, "geometry": null },
{ "type": "Feature", "properties": { "Name": "Mosteiro de Bravães", "description": null, "timestamp": null, "begin": null, "end": null, "altitudeMode": null, "tessellate": -1, "extrude": 0, "visibility": -1, "drawOrder": null, "icon": null }, "geometry": null },
{ "type": "Feature", "properties": { "Name": "Iglesia de São João de Coucieiro", "description": null, "timestamp": null, "begin": null, "end": null, "altitudeMode": null, "tessellate": -1, "extrude": 0, "visibility": -1, "drawOrder": null, "icon": null }, "geometry": null },
{ "type": "Feature", "properties": { "Name": "iglesia de Nuestra Señora de la Concepción", "description": null, "timestamp": null, "begin": null, "end": null, "altitudeMode": null, "tessellate": -1, "extrude": 0, "visibility": -1, "drawOrder": null, "icon": null }, "geometry": null },
{ "type": "Feature", "properties": { "Name": "Igreja de São Martinho de Mouros", "description": null, "timestamp": null, "begin": null, "end": null, "altitudeMode": null, "tessellate": -1, "extrude": 0, "visibility": -1, "drawOrder": null, "icon": null }, "geometry": null },
{ "type": "Feature", "properties": { "Name": "Iglesia de San Salvador de Balboa", "description": null, "timestamp": null, "begin": null, "end": null, "altitudeMode": null, "tessellate": -1, "extrude": 0, "visibility": -1, "drawOrder": null, "icon": null }, "geometry": null },
{ "type": "Feature", "properties": { "Name": "Iglesia de San Cibrao dos Ferreiros", "description": null, "timestamp": null, "begin": null, "end": null, "altitudeMode": null, "tessellate": -1, "extrude": 0, "visibility": -1, "drawOrder": null, "icon": null }, "geometry": null },
{ "type": "Feature", "properties": { "Name": "Iglesia de San Martiño de Couto", "description": null, "timestamp": null, "begin": null, "end": null, "altitudeMode": null, "tessellate": -1, "extrude": 0, "visibility": -1, "drawOrder": null, "icon": null }, "geometry": null },
{ "type": "Feature", "properties": { "Name": "Iglesia de Santiago de Amoexa", "description": null, "timestamp": null, "begin": null, "end": null, "altitudeMode": null, "tessellate": -1, "extrude": 0, "visibility": -1, "drawOrder": null, "icon": null }, "geometry": null },
{ "type": "Feature", "properties": { "Name": "Iglesia de San Lorenzo de Peibás", "description": null, "timestamp": null, "begin": null, "end": null, "altitudeMode": null, "tessellate": -1, "extrude": 0, "visibility": -1, "drawOrder": null, "icon": null }, "geometry": null },
{ "type": "Feature", "properties": { "Name": "Iglesia de Santa María de Arcos", "description": null, "timestamp": null, "begin": null, "end": null, "altitudeMode": null, "tessellate": -1, "extrude": 0, "visibility": -1, "drawOrder": null, "icon": null }, "geometry": null },
{ "type": "Feature", "properties": { "Name": "Iglesia de San Martín de Amarante", "description": null, "timestamp": null, "begin": null, "end": null, "altitudeMode": null, "tessellate": -1, "extrude": 0, "visibility": -1, "drawOrder": null, "icon": null }, "geometry": null },
{ "type": "Feature", "properties": { "Name": "Iglesia de San Cristóbal de Borraxeiros", "description": null, "timestamp": null, "begin": null, "end": null, "altitudeMode": null, "tessellate": -1, "extrude": 0, "visibility": -1, "drawOrder": null, "icon": null }, "geometry": null },
{ "type": "Feature", "properties": { "Name": "Iglesia de Santa María de Novela", "description": null, "timestamp": null, "begin": null, "end": null, "altitudeMode": null, "tessellate": -1, "extrude": 0, "visibility": -1, "drawOrder": null, "icon": null }, "geometry": null },
{ "type": "Feature", "properties": { "Name": "Iglesia de San Miguel de Esporiz", "description": null, "timestamp": null, "begin": null, "end": null, "altitudeMode": null, "tessellate": -1, "extrude": 0, "visibility": -1, "drawOrder": null, "icon": null }, "geometry": null },
{ "type": "Feature", "properties": { "Name": "Iglesia de Santiago de Albá", "description": null, "timestamp": null, "begin": null, "end": null, "altitudeMode": null, "tessellate": -1, "extrude": 0, "visibility": -1, "drawOrder": null, "icon": null }, "geometry": null },
{ "type": "Feature", "properties": { "Name": "Iglesia de San Pedro de Vilareda", "description": null, "timestamp": null, "begin": null, "end": null, "altitudeMode": null, "tessellate": -1, "extrude": 0, "visibility": -1, "drawOrder": null, "icon": null }, "geometry": null },
{ "type": "Feature", "properties": { "Name": "Iglesia de San Pedro de Frameán", "description": null, "timestamp": null, "begin": null, "end": null, "altitudeMode": null, "tessellate": -1, "extrude": 0, "visibility": -1, "drawOrder": null, "icon": null }, "geometry": null },
{ "type": "Feature", "properties": { "Name": "Iglesia de Santa Mariña de Sucastro", "description": null, "timestamp": null, "begin": null, "end": null, "altitudeMode": null, "tessellate": -1, "extrude": 0, "visibility": -1, "drawOrder": null, "icon": null }, "geometry": null },
{ "type": "Feature", "properties": { "Name": "Iglesia de Santa María de Piñeira", "description": null, "timestamp": null, "begin": null, "end": null, "altitudeMode": null, "tessellate": -1, "extrude": 0, "visibility": -1, "drawOrder": null, "icon": null }, "geometry": null },
{ "type": "Feature", "properties": { "Name": "Iglesia de San Miguel do Monte", "description": null, "timestamp": null, "begin": null, "end": null, "altitudeMode": null, "tessellate": -1, "extrude": 0, "visibility": -1, "drawOrder": null, "icon": null }, "geometry": null },
{ "type": "Feature", "properties": { "Name": "Iglesia de San Juan de Bouzoa", "description": null, "timestamp": null, "begin": null, "end": null, "altitudeMode": null, "tessellate": -1, "extrude": 0, "visibility": -1, "drawOrder": null, "icon": null }, "geometry": null },
{ "type": "Feature", "properties": { "Name": "Iglesia de San Vicente de Argozón", "description": null, "timestamp": null, "begin": null, "end": null, "altitudeMode": null, "tessellate": -1, "extrude": 0, "visibility": -1, "drawOrder": null, "icon": null }, "geometry": null },
{ "type": "Feature", "properties": { "Name": "Iglesia de San Cristóbal de Mouricios", "description": null, "timestamp": null, "begin": null, "end": null, "altitudeMode": null, "tessellate": -1, "extrude": 0, "visibility": -1, "drawOrder": null, "icon": null }, "geometry": null },
{ "type": "Feature", "properties": { "Name": "Iglesia de San Cristobal de Fornas", "description": null, "timestamp": null, "begin": null, "end": null, "altitudeMode": null, "tessellate": -1, "extrude": 0, "visibility": -1, "drawOrder": null, "icon": null }, "geometry": null },
{ "type": "Feature", "properties": { "Name": "Monasterio de San Salvador de Asma", "description": null, "timestamp": null, "begin": null, "end": null, "altitudeMode": null, "tessellate": -1, "extrude": 0, "visibility": -1, "drawOrder": null, "icon": null }, "geometry": null },
{ "type": "Feature", "properties": { "Name": "Iglesia de Santa María de Camporramiro", "description": null, "timestamp": null, "begin": null, "end": null, "altitudeMode": null, "tessellate": -1, "extrude": 0, "visibility": -1, "drawOrder": null, "icon": null }, "geometry": null },
{ "type": "Feature", "properties": { "Name": "Iglesia de Santa María de Marrube", "description": null, "timestamp": null, "begin": null, "end": null, "altitudeMode": null, "tessellate": -1, "extrude": 0, "visibility": -1, "drawOrder": null, "icon": null }, "geometry": null },
{ "type": "Feature", "properties": { "Name": "Iglesia de Santa María de Proendos", "description": null, "timestamp": null, "begin": null, "end": null, "altitudeMode": null, "tessellate": -1, "extrude": 0, "visibility": -1, "drawOrder": null, "icon": null }, "geometry": null },
{ "type": "Feature", "properties": { "Name": "Iglesia de San Vicente de Pinol", "description": null, "timestamp": null, "begin": null, "end": null, "altitudeMode": null, "tessellate": -1, "extrude": 0, "visibility": -1, "drawOrder": null, "icon": null }, "geometry": null },
{ "type": "Feature", "properties": { "Name": "San Paio de Abeleda", "description": null, "timestamp": null, "begin": null, "end": null, "altitudeMode": null, "tessellate": -1, "extrude": 0, "visibility": -1, "drawOrder": null, "icon": null }, "geometry": null },
{ "type": "Feature", "properties": { "Name": "Iglesia de San Salvador de Sobrado", "description": null, "timestamp": null, "begin": null, "end": null, "altitudeMode": null, "tessellate": -1, "extrude": 0, "visibility": -1, "drawOrder": null, "icon": null }, "geometry": null },
{ "type": "Feature", "properties": { "Name": "Pazo de San Pedro de Grixoa Viana do Bolo", "description": null, "timestamp": null, "begin": null, "end": null, "altitudeMode": null, "tessellate": -1, "extrude": 0, "visibility": -1, "drawOrder": null, "icon": null }, "geometry": null },
{ "type": "Feature", "properties": { "Name": "Iglesia de San Salvador de Vilaza", "description": null, "timestamp": null, "begin": null, "end": null, "altitudeMode": null, "tessellate": -1, "extrude": 0, "visibility": -1, "drawOrder": null, "icon": null }, "geometry": null },
{ "type": "Feature", "properties": { "Name": "Igrexa de Santa María de Zos", "description": null, "timestamp": null, "begin": null, "end": null, "altitudeMode": null, "tessellate": -1, "extrude": 0, "visibility": -1, "drawOrder": null, "icon": null }, "geometry": null },
{ "type": "Feature", "properties": { "Name": "Iglesia de San Martiño de Porqueira", "description": null, "timestamp": null, "begin": null, "end": null, "altitudeMode": null, "tessellate": -1, "extrude": 0, "visibility": -1, "drawOrder": null, "icon": null }, "geometry": null },
{ "type": "Feature", "properties": { "Name": "Iglesia de San Tomé de Morgade", "description": null, "timestamp": null, "begin": null, "end": null, "altitudeMode": null, "tessellate": -1, "extrude": 0, "visibility": -1, "drawOrder": null, "icon": null }, "geometry": null },
{ "type": "Feature", "properties": { "Name": "Iglesia de Santa María de Codosedo", "description": null, "timestamp": null, "begin": null, "end": null, "altitudeMode": null, "tessellate": -1, "extrude": 0, "visibility": -1, "drawOrder": null, "icon": null }, "geometry": null },
{ "type": "Feature", "properties": { "Name": "Iglesia de San Andrés de Guillamil", "description": null, "timestamp": null, "begin": null, "end": null, "altitudeMode": null, "tessellate": -1, "extrude": 0, "visibility": -1, "drawOrder": null, "icon": null }, "geometry": null },
{ "type": "Feature", "properties": { "Name": "Iglesia de San Miguel de Melias", "description": null, "timestamp": null, "begin": null, "end": null, "altitudeMode": null, "tessellate": -1, "extrude": 0, "visibility": -1, "drawOrder": null, "icon": null }, "geometry": null },
{ "type": "Feature", "properties": { "Name": "Iglesia de San Andrés de Castro de Beiro", "description": null, "timestamp": null, "begin": null, "end": null, "altitudeMode": null, "tessellate": -1, "extrude": 0, "visibility": -1, "drawOrder": null, "icon": null }, "geometry": null },
{ "type": "Feature", "properties": { "Name": "Iglesia de Santa Baia de Beiro", "description": null, "timestamp": null, "begin": null, "end": null, "altitudeMode": null, "tessellate": -1, "extrude": 0, "visibility": -1, "drawOrder": null, "icon": null }, "geometry": null },
{ "type": "Feature", "properties": { "Name": "Iglesia de Santa María de Amoeiro", "description": null, "timestamp": null, "begin": null, "end": null, "altitudeMode": null, "tessellate": -1, "extrude": 0, "visibility": -1, "drawOrder": null, "icon": null }, "geometry": null },
{ "type": "Feature", "properties": { "Name": "Iglesia de San Fagundo de Cea", "description": null, "timestamp": null, "begin": null, "end": null, "altitudeMode": null, "tessellate": -1, "extrude": 0, "visibility": -1, "drawOrder": null, "icon": null }, "geometry": null },
{ "type": "Feature", "properties": { "Name": "Ermita da Ntra. Señora de Lodairo", "description": null, "timestamp": null, "begin": null, "end": null, "altitudeMode": null, "tessellate": -1, "extrude": 0, "visibility": -1, "drawOrder": null, "icon": null }, "geometry": null },
{ "type": "Feature", "properties": { "Name": "Iglesia de San Xiao de Muimenta", "description": null, "timestamp": null, "begin": null, "end": null, "altitudeMode": null, "tessellate": -1, "extrude": 0, "visibility": -1, "drawOrder": null, "icon": null }, "geometry": null },
{ "type": "Feature", "properties": { "Name": "Iglesia de San Andrés de Abelenda das Penas", "description": null, "timestamp": null, "begin": null, "end": null, "altitudeMode": null, "tessellate": -1, "extrude": 0, "visibility": -1, "drawOrder": null, "icon": null }, "geometry": null },
{ "type": "Feature", "properties": { "Name": "Iglesia de Santa María de Razamonde", "description": null, "timestamp": null, "begin": null, "end": null, "altitudeMode": null, "tessellate": -1, "extrude": 0, "visibility": -1, "drawOrder": null, "icon": null }, "geometry": null },
{ "type": "Feature", "properties": { "Name": "Iglesia de San Fiz de Navío", "description": null, "timestamp": null, "begin": null, "end": null, "altitudeMode": null, "tessellate": -1, "extrude": 0, "visibility": -1, "drawOrder": null, "icon": null }, "geometry": null },
{ "type": "Feature", "properties": { "Name": "Iglesia de Santa María de Gomariz", "description": null, "timestamp": null, "begin": null, "end": null, "altitudeMode": null, "tessellate": -1, "extrude": 0, "visibility": -1, "drawOrder": null, "icon": null }, "geometry": null },
{ "type": "Feature", "properties": { "Name": "Iglesia de Sta. María de Melón", "description": null, "timestamp": null, "begin": null, "end": null, "altitudeMode": null, "tessellate": -1, "extrude": 0, "visibility": -1, "drawOrder": null, "icon": null }, "geometry": null },
{ "type": "Feature", "properties": { "Name": "Iglesia de San Vicente de Betote", "description": null, "timestamp": null, "begin": null, "end": null, "altitudeMode": null, "tessellate": -1, "extrude": 0, "visibility": -1, "drawOrder": null, "icon": null }, "geometry": null },
{ "type": "Feature", "properties": { "Name": "Igrexa de San Xulián de Chorente", "description": null, "timestamp": null, "begin": null, "end": null, "altitudeMode": null, "tessellate": -1, "extrude": 0, "visibility": -1, "drawOrder": null, "icon": null }, "geometry": null },
{ "type": "Feature", "properties": { "Name": "Iglesia de San Cristóbal de Cervela", "description": null, "timestamp": null, "begin": null, "end": null, "altitudeMode": null, "tessellate": -1, "extrude": 0, "visibility": -1, "drawOrder": null, "icon": null }, "geometry": null },
{ "type": "Feature", "properties": { "Name": "Iglesia de San Julián de Santalla de Bardaos", "description": null, "timestamp": null, "begin": null, "end": null, "altitudeMode": null, "tessellate": -1, "extrude": 0, "visibility": -1, "drawOrder": null, "icon": null }, "geometry": null },
{ "type": "Feature", "properties": { "Name": "Iglesia de San Xián de Veiga", "description": null, "timestamp": null, "begin": null, "end": null, "altitudeMode": null, "tessellate": -1, "extrude": 0, "visibility": -1, "drawOrder": null, "icon": null }, "geometry": null },
{ "type": "Feature", "properties": { "Name": "Iglesia de San Clodio de Ribas do Sil", "description": null, "timestamp": null, "begin": null, "end": null, "altitudeMode": null, "tessellate": -1, "extrude": 0, "visibility": -1, "drawOrder": null, "icon": null }, "geometry": null },
{ "type": "Feature", "properties": { "Name": "Iglesia de San Lorenzo de Suar", "description": null, "timestamp": null, "begin": null, "end": null, "altitudeMode": null, "tessellate": -1, "extrude": 0, "visibility": -1, "drawOrder": null, "icon": null }, "geometry": null },
{ "type": "Feature", "properties": { "Name": "Iglesia de San Miguel de Paradela", "description": null, "timestamp": null, "begin": null, "end": null, "altitudeMode": null, "tessellate": -1, "extrude": 0, "visibility": -1, "drawOrder": null, "icon": null }, "geometry": null },
{ "type": "Feature", "properties": { "Name": "Iglesia de Santa María de Ferreiros", "description": null, "timestamp": null, "begin": null, "end": null, "altitudeMode": null, "tessellate": -1, "extrude": 0, "visibility": -1, "drawOrder": null, "icon": null }, "geometry": null },
{ "type": "Feature", "properties": { "Name": "Iglesia de San Juan de Lodoso", "description": null, "timestamp": null, "begin": null, "end": null, "altitudeMode": null, "tessellate": -1, "extrude": 0, "visibility": -1, "drawOrder": null, "icon": null }, "geometry": null },
{ "type": "Feature", "properties": { "Name": "Iglesia de San Martiño de Fufín", "description": null, "timestamp": null, "begin": null, "end": null, "altitudeMode": null, "tessellate": -1, "extrude": 0, "visibility": -1, "drawOrder": null, "icon": null }, "geometry": null },
{ "type": "Feature", "properties": { "Name": "Iglesia de Santa María de Tarrío", "description": null, "timestamp": null, "begin": null, "end": null, "altitudeMode": null, "tessellate": -1, "extrude": 0, "visibility": -1, "drawOrder": null, "icon": null }, "geometry": null },
{ "type": "Feature", "properties": { "Name": "Iglesia de San Salvador de Toirán", "description": null, "timestamp": null, "begin": null, "end": null, "altitudeMode": null, "tessellate": -1, "extrude": 0, "visibility": -1, "drawOrder": null, "icon": null }, "geometry": null },
{ "type": "Feature", "properties": { "Name": "Iglesia de Santa María de Caamaño", "description": null, "timestamp": null, "begin": null, "end": null, "altitudeMode": null, "tessellate": -1, "extrude": 0, "visibility": -1, "drawOrder": null, "icon": null }, "geometry": null },
{ "type": "Feature", "properties": { "Name": "Iglesia de San Xián de Beba", "description": null, "timestamp": null, "begin": null, "end": null, "altitudeMode": null, "tessellate": -1, "extrude": 0, "visibility": -1, "drawOrder": null, "icon": null }, "geometry": null },
{ "type": "Feature", "properties": { "Name": "Iglesia de San Pedro de Benza", "description": null, "timestamp": null, "begin": null, "end": null, "altitudeMode": null, "tessellate": -1, "extrude": 0, "visibility": -1, "drawOrder": null, "icon": null }, "geometry": null },
{ "type": "Feature", "properties": { "Name": "Iglesia de San Mamede de Ribadulla", "description": null, "timestamp": null, "begin": null, "end": null, "altitudeMode": null, "tessellate": -1, "extrude": 0, "visibility": -1, "drawOrder": null, "icon": null }, "geometry": null },
{ "type": "Feature", "properties": { "Name": "Iglesia de San Miguel de Couselo", "description": null, "timestamp": null, "begin": null, "end": null, "altitudeMode": null, "tessellate": -1, "extrude": 0, "visibility": -1, "drawOrder": null, "icon": null }, "geometry": null },
{ "type": "Feature", "properties": { "Name": "Iglesia de Santa María de Frades", "description": null, "timestamp": null, "begin": null, "end": null, "altitudeMode": null, "tessellate": -1, "extrude": 0, "visibility": -1, "drawOrder": null, "icon": null }, "geometry": null },
{ "type": "Feature", "properties": { "Name": "Iglesia de San Julián da Portela", "description": null, "timestamp": null, "begin": null, "end": null, "altitudeMode": null, "tessellate": -1, "extrude": 0, "visibility": -1, "drawOrder": null, "icon": null }, "geometry": null },
{ "type": "Feature", "properties": { "Name": "Iglesia de San Pedro de Gonte", "description": null, "timestamp": null, "begin": null, "end": null, "altitudeMode": null, "tessellate": -1, "extrude": 0, "visibility": -1, "drawOrder": null, "icon": null }, "geometry": null },
{ "type": "Feature", "properties": { "Name": "Iglesia de San Juan de Vilanova", "description": null, "timestamp": null, "begin": null, "end": null, "altitudeMode": null, "tessellate": -1, "extrude": 0, "visibility": -1, "drawOrder": null, "icon": null }, "geometry": null },
{ "type": "Feature", "properties": { "Name": "Iglesia de San Andrés de Obre", "description": null, "timestamp": null, "begin": null, "end": null, "altitudeMode": null, "tessellate": -1, "extrude": 0, "visibility": -1, "drawOrder": null, "icon": null }, "geometry": null },
{ "type": "Feature", "properties": { "Name": "Iglesia de Santo Tomás de Salto", "description": null, "timestamp": null, "begin": null, "end": null, "altitudeMode": null, "tessellate": -1, "extrude": 0, "visibility": -1, "drawOrder": null, "icon": null }, "geometry": null },
{ "type": "Feature", "properties": { "Name": "Monasterio de Santa María de Mezonzo", "description": null, "timestamp": null, "begin": null, "end": null, "altitudeMode": null, "tessellate": -1, "extrude": 0, "visibility": -1, "drawOrder": null, "icon": null }, "geometry": null },
{ "type": "Feature", "properties": { "Name": "Iglesia de San Xoán de Muro", "description": null, "timestamp": null, "begin": null, "end": null, "altitudeMode": null, "tessellate": -1, "extrude": 0, "visibility": -1, "drawOrder": null, "icon": null }, "geometry": null },
{ "type": "Feature", "properties": { "Name": "Iglesia de San Esteban de Lousadela", "description": null, "timestamp": null, "begin": null, "end": null, "altitudeMode": null, "tessellate": -1, "extrude": 0, "visibility": -1, "drawOrder": null, "icon": null }, "geometry": null },
{ "type": "Feature", "properties": { "Name": "Antigua Iglesia de San Mamede de Vilasouto", "description": null, "timestamp": null, "begin": null, "end": null, "altitudeMode": null, "tessellate": -1, "extrude": 0, "visibility": -1, "drawOrder": null, "icon": null }, "geometry": null },
{ "type": "Feature", "properties": { "Name": "Iglesia de San Pedro de Ribas Altas", "description": null, "timestamp": null, "begin": null, "end": null, "altitudeMode": null, "tessellate": -1, "extrude": 0, "visibility": -1, "drawOrder": null, "icon": null }, "geometry": null },
{ "type": "Feature", "properties": { "Name": "Iglesia de Santa María de Morlán", "description": null, "timestamp": null, "begin": null, "end": null, "altitudeMode": null, "tessellate": -1, "extrude": 0, "visibility": -1, "drawOrder": null, "icon": null }, "geometry": null },
{ "type": "Feature", "properties": { "Name": "Iglesia de San Esteban", "description": null, "timestamp": null, "begin": null, "end": null, "altitudeMode": null, "tessellate": -1, "extrude": 0, "visibility": -1, "drawOrder": null, "icon": null }, "geometry": null },
{ "type": "Feature", "properties": { "Name": "Iglesia de San Miguel", "description": null, "timestamp": null, "begin": null, "end": null, "altitudeMode": null, "tessellate": -1, "extrude": 0, "visibility": -1, "drawOrder": null, "icon": null }, "geometry": null },
{ "type": "Feature", "properties": { "Name": "Iglesia de Santa María de Vizbayo", "description": null, "timestamp": null, "begin": null, "end": null, "altitudeMode": null, "tessellate": -1, "extrude": 0, "visibility": -1, "drawOrder": null, "icon": null }, "geometry": null },
{ "type": "Feature", "properties": { "Name": "Monasterio de San Pedro de las Dueñas", "description": null, "timestamp": null, "begin": null, "end": null, "altitudeMode": null, "tessellate": -1, "extrude": 0, "visibility": -1, "drawOrder": null, "icon": null }, "geometry": null },
{ "type": "Feature", "properties": { "Name": "Basílica de San Isidoro", "description": null, "timestamp": null, "begin": null, "end": null, "altitudeMode": null, "tessellate": -1, "extrude": 0, "visibility": -1, "drawOrder": null, "icon": null }, "geometry": null },
{ "type": "Feature", "properties": { "Name": "Santa Marta de Tera", "description": null, "timestamp": null, "begin": null, "end": null, "altitudeMode": null, "tessellate": -1, "extrude": 0, "visibility": -1, "drawOrder": null, "icon": null }, "geometry": null },
{ "type": "Feature", "properties": { "Name": "Iglesia de San Martiño de Prado", "description": null, "timestamp": null, "begin": null, "end": null, "altitudeMode": null, "tessellate": -1, "extrude": 0, "visibility": -1, "drawOrder": null, "icon": null }, "geometry": null },
{ "type": "Feature", "properties": { "Name": "Iglesia de Santiago de Taboada", "description": null, "timestamp": null, "begin": null, "end": null, "altitudeMode": null, "tessellate": -1, "extrude": 0, "visibility": -1, "drawOrder": null, "icon": null }, "geometry": null },
{ "type": "Feature", "properties": { "Name": "Iglesia de Santa Eulalia de Chamín", "description": null, "timestamp": null, "begin": null, "end": null, "altitudeMode": null, "tessellate": -1, "extrude": 0, "visibility": -1, "drawOrder": null, "icon": null }, "geometry": null },
{ "type": "Feature", "properties": { "Name": "Iglesia de Santa María de Celas", "description": null, "timestamp": null, "begin": null, "end": null, "altitudeMode": null, "tessellate": -1, "extrude": 0, "visibility": -1, "drawOrder": null, "icon": null }, "geometry": null },
{ "type": "Feature", "properties": { "Name": "Iglesia de Santa María de Verís", "description": null, "timestamp": null, "begin": null, "end": null, "altitudeMode": null, "tessellate": -1, "extrude": 0, "visibility": -1, "drawOrder": null, "icon": null }, "geometry": null },
{ "type": "Feature", "properties": { "Name": "Iglesia de San Julián de Moraime", "description": null, "timestamp": null, "begin": null, "end": null, "altitudeMode": null, "tessellate": -1, "extrude": 0, "visibility": -1, "drawOrder": null, "icon": null }, "geometry": null },
{ "type": "Feature", "properties": { "Name": "Iglesia de San Miguel de Bacurín", "description": null, "timestamp": null, "begin": null, "end": null, "altitudeMode": null, "tessellate": -1, "extrude": 0, "visibility": -1, "drawOrder": null, "icon": null }, "geometry": null },
{ "type": "Feature", "properties": { "Name": "Iglesia de San Vicente de Elviña", "description": null, "timestamp": null, "begin": null, "end": null, "altitudeMode": null, "tessellate": -1, "extrude": 0, "visibility": -1, "drawOrder": null, "icon": null }, "geometry": null },
{ "type": "Feature", "properties": { "Name": "Igrexa de San Nicolás de portomarin", "description": null, "timestamp": null, "begin": null, "end": null, "altitudeMode": null, "tessellate": -1, "extrude": 0, "visibility": -1, "drawOrder": null, "icon": null }, "geometry": null },
{ "type": "Feature", "properties": { "Name": "Iglesia de San Pedro", "description": null, "timestamp": null, "begin": null, "end": null, "altitudeMode": null, "tessellate": -1, "extrude": 0, "visibility": -1, "drawOrder": null, "icon": null }, "geometry": null },
{ "type": "Feature", "properties": { "Name": "Iglesia de Santa Comba de Trevoedo", "description": null, "timestamp": null, "begin": null, "end": null, "altitudeMode": null, "tessellate": -1, "extrude": 0, "visibility": -1, "drawOrder": null, "icon": null }, "geometry": null },
{ "type": "Feature", "properties": { "Name": "Iglesia de Santa Cruz de Arrabaldo", "description": null, "timestamp": null, "begin": null, "end": null, "altitudeMode": null, "tessellate": -1, "extrude": 0, "visibility": -1, "drawOrder": null, "icon": null }, "geometry": null },
{ "type": "Feature", "properties": { "Name": "Iglesia de Santa María de Feá", "description": null, "timestamp": null, "begin": null, "end": null, "altitudeMode": null, "tessellate": -1, "extrude": 0, "visibility": -1, "drawOrder": null, "icon": null }, "geometry": null },
{ "type": "Feature", "properties": { "Name": "Iglesia de Santa María de Castrelo de Miño", "description": null, "timestamp": null, "begin": null, "end": null, "altitudeMode": null, "tessellate": -1, "extrude": 0, "visibility": -1, "drawOrder": null, "icon": null }, "geometry": null },
{ "type": "Feature", "properties": { "Name": "Iglesia de San Martiño de Bandoxa", "description": null, "timestamp": null, "begin": null, "end": null, "altitudeMode": null, "tessellate": -1, "extrude": 0, "visibility": -1, "drawOrder": null, "icon": null }, "geometry": null },
{ "type": "Feature", "properties": { "Name": "Iglesia de San Martiño de Brabío", "description": null, "timestamp": null, "begin": null, "end": null, "altitudeMode": null, "tessellate": -1, "extrude": 0, "visibility": -1, "drawOrder": null, "icon": null }, "geometry": null },
{ "type": "Feature", "properties": { "Name": "Iglesia de San Julián de Coirós", "description": null, "timestamp": null, "begin": null, "end": null, "altitudeMode": null, "tessellate": -1, "extrude": 0, "visibility": -1, "drawOrder": null, "icon": null }, "geometry": null },
{ "type": "Feature", "properties": { "Name": "Iglesia de Santa María de Cruces", "description": null, "timestamp": null, "begin": null, "end": null, "altitudeMode": null, "tessellate": -1, "extrude": 0, "visibility": -1, "drawOrder": null, "icon": null }, "geometry": null },
{ "type": "Feature", "properties": { "Name": "Iglesia de Santa Eulalia da Espenuca", "description": null, "timestamp": null, "begin": null, "end": null, "altitudeMode": null, "tessellate": -1, "extrude": 0, "visibility": -1, "drawOrder": null, "icon": null }, "geometry": null },
{ "type": "Feature", "properties": { "Name": "Iglesia de Santa Mariña do Obre", "description": null, "timestamp": null, "begin": null, "end": null, "altitudeMode": null, "tessellate": -1, "extrude": 0, "visibility": -1, "drawOrder": null, "icon": null }, "geometry": null },
{ "type": "Feature", "properties": { "Name": "Iglesia de San Esteban de Anos", "description": null, "timestamp": null, "begin": null, "end": null, "altitudeMode": null, "tessellate": -1, "extrude": 0, "visibility": -1, "drawOrder": null, "icon": null }, "geometry": null },
{ "type": "Feature", "properties": { "Name": "Capilla de San Cosme y San Damián de Sésamo", "description": null, "timestamp": null, "begin": null, "end": null, "altitudeMode": null, "tessellate": -1, "extrude": 0, "visibility": -1, "drawOrder": null, "icon": null }, "geometry": null },
{ "type": "Feature", "properties": { "Name": "Iglesia de Santa Baia de Aguada", "description": null, "timestamp": null, "begin": null, "end": null, "altitudeMode": null, "tessellate": -1, "extrude": 0, "visibility": -1, "drawOrder": null, "icon": null }, "geometry": null },
{ "type": "Feature", "properties": { "Name": "Iglesia de San Vicenzo de Ambreixo", "description": null, "timestamp": null, "begin": null, "end": null, "altitudeMode": null, "tessellate": -1, "extrude": 0, "visibility": -1, "drawOrder": null, "icon": null }, "geometry": null },
{ "type": "Feature", "properties": { "Name": "Iglesia de San Pedro de Bembibre", "description": null, "timestamp": null, "begin": null, "end": null, "altitudeMode": null, "tessellate": -1, "extrude": 0, "visibility": -1, "drawOrder": null, "icon": null }, "geometry": null },
{ "type": "Feature", "properties": { "Name": "Iglesia de Santa María de Bermún", "description": null, "timestamp": null, "begin": null, "end": null, "altitudeMode": null, "tessellate": -1, "extrude": 0, "visibility": -1, "drawOrder": null, "icon": null }, "geometry": null },
{ "type": "Feature", "properties": { "Name": "Iglesia de Santiago de Bidouredo", "description": null, "timestamp": null, "begin": null, "end": null, "altitudeMode": null, "tessellate": -1, "extrude": 0, "visibility": -1, "drawOrder": null, "icon": null }, "geometry": null },
{ "type": "Feature", "properties": { "Name": "Iglesia de San Salvador de Brigos", "description": null, "timestamp": null, "begin": null, "end": null, "altitudeMode": null, "tessellate": -1, "extrude": 0, "visibility": -1, "drawOrder": null, "icon": null }, "geometry": null },
{ "type": "Feature", "properties": { "Name": "Iglesia de San Xián do Campo", "description": null, "timestamp": null, "begin": null, "end": null, "altitudeMode": null, "tessellate": -1, "extrude": 0, "visibility": -1, "drawOrder": null, "icon": null }, "geometry": null },
{ "type": "Feature", "properties": { "Name": "Iglesia de Santa María de Camporramiro", "description": null, "timestamp": null, "begin": null, "end": null, "altitudeMode": null, "tessellate": -1, "extrude": 0, "visibility": -1, "drawOrder": null, "icon": null }, "geometry": null },
{ "type": "Feature", "properties": { "Name": "Iglesia de San Mamede do Carballal", "description": null, "timestamp": null, "begin": null, "end": null, "altitudeMode": null, "tessellate": -1, "extrude": 0, "visibility": -1, "drawOrder": null, "icon": null }, "geometry": null },
{ "type": "Feature", "properties": { "Name": "Iglesia de San Martiño de Cumbraos", "description": null, "timestamp": null, "begin": null, "end": null, "altitudeMode": null, "tessellate": -1, "extrude": 0, "visibility": -1, "drawOrder": null, "icon": null }, "geometry": null },
{ "type": "Feature", "properties": { "Name": "Iglesia de San Juan de Friolfe", "description": null, "timestamp": null, "begin": null, "end": null, "altitudeMode": null, "tessellate": -1, "extrude": 0, "visibility": -1, "drawOrder": null, "icon": null }, "geometry": null },
{ "type": "Feature", "properties": { "Name": "Catedral de Lugo", "description": null, "timestamp": null, "begin": null, "end": null, "altitudeMode": null, "tessellate": -1, "extrude": 0, "visibility": -1, "drawOrder": null, "icon": null }, "geometry": null },
{ "type": "Feature", "properties": { "Name": "Iglesia de San Martiño de Mariz", "description": null, "timestamp": null, "begin": null, "end": null, "altitudeMode": null, "tessellate": -1, "extrude": 0, "visibility": -1, "drawOrder": null, "icon": null }, "geometry": null },
{ "type": "Feature", "properties": { "Name": "Igrexa de San Pedro de Martul", "description": null, "timestamp": null, "begin": null, "end": null, "altitudeMode": null, "tessellate": -1, "extrude": 0, "visibility": -1, "drawOrder": null, "icon": null }, "geometry": null },
{ "type": "Feature", "properties": { "Name": "Iglesia de San Salvador de Merlán", "description": null, "timestamp": null, "begin": null, "end": null, "altitudeMode": null, "tessellate": -1, "extrude": 0, "visibility": -1, "drawOrder": null, "icon": null }, "geometry": null },
{ "type": "Feature", "properties": { "Name": "Iglesia de Santa María de Mosteiro", "description": null, "timestamp": null, "begin": null, "end": null, "altitudeMode": null, "tessellate": -1, "extrude": 0, "visibility": -1, "drawOrder": null, "icon": null }, "geometry": null },
{ "type": "Feature", "properties": { "Name": "Iglesia de Santa María de Nogueira de Miño", "description": null, "timestamp": null, "begin": null, "end": null, "altitudeMode": null, "tessellate": -1, "extrude": 0, "visibility": -1, "drawOrder": null, "icon": null }, "geometry": null },
{ "type": "Feature", "properties": { "Name": "Iglesia de San Miguel de Oleiros", "description": null, "timestamp": null, "begin": null, "end": null, "altitudeMode": null, "tessellate": -1, "extrude": 0, "visibility": -1, "drawOrder": null, "icon": null }, "geometry": null },
{ "type": "Feature", "properties": { "Name": "Capilla de San Lorenzo de Pedraza", "description": null, "timestamp": null, "begin": null, "end": null, "altitudeMode": null, "tessellate": -1, "extrude": 0, "visibility": -1, "drawOrder": null, "icon": null }, "geometry": null },
{ "type": "Feature", "properties": { "Name": "Iglesia de San Lorenzo de Peibás", "description": null, "timestamp": null, "begin": null, "end": null, "altitudeMode": null, "tessellate": -1, "extrude": 0, "visibility": -1, "drawOrder": null, "icon": null }, "geometry": null },
{ "type": "Feature", "properties": { "Name": "Mosteirio de Santa María de Penamaior", "description": null, "timestamp": null, "begin": null, "end": null, "altitudeMode": null, "tessellate": -1, "extrude": 0, "visibility": -1, "drawOrder": null, "icon": null }, "geometry": null },
{ "type": "Feature", "properties": { "Name": "Iglesia de Santa María de Penela", "description": null, "timestamp": null, "begin": null, "end": null, "altitudeMode": null, "tessellate": -1, "extrude": 0, "visibility": -1, "drawOrder": null, "icon": null }, "geometry": null },
{ "type": "Feature", "properties": { "Name": "Iglesia de Santiago de Pradeda", "description": null, "timestamp": null, "begin": null, "end": null, "altitudeMode": null, "tessellate": -1, "extrude": 0, "visibility": -1, "drawOrder": null, "icon": null }, "geometry": null },
{ "type": "Feature", "properties": { "Name": "Iglesia de Santiago de Requeixo", "description": null, "timestamp": null, "begin": null, "end": null, "altitudeMode": null, "tessellate": -1, "extrude": 0, "visibility": -1, "drawOrder": null, "icon": null }, "geometry": null },
{ "type": "Feature", "properties": { "Name": "Iglesia de San Pedro Fiz de Reimóndez", "description": null, "timestamp": null, "begin": null, "end": null, "altitudeMode": null, "tessellate": -1, "extrude": 0, "visibility": -1, "drawOrder": null, "icon": null }, "geometry": null },
{ "type": "Feature", "properties": { "Name": "Iglesia de Santa Cruz de Viana", "description": null, "timestamp": null, "begin": null, "end": null, "altitudeMode": null, "tessellate": -1, "extrude": 0, "visibility": -1, "drawOrder": null, "icon": null }, "geometry": null },
{ "type": "Feature", "properties": { "Name": "Iglesia de San Paio de Seixón", "description": null, "timestamp": null, "begin": null, "end": null, "altitudeMode": null, "tessellate": -1, "extrude": 0, "visibility": -1, "drawOrder": null, "icon": null }, "geometry": null },
{ "type": "Feature", "properties": { "Name": "Iglesia de Santa María de Seteventos", "description": null, "timestamp": null, "begin": null, "end": null, "altitudeMode": null, "tessellate": -1, "extrude": 0, "visibility": -1, "drawOrder": null, "icon": null }, "geometry": null },
{ "type": "Feature", "properties": { "Name": "Iglesia de Santa María de Torbeo", "description": null, "timestamp": null, "begin": null, "end": null, "altitudeMode": null, "tessellate": -1, "extrude": 0, "visibility": -1, "drawOrder": null, "icon": null }, "geometry": null },
{ "type": "Feature", "properties": { "Name": "Iglesia de San Salvador de Balboa", "description": null, "timestamp": null, "begin": null, "end": null, "altitudeMode": null, "tessellate": -1, "extrude": 0, "visibility": -1, "drawOrder": null, "icon": null }, "geometry": null },
{ "type": "Feature", "properties": { "Name": "Iglesia de Santa María de Vilaragunte", "description": null, "timestamp": null, "begin": null, "end": null, "altitudeMode": null, "tessellate": -1, "extrude": 0, "visibility": -1, "drawOrder": null, "icon": null }, "geometry": null },
{ "type": "Feature", "properties": { "Name": "Iglesia de San Salvador de Vileiriz", "description": null, "timestamp": null, "begin": null, "end": null, "altitudeMode": null, "tessellate": -1, "extrude": 0, "visibility": -1, "drawOrder": null, "icon": null }, "geometry": null },
{ "type": "Feature", "properties": { "Name": "Iglesia de San Pedro de Figueiredo", "description": null, "timestamp": null, "begin": null, "end": null, "altitudeMode": null, "tessellate": -1, "extrude": 0, "visibility": -1, "drawOrder": null, "icon": null }, "geometry": null },
{ "type": "Feature", "properties": { "Name": "Iglesia de San Pedro de Garabás", "description": null, "timestamp": null, "begin": null, "end": null, "altitudeMode": null, "tessellate": -1, "extrude": 0, "visibility": -1, "drawOrder": null, "icon": null }, "geometry": null },
{ "type": "Feature", "properties": { "Name": "Iglesia de Santa María de Mesego", "description": null, "timestamp": null, "begin": null, "end": null, "altitudeMode": null, "tessellate": -1, "extrude": 0, "visibility": -1, "drawOrder": null, "icon": null }, "geometry": null },
{ "type": "Feature", "properties": { "Name": "Monasterio de San Pedro de Rocas", "description": null, "timestamp": null, "begin": null, "end": null, "altitudeMode": null, "tessellate": -1, "extrude": 0, "visibility": -1, "drawOrder": null, "icon": null }, "geometry": null },
{ "type": "Feature", "properties": { "Name": "Iglesia de San Pedro de Trasalba", "description": null, "timestamp": null, "begin": null, "end": null, "altitudeMode": null, "tessellate": -1, "extrude": 0, "visibility": -1, "drawOrder": null, "icon": null }, "geometry": null },
{ "type": "Feature", "properties": { "Name": "Iglesia de Santa María de Xuvencos", "description": null, "timestamp": null, "begin": null, "end": null, "altitudeMode": null, "tessellate": -1, "extrude": 0, "visibility": -1, "drawOrder": null, "icon": null }, "geometry": null },
{ "type": "Feature", "properties": { "Name": "Igrexa de San Xoán de Anzo", "description": null, "timestamp": null, "begin": null, "end": null, "altitudeMode": null, "tessellate": -1, "extrude": 0, "visibility": -1, "drawOrder": null, "icon": null }, "geometry": null },
{ "type": "Feature", "properties": { "Name": "Iglesia de San Andrés de Cesar", "description": null, "timestamp": null, "begin": null, "end": null, "altitudeMode": null, "tessellate": -1, "extrude": 0, "visibility": -1, "drawOrder": null, "icon": null }, "geometry": null },
{ "type": "Feature", "properties": { "Name": "Iglesia de Santa Eulalia de Donas", "description": null, "timestamp": null, "begin": null, "end": null, "altitudeMode": null, "tessellate": -1, "extrude": 0, "visibility": -1, "drawOrder": null, "icon": null }, "geometry": null },
{ "type": "Feature", "properties": { "Name": "Iglesia de San Andrés de Figueirido", "description": null, "timestamp": null, "begin": null, "end": null, "altitudeMode": null, "tessellate": -1, "extrude": 0, "visibility": -1, "drawOrder": null, "icon": null }, "geometry": null },
{ "type": "Feature", "properties": { "Name": "Iglesia de San Pedro de Fontecarmoa", "description": null, "timestamp": null, "begin": null, "end": null, "altitudeMode": null, "tessellate": -1, "extrude": 0, "visibility": -1, "drawOrder": null, "icon": null }, "geometry": null },
{ "type": "Feature", "properties": { "Name": "Iglesia de Santa Mariña de Fragas", "description": null, "timestamp": null, "begin": null, "end": null, "altitudeMode": null, "tessellate": -1, "extrude": 0, "visibility": -1, "drawOrder": null, "icon": null }, "geometry": null },
{ "type": "Feature", "properties": { "Name": "Iglesia de Santo Tirso de Manduas", "description": null, "timestamp": null, "begin": null, "end": null, "altitudeMode": null, "tessellate": -1, "extrude": 0, "visibility": -1, "drawOrder": null, "icon": null }, "geometry": null },
{ "type": "Feature", "properties": { "Name": "Iglesia de San Salvador de Meis", "description": null, "timestamp": null, "begin": null, "end": null, "altitudeMode": null, "tessellate": -1, "extrude": 0, "visibility": -1, "drawOrder": null, "icon": null }, "geometry": null },
{ "type": "Feature", "properties": { "Name": "Iglesia de San Martín de Meis", "description": null, "timestamp": null, "begin": null, "end": null, "altitudeMode": null, "tessellate": -1, "extrude": 0, "visibility": -1, "drawOrder": null, "icon": null }, "geometry": null },
{ "type": "Feature", "properties": { "Name": "Iglesia de San Miguel de Moreira", "description": null, "timestamp": null, "begin": null, "end": null, "altitudeMode": null, "tessellate": -1, "extrude": 0, "visibility": -1, "drawOrder": null, "icon": null }, "geometry": null },
{ "type": "Feature", "properties": { "Name": "Igrexa de Santa María de Noceda", "description": null, "timestamp": null, "begin": null, "end": null, "altitudeMode": null, "tessellate": -1, "extrude": 0, "visibility": -1, "drawOrder": null, "icon": null }, "geometry": null },
{ "type": "Feature", "properties": { "Name": "Iglesia de San Miguel de Peitieiros", "description": null, "timestamp": null, "begin": null, "end": null, "altitudeMode": null, "tessellate": -1, "extrude": 0, "visibility": -1, "drawOrder": null, "icon": null }, "geometry": null },
{ "type": "Feature", "properties": { "Name": "Parroquia San Xoan de Poio", "description": null, "timestamp": null, "begin": null, "end": null, "altitudeMode": null, "tessellate": -1, "extrude": 0, "visibility": -1, "drawOrder": null, "icon": null }, "geometry": null },
{ "type": "Feature", "properties": { "Name": "Iglesia de Santa María de Sacos", "description": null, "timestamp": null, "begin": null, "end": null, "altitudeMode": null, "tessellate": -1, "extrude": 0, "visibility": -1, "drawOrder": null, "icon": null }, "geometry": null },
{ "type": "Feature", "properties": { "Name": "Iglesia Santa María de Xanza", "description": null, "timestamp": null, "begin": null, "end": null, "altitudeMode": null, "tessellate": -1, "extrude": 0, "visibility": -1, "drawOrder": null, "icon": null }, "geometry": null },
{ "type": "Feature", "properties": { "Name": "Iglesia de Santa María de Corvelle", "description": null, "timestamp": null, "begin": null, "end": null, "altitudeMode": null, "tessellate": -1, "extrude": 0, "visibility": -1, "drawOrder": null, "icon": null }, "geometry": null },
{ "type": "Feature", "properties": { "Name": "Iglesia de San Xiao do Camiño", "description": null, "timestamp": null, "begin": null, "end": null, "altitudeMode": null, "tessellate": -1, "extrude": 0, "visibility": -1, "drawOrder": null, "icon": null }, "geometry": null },
{ "type": "Feature", "properties": { "Name": "Iglesia de Santiago", "description": null, "timestamp": null, "begin": null, "end": null, "altitudeMode": null, "tessellate": -1, "extrude": 0, "visibility": -1, "drawOrder": null, "icon": null }, "geometry": null },
{ "type": "Feature", "properties": { "Name": "Iglesia de San Pedro Fiz", "description": null, "timestamp": null, "begin": null, "end": null, "altitudeMode": null, "tessellate": -1, "extrude": 0, "visibility": -1, "drawOrder": null, "icon": null }, "geometry": null },
{ "type": "Feature", "properties": { "Name": "Iglesia de Santiago", "description": null, "timestamp": null, "begin": null, "end": null, "altitudeMode": null, "tessellate": -1, "extrude": 0, "visibility": -1, "drawOrder": null, "icon": null }, "geometry": null },
{ "type": "Feature", "properties": { "Name": "Iglesia de Santiago de Reboredo", "description": null, "timestamp": null, "begin": null, "end": null, "altitudeMode": null, "tessellate": -1, "extrude": 0, "visibility": -1, "drawOrder": null, "icon": null }, "geometry": null },
{ "type": "Feature", "properties": { "Name": "Iglesia de San Juan de Amandi", "description": null, "timestamp": null, "begin": null, "end": null, "altitudeMode": null, "tessellate": -1, "extrude": 0, "visibility": -1, "drawOrder": null, "icon": null }, "geometry": null },
{ "type": "Feature", "properties": { "Name": "Iglesia de San Esteban de Aramil", "description": null, "timestamp": null, "begin": null, "end": null, "altitudeMode": null, "tessellate": -1, "extrude": 0, "visibility": -1, "drawOrder": null, "icon": null }, "geometry": null },
{ "type": "Feature", "properties": { "Name": "Iglesia de San Vicente de Arcellana", "description": null, "timestamp": null, "begin": null, "end": null, "altitudeMode": null, "tessellate": -1, "extrude": 0, "visibility": -1, "drawOrder": null, "icon": null }, "geometry": null },
{ "type": "Feature", "properties": { "Name": "Iglesia de Santiago de Arlós", "description": null, "timestamp": null, "begin": null, "end": null, "altitudeMode": null, "tessellate": -1, "extrude": 0, "visibility": -1, "drawOrder": null, "icon": null }, "geometry": null },
{ "type": "Feature", "properties": { "Name": "Iglesia San Nicolás de Bari", "description": null, "timestamp": null, "begin": null, "end": null, "altitudeMode": null, "tessellate": -1, "extrude": 0, "visibility": -1, "drawOrder": null, "icon": null }, "geometry": null },
{ "type": "Feature", "properties": { "Name": "Iglesia de Santa María Magdalena de los Corros", "description": null, "timestamp": null, "begin": null, "end": null, "altitudeMode": null, "tessellate": -1, "extrude": 0, "visibility": -1, "drawOrder": null, "icon": null }, "geometry": null },
{ "type": "Feature", "properties": { "Name": "Iglesia vieja de Sabugo", "description": null, "timestamp": null, "begin": null, "end": null, "altitudeMode": null, "tessellate": -1, "extrude": 0, "visibility": -1, "drawOrder": null, "icon": null }, "geometry": null },
{ "type": "Feature", "properties": { "Name": "Iglesia de Santa Eulalia de Valdornón", "description": null, "timestamp": null, "begin": null, "end": null, "altitudeMode": null, "tessellate": -1, "extrude": 0, "visibility": -1, "drawOrder": null, "icon": null }, "geometry": null },
{ "type": "Feature", "properties": { "Name": "Iglesia de San Miguel de Báscones", "description": null, "timestamp": null, "begin": null, "end": null, "altitudeMode": null, "tessellate": -1, "extrude": 0, "visibility": -1, "drawOrder": null, "icon": null }, "geometry": null },
{ "type": "Feature", "properties": { "Name": "Iglesia de San Vicente de Caldones", "description": null, "timestamp": null, "begin": null, "end": null, "altitudeMode": null, "tessellate": -1, "extrude": 0, "visibility": -1, "drawOrder": null, "icon": null }, "geometry": null },
{ "type": "Feature", "properties": { "Name": "Iglesia de San Vicente", "description": null, "timestamp": null, "begin": null, "end": null, "altitudeMode": null, "tessellate": -1, "extrude": 0, "visibility": -1, "drawOrder": null, "icon": null }, "geometry": null },
{ "type": "Feature", "properties": { "Name": "Iglesia de San Juan Bautista de Cenero", "description": null, "timestamp": null, "begin": null, "end": null, "altitudeMode": null, "tessellate": -1, "extrude": 0, "visibility": -1, "drawOrder": null, "icon": null }, "geometry": null },
{ "type": "Feature", "properties": { "Name": "Iglesia de San Esteban de Ciañu", "description": null, "timestamp": null, "begin": null, "end": null, "altitudeMode": null, "tessellate": -1, "extrude": 0, "visibility": -1, "drawOrder": null, "icon": null }, "geometry": null },
{ "type": "Feature", "properties": { "Name": "Iglesia de San Miguel de Cofiño", "description": null, "timestamp": null, "begin": null, "end": null, "altitudeMode": null, "tessellate": -1, "extrude": 0, "visibility": -1, "drawOrder": null, "icon": null }, "geometry": null },
{ "type": "Feature", "properties": { "Name": "Iglesia de San Pedro", "description": null, "timestamp": null, "begin": null, "end": null, "altitudeMode": null, "tessellate": -1, "extrude": 0, "visibility": -1, "drawOrder": null, "icon": null }, "geometry": null },
{ "type": "Feature", "properties": { "Name": "Monasterio de San Salvador de Cornellana/Corniana", "description": null, "timestamp": null, "begin": null, "end": null, "altitudeMode": null, "tessellate": -1, "extrude": 0, "visibility": -1, "drawOrder": null, "icon": null }, "geometry": null },
{ "type": "Feature", "properties": { "Name": "Iglesia de San Salvador de Fuentes", "description": null, "timestamp": null, "begin": null, "end": null, "altitudeMode": null, "tessellate": -1, "extrude": 0, "visibility": -1, "drawOrder": null, "icon": null }, "geometry": null },
{ "type": "Feature", "properties": { "Name": "Iglesia de San Pedro", "description": null, "timestamp": null, "begin": null, "end": null, "altitudeMode": null, "tessellate": -1, "extrude": 0, "visibility": -1, "drawOrder": null, "icon": null }, "geometry": null },
{ "type": "Feature", "properties": { "Name": "Iglesia de Santa Maria Magdalena", "description": null, "timestamp": null, "begin": null, "end": null, "altitudeMode": null, "tessellate": -1, "extrude": 0, "visibility": -1, "drawOrder": null, "icon": null }, "geometry": null },
{ "type": "Feature", "properties": { "Name": "Iglesia de Santa Eulalia", "description": null, "timestamp": null, "begin": null, "end": null, "altitudeMode": null, "tessellate": -1, "extrude": 0, "visibility": -1, "drawOrder": null, "icon": null }, "geometry": null },
{ "type": "Feature", "properties": { "Name": "Iglesia de Santa María de Llogrezana", "description": null, "timestamp": null, "begin": null, "end": null, "altitudeMode": null, "tessellate": -1, "extrude": 0, "visibility": -1, "drawOrder": null, "icon": null }, "geometry": null },
{ "type": "Feature", "properties": { "Name": "Iglesia de Santa María Magdalena de Los Pandos", "description": null, "timestamp": null, "begin": null, "end": null, "altitudeMode": null, "tessellate": -1, "extrude": 0, "visibility": -1, "drawOrder": null, "icon": null }, "geometry": null },
{ "type": "Feature", "properties": { "Name": "Iglesia de Santa María de Llugás", "description": null, "timestamp": null, "begin": null, "end": null, "altitudeMode": null, "tessellate": -1, "extrude": 0, "visibility": -1, "drawOrder": null, "icon": null }, "geometry": null },
{ "type": "Feature", "properties": { "Name": "Iglesia de San Jorge", "description": null, "timestamp": null, "begin": null, "end": null, "altitudeMode": null, "tessellate": -1, "extrude": 0, "visibility": -1, "drawOrder": null, "icon": null }, "geometry": null },
{ "type": "Feature", "properties": { "Name": "Iglesia San Juan", "description": null, "timestamp": null, "begin": null, "end": null, "altitudeMode": null, "tessellate": -1, "extrude": 0, "visibility": -1, "drawOrder": null, "icon": null }, "geometry": null },
{ "type": "Feature", "properties": { "Name": "Iglesia de Santa María de Narzana", "description": null, "timestamp": null, "begin": null, "end": null, "altitudeMode": null, "tessellate": -1, "extrude": 0, "visibility": -1, "drawOrder": null, "icon": null }, "geometry": null },
{ "type": "Feature", "properties": { "Name": "Catedral de San Salvador", "description": null, "timestamp": null, "begin": null, "end": null, "altitudeMode": null, "tessellate": -1, "extrude": 0, "visibility": -1, "drawOrder": null, "icon": null }, "geometry": null },
{ "type": "Feature", "properties": { "Name": "Iglesia de San Juan", "description": null, "timestamp": null, "begin": null, "end": null, "altitudeMode": null, "tessellate": -1, "extrude": 0, "visibility": -1, "drawOrder": null, "icon": null }, "geometry": null },
{ "type": "Feature", "properties": { "Name": "Iglesia de San Pedro de Piñeres", "description": null, "timestamp": null, "begin": null, "end": null, "altitudeMode": null, "tessellate": -1, "extrude": 0, "visibility": -1, "drawOrder": null, "icon": null }, "geometry": null },
{ "type": "Feature", "properties": { "Name": "Iglesia de San Félix", "description": null, "timestamp": null, "begin": null, "end": null, "altitudeMode": null, "tessellate": -1, "extrude": 0, "visibility": -1, "drawOrder": null, "icon": null }, "geometry": null },
{ "type": "Feature", "properties": { "Name": "Iglesia de San Esteban", "description": null, "timestamp": null, "begin": null, "end": null, "altitudeMode": null, "tessellate": -1, "extrude": 0, "visibility": -1, "drawOrder": null, "icon": null }, "geometry": null },
{ "type": "Feature", "properties": { "Name": "Iglesia de San Pedro de Plecín. Ruinas", "description": null, "timestamp": null, "begin": null, "end": null, "altitudeMode": null, "tessellate": -1, "extrude": 0, "visibility": -1, "drawOrder": null, "icon": null }, "geometry": null },
{ "type": "Feature", "properties": { "Name": "Iglesia de Santa María de Sariegomuerto", "description": null, "timestamp": null, "begin": null, "end": null, "altitudeMode": null, "tessellate": -1, "extrude": 0, "visibility": -1, "drawOrder": null, "icon": null }, "geometry": null },
{ "type": "Feature", "properties": { "Name": "Iglesia de Santa María", "description": null, "timestamp": null, "begin": null, "end": null, "altitudeMode": null, "tessellate": -1, "extrude": 0, "visibility": -1, "drawOrder": null, "icon": null }, "geometry": null },
{ "type": "Feature", "properties": { "Name": "Iglesia de Santa Eulalia (Selorio)", "description": null, "timestamp": null, "begin": null, "end": null, "altitudeMode": null, "tessellate": -1, "extrude": 0, "visibility": -1, "drawOrder": null, "icon": null }, "geometry": null },
{ "type": "Feature", "properties": { "Name": "Iglesia de San Miguel", "description": null, "timestamp": null, "begin": null, "end": null, "altitudeMode": null, "tessellate": -1, "extrude": 0, "visibility": -1, "drawOrder": null, "icon": null }, "geometry": null },
{ "type": "Feature", "properties": { "Name": "Iglesia de San Esteban", "description": null, "timestamp": null, "begin": null, "end": null, "altitudeMode": null, "tessellate": -1, "extrude": 0, "visibility": -1, "drawOrder": null, "icon": null }, "geometry": null },
{ "type": "Feature", "properties": { "Name": "Iglesia de San Pedro", "description": null, "timestamp": null, "begin": null, "end": null, "altitudeMode": null, "tessellate": -1, "extrude": 0, "visibility": -1, "drawOrder": null, "icon": null }, "geometry": null },
{ "type": "Feature", "properties": { "Name": "Colegiata de San Pedro", "description": null, "timestamp": null, "begin": null, "end": null, "altitudeMode": null, "tessellate": -1, "extrude": 0, "visibility": -1, "drawOrder": null, "icon": null }, "geometry": null },
{ "type": "Feature", "properties": { "Name": "Iglesia de Santa María", "description": null, "timestamp": null, "begin": null, "end": null, "altitudeMode": null, "tessellate": -1, "extrude": 0, "visibility": -1, "drawOrder": null, "icon": null }, "geometry": null },
{ "type": "Feature", "properties": { "Name": "Iglesia de San Pedro (antes de San Francisco)", "description": null, "timestamp": null, "begin": null, "end": null, "altitudeMode": null, "tessellate": -1, "extrude": 0, "visibility": -1, "drawOrder": null, "icon": null }, "geometry": null },
{ "type": "Feature", "properties": { "Name": "Iglesia de Santolaya de Uxo", "description": null, "timestamp": null, "begin": null, "end": null, "altitudeMode": null, "tessellate": -1, "extrude": 0, "visibility": -1, "drawOrder": null, "icon": null }, "geometry": null },
{ "type": "Feature", "properties": { "Name": "Iglesia de San Andrés", "description": null, "timestamp": null, "begin": null, "end": null, "altitudeMode": null, "tessellate": -1, "extrude": 0, "visibility": -1, "drawOrder": null, "icon": null }, "geometry": null },
{ "type": "Feature", "properties": { "Name": "Monasterio de Santa María de Valdediós", "description": null, "timestamp": null, "begin": null, "end": null, "altitudeMode": null, "tessellate": -1, "extrude": 0, "visibility": -1, "drawOrder": null, "icon": null }, "geometry": null },
{ "type": "Feature", "properties": { "Name": "Ábside Románico (Antiguo Monasterio de Santa María de Villamayor)", "description": null, "timestamp": null, "begin": null, "end": null, "altitudeMode": null, "tessellate": -1, "extrude": 0, "visibility": -1, "drawOrder": null, "icon": null }, "geometry": null },
{ "type": "Feature", "properties": { "Name": "Monasterio de San Pedro", "description": null, "timestamp": null, "begin": null, "end": null, "altitudeMode": null, "tessellate": -1, "extrude": 0, "visibility": -1, "drawOrder": null, "icon": null }, "geometry": null },
{ "type": "Feature", "properties": { "Name": "Iglesia románica de Santa María", "description": null, "timestamp": null, "begin": null, "end": null, "altitudeMode": null, "tessellate": -1, "extrude": 0, "visibility": -1, "drawOrder": null, "icon": null }, "geometry": null },
{ "type": "Feature", "properties": { "Name": "Iglesia de Santa María de la Oliva", "description": null, "timestamp": null, "begin": null, "end": null, "altitudeMode": null, "tessellate": -1, "extrude": 0, "visibility": -1, "drawOrder": null, "icon": null }, "geometry": null },
{ "type": "Feature", "properties": { "Name": "Iglesia de San Nicolás", "description": null, "timestamp": null, "begin": null, "end": null, "altitudeMode": null, "tessellate": -1, "extrude": 0, "visibility": -1, "drawOrder": null, "icon": null }, "geometry": null },
{ "type": "Feature", "properties": { "Name": "Monasterio de Santa María de Valdediós", "description": null, "timestamp": null, "begin": null, "end": null, "altitudeMode": null, "tessellate": -1, "extrude": 0, "visibility": -1, "drawOrder": null, "icon": null }, "geometry": null },
{ "type": "Feature", "properties": { "Name": "Colegiata de Santa María", "description": null, "timestamp": null, "begin": null, "end": null, "altitudeMode": null, "tessellate": -1, "extrude": 0, "visibility": -1, "drawOrder": null, "icon": null }, "geometry": null },
{ "type": "Feature", "properties": { "Name": "Iglesia de La Asunción", "description": null, "timestamp": null, "begin": null, "end": null, "altitudeMode": null, "tessellate": -1, "extrude": 0, "visibility": -1, "drawOrder": null, "icon": null }, "geometry": null },
{ "type": "Feature", "properties": { "Name": "Iglesia de San Vicente", "description": null, "timestamp": null, "begin": null, "end": null, "altitudeMode": null, "tessellate": -1, "extrude": 0, "visibility": -1, "drawOrder": null, "icon": null }, "geometry": null },
{ "type": "Feature", "properties": { "Name": "Monasterio de Santa María de Carracedo", "description": null, "timestamp": null, "begin": null, "end": null, "altitudeMode": null, "tessellate": -1, "extrude": 0, "visibility": -1, "drawOrder": null, "icon": null }, "geometry": null },
{ "type": "Feature", "properties": { "Name": "Iglesia de San Juan Bautista", "description": null, "timestamp": null, "begin": null, "end": null, "altitudeMode": null, "tessellate": -1, "extrude": 0, "visibility": -1, "drawOrder": null, "icon": null }, "geometry": null },
{ "type": "Feature", "properties": { "Name": "Iglesia de Santa María del Camino o del Mercado", "description": null, "timestamp": null, "begin": null, "end": null, "altitudeMode": null, "tessellate": -1, "extrude": 0, "visibility": -1, "drawOrder": null, "icon": null }, "geometry": null },
{ "type": "Feature", "properties": { "Name": "Iglesia de San Juan de Montealegre. Ruinas", "description": null, "timestamp": null, "begin": null, "end": null, "altitudeMode": null, "tessellate": -1, "extrude": 0, "visibility": -1, "drawOrder": null, "icon": null }, "geometry": null },
{ "type": "Feature", "properties": { "Name": "Iglesia de Nuestra Señora de las Nieves", "description": null, "timestamp": null, "begin": null, "end": null, "altitudeMode": null, "tessellate": -1, "extrude": 0, "visibility": -1, "drawOrder": null, "icon": null }, "geometry": null },
{ "type": "Feature", "properties": { "Name": "Monasterio de los Santos Facundo y Primitivo", "description": null, "timestamp": null, "begin": null, "end": null, "altitudeMode": null, "tessellate": -1, "extrude": 0, "visibility": -1, "drawOrder": null, "icon": null }, "geometry": null },
{ "type": "Feature", "properties": { "Name": "Iglesia de San Martín", "description": null, "timestamp": null, "begin": null, "end": null, "altitudeMode": null, "tessellate": -1, "extrude": 0, "visibility": -1, "drawOrder": null, "icon": null }, "geometry": null },
{ "type": "Feature", "properties": { "Name": "Iglesia de San Martín", "description": null, "timestamp": null, "begin": null, "end": null, "altitudeMode": null, "tessellate": -1, "extrude": 0, "visibility": -1, "drawOrder": null, "icon": null }, "geometry": null },
{ "type": "Feature", "properties": { "Name": "Monasterio de San Miguel de Escalada", "description": null, "timestamp": null, "begin": null, "end": null, "altitudeMode": null, "tessellate": -1, "extrude": 0, "visibility": -1, "drawOrder": null, "icon": null }, "geometry": null },
{ "type": "Feature", "properties": { "Name": "Iglesia de Santiago", "description": null, "timestamp": null, "begin": null, "end": null, "altitudeMode": null, "tessellate": -1, "extrude": 0, "visibility": -1, "drawOrder": null, "icon": null }, "geometry": null },
{ "type": "Feature", "properties": { "Name": "Iglesia de San Juan Bautista", "description": null, "timestamp": null, "begin": null, "end": null, "altitudeMode": null, "tessellate": -1, "extrude": 0, "visibility": -1, "drawOrder": null, "icon": null }, "geometry": null },
{ "type": "Feature", "properties": { "Name": "Done Bartolome Eliza/Iglesia de San Bartolomé", "description": null, "timestamp": null, "begin": null, "end": null, "altitudeMode": null, "tessellate": -1, "extrude": 0, "visibility": -1, "drawOrder": null, "icon": null }, "geometry": null },
{ "type": "Feature", "properties": { "Name": "Ermita de Nuestra Señora de Ayala", "description": null, "timestamp": null, "begin": null, "end": null, "altitudeMode": null, "tessellate": -1, "extrude": 0, "visibility": -1, "drawOrder": null, "icon": null }, "geometry": null },
{ "type": "Feature", "properties": { "Name": "Iglesia de San Vicente", "description": null, "timestamp": null, "begin": null, "end": null, "altitudeMode": null, "tessellate": -1, "extrude": 0, "visibility": -1, "drawOrder": null, "icon": null }, "geometry": null },
{ "type": "Feature", "properties": { "Name": "Ermita de San Juan de Amamio", "description": null, "timestamp": null, "begin": null, "end": null, "altitudeMode": null, "tessellate": -1, "extrude": 0, "visibility": -1, "drawOrder": null, "icon": null }, "geometry": null },
{ "type": "Feature", "properties": { "Name": "Basílica de San Andrés y San Prudencio", "description": null, "timestamp": null, "begin": null, "end": null, "altitudeMode": null, "tessellate": -1, "extrude": 0, "visibility": -1, "drawOrder": null, "icon": null }, "geometry": null },
{ "type": "Feature", "properties": { "Name": "Iglesia de San Román", "description": null, "timestamp": null, "begin": null, "end": null, "altitudeMode": null, "tessellate": -1, "extrude": 0, "visibility": -1, "drawOrder": null, "icon": null }, "geometry": null },
{ "type": "Feature", "properties": { "Name": "Iglesia de San Millán", "description": null, "timestamp": null, "begin": null, "end": null, "altitudeMode": null, "tessellate": -1, "extrude": 0, "visibility": -1, "drawOrder": null, "icon": null }, "geometry": null },
{ "type": "Feature", "properties": { "Name": "Ermita de la Soledad", "description": null, "timestamp": null, "begin": null, "end": null, "altitudeMode": null, "tessellate": -1, "extrude": 0, "visibility": -1, "drawOrder": null, "icon": null }, "geometry": null },
{ "type": "Feature", "properties": { "Name": "Iglesia de San Ginés", "description": null, "timestamp": null, "begin": null, "end": null, "altitudeMode": null, "tessellate": -1, "extrude": 0, "visibility": -1, "drawOrder": null, "icon": null }, "geometry": null },
{ "type": "Feature", "properties": { "Name": "Iglesia de San Cornelio y San Cipriano", "description": null, "timestamp": null, "begin": null, "end": null, "altitudeMode": null, "tessellate": -1, "extrude": 0, "visibility": -1, "drawOrder": null, "icon": null }, "geometry": null },
{ "type": "Feature", "properties": { "Name": "Iglesia de San Pedro", "description": null, "timestamp": null, "begin": null, "end": null, "altitudeMode": null, "tessellate": -1, "extrude": 0, "visibility": -1, "drawOrder": null, "icon": null }, "geometry": null },
{ "type": "Feature", "properties": { "Name": "Iglesia de la Natividad de Nuestra Señora", "description": null, "timestamp": null, "begin": null, "end": null, "altitudeMode": null, "tessellate": -1, "extrude": 0, "visibility": -1, "drawOrder": null, "icon": null }, "geometry": null },
{ "type": "Feature", "properties": { "Name": "Iglesia de Nuestra Señora de la Asunción", "description": null, "timestamp": null, "begin": null, "end": null, "altitudeMode": null, "tessellate": -1, "extrude": 0, "visibility": -1, "drawOrder": null, "icon": null }, "geometry": null },
{ "type": "Feature", "properties": { "Name": "Iglesia de la Degollación de San Juan Bautista", "description": null, "timestamp": null, "begin": null, "end": null, "altitudeMode": null, "tessellate": -1, "extrude": 0, "visibility": -1, "drawOrder": null, "icon": null }, "geometry": null },
{ "type": "Feature", "properties": { "Name": "Bartolome Deunaren Eliza/Iglesia de San Bartolomé", "description": null, "timestamp": null, "begin": null, "end": null, "altitudeMode": null, "tessellate": -1, "extrude": 0, "visibility": -1, "drawOrder": null, "icon": null }, "geometry": null },
{ "type": "Feature", "properties": { "Name": "Erroman Deunaren Eliza/Iglesia de San Román", "description": null, "timestamp": null, "begin": null, "end": null, "altitudeMode": null, "tessellate": -1, "extrude": 0, "visibility": -1, "drawOrder": null, "icon": null }, "geometry": null },
{ "type": "Feature", "properties": { "Name": "Ander Deuna Apostoluaren Eliza/Iglesia de San Andrés Apóstol", "description": null, "timestamp": null, "begin": null, "end": null, "altitudeMode": null, "tessellate": -1, "extrude": 0, "visibility": -1, "drawOrder": null, "icon": null }, "geometry": null },
{ "type": "Feature", "properties": { "Name": "Iglesia de San Andrés Apóstol", "description": null, "timestamp": null, "begin": null, "end": null, "altitudeMode": null, "tessellate": -1, "extrude": 0, "visibility": -1, "drawOrder": null, "icon": null }, "geometry": null },
{ "type": "Feature", "properties": { "Name": "Santuario de Nuestra Señora de Estíbaliz", "description": null, "timestamp": null, "begin": null, "end": null, "altitudeMode": null, "tessellate": -1, "extrude": 0, "visibility": -1, "drawOrder": null, "icon": null }, "geometry": null },
{ "type": "Feature", "properties": { "Name": "Erroman Deunaren Eliza/Iglesia de San Roman", "description": null, "timestamp": null, "begin": null, "end": null, "altitudeMode": null, "tessellate": -1, "extrude": 0, "visibility": -1, "drawOrder": null, "icon": null }, "geometry": null },
{ "type": "Feature", "properties": { "Name": "Iglesia de Nuestra Señora de la Asunción", "description": null, "timestamp": null, "begin": null, "end": null, "altitudeMode": null, "tessellate": -1, "extrude": 0, "visibility": -1, "drawOrder": null, "icon": null }, "geometry": null },
{ "type": "Feature", "properties": { "Name": "Iglesia de Santiago Apóstol", "description": null, "timestamp": null, "begin": null, "end": null, "altitudeMode": null, "tessellate": -1, "extrude": 0, "visibility": -1, "drawOrder": null, "icon": null }, "geometry": null },
{ "type": "Feature", "properties": { "Name": "Iglesia de San Cristóbal", "description": null, "timestamp": null, "begin": null, "end": null, "altitudeMode": null, "tessellate": -1, "extrude": 0, "visibility": -1, "drawOrder": null, "icon": null }, "geometry": null },
{ "type": "Feature", "properties": { "Name": "Done Bikendi Eliza/Iglesia de San Vicente", "description": null, "timestamp": null, "begin": null, "end": null, "altitudeMode": null, "tessellate": -1, "extrude": 0, "visibility": -1, "drawOrder": null, "icon": null }, "geometry": null },
{ "type": "Feature", "properties": { "Name": "Iglesia de San Martín", "description": null, "timestamp": null, "begin": null, "end": null, "altitudeMode": null, "tessellate": -1, "extrude": 0, "visibility": -1, "drawOrder": null, "icon": null }, "geometry": null },
{ "type": "Feature", "properties": { "Name": "Done Joan Batailatzearen Eliza/Iglesia de San Juan Bautista", "description": null, "timestamp": null, "begin": null, "end": null, "altitudeMode": null, "tessellate": -1, "extrude": 0, "visibility": -1, "drawOrder": null, "icon": null }, "geometry": null },
{ "type": "Feature", "properties": { "Name": "Iglesia de San Pedro", "description": null, "timestamp": null, "begin": null, "end": null, "altitudeMode": null, "tessellate": -1, "extrude": 0, "visibility": -1, "drawOrder": null, "icon": null }, "geometry": null },
{ "type": "Feature", "properties": { "Name": "Iglesia de Santa Eufemia", "description": null, "timestamp": null, "begin": null, "end": null, "altitudeMode": null, "tessellate": -1, "extrude": 0, "visibility": -1, "drawOrder": null, "icon": null }, "geometry": null },
{ "type": "Feature", "properties": { "Name": "Iglesia de San Martín", "description": null, "timestamp": null, "begin": null, "end": null, "altitudeMode": null, "tessellate": -1, "extrude": 0, "visibility": -1, "drawOrder": null, "icon": null }, "geometry": null },
{ "type": "Feature", "properties": { "Name": "Iglesia de la Asunción de Nuestra Señora", "description": null, "timestamp": null, "begin": null, "end": null, "altitudeMode": null, "tessellate": -1, "extrude": 0, "visibility": -1, "drawOrder": null, "icon": null }, "geometry": null },
{ "type": "Feature", "properties": { "Name": "Iglesia de San Juan Bautista", "description": null, "timestamp": null, "begin": null, "end": null, "altitudeMode": null, "tessellate": -1, "extrude": 0, "visibility": -1, "drawOrder": null, "icon": null }, "geometry": null },
{ "type": "Feature", "properties": { "Name": "Ermita de San Juan", "description": null, "timestamp": null, "begin": null, "end": null, "altitudeMode": null, "tessellate": -1, "extrude": 0, "visibility": -1, "drawOrder": null, "icon": null }, "geometry": null },
{ "type": "Feature", "properties": { "Name": "Iglesia de San Esteban", "description": null, "timestamp": null, "begin": null, "end": null, "altitudeMode": null, "tessellate": -1, "extrude": 0, "visibility": -1, "drawOrder": null, "icon": null }, "geometry": null },
{ "type": "Feature", "properties": { "Name": "Iglesia de San Vicente Mártir", "description": null, "timestamp": null, "begin": null, "end": null, "altitudeMode": null, "tessellate": -1, "extrude": 0, "visibility": -1, "drawOrder": null, "icon": null }, "geometry": null },
{ "type": "Feature", "properties": { "Name": "Iglesia de Nuestra Señora de la Asunción", "description": null, "timestamp": null, "begin": null, "end": null, "altitudeMode": null, "tessellate": -1, "extrude": 0, "visibility": -1, "drawOrder": null, "icon": null }, "geometry": null },
{ "type": "Feature", "properties": { "Name": "Iglesia de San Martín", "description": null, "timestamp": null, "begin": null, "end": null, "altitudeMode": null, "tessellate": -1, "extrude": 0, "visibility": -1, "drawOrder": null, "icon": null }, "geometry": null },
{ "type": "Feature", "properties": { "Name": "Iglesia de San Bartolomé", "description": null, "timestamp": null, "begin": null, "end": null, "altitudeMode": null, "tessellate": -1, "extrude": 0, "visibility": -1, "drawOrder": null, "icon": null }, "geometry": null },
{ "type": "Feature", "properties": { "Name": "Iglesia de San Lorenzo", "description": null, "timestamp": null, "begin": null, "end": null, "altitudeMode": null, "tessellate": -1, "extrude": 0, "visibility": -1, "drawOrder": null, "icon": null }, "geometry": null },
{ "type": "Feature", "properties": { "Name": "Iglesia de Nuestra Señora de la Asunción", "description": null, "timestamp": null, "begin": null, "end": null, "altitudeMode": null, "tessellate": -1, "extrude": 0, "visibility": -1, "drawOrder": null, "icon": null }, "geometry": null },
{ "type": "Feature", "properties": { "Name": "Iglesia de San Jorge", "description": null, "timestamp": null, "begin": null, "end": null, "altitudeMode": null, "tessellate": -1, "extrude": 0, "visibility": -1, "drawOrder": null, "icon": null }, "geometry": null },
{ "type": "Feature", "properties": { "Name": "Iglesia de San Jorge", "description": null, "timestamp": null, "begin": null, "end": null, "altitudeMode": null, "tessellate": -1, "extrude": 0, "visibility": -1, "drawOrder": null, "icon": null }, "geometry": null },
{ "type": "Feature", "properties": { "Name": "Ermita de Santa María de Tobera", "description": null, "timestamp": null, "begin": null, "end": null, "altitudeMode": null, "tessellate": -1, "extrude": 0, "visibility": -1, "drawOrder": null, "icon": null }, "geometry": null },
{ "type": "Feature", "properties": { "Name": "Iglesia de San Román", "description": null, "timestamp": null, "begin": null, "end": null, "altitudeMode": null, "tessellate": -1, "extrude": 0, "visibility": -1, "drawOrder": null, "icon": null }, "geometry": null },
{ "type": "Feature", "properties": { "Name": "Olaia Donea Eliza/Iglesia de Santa Eulalia", "description": null, "timestamp": null, "begin": null, "end": null, "altitudeMode": null, "tessellate": -1, "extrude": 0, "visibility": -1, "drawOrder": null, "icon": null }, "geometry": null },
{ "type": "Feature", "properties": { "Name": "Ermita Andra Mari", "description": null, "timestamp": null, "begin": null, "end": null, "altitudeMode": null, "tessellate": -1, "extrude": 0, "visibility": -1, "drawOrder": null, "icon": null }, "geometry": null },
{ "type": "Feature", "properties": { "Name": "Iglesia de San Esteban", "description": null, "timestamp": null, "begin": null, "end": null, "altitudeMode": null, "tessellate": -1, "extrude": 0, "visibility": -1, "drawOrder": null, "icon": null }, "geometry": null },
{ "type": "Feature", "properties": { "Name": "Iglesia de San Quirico y Julita", "description": null, "timestamp": null, "begin": null, "end": null, "altitudeMode": null, "tessellate": -1, "extrude": 0, "visibility": -1, "drawOrder": null, "icon": null }, "geometry": null },
{ "type": "Feature", "properties": { "Name": "Iglesia San Juan Bautista", "description": null, "timestamp": null, "begin": null, "end": null, "altitudeMode": null, "tessellate": -1, "extrude": 0, "visibility": -1, "drawOrder": null, "icon": null }, "geometry": null },
{ "type": "Feature", "properties": { "Name": "Iglesia de San Millán", "description": null, "timestamp": null, "begin": null, "end": null, "altitudeMode": null, "tessellate": -1, "extrude": 0, "visibility": -1, "drawOrder": null, "icon": null }, "geometry": null },
{ "type": "Feature", "properties": { "Name": "Iglesia de San Andrés", "description": null, "timestamp": null, "begin": null, "end": null, "altitudeMode": null, "tessellate": -1, "extrude": 0, "visibility": -1, "drawOrder": null, "icon": null }, "geometry": null },
{ "type": "Feature", "properties": { "Name": "Iglesia de San Pedro Apóstol", "description": null, "timestamp": null, "begin": null, "end": null, "altitudeMode": null, "tessellate": -1, "extrude": 0, "visibility": -1, "drawOrder": null, "icon": null }, "geometry": null },
{ "type": "Feature", "properties": { "Name": "Iglesia de San Andrés", "description": null, "timestamp": null, "begin": null, "end": null, "altitudeMode": null, "tessellate": -1, "extrude": 0, "visibility": -1, "drawOrder": null, "icon": null }, "geometry": null },
{ "type": "Feature", "properties": { "Name": "Ermita de San Esteban", "description": null, "timestamp": null, "begin": null, "end": null, "altitudeMode": null, "tessellate": -1, "extrude": 0, "visibility": -1, "drawOrder": null, "icon": null }, "geometry": null },
{ "type": "Feature", "properties": { "Name": "Iglesia de Santo Tomé el Viejo", "description": null, "timestamp": null, "begin": null, "end": null, "altitudeMode": null, "tessellate": -1, "extrude": 0, "visibility": -1, "drawOrder": null, "icon": null }, "geometry": null },
{ "type": "Feature", "properties": { "Name": "Iglesia de San Nicolás", "description": null, "timestamp": null, "begin": null, "end": null, "altitudeMode": null, "tessellate": -1, "extrude": 0, "visibility": -1, "drawOrder": null, "icon": null }, "geometry": null },
{ "type": "Feature", "properties": { "Name": "Iglesia de San Martín", "description": null, "timestamp": null, "begin": null, "end": null, "altitudeMode": null, "tessellate": -1, "extrude": 0, "visibility": -1, "drawOrder": null, "icon": null }, "geometry": null },
{ "type": "Feature", "properties": { "Name": "Frontón de la Iglesia Mediana de Voltoya", "description": null, "timestamp": null, "begin": null, "end": null, "altitudeMode": null, "tessellate": -1, "extrude": 0, "visibility": -1, "drawOrder": null, "icon": null }, "geometry": null },
{ "type": "Feature", "properties": { "Name": "Iglesia de San Juan del Mercado", "description": null, "timestamp": null, "begin": null, "end": null, "altitudeMode": null, "tessellate": -1, "extrude": 0, "visibility": -1, "drawOrder": null, "icon": null }, "geometry": null },
{ "type": "Feature", "properties": { "Name": "Iglesia Parroquial de Santa María", "description": null, "timestamp": null, "begin": null, "end": null, "altitudeMode": null, "tessellate": -1, "extrude": 0, "visibility": -1, "drawOrder": null, "icon": null }, "geometry": null },
{ "type": "Feature", "properties": { "Name": "Iglesia de San Cipriano", "description": null, "timestamp": null, "begin": null, "end": null, "altitudeMode": null, "tessellate": -1, "extrude": 0, "visibility": -1, "drawOrder": null, "icon": null }, "geometry": null },
{ "type": "Feature", "properties": { "Name": "Iglesia de Santo Tomé (Museo Diocesano)", "description": null, "timestamp": null, "begin": null, "end": null, "altitudeMode": null, "tessellate": -1, "extrude": 0, "visibility": -1, "drawOrder": null, "icon": null }, "geometry": null },
{ "type": "Feature", "properties": { "Name": "Iglesia de Santiago el Viejo o de los Caballeros", "description": null, "timestamp": null, "begin": null, "end": null, "altitudeMode": null, "tessellate": -1, "extrude": 0, "visibility": -1, "drawOrder": null, "icon": null }, "geometry": null },
{ "type": "Feature", "properties": { "Name": "Iglesia de la Presentación de Nuestra Señora", "description": null, "timestamp": null, "begin": null, "end": null, "altitudeMode": null, "tessellate": -1, "extrude": 0, "visibility": -1, "drawOrder": null, "icon": null }, "geometry": null },
{ "type": "Feature", "properties": { "Name": "Iglesia de San Claudio de Olivares", "description": null, "timestamp": null, "begin": null, "end": null, "altitudeMode": null, "tessellate": -1, "extrude": 0, "visibility": -1, "drawOrder": null, "icon": null }, "geometry": null },
{ "type": "Feature", "properties": { "Name": "Iglesia de Santa María la Nueva", "description": null, "timestamp": null, "begin": null, "end": null, "altitudeMode": null, "tessellate": -1, "extrude": 0, "visibility": -1, "drawOrder": null, "icon": null }, "geometry": null },
{ "type": "Feature", "properties": { "Name": "Iglesia de San Andrés", "description": null, "timestamp": null, "begin": null, "end": null, "altitudeMode": null, "tessellate": -1, "extrude": 0, "visibility": -1, "drawOrder": null, "icon": null }, "geometry": null },
{ "type": "Feature", "properties": { "Name": "Iglesia de San Cosme y San Damián", "description": null, "timestamp": null, "begin": null, "end": null, "altitudeMode": null, "tessellate": -1, "extrude": 0, "visibility": -1, "drawOrder": null, "icon": null }, "geometry": null },
{ "type": "Feature", "properties": { "Name": "Iglesia de San Cipriano", "description": null, "timestamp": null, "begin": null, "end": null, "altitudeMode": null, "tessellate": -1, "extrude": 0, "visibility": -1, "drawOrder": null, "icon": null }, "geometry": null },
{ "type": "Feature", "properties": { "Name": "Iglesia de San Cipriano", "description": null, "timestamp": null, "begin": null, "end": null, "altitudeMode": null, "tessellate": -1, "extrude": 0, "visibility": -1, "drawOrder": null, "icon": null }, "geometry": null },
{ "type": "Feature", "properties": { "Name": "Iglesia de San Julián", "description": null, "timestamp": null, "begin": null, "end": null, "altitudeMode": null, "tessellate": -1, "extrude": 0, "visibility": -1, "drawOrder": null, "icon": null }, "geometry": null },
{ "type": "Feature", "properties": { "Name": "Cementerio de Cabezón de Liébana (antigua ermita románica)", "description": null, "timestamp": null, "begin": null, "end": null, "altitudeMode": null, "tessellate": -1, "extrude": 0, "visibility": -1, "drawOrder": null, "icon": null }, "geometry": null },
{ "type": "Feature", "properties": { "Name": "Colegiata de San Pedro de Cervatos", "description": null, "timestamp": null, "begin": null, "end": null, "altitudeMode": null, "tessellate": -1, "extrude": 0, "visibility": -1, "drawOrder": null, "icon": null }, "geometry": null },
{ "type": "Feature", "properties": { "Name": "Iglesia de San Andrés", "description": null, "timestamp": null, "begin": null, "end": null, "altitudeMode": null, "tessellate": -1, "extrude": 0, "visibility": -1, "drawOrder": null, "icon": null }, "geometry": null },
{ "type": "Feature", "properties": { "Name": "Parroquia de Santa María", "description": null, "timestamp": null, "begin": null, "end": null, "altitudeMode": null, "tessellate": -1, "extrude": 0, "visibility": -1, "drawOrder": null, "icon": null }, "geometry": null },
{ "type": "Feature", "properties": { "Name": "Ermita de San Román de Escalante", "description": null, "timestamp": null, "begin": null, "end": null, "altitudeMode": null, "tessellate": -1, "extrude": 0, "visibility": -1, "drawOrder": null, "icon": null }, "geometry": null },
{ "type": "Feature", "properties": { "Name": "Iglesia de Nuestra Señora de los Caballeros", "description": null, "timestamp": null, "begin": null, "end": null, "altitudeMode": null, "tessellate": -1, "extrude": 0, "visibility": -1, "drawOrder": null, "icon": null }, "geometry": null },
{ "type": "Feature", "properties": { "Name": "Ermita de San Nicolás", "description": null, "timestamp": null, "begin": null, "end": null, "altitudeMode": null, "tessellate": -1, "extrude": 0, "visibility": -1, "drawOrder": null, "icon": null }, "geometry": null },
{ "type": "Feature", "properties": { "Name": "Ermita de Nuestra Señora de 'El Endrinal'", "description": null, "timestamp": null, "begin": null, "end": null, "altitudeMode": null, "tessellate": -1, "extrude": 0, "visibility": -1, "drawOrder": null, "icon": null }, "geometry": null },
{ "type": "Feature", "properties": { "Name": "Iglesia de Santa Juliana", "description": null, "timestamp": null, "begin": null, "end": null, "altitudeMode": null, "tessellate": -1, "extrude": 0, "visibility": -1, "drawOrder": null, "icon": null }, "geometry": null },
{ "type": "Feature", "properties": { "Name": "Iglesia de Santa María la Real", "description": null, "timestamp": null, "begin": null, "end": null, "altitudeMode": null, "tessellate": -1, "extrude": 0, "visibility": -1, "drawOrder": null, "icon": null }, "geometry": null },
{ "type": "Feature", "properties": { "Name": "Ermita de San Juan. Restos románicos", "description": null, "timestamp": null, "begin": null, "end": null, "altitudeMode": null, "tessellate": -1, "extrude": 0, "visibility": -1, "drawOrder": null, "icon": null }, "geometry": null },
{ "type": "Feature", "properties": { "Name": "Iglesia de San Juan Bautista", "description": null, "timestamp": null, "begin": null, "end": null, "altitudeMode": null, "tessellate": -1, "extrude": 0, "visibility": -1, "drawOrder": null, "icon": null }, "geometry": null },
{ "type": "Feature", "properties": { "Name": "Iglesia de San Sebastián", "description": null, "timestamp": null, "begin": null, "end": null, "altitudeMode": null, "tessellate": -1, "extrude": 0, "visibility": -1, "drawOrder": null, "icon": null }, "geometry": null },
{ "type": "Feature", "properties": { "Name": "Ermita de San Miguel", "description": null, "timestamp": null, "begin": null, "end": null, "altitudeMode": null, "tessellate": -1, "extrude": 0, "visibility": -1, "drawOrder": null, "icon": null }, "geometry": null },
{ "type": "Feature", "properties": { "Name": "Iglesia de Santa María de Piasca", "description": null, "timestamp": null, "begin": null, "end": null, "altitudeMode": null, "tessellate": -1, "extrude": 0, "visibility": -1, "drawOrder": null, "icon": null }, "geometry": null },
{ "type": "Feature", "properties": { "Name": "Iglesia de Santa María", "description": null, "timestamp": null, "begin": null, "end": null, "altitudeMode": null, "tessellate": -1, "extrude": 0, "visibility": -1, "drawOrder": null, "icon": null }, "geometry": null },
{ "type": "Feature", "properties": { "Name": "Iglesia San Andrés", "description": null, "timestamp": null, "begin": null, "end": null, "altitudeMode": null, "tessellate": -1, "extrude": 0, "visibility": -1, "drawOrder": null, "icon": null }, "geometry": null },
{ "type": "Feature", "properties": { "Name": "Iglesia de San Pedro", "description": null, "timestamp": null, "begin": null, "end": null, "altitudeMode": null, "tessellate": -1, "extrude": 0, "visibility": -1, "drawOrder": null, "icon": null }, "geometry": null },
{ "type": "Feature", "properties": { "Name": "Iglesia de San Andrés", "description": null, "timestamp": null, "begin": null, "end": null, "altitudeMode": null, "tessellate": -1, "extrude": 0, "visibility": -1, "drawOrder": null, "icon": null }, "geometry": null },
{ "type": "Feature", "properties": { "Name": "Iglesia de San Juan Bautista", "description": null, "timestamp": null, "begin": null, "end": null, "altitudeMode": null, "tessellate": -1, "extrude": 0, "visibility": -1, "drawOrder": null, "icon": null }, "geometry": null },
{ "type": "Feature", "properties": { "Name": "San Martín de Elines", "description": null, "timestamp": null, "begin": null, "end": null, "altitudeMode": null, "tessellate": -1, "extrude": 0, "visibility": -1, "drawOrder": null, "icon": null }, "geometry": null },
{ "type": "Feature", "properties": { "Name": "Iglesia de San Martín", "description": null, "timestamp": null, "begin": null, "end": null, "altitudeMode": null, "tessellate": -1, "extrude": 0, "visibility": -1, "drawOrder": null, "icon": null }, "geometry": null },
{ "type": "Feature", "properties": { "Name": "Iglesia de Nuestra Señora de los Ángeles", "description": null, "timestamp": null, "begin": null, "end": null, "altitudeMode": null, "tessellate": -1, "extrude": 0, "visibility": -1, "drawOrder": null, "icon": null }, "geometry": null },
{ "type": "Feature", "properties": { "Name": "Colegiata de Santa Juliana de Santillana del Mar", "description": null, "timestamp": null, "begin": null, "end": null, "altitudeMode": null, "tessellate": -1, "extrude": 0, "visibility": -1, "drawOrder": null, "icon": null }, "geometry": null },
{ "type": "Feature", "properties": { "Name": "Iglesia de San Tirso", "description": null, "timestamp": null, "begin": null, "end": null, "altitudeMode": null, "tessellate": -1, "extrude": 0, "visibility": -1, "drawOrder": null, "icon": null }, "geometry": null },
{ "type": "Feature", "properties": { "Name": "Iglesia románica de San Facundo y San Primitivo", "description": null, "timestamp": null, "begin": null, "end": null, "altitudeMode": null, "tessellate": -1, "extrude": 0, "visibility": -1, "drawOrder": null, "icon": null }, "geometry": null },
{ "type": "Feature", "properties": { "Name": "Iglesia de Santa María", "description": null, "timestamp": null, "begin": null, "end": null, "altitudeMode": null, "tessellate": -1, "extrude": 0, "visibility": -1, "drawOrder": null, "icon": null }, "geometry": null },
{ "type": "Feature", "properties": { "Name": "Iglesia de La Purísima o de San Martín", "description": null, "timestamp": null, "begin": null, "end": null, "altitudeMode": null, "tessellate": -1, "extrude": 0, "visibility": -1, "drawOrder": null, "icon": null }, "geometry": null },
{ "type": "Feature", "properties": { "Name": "Colegiata de Santa Cruz de Castañeda", "description": null, "timestamp": null, "begin": null, "end": null, "altitudeMode": null, "tessellate": -1, "extrude": 0, "visibility": -1, "drawOrder": null, "icon": null }, "geometry": null },
{ "type": "Feature", "properties": { "Name": "Iglesia de Santa María la Mayor", "description": null, "timestamp": null, "begin": null, "end": null, "altitudeMode": null, "tessellate": -1, "extrude": 0, "visibility": -1, "drawOrder": null, "icon": null }, "geometry": null },
{ "type": "Feature", "properties": { "Name": "Iglesia de San Juan Bautista", "description": null, "timestamp": null, "begin": null, "end": null, "altitudeMode": null, "tessellate": -1, "extrude": 0, "visibility": -1, "drawOrder": null, "icon": null }, "geometry": null },
{ "type": "Feature", "properties": { "Name": "Iglesia de San Juan Bautista", "description": null, "timestamp": null, "begin": null, "end": null, "altitudeMode": null, "tessellate": -1, "extrude": 0, "visibility": -1, "drawOrder": null, "icon": null }, "geometry": null },
{ "type": "Feature", "properties": { "Name": "Iglesia de El Salvador", "description": null, "timestamp": null, "begin": null, "end": null, "altitudeMode": null, "tessellate": -1, "extrude": 0, "visibility": -1, "drawOrder": null, "icon": null }, "geometry": null },
{ "type": "Feature", "properties": { "Name": "Iglesia de Santa María", "description": null, "timestamp": null, "begin": null, "end": null, "altitudeMode": null, "tessellate": -1, "extrude": 0, "visibility": -1, "drawOrder": null, "icon": null }, "geometry": null },
{ "type": "Feature", "properties": { "Name": "Ermita de San Pedro de Abrisketa", "description": null, "timestamp": null, "begin": null, "end": null, "altitudeMode": null, "tessellate": -1, "extrude": 0, "visibility": -1, "drawOrder": null, "icon": null }, "geometry": null },
{ "type": "Feature", "properties": { "Name": "Iglesia de San Juan Evangelista", "description": null, "timestamp": null, "begin": null, "end": null, "altitudeMode": null, "tessellate": -1, "extrude": 0, "visibility": -1, "drawOrder": null, "icon": null }, "geometry": null },
{ "type": "Feature", "properties": { "Name": "Ermita de San Cristobal y Santa Lucía", "description": null, "timestamp": null, "begin": null, "end": null, "altitudeMode": null, "tessellate": -1, "extrude": 0, "visibility": -1, "drawOrder": null, "icon": null }, "geometry": null },
{ "type": "Feature", "properties": { "Name": "Iglesia de Santa María de La Asunción", "description": null, "timestamp": null, "begin": null, "end": null, "altitudeMode": null, "tessellate": -1, "extrude": 0, "visibility": -1, "drawOrder": null, "icon": null }, "geometry": null },
{ "type": "Feature", "properties": { "Name": "Tomas Deunaren Eliza/Iglesia de Santo Tomás", "description": null, "timestamp": null, "begin": null, "end": null, "altitudeMode": null, "tessellate": -1, "extrude": 0, "visibility": -1, "drawOrder": null, "icon": null }, "geometry": null },
{ "type": "Feature", "properties": { "Name": "Iglesia de San Pedro de Izurieta", "description": null, "timestamp": null, "begin": null, "end": null, "altitudeMode": null, "tessellate": -1, "extrude": 0, "visibility": -1, "drawOrder": null, "icon": null }, "geometry": null },
{ "type": "Feature", "properties": { "Name": "Iglesia de Santa María La Mayor", "description": null, "timestamp": null, "begin": null, "end": null, "altitudeMode": null, "tessellate": -1, "extrude": 0, "visibility": -1, "drawOrder": null, "icon": null }, "geometry": null },
{ "type": "Feature", "properties": { "Name": "Iglesia de San Martín. Ruinas", "description": null, "timestamp": null, "begin": null, "end": null, "altitudeMode": null, "tessellate": -1, "extrude": 0, "visibility": -1, "drawOrder": null, "icon": null }, "geometry": null },
{ "type": "Feature", "properties": { "Name": "Iglesia de San Cristóbal", "description": null, "timestamp": null, "begin": null, "end": null, "altitudeMode": null, "tessellate": -1, "extrude": 0, "visibility": -1, "drawOrder": null, "icon": null }, "geometry": null },
{ "type": "Feature", "properties": { "Name": "Iglesia de Nuestra Señora de la Asunción", "description": null, "timestamp": null, "begin": null, "end": null, "altitudeMode": null, "tessellate": -1, "extrude": 0, "visibility": -1, "drawOrder": null, "icon": null }, "geometry": null },
{ "type": "Feature", "properties": { "Name": "Iglesia de Santa Eulalia de Mérida", "description": null, "timestamp": null, "begin": null, "end": null, "altitudeMode": null, "tessellate": -1, "extrude": 0, "visibility": -1, "drawOrder": null, "icon": null }, "geometry": null },
{ "type": "Feature", "properties": { "Name": "Iglesia de San Miguel Arcángel", "description": null, "timestamp": null, "begin": null, "end": null, "altitudeMode": null, "tessellate": -1, "extrude": 0, "visibility": -1, "drawOrder": null, "icon": null }, "geometry": null },
{ "type": "Feature", "properties": { "Name": "Iglesia de San Esteban Protomártir", "description": null, "timestamp": null, "begin": null, "end": null, "altitudeMode": null, "tessellate": -1, "extrude": 0, "visibility": -1, "drawOrder": null, "icon": null }, "geometry": null },
{ "type": "Feature", "properties": { "Name": "Iglesia de San Martín Obispo", "description": null, "timestamp": null, "begin": null, "end": null, "altitudeMode": null, "tessellate": -1, "extrude": 0, "visibility": -1, "drawOrder": null, "icon": null }, "geometry": null },
{ "type": "Feature", "properties": { "Name": "Iglesia de San Miguel Arcángel", "description": null, "timestamp": null, "begin": null, "end": null, "altitudeMode": null, "tessellate": -1, "extrude": 0, "visibility": -1, "drawOrder": null, "icon": null }, "geometry": null },
{ "type": "Feature", "properties": { "Name": "Iglesia de San Pelayo, Parroquia de San Pelayo y de La Asunción", "description": null, "timestamp": null, "begin": null, "end": null, "altitudeMode": null, "tessellate": -1, "extrude": 0, "visibility": -1, "drawOrder": null, "icon": null }, "geometry": null },
{ "type": "Feature", "properties": { "Name": "Iglesia de Nuestra Señora de la Asunción", "description": null, "timestamp": null, "begin": null, "end": null, "altitudeMode": null, "tessellate": -1, "extrude": 0, "visibility": -1, "drawOrder": null, "icon": null }, "geometry": null },
{ "type": "Feature", "properties": { "Name": "Iglesia de San Antolín", "description": null, "timestamp": null, "begin": null, "end": null, "altitudeMode": null, "tessellate": -1, "extrude": 0, "visibility": -1, "drawOrder": null, "icon": null }, "geometry": null },
{ "type": "Feature", "properties": { "Name": "Ermita de los Santos Cosme y Damián", "description": null, "timestamp": null, "begin": null, "end": null, "altitudeMode": null, "tessellate": -1, "extrude": 0, "visibility": -1, "drawOrder": null, "icon": null }, "geometry": null },
{ "type": "Feature", "properties": { "Name": "Ermita de Nuestra Señora de las Nieves", "description": null, "timestamp": null, "begin": null, "end": null, "altitudeMode": null, "tessellate": -1, "extrude": 0, "visibility": -1, "drawOrder": null, "icon": null }, "geometry": null },
{ "type": "Feature", "properties": { "Name": "Ermita de Santa Julita y San Quirico", "description": null, "timestamp": null, "begin": null, "end": null, "altitudeMode": null, "tessellate": -1, "extrude": 0, "visibility": -1, "drawOrder": null, "icon": null }, "geometry": null },
{ "type": "Feature", "properties": { "Name": "Cementerio (antigua iglesia de Nuestra Señora de la Asunción)", "description": null, "timestamp": null, "begin": null, "end": null, "altitudeMode": null, "tessellate": -1, "extrude": 0, "visibility": -1, "drawOrder": null, "icon": null }, "geometry": null },
{ "type": "Feature", "properties": { "Name": "Iglesia de Santa Marina", "description": null, "timestamp": null, "begin": null, "end": null, "altitudeMode": null, "tessellate": -1, "extrude": 0, "visibility": -1, "drawOrder": null, "icon": null }, "geometry": null },
{ "type": "Feature", "properties": { "Name": "Iglesia de Santo Tomás", "description": null, "timestamp": null, "begin": null, "end": null, "altitudeMode": null, "tessellate": -1, "extrude": 0, "visibility": -1, "drawOrder": null, "icon": null }, "geometry": null },
{ "type": "Feature", "properties": { "Name": "Iglesia de San Miguel Arcángel", "description": null, "timestamp": null, "begin": null, "end": null, "altitudeMode": null, "tessellate": -1, "extrude": 0, "visibility": -1, "drawOrder": null, "icon": null }, "geometry": null },
{ "type": "Feature", "properties": { "Name": "Ermita de la Virgen del Carmen", "description": null, "timestamp": null, "begin": null, "end": null, "altitudeMode": null, "tessellate": -1, "extrude": 0, "visibility": -1, "drawOrder": null, "icon": null }, "geometry": null },
{ "type": "Feature", "properties": { "Name": "Iglesia de San Pedro", "description": null, "timestamp": null, "begin": null, "end": null, "altitudeMode": null, "tessellate": -1, "extrude": 0, "visibility": -1, "drawOrder": null, "icon": null }, "geometry": null },
{ "type": "Feature", "properties": { "Name": "Iglesia de San Julián y Santa Basilisa", "description": null, "timestamp": null, "begin": null, "end": null, "altitudeMode": null, "tessellate": -1, "extrude": 0, "visibility": -1, "drawOrder": null, "icon": null }, "geometry": null },
{ "type": "Feature", "properties": { "Name": "Iglesia de San Martín de Tours", "description": null, "timestamp": null, "begin": null, "end": null, "altitudeMode": null, "tessellate": -1, "extrude": 0, "visibility": -1, "drawOrder": null, "icon": null }, "geometry": null },
{ "type": "Feature", "properties": { "Name": "Iglesia de San Vicente", "description": null, "timestamp": null, "begin": null, "end": null, "altitudeMode": null, "tessellate": -1, "extrude": 0, "visibility": -1, "drawOrder": null, "icon": null }, "geometry": null },
{ "type": "Feature", "properties": { "Name": "Iglesia de San Sebastián", "description": null, "timestamp": null, "begin": null, "end": null, "altitudeMode": null, "tessellate": -1, "extrude": 0, "visibility": -1, "drawOrder": null, "icon": null }, "geometry": null },
{ "type": "Feature", "properties": { "Name": "Iglesia de San Juan Bautista", "description": null, "timestamp": null, "begin": null, "end": null, "altitudeMode": null, "tessellate": -1, "extrude": 0, "visibility": -1, "drawOrder": null, "icon": null }, "geometry": null },
{ "type": "Feature", "properties": { "Name": "Iglesia de Santa Eulalia", "description": null, "timestamp": null, "begin": null, "end": null, "altitudeMode": null, "tessellate": -1, "extrude": 0, "visibility": -1, "drawOrder": null, "icon": null }, "geometry": null },
{ "type": "Feature", "properties": { "Name": "Iglesia de Santa María", "description": null, "timestamp": null, "begin": null, "end": null, "altitudeMode": null, "tessellate": -1, "extrude": 0, "visibility": -1, "drawOrder": null, "icon": null }, "geometry": null },
{ "type": "Feature", "properties": { "Name": "Iglesia de Santa María la Mayor", "description": null, "timestamp": null, "begin": null, "end": null, "altitudeMode": null, "tessellate": -1, "extrude": 0, "visibility": -1, "drawOrder": null, "icon": null }, "geometry": null },
{ "type": "Feature", "properties": { "Name": "Iglesia de Nuestra Señora de la Asunción", "description": null, "timestamp": null, "begin": null, "end": null, "altitudeMode": null, "tessellate": -1, "extrude": 0, "visibility": -1, "drawOrder": null, "icon": null }, "geometry": null },
{ "type": "Feature", "properties": { "Name": "Iglesia de San Facundo y San Primitivo", "description": null, "timestamp": null, "begin": null, "end": null, "altitudeMode": null, "tessellate": -1, "extrude": 0, "visibility": -1, "drawOrder": null, "icon": null }, "geometry": null },
{ "type": "Feature", "properties": { "Name": "Iglesia de San Esteban", "description": null, "timestamp": null, "begin": null, "end": null, "altitudeMode": null, "tessellate": -1, "extrude": 0, "visibility": -1, "drawOrder": null, "icon": null }, "geometry": null },
{ "type": "Feature", "properties": { "Name": "Iglesia de San Millán Abad", "description": null, "timestamp": null, "begin": null, "end": null, "altitudeMode": null, "tessellate": -1, "extrude": 0, "visibility": -1, "drawOrder": null, "icon": null }, "geometry": null },
{ "type": "Feature", "properties": { "Name": "Iglesia de San Cristóbal", "description": null, "timestamp": null, "begin": null, "end": null, "altitudeMode": null, "tessellate": -1, "extrude": 0, "visibility": -1, "drawOrder": null, "icon": null }, "geometry": null },
{ "type": "Feature", "properties": { "Name": "Iglesia de Santa María", "description": null, "timestamp": null, "begin": null, "end": null, "altitudeMode": null, "tessellate": -1, "extrude": 0, "visibility": -1, "drawOrder": null, "icon": null }, "geometry": null },
{ "type": "Feature", "properties": { "Name": "Ermita del Santo Cristo de San Sebastián", "description": null, "timestamp": null, "begin": null, "end": null, "altitudeMode": null, "tessellate": -1, "extrude": 0, "visibility": -1, "drawOrder": null, "icon": null }, "geometry": null },
{ "type": "Feature", "properties": { "Name": "Iglesia de la Inmaculada Concepción", "description": null, "timestamp": null, "begin": null, "end": null, "altitudeMode": null, "tessellate": -1, "extrude": 0, "visibility": -1, "drawOrder": null, "icon": null }, "geometry": null },
{ "type": "Feature", "properties": { "Name": "Iglesia de San Pantaleón", "description": null, "timestamp": null, "begin": null, "end": null, "altitudeMode": null, "tessellate": -1, "extrude": 0, "visibility": -1, "drawOrder": null, "icon": null }, "geometry": null },
{ "type": "Feature", "properties": { "Name": "Ermita de Nuestra Señora de Camporredondo", "description": null, "timestamp": null, "begin": null, "end": null, "altitudeMode": null, "tessellate": -1, "extrude": 0, "visibility": -1, "drawOrder": null, "icon": null }, "geometry": null },
{ "type": "Feature", "properties": { "Name": "Iglesia de San Nicolás de Bari", "description": null, "timestamp": null, "begin": null, "end": null, "altitudeMode": null, "tessellate": -1, "extrude": 0, "visibility": -1, "drawOrder": null, "icon": null }, "geometry": null },
{ "type": "Feature", "properties": { "Name": "Iglesia de San Salvador", "description": null, "timestamp": null, "begin": null, "end": null, "altitudeMode": null, "tessellate": -1, "extrude": 0, "visibility": -1, "drawOrder": null, "icon": null }, "geometry": null },
{ "type": "Feature", "properties": { "Name": "Iglesia de Santa Cruz", "description": null, "timestamp": null, "begin": null, "end": null, "altitudeMode": null, "tessellate": -1, "extrude": 0, "visibility": -1, "drawOrder": null, "icon": null }, "geometry": null },
{ "type": "Feature", "properties": { "Name": "Ermita de Nuestra Señora de la Oliva", "description": null, "timestamp": null, "begin": null, "end": null, "altitudeMode": null, "tessellate": -1, "extrude": 0, "visibility": -1, "drawOrder": null, "icon": null }, "geometry": null },
{ "type": "Feature", "properties": { "Name": "Iglesia de San Millán", "description": null, "timestamp": null, "begin": null, "end": null, "altitudeMode": null, "tessellate": -1, "extrude": 0, "visibility": -1, "drawOrder": null, "icon": null }, "geometry": null },
{ "type": "Feature", "properties": { "Name": "Iglesia de San Millán", "description": null, "timestamp": null, "begin": null, "end": null, "altitudeMode": null, "tessellate": -1, "extrude": 0, "visibility": -1, "drawOrder": null, "icon": null }, "geometry": null },
{ "type": "Feature", "properties": { "Name": "Iglesia de Nuestra Señora de la Asunción", "description": null, "timestamp": null, "begin": null, "end": null, "altitudeMode": null, "tessellate": -1, "extrude": 0, "visibility": -1, "drawOrder": null, "icon": null }, "geometry": null },
{ "type": "Feature", "properties": { "Name": "Iglesia de San Pedro y San Pablo", "description": null, "timestamp": null, "begin": null, "end": null, "altitudeMode": null, "tessellate": -1, "extrude": 0, "visibility": -1, "drawOrder": null, "icon": null }, "geometry": null },
{ "type": "Feature", "properties": { "Name": "Iglesia de Santiago Apóstol", "description": null, "timestamp": null, "begin": null, "end": null, "altitudeMode": null, "tessellate": -1, "extrude": 0, "visibility": -1, "drawOrder": null, "icon": null }, "geometry": null },
{ "type": "Feature", "properties": { "Name": "Iglesia de San Martín", "description": null, "timestamp": null, "begin": null, "end": null, "altitudeMode": null, "tessellate": -1, "extrude": 0, "visibility": -1, "drawOrder": null, "icon": null }, "geometry": null },
{ "type": "Feature", "properties": { "Name": "Monasterio de San Pedro de Arlanza", "description": null, "timestamp": null, "begin": null, "end": null, "altitudeMode": null, "tessellate": -1, "extrude": 0, "visibility": -1, "drawOrder": null, "icon": null }, "geometry": null },
{ "type": "Feature", "properties": { "Name": "Iglesia de la Santa Cruz", "description": null, "timestamp": null, "begin": null, "end": null, "altitudeMode": null, "tessellate": -1, "extrude": 0, "visibility": -1, "drawOrder": null, "icon": null }, "geometry": null },
{ "type": "Feature", "properties": { "Name": "Iglesia de San Cornelio y San Cipriano", "description": null, "timestamp": null, "begin": null, "end": null, "altitudeMode": null, "tessellate": -1, "extrude": 0, "visibility": -1, "drawOrder": null, "icon": null }, "geometry": null },
{ "type": "Feature", "properties": { "Name": "Ermita de Santa María", "description": null, "timestamp": null, "begin": null, "end": null, "altitudeMode": null, "tessellate": -1, "extrude": 0, "visibility": -1, "drawOrder": null, "icon": null }, "geometry": null },
{ "type": "Feature", "properties": { "Name": "Iglesia de San Clemente", "description": null, "timestamp": null, "begin": null, "end": null, "altitudeMode": null, "tessellate": -1, "extrude": 0, "visibility": -1, "drawOrder": null, "icon": null }, "geometry": null },
{ "type": "Feature", "properties": { "Name": "Iglesia de Santiago Apóstol", "description": null, "timestamp": null, "begin": null, "end": null, "altitudeMode": null, "tessellate": -1, "extrude": 0, "visibility": -1, "drawOrder": null, "icon": null }, "geometry": null },
{ "type": "Feature", "properties": { "Name": "Iglesia de Santa María", "description": null, "timestamp": null, "begin": null, "end": null, "altitudeMode": null, "tessellate": -1, "extrude": 0, "visibility": -1, "drawOrder": null, "icon": null }, "geometry": null },
{ "type": "Feature", "properties": { "Name": "Iglesia de Nuestra Señora de la Asunción", "description": null, "timestamp": null, "begin": null, "end": null, "altitudeMode": null, "tessellate": -1, "extrude": 0, "visibility": -1, "drawOrder": null, "icon": null }, "geometry": null },
{ "type": "Feature", "properties": { "Name": "Iglesia de San Román", "description": null, "timestamp": null, "begin": null, "end": null, "altitudeMode": null, "tessellate": -1, "extrude": 0, "visibility": -1, "drawOrder": null, "icon": null }, "geometry": null },
{ "type": "Feature", "properties": { "Name": "Iglesia de San Saturnino", "description": null, "timestamp": null, "begin": null, "end": null, "altitudeMode": null, "tessellate": -1, "extrude": 0, "visibility": -1, "drawOrder": null, "icon": null }, "geometry": null },
{ "type": "Feature", "properties": { "Name": "Iglesia de Santa María", "description": null, "timestamp": null, "begin": null, "end": null, "altitudeMode": null, "tessellate": -1, "extrude": 0, "visibility": -1, "drawOrder": null, "icon": null }, "geometry": null },
{ "type": "Feature", "properties": { "Name": "Iglesia de la Natividad de Nuestra Señora", "description": null, "timestamp": null, "begin": null, "end": null, "altitudeMode": null, "tessellate": -1, "extrude": 0, "visibility": -1, "drawOrder": null, "icon": null }, "geometry": null },
{ "type": "Feature", "properties": { "Name": "Iglesia de la Natividad de Nuestra Señora", "description": null, "timestamp": null, "begin": null, "end": null, "altitudeMode": null, "tessellate": -1, "extrude": 0, "visibility": -1, "drawOrder": null, "icon": null }, "geometry": null },
{ "type": "Feature", "properties": { "Name": "Ermita de Nuestra Señora del Castillo", "description": null, "timestamp": null, "begin": null, "end": null, "altitudeMode": null, "tessellate": -1, "extrude": 0, "visibility": -1, "drawOrder": null, "icon": null }, "geometry": null },
{ "type": "Feature", "properties": { "Name": "Iglesia de San Quirce", "description": null, "timestamp": null, "begin": null, "end": null, "altitudeMode": null, "tessellate": -1, "extrude": 0, "visibility": -1, "drawOrder": null, "icon": null }, "geometry": null },
{ "type": "Feature", "properties": { "Name": "Iglesia de San Clemente Papa", "description": null, "timestamp": null, "begin": null, "end": null, "altitudeMode": null, "tessellate": -1, "extrude": 0, "visibility": -1, "drawOrder": null, "icon": null }, "geometry": null },
{ "type": "Feature", "properties": { "Name": "Iglesia de Santa Eulalia", "description": null, "timestamp": null, "begin": null, "end": null, "altitudeMode": null, "tessellate": -1, "extrude": 0, "visibility": -1, "drawOrder": null, "icon": null }, "geometry": null },
{ "type": "Feature", "properties": { "Name": "Iglesia de San Miguel", "description": null, "timestamp": null, "begin": null, "end": null, "altitudeMode": null, "tessellate": -1, "extrude": 0, "visibility": -1, "drawOrder": null, "icon": null }, "geometry": null },
{ "type": "Feature", "properties": { "Name": "Iglesia de Santa Eulalia", "description": null, "timestamp": null, "begin": null, "end": null, "altitudeMode": null, "tessellate": -1, "extrude": 0, "visibility": -1, "drawOrder": null, "icon": null }, "geometry": null },
{ "type": "Feature", "properties": { "Name": "Iglesia del Espíritu Santo", "description": null, "timestamp": null, "begin": null, "end": null, "altitudeMode": null, "tessellate": -1, "extrude": 0, "visibility": -1, "drawOrder": null, "icon": null }, "geometry": null },
{ "type": "Feature", "properties": { "Name": "Calle la Iglesia", "description": null, "timestamp": null, "begin": null, "end": null, "altitudeMode": null, "tessellate": -1, "extrude": 0, "visibility": -1, "drawOrder": null, "icon": null }, "geometry": null },
{ "type": "Feature", "properties": { "Name": "Ermita de Nuestra Señora del Valle", "description": null, "timestamp": null, "begin": null, "end": null, "altitudeMode": null, "tessellate": -1, "extrude": 0, "visibility": -1, "drawOrder": null, "icon": null }, "geometry": null },
{ "type": "Feature", "properties": { "Name": "Iglesia de San Andrés", "description": null, "timestamp": null, "begin": null, "end": null, "altitudeMode": null, "tessellate": -1, "extrude": 0, "visibility": -1, "drawOrder": null, "icon": null }, "geometry": null },
{ "type": "Feature", "properties": { "Name": "Iglesia de San Juan Bautista", "description": null, "timestamp": null, "begin": null, "end": null, "altitudeMode": null, "tessellate": -1, "extrude": 0, "visibility": -1, "drawOrder": null, "icon": null }, "geometry": null },
{ "type": "Feature", "properties": { "Name": "Iglesia de San Juan Bautista", "description": null, "timestamp": null, "begin": null, "end": null, "altitudeMode": null, "tessellate": -1, "extrude": 0, "visibility": -1, "drawOrder": null, "icon": null }, "geometry": null },
{ "type": "Feature", "properties": { "Name": "Iglesia de Nuestra Señora de la Asunción. Ruinas", "description": null, "timestamp": null, "begin": null, "end": null, "altitudeMode": null, "tessellate": -1, "extrude": 0, "visibility": -1, "drawOrder": null, "icon": null }, "geometry": null },
{ "type": "Feature", "properties": { "Name": "Iglesia de San Vicente", "description": null, "timestamp": null, "begin": null, "end": null, "altitudeMode": null, "tessellate": -1, "extrude": 0, "visibility": -1, "drawOrder": null, "icon": null }, "geometry": null },
{ "type": "Feature", "properties": { "Name": "Iglesia de San Miguel Arcángel", "description": null, "timestamp": null, "begin": null, "end": null, "altitudeMode": null, "tessellate": -1, "extrude": 0, "visibility": -1, "drawOrder": null, "icon": null }, "geometry": null },
{ "type": "Feature", "properties": { "Name": "Iglesia de Santa María", "description": null, "timestamp": null, "begin": null, "end": null, "altitudeMode": null, "tessellate": -1, "extrude": 0, "visibility": -1, "drawOrder": null, "icon": null }, "geometry": null },
{ "type": "Feature", "properties": { "Name": "Iglesia de San Miguel", "description": null, "timestamp": null, "begin": null, "end": null, "altitudeMode": null, "tessellate": -1, "extrude": 0, "visibility": -1, "drawOrder": null, "icon": null }, "geometry": null },
{ "type": "Feature", "properties": { "Name": "Iglesia de San Juan Bautista", "description": null, "timestamp": null, "begin": null, "end": null, "altitudeMode": null, "tessellate": -1, "extrude": 0, "visibility": -1, "drawOrder": null, "icon": null }, "geometry": null },
{ "type": "Feature", "properties": { "Name": "Monasterio de San Salvador de Oña", "description": null, "timestamp": null, "begin": null, "end": null, "altitudeMode": null, "tessellate": -1, "extrude": 0, "visibility": -1, "drawOrder": null, "icon": null }, "geometry": null },
{ "type": "Feature", "properties": { "Name": "Iglesia de San Cipriano", "description": null, "timestamp": null, "begin": null, "end": null, "altitudeMode": null, "tessellate": -1, "extrude": 0, "visibility": -1, "drawOrder": null, "icon": null }, "geometry": null },
{ "type": "Feature", "properties": { "Name": "Iglesia de Santa María", "description": null, "timestamp": null, "begin": null, "end": null, "altitudeMode": null, "tessellate": -1, "extrude": 0, "visibility": -1, "drawOrder": null, "icon": null }, "geometry": null },
{ "type": "Feature", "properties": { "Name": "Ermita de Nuestra Señora del Torreón", "description": null, "timestamp": null, "begin": null, "end": null, "altitudeMode": null, "tessellate": -1, "extrude": 0, "visibility": -1, "drawOrder": null, "icon": null }, "geometry": null },
{ "type": "Feature", "properties": { "Name": "Iglesia de Santa María", "description": null, "timestamp": null, "begin": null, "end": null, "altitudeMode": null, "tessellate": -1, "extrude": 0, "visibility": -1, "drawOrder": null, "icon": null }, "geometry": null },
{ "type": "Feature", "properties": { "Name": "Iglesia de San Bartolomé", "description": null, "timestamp": null, "begin": null, "end": null, "altitudeMode": null, "tessellate": -1, "extrude": 0, "visibility": -1, "drawOrder": null, "icon": null }, "geometry": null },
{ "type": "Feature", "properties": { "Name": "Ermita de la Virgen de Berzosa", "description": null, "timestamp": null, "begin": null, "end": null, "altitudeMode": null, "tessellate": -1, "extrude": 0, "visibility": -1, "drawOrder": null, "icon": null }, "geometry": null },
{ "type": "Feature", "properties": { "Name": "Ermita del Santo Cristo del Barrio", "description": null, "timestamp": null, "begin": null, "end": null, "altitudeMode": null, "tessellate": -1, "extrude": 0, "visibility": -1, "drawOrder": null, "icon": null }, "geometry": null },
{ "type": "Feature", "properties": { "Name": "Iglesia de San Andrés Apóstol", "description": null, "timestamp": null, "begin": null, "end": null, "altitudeMode": null, "tessellate": -1, "extrude": 0, "visibility": -1, "drawOrder": null, "icon": null }, "geometry": null },
{ "type": "Feature", "properties": { "Name": "Iglesia de Nuestra Señora de la Asunción", "description": null, "timestamp": null, "begin": null, "end": null, "altitudeMode": null, "tessellate": -1, "extrude": 0, "visibility": -1, "drawOrder": null, "icon": null }, "geometry": null },
{ "type": "Feature", "properties": { "Name": "Iglesia de Nuestra Señora de la Asunción", "description": null, "timestamp": null, "begin": null, "end": null, "altitudeMode": null, "tessellate": -1, "extrude": 0, "visibility": -1, "drawOrder": null, "icon": null }, "geometry": null },
{ "type": "Feature", "properties": { "Name": "Iglesia de San Martín Obispo", "description": null, "timestamp": null, "begin": null, "end": null, "altitudeMode": null, "tessellate": -1, "extrude": 0, "visibility": -1, "drawOrder": null, "icon": null }, "geometry": null },
{ "type": "Feature", "properties": { "Name": "Iglesia de los Santos Justo y Pastor", "description": null, "timestamp": null, "begin": null, "end": null, "altitudeMode": null, "tessellate": -1, "extrude": 0, "visibility": -1, "drawOrder": null, "icon": null }, "geometry": null },
{ "type": "Feature", "properties": { "Name": "Ermita de San Pedro de Tejada", "description": null, "timestamp": null, "begin": null, "end": null, "altitudeMode": null, "tessellate": -1, "extrude": 0, "visibility": -1, "drawOrder": null, "icon": null }, "geometry": null },
{ "type": "Feature", "properties": { "Name": "Iglesia de Santa María", "description": null, "timestamp": null, "begin": null, "end": null, "altitudeMode": null, "tessellate": -1, "extrude": 0, "visibility": -1, "drawOrder": null, "icon": null }, "geometry": null },
{ "type": "Feature", "properties": { "Name": "Iglesia de San Sebastián", "description": null, "timestamp": null, "begin": null, "end": null, "altitudeMode": null, "tessellate": -1, "extrude": 0, "visibility": -1, "drawOrder": null, "icon": null }, "geometry": null },
{ "type": "Feature", "properties": { "Name": "Iglesia de San Andrés", "description": null, "timestamp": null, "begin": null, "end": null, "altitudeMode": null, "tessellate": -1, "extrude": 0, "visibility": -1, "drawOrder": null, "icon": null }, "geometry": null },
{ "type": "Feature", "properties": { "Name": "Iglesia de Santa Leocadia", "description": null, "timestamp": null, "begin": null, "end": null, "altitudeMode": null, "tessellate": -1, "extrude": 0, "visibility": -1, "drawOrder": null, "icon": null }, "geometry": null },
{ "type": "Feature", "properties": { "Name": "Iglesia de San Martín Obispo", "description": null, "timestamp": null, "begin": null, "end": null, "altitudeMode": null, "tessellate": -1, "extrude": 0, "visibility": -1, "drawOrder": null, "icon": null }, "geometry": null },
{ "type": "Feature", "properties": { "Name": "Iglesia de Santiago Apóstol", "description": null, "timestamp": null, "begin": null, "end": null, "altitudeMode": null, "tessellate": -1, "extrude": 0, "visibility": -1, "drawOrder": null, "icon": null }, "geometry": null },
{ "type": "Feature", "properties": { "Name": "Iglesia de San Esteban", "description": null, "timestamp": null, "begin": null, "end": null, "altitudeMode": null, "tessellate": -1, "extrude": 0, "visibility": -1, "drawOrder": null, "icon": null }, "geometry": null },
{ "type": "Feature", "properties": { "Name": "Iglesia de San Pedro Apóstol", "description": null, "timestamp": null, "begin": null, "end": null, "altitudeMode": null, "tessellate": -1, "extrude": 0, "visibility": -1, "drawOrder": null, "icon": null }, "geometry": null },
{ "type": "Feature", "properties": { "Name": "Iglesia de San Martín Obispo", "description": null, "timestamp": null, "begin": null, "end": null, "altitudeMode": null, "tessellate": -1, "extrude": 0, "visibility": -1, "drawOrder": null, "icon": null }, "geometry": null },
{ "type": "Feature", "properties": { "Name": "Iglesia de Santa María", "description": null, "timestamp": null, "begin": null, "end": null, "altitudeMode": null, "tessellate": -1, "extrude": 0, "visibility": -1, "drawOrder": null, "icon": null }, "geometry": null },
{ "type": "Feature", "properties": { "Name": "Iglesia de Nuestra Señora de la Asunción", "description": null, "timestamp": null, "begin": null, "end": null, "altitudeMode": null, "tessellate": -1, "extrude": 0, "visibility": -1, "drawOrder": null, "icon": null }, "geometry": null },
{ "type": "Feature", "properties": { "Name": "Iglesia de San Miguel Arcángel", "description": null, "timestamp": null, "begin": null, "end": null, "altitudeMode": null, "tessellate": -1, "extrude": 0, "visibility": -1, "drawOrder": null, "icon": null }, "geometry": null },
{ "type": "Feature", "properties": { "Name": "Iglesia de San Millán Obispo", "description": null, "timestamp": null, "begin": null, "end": null, "altitudeMode": null, "tessellate": -1, "extrude": 0, "visibility": -1, "drawOrder": null, "icon": null }, "geometry": null },
{ "type": "Feature", "properties": { "Name": "Ermita de San Pantaleón de Losa", "description": null, "timestamp": null, "begin": null, "end": null, "altitudeMode": null, "tessellate": -1, "extrude": 0, "visibility": -1, "drawOrder": null, "icon": null }, "geometry": null },
{ "type": "Feature", "properties": { "Name": "Iglesia de San Vicente", "description": null, "timestamp": null, "begin": null, "end": null, "altitudeMode": null, "tessellate": -1, "extrude": 0, "visibility": -1, "drawOrder": null, "icon": null }, "geometry": null },
{ "type": "Feature", "properties": { "Name": "Iglesia de San Saturnino", "description": null, "timestamp": null, "begin": null, "end": null, "altitudeMode": null, "tessellate": -1, "extrude": 0, "visibility": -1, "drawOrder": null, "icon": null }, "geometry": null },
{ "type": "Feature", "properties": { "Name": "Ermita de San Pedro", "description": null, "timestamp": null, "begin": null, "end": null, "altitudeMode": null, "tessellate": -1, "extrude": 0, "visibility": -1, "drawOrder": null, "icon": null }, "geometry": null },
{ "type": "Feature", "properties": { "Name": "Iglesia de San Martín", "description": null, "timestamp": null, "begin": null, "end": null, "altitudeMode": null, "tessellate": -1, "extrude": 0, "visibility": -1, "drawOrder": null, "icon": null }, "geometry": null },
{ "type": "Feature", "properties": { "Name": "Ermita de la Virgen de la Vega", "description": null, "timestamp": null, "begin": null, "end": null, "altitudeMode": null, "tessellate": -1, "extrude": 0, "visibility": -1, "drawOrder": null, "icon": null }, "geometry": null },
{ "type": "Feature", "properties": { "Name": "Ermita de San Salvador", "description": null, "timestamp": null, "begin": null, "end": null, "altitudeMode": null, "tessellate": -1, "extrude": 0, "visibility": -1, "drawOrder": null, "icon": null }, "geometry": null },
{ "type": "Feature", "properties": { "Name": "Ermita de Santa Cecilia", "description": null, "timestamp": null, "begin": null, "end": null, "altitudeMode": null, "tessellate": -1, "extrude": 0, "visibility": -1, "drawOrder": null, "icon": null }, "geometry": null },
{ "type": "Feature", "properties": { "Name": "Iglesia de San Miguel Arcángel", "description": null, "timestamp": null, "begin": null, "end": null, "altitudeMode": null, "tessellate": -1, "extrude": 0, "visibility": -1, "drawOrder": null, "icon": null }, "geometry": null },
{ "type": "Feature", "properties": { "Name": "Santo Domingo de Silos", "description": null, "timestamp": null, "begin": null, "end": null, "altitudeMode": null, "tessellate": -1, "extrude": 0, "visibility": -1, "drawOrder": null, "icon": null }, "geometry": null },
{ "type": "Feature", "properties": { "Name": "Iglesia de Santa María de Siones", "description": null, "timestamp": null, "begin": null, "end": null, "altitudeMode": null, "tessellate": -1, "extrude": 0, "visibility": -1, "drawOrder": null, "icon": null }, "geometry": null },
{ "type": "Feature", "properties": { "Name": "Iglesia de San Miguel Arcángel", "description": null, "timestamp": null, "begin": null, "end": null, "altitudeMode": null, "tessellate": -1, "extrude": 0, "visibility": -1, "drawOrder": null, "icon": null }, "geometry": null },
{ "type": "Feature", "properties": { "Name": "Iglesia de San Vicente Mártir", "description": null, "timestamp": null, "begin": null, "end": null, "altitudeMode": null, "tessellate": -1, "extrude": 0, "visibility": -1, "drawOrder": null, "icon": null }, "geometry": null },
{ "type": "Feature", "properties": { "Name": "Iglesia de San Andrés", "description": null, "timestamp": null, "begin": null, "end": null, "altitudeMode": null, "tessellate": -1, "extrude": 0, "visibility": -1, "drawOrder": null, "icon": null }, "geometry": null },
{ "type": "Feature", "properties": { "Name": "Iglesia de Nuestra Señora de la Asunción", "description": null, "timestamp": null, "begin": null, "end": null, "altitudeMode": null, "tessellate": -1, "extrude": 0, "visibility": -1, "drawOrder": null, "icon": null }, "geometry": null },
{ "type": "Feature", "properties": { "Name": "Iglesia de San Miguel", "description": null, "timestamp": null, "begin": null, "end": null, "altitudeMode": null, "tessellate": -1, "extrude": 0, "visibility": -1, "drawOrder": null, "icon": null }, "geometry": null },
{ "type": "Feature", "properties": { "Name": "Iglesia de Santa Eugenia", "description": null, "timestamp": null, "begin": null, "end": null, "altitudeMode": null, "tessellate": -1, "extrude": 0, "visibility": -1, "drawOrder": null, "icon": null }, "geometry": null },
{ "type": "Feature", "properties": { "Name": "Iglesia de San Nicolás", "description": null, "timestamp": null, "begin": null, "end": null, "altitudeMode": null, "tessellate": -1, "extrude": 0, "visibility": -1, "drawOrder": null, "icon": null }, "geometry": null },
{ "type": "Feature", "properties": { "Name": "Iglesia de San Miguel", "description": null, "timestamp": null, "begin": null, "end": null, "altitudeMode": null, "tessellate": -1, "extrude": 0, "visibility": -1, "drawOrder": null, "icon": null }, "geometry": null },
{ "type": "Feature", "properties": { "Name": "Iglesia de San Martín de Tours", "description": null, "timestamp": null, "begin": null, "end": null, "altitudeMode": null, "tessellate": -1, "extrude": 0, "visibility": -1, "drawOrder": null, "icon": null }, "geometry": null },
{ "type": "Feature", "properties": { "Name": "Iglesia de San Baudelio", "description": null, "timestamp": null, "begin": null, "end": null, "altitudeMode": null, "tessellate": -1, "extrude": 0, "visibility": -1, "drawOrder": null, "icon": null }, "geometry": null },
{ "type": "Feature", "properties": { "Name": "Iglesia de San Martín Obispo", "description": null, "timestamp": null, "begin": null, "end": null, "altitudeMode": null, "tessellate": -1, "extrude": 0, "visibility": -1, "drawOrder": null, "icon": null }, "geometry": null },
{ "type": "Feature", "properties": { "Name": "Iglesia de La Natividad de Nuestra Señora", "description": null, "timestamp": null, "begin": null, "end": null, "altitudeMode": null, "tessellate": -1, "extrude": 0, "visibility": -1, "drawOrder": null, "icon": null }, "geometry": null },
{ "type": "Feature", "properties": { "Name": "San Miguel Arcángel", "description": null, "timestamp": null, "begin": null, "end": null, "altitudeMode": null, "tessellate": -1, "extrude": 0, "visibility": -1, "drawOrder": null, "icon": null }, "geometry": null },
{ "type": "Feature", "properties": { "Name": "Iglesia de San Martín Obispo", "description": null, "timestamp": null, "begin": null, "end": null, "altitudeMode": null, "tessellate": -1, "extrude": 0, "visibility": -1, "drawOrder": null, "icon": null }, "geometry": null },
{ "type": "Feature", "properties": { "Name": "Iglesia de San Lorenzo", "description": null, "timestamp": null, "begin": null, "end": null, "altitudeMode": null, "tessellate": -1, "extrude": 0, "visibility": -1, "drawOrder": null, "icon": null }, "geometry": null },
{ "type": "Feature", "properties": { "Name": "Iglesia de Nuestra Señora de la Concepción", "description": null, "timestamp": null, "begin": null, "end": null, "altitudeMode": null, "tessellate": -1, "extrude": 0, "visibility": -1, "drawOrder": null, "icon": null }, "geometry": null },
{ "type": "Feature", "properties": { "Name": "Iglesia de Nuestra Señora de la Asunción", "description": null, "timestamp": null, "begin": null, "end": null, "altitudeMode": null, "tessellate": -1, "extrude": 0, "visibility": -1, "drawOrder": null, "icon": null }, "geometry": null },
{ "type": "Feature", "properties": { "Name": "Iglesia de San Martín", "description": null, "timestamp": null, "begin": null, "end": null, "altitudeMode": null, "tessellate": -1, "extrude": 0, "visibility": -1, "drawOrder": null, "icon": null }, "geometry": null },
{ "type": "Feature", "properties": { "Name": "Iglesia de Santiago Apóstol", "description": null, "timestamp": null, "begin": null, "end": null, "altitudeMode": null, "tessellate": -1, "extrude": 0, "visibility": -1, "drawOrder": null, "icon": null }, "geometry": null },
{ "type": "Feature", "properties": { "Name": "Iglesia de San Salvador", "description": null, "timestamp": null, "begin": null, "end": null, "altitudeMode": null, "tessellate": -1, "extrude": 0, "visibility": -1, "drawOrder": null, "icon": null }, "geometry": null },
{ "type": "Feature", "properties": { "Name": "Iglesia de San Julián Obispo", "description": null, "timestamp": null, "begin": null, "end": null, "altitudeMode": null, "tessellate": -1, "extrude": 0, "visibility": -1, "drawOrder": null, "icon": null }, "geometry": null },
{ "type": "Feature", "properties": { "Name": "Iglesia de la Asunción de Nuestra Señora", "description": null, "timestamp": null, "begin": null, "end": null, "altitudeMode": null, "tessellate": -1, "extrude": 0, "visibility": -1, "drawOrder": null, "icon": null }, "geometry": null },
{ "type": "Feature", "properties": { "Name": "Iglesia de San Millán Abad", "description": null, "timestamp": null, "begin": null, "end": null, "altitudeMode": null, "tessellate": -1, "extrude": 0, "visibility": -1, "drawOrder": null, "icon": null }, "geometry": null },
{ "type": "Feature", "properties": { "Name": "Iglesia de Nuestra Señora de la Asunción. Ruinas consolidadas", "description": null, "timestamp": null, "begin": null, "end": null, "altitudeMode": null, "tessellate": -1, "extrude": 0, "visibility": -1, "drawOrder": null, "icon": null }, "geometry": null },
{ "type": "Feature", "properties": { "Name": "Iglesia de San Cristóbal", "description": null, "timestamp": null, "begin": null, "end": null, "altitudeMode": null, "tessellate": -1, "extrude": 0, "visibility": -1, "drawOrder": null, "icon": null }, "geometry": null },
{ "type": "Feature", "properties": { "Name": "Iglesia de San Martin", "description": null, "timestamp": null, "begin": null, "end": null, "altitudeMode": null, "tessellate": -1, "extrude": 0, "visibility": -1, "drawOrder": null, "icon": null }, "geometry": null },
{ "type": "Feature", "properties": { "Name": "Iglesia de San Adrián", "description": null, "timestamp": null, "begin": null, "end": null, "altitudeMode": null, "tessellate": -1, "extrude": 0, "visibility": -1, "drawOrder": null, "icon": null }, "geometry": null },
{ "type": "Feature", "properties": { "Name": "Iglesia de Nuestra Señora de la Asunción", "description": null, "timestamp": null, "begin": null, "end": null, "altitudeMode": null, "tessellate": -1, "extrude": 0, "visibility": -1, "drawOrder": null, "icon": null }, "geometry": null },
{ "type": "Feature", "properties": { "Name": "Iglesia de San Miguel", "description": null, "timestamp": null, "begin": null, "end": null, "altitudeMode": null, "tessellate": -1, "extrude": 0, "visibility": -1, "drawOrder": null, "icon": null }, "geometry": null },
{ "type": "Feature", "properties": { "Name": "Iglesia de Santa María", "description": null, "timestamp": null, "begin": null, "end": null, "altitudeMode": null, "tessellate": -1, "extrude": 0, "visibility": -1, "drawOrder": null, "icon": null }, "geometry": null },
{ "type": "Feature", "properties": { "Name": "Iglesia de San Martín de Tours", "description": null, "timestamp": null, "begin": null, "end": null, "altitudeMode": null, "tessellate": -1, "extrude": 0, "visibility": -1, "drawOrder": null, "icon": null }, "geometry": null },
{ "type": "Feature", "properties": { "Name": "Ermita de la Virgen de las Fuentes", "description": null, "timestamp": null, "begin": null, "end": null, "altitudeMode": null, "tessellate": -1, "extrude": 0, "visibility": -1, "drawOrder": null, "icon": null }, "geometry": null },
{ "type": "Feature", "properties": { "Name": "Monasterio de San Pelayo Mártir", "description": null, "timestamp": null, "begin": null, "end": null, "altitudeMode": null, "tessellate": -1, "extrude": 0, "visibility": -1, "drawOrder": null, "icon": null }, "geometry": null },
{ "type": "Feature", "properties": { "Name": "Iglesia de Santa María de Dehesa de Espinosilla", "description": null, "timestamp": null, "begin": null, "end": null, "altitudeMode": null, "tessellate": -1, "extrude": 0, "visibility": -1, "drawOrder": null, "icon": null }, "geometry": null },
{ "type": "Feature", "properties": { "Name": "Iglesia de Nuestra Señora de la Asunción", "description": null, "timestamp": null, "begin": null, "end": null, "altitudeMode": null, "tessellate": -1, "extrude": 0, "visibility": -1, "drawOrder": null, "icon": null }, "geometry": null },
{ "type": "Feature", "properties": { "Name": "San Pedro Cultural", "description": null, "timestamp": null, "begin": null, "end": null, "altitudeMode": null, "tessellate": -1, "extrude": 0, "visibility": -1, "drawOrder": null, "icon": null }, "geometry": null },
{ "type": "Feature", "properties": { "Name": "Iglesia de San Miguel. Ruinas.", "description": null, "timestamp": null, "begin": null, "end": null, "altitudeMode": null, "tessellate": -1, "extrude": 0, "visibility": -1, "drawOrder": null, "icon": null }, "geometry": null },
{ "type": "Feature", "properties": { "Name": "Iglesia de San Vicente", "description": null, "timestamp": null, "begin": null, "end": null, "altitudeMode": null, "tessellate": -1, "extrude": 0, "visibility": -1, "drawOrder": null, "icon": null }, "geometry": null },
{ "type": "Feature", "properties": { "Name": "Ermita de Santa Marina. Ruinas", "description": null, "timestamp": null, "begin": null, "end": null, "altitudeMode": null, "tessellate": -1, "extrude": 0, "visibility": -1, "drawOrder": null, "icon": null }, "geometry": null },
{ "type": "Feature", "properties": { "Name": "Iglesia de San Andrés", "description": null, "timestamp": null, "begin": null, "end": null, "altitudeMode": null, "tessellate": -1, "extrude": 0, "visibility": -1, "drawOrder": null, "icon": null }, "geometry": null },
{ "type": "Feature", "properties": { "Name": "Iglesia de Santa María del Camino", "description": null, "timestamp": null, "begin": null, "end": null, "altitudeMode": null, "tessellate": -1, "extrude": 0, "visibility": -1, "drawOrder": null, "icon": null }, "geometry": null },
{ "type": "Feature", "properties": { "Name": "Iglesia de Santiago", "description": null, "timestamp": null, "begin": null, "end": null, "altitudeMode": null, "tessellate": -1, "extrude": 0, "visibility": -1, "drawOrder": null, "icon": null }, "geometry": null },
{ "type": "Feature", "properties": { "Name": "Monasterio de San Zoilo Visitas Turísticas", "description": null, "timestamp": null, "begin": null, "end": null, "altitudeMode": null, "tessellate": -1, "extrude": 0, "visibility": -1, "drawOrder": null, "icon": null }, "geometry": null },
{ "type": "Feature", "properties": { "Name": "Iglesia de Santa Lucía", "description": null, "timestamp": null, "begin": null, "end": null, "altitudeMode": null, "tessellate": -1, "extrude": 0, "visibility": -1, "drawOrder": null, "icon": null }, "geometry": null },
{ "type": "Feature", "properties": { "Name": "Iglesia de Santa Eugenia", "description": null, "timestamp": null, "begin": null, "end": null, "altitudeMode": null, "tessellate": -1, "extrude": 0, "visibility": -1, "drawOrder": null, "icon": null }, "geometry": null },
{ "type": "Feature", "properties": { "Name": "Iglesia de San Martín de Tours", "description": null, "timestamp": null, "begin": null, "end": null, "altitudeMode": null, "tessellate": -1, "extrude": 0, "visibility": -1, "drawOrder": null, "icon": null }, "geometry": null },
{ "type": "Feature", "properties": { "Name": "Iglesia de San Andrés", "description": null, "timestamp": null, "begin": null, "end": null, "altitudeMode": null, "tessellate": -1, "extrude": 0, "visibility": -1, "drawOrder": null, "icon": null }, "geometry": null },
{ "type": "Feature", "properties": { "Name": "Colegiata de Santa María", "description": null, "timestamp": null, "begin": null, "end": null, "altitudeMode": null, "tessellate": -1, "extrude": 0, "visibility": -1, "drawOrder": null, "icon": null }, "geometry": null },
{ "type": "Feature", "properties": { "Name": "Iglesia de Nuestra Señora de la Asunción", "description": null, "timestamp": null, "begin": null, "end": null, "altitudeMode": null, "tessellate": -1, "extrude": 0, "visibility": -1, "drawOrder": null, "icon": null }, "geometry": null },
{ "type": "Feature", "properties": { "Name": "Iglesia de San Martín", "description": null, "timestamp": null, "begin": null, "end": null, "altitudeMode": null, "tessellate": -1, "extrude": 0, "visibility": -1, "drawOrder": null, "icon": null }, "geometry": null },
{ "type": "Feature", "properties": { "Name": "Iglesia de Nuestra Señora de la Asunción", "description": null, "timestamp": null, "begin": null, "end": null, "altitudeMode": null, "tessellate": -1, "extrude": 0, "visibility": -1, "drawOrder": null, "icon": null }, "geometry": null },
{ "type": "Feature", "properties": { "Name": "Iglesia de Nuestra Señora del Tovar", "description": null, "timestamp": null, "begin": null, "end": null, "altitudeMode": null, "tessellate": -1, "extrude": 0, "visibility": -1, "drawOrder": null, "icon": null }, "geometry": null },
{ "type": "Feature", "properties": { "Name": "Iglesia de San Juan Bautista", "description": null, "timestamp": null, "begin": null, "end": null, "altitudeMode": null, "tessellate": -1, "extrude": 0, "visibility": -1, "drawOrder": null, "icon": null }, "geometry": null },
{ "type": "Feature", "properties": { "Name": "Monasterio de San Salvador", "description": null, "timestamp": null, "begin": null, "end": null, "altitudeMode": null, "tessellate": -1, "extrude": 0, "visibility": -1, "drawOrder": null, "icon": null }, "geometry": null },
{ "type": "Feature", "properties": { "Name": "Iglesia de San Juan Bautista", "description": null, "timestamp": null, "begin": null, "end": null, "altitudeMode": null, "tessellate": -1, "extrude": 0, "visibility": -1, "drawOrder": null, "icon": null }, "geometry": null },
{ "type": "Feature", "properties": { "Name": "Iglesia de Santa Eufemia", "description": null, "timestamp": null, "begin": null, "end": null, "altitudeMode": null, "tessellate": -1, "extrude": 0, "visibility": -1, "drawOrder": null, "icon": null }, "geometry": null },
{ "type": "Feature", "properties": { "Name": "Iglesia de Nuestra Señora de la Natividad", "description": null, "timestamp": null, "begin": null, "end": null, "altitudeMode": null, "tessellate": -1, "extrude": 0, "visibility": -1, "drawOrder": null, "icon": null }, "geometry": null },
{ "type": "Feature", "properties": { "Name": "Iglesia de la Nuestra Señora de la Asunción", "description": null, "timestamp": null, "begin": null, "end": null, "altitudeMode": null, "tessellate": -1, "extrude": 0, "visibility": -1, "drawOrder": null, "icon": null }, "geometry": null },
{ "type": "Feature", "properties": { "Name": "Ermita de San Pelayo", "description": null, "timestamp": null, "begin": null, "end": null, "altitudeMode": null, "tessellate": -1, "extrude": 0, "visibility": -1, "drawOrder": null, "icon": null }, "geometry": null },
{ "type": "Feature", "properties": { "Name": "Iglesia de Nuestra Señora de la Asunción", "description": null, "timestamp": null, "begin": null, "end": null, "altitudeMode": null, "tessellate": -1, "extrude": 0, "visibility": -1, "drawOrder": null, "icon": null }, "geometry": null },
{ "type": "Feature", "properties": { "Name": "Ermita de San Miguel", "description": null, "timestamp": null, "begin": null, "end": null, "altitudeMode": null, "tessellate": -1, "extrude": 0, "visibility": -1, "drawOrder": null, "icon": null }, "geometry": null },
{ "type": "Feature", "properties": { "Name": "Iglesia de El Salvador", "description": null, "timestamp": null, "begin": null, "end": null, "altitudeMode": null, "tessellate": -1, "extrude": 0, "visibility": -1, "drawOrder": null, "icon": null }, "geometry": null },
{ "type": "Feature", "properties": { "Name": "Iglesia de Nuestra Señora de la Asunción", "description": null, "timestamp": null, "begin": null, "end": null, "altitudeMode": null, "tessellate": -1, "extrude": 0, "visibility": -1, "drawOrder": null, "icon": null }, "geometry": null },
{ "type": "Feature", "properties": { "Name": "Iglesia de San Andrés", "description": null, "timestamp": null, "begin": null, "end": null, "altitudeMode": null, "tessellate": -1, "extrude": 0, "visibility": -1, "drawOrder": null, "icon": null }, "geometry": null },
{ "type": "Feature", "properties": { "Name": "Iglesia de San Martín Obispo", "description": null, "timestamp": null, "begin": null, "end": null, "altitudeMode": null, "tessellate": -1, "extrude": 0, "visibility": -1, "drawOrder": null, "icon": null }, "geometry": null },
{ "type": "Feature", "properties": { "Name": "Ruinas del Monasterio de San Pedro de Valdecal (ruinas)", "description": null, "timestamp": null, "begin": null, "end": null, "altitudeMode": null, "tessellate": -1, "extrude": 0, "visibility": -1, "drawOrder": null, "icon": null }, "geometry": null },
{ "type": "Feature", "properties": { "Name": "Iglesia de San Nicolás de Bari", "description": null, "timestamp": null, "begin": null, "end": null, "altitudeMode": null, "tessellate": -1, "extrude": 0, "visibility": -1, "drawOrder": null, "icon": null }, "geometry": null },
{ "type": "Feature", "properties": { "Name": "Iglesia de El Castillo", "description": null, "timestamp": null, "begin": null, "end": null, "altitudeMode": null, "tessellate": -1, "extrude": 0, "visibility": -1, "drawOrder": null, "icon": null }, "geometry": null },
{ "type": "Feature", "properties": { "Name": "Ermita de la Santa Cruz (s. XIII)", "description": null, "timestamp": null, "begin": null, "end": null, "altitudeMode": null, "tessellate": -1, "extrude": 0, "visibility": -1, "drawOrder": null, "icon": null }, "geometry": null },
{ "type": "Feature", "properties": { "Name": "Iglesia de San Miguel", "description": null, "timestamp": null, "begin": null, "end": null, "altitudeMode": null, "tessellate": -1, "extrude": 0, "visibility": -1, "drawOrder": null, "icon": null }, "geometry": null },
{ "type": "Feature", "properties": { "Name": "Iglesia Santa Mª del Castillo", "description": null, "timestamp": null, "begin": null, "end": null, "altitudeMode": null, "tessellate": -1, "extrude": 0, "visibility": -1, "drawOrder": null, "icon": null }, "geometry": null },
{ "type": "Feature", "properties": { "Name": "Iglesia de Santa Mª la Real", "description": null, "timestamp": null, "begin": null, "end": null, "altitudeMode": null, "tessellate": -1, "extrude": 0, "visibility": -1, "drawOrder": null, "icon": null }, "geometry": null },
{ "type": "Feature", "properties": { "Name": "Iglesia de Nuestra Señora", "description": null, "timestamp": null, "begin": null, "end": null, "altitudeMode": null, "tessellate": -1, "extrude": 0, "visibility": -1, "drawOrder": null, "icon": null }, "geometry": null },
{ "type": "Feature", "properties": { "Name": "Iglesia de San Juan Bautista", "description": null, "timestamp": null, "begin": null, "end": null, "altitudeMode": null, "tessellate": -1, "extrude": 0, "visibility": -1, "drawOrder": null, "icon": null }, "geometry": null },
{ "type": "Feature", "properties": { "Name": "Iglesia de San Saturnino", "description": null, "timestamp": null, "begin": null, "end": null, "altitudeMode": null, "tessellate": -1, "extrude": 0, "visibility": -1, "drawOrder": null, "icon": null }, "geometry": null },
{ "type": "Feature", "properties": { "Name": "Iglesia de San Vicente", "description": null, "timestamp": null, "begin": null, "end": null, "altitudeMode": null, "tessellate": -1, "extrude": 0, "visibility": -1, "drawOrder": null, "icon": null }, "geometry": null },
{ "type": "Feature", "properties": { "Name": "Iglesia San Pedro", "description": null, "timestamp": null, "begin": null, "end": null, "altitudeMode": null, "tessellate": -1, "extrude": 0, "visibility": -1, "drawOrder": null, "icon": null }, "geometry": null },
{ "type": "Feature", "properties": { "Name": "Iglesia de San Pedro Apóstol", "description": null, "timestamp": null, "begin": null, "end": null, "altitudeMode": null, "tessellate": -1, "extrude": 0, "visibility": -1, "drawOrder": null, "icon": null }, "geometry": null },
{ "type": "Feature", "properties": { "Name": "Iglesia de Nuestra Señora de la Asunción", "description": null, "timestamp": null, "begin": null, "end": null, "altitudeMode": null, "tessellate": -1, "extrude": 0, "visibility": -1, "drawOrder": null, "icon": null }, "geometry": null },
{ "type": "Feature", "properties": { "Name": "Iglesia de San Adrián Mártir", "description": null, "timestamp": null, "begin": null, "end": null, "altitudeMode": null, "tessellate": -1, "extrude": 0, "visibility": -1, "drawOrder": null, "icon": null }, "geometry": null },
{ "type": "Feature", "properties": { "Name": "Iglesia de Santa María la Mayor", "description": null, "timestamp": null, "begin": null, "end": null, "altitudeMode": null, "tessellate": -1, "extrude": 0, "visibility": -1, "drawOrder": null, "icon": null }, "geometry": null },
{ "type": "Feature", "properties": { "Name": "Iglesia de Nuestra Señora de la Natividad", "description": null, "timestamp": null, "begin": null, "end": null, "altitudeMode": null, "tessellate": -1, "extrude": 0, "visibility": -1, "drawOrder": null, "icon": null }, "geometry": null },
{ "type": "Feature", "properties": { "Name": "Iglesia de San Bartolomé - Museo Paleontológico", "description": null, "timestamp": null, "begin": null, "end": null, "altitudeMode": null, "tessellate": -1, "extrude": 0, "visibility": -1, "drawOrder": null, "icon": null }, "geometry": null },
{ "type": "Feature", "properties": { "Name": "Iglesia de San Bartolomé", "description": null, "timestamp": null, "begin": null, "end": null, "altitudeMode": null, "tessellate": -1, "extrude": 0, "visibility": -1, "drawOrder": null, "icon": null }, "geometry": null },
{ "type": "Feature", "properties": { "Name": "Ermita de Santa Catalina Tartanedo", "description": null, "timestamp": null, "begin": null, "end": null, "altitudeMode": null, "tessellate": -1, "extrude": 0, "visibility": -1, "drawOrder": null, "icon": null }, "geometry": null },
{ "type": "Feature", "properties": { "Name": "Iglesia de Santiago Apóstol", "description": null, "timestamp": null, "begin": null, "end": null, "altitudeMode": null, "tessellate": -1, "extrude": 0, "visibility": -1, "drawOrder": null, "icon": null }, "geometry": null },
{ "type": "Feature", "properties": { "Name": "Iglesia de Santa María Magdalena", "description": null, "timestamp": null, "begin": null, "end": null, "altitudeMode": null, "tessellate": -1, "extrude": 0, "visibility": -1, "drawOrder": null, "icon": null }, "geometry": null },
{ "type": "Feature", "properties": { "Name": "Iglesia de Santo Domingo", "description": null, "timestamp": null, "begin": null, "end": null, "altitudeMode": null, "tessellate": -1, "extrude": 0, "visibility": -1, "drawOrder": null, "icon": null }, "geometry": null },
{ "type": "Feature", "properties": { "Name": "Catedral de Santa María de Sigüenza", "description": null, "timestamp": null, "begin": null, "end": null, "altitudeMode": null, "tessellate": -1, "extrude": 0, "visibility": -1, "drawOrder": null, "icon": null }, "geometry": null },
{ "type": "Feature", "properties": { "Name": "San Vicente Mártir", "description": null, "timestamp": null, "begin": null, "end": null, "altitudeMode": null, "tessellate": -1, "extrude": 0, "visibility": -1, "drawOrder": null, "icon": null }, "geometry": null },
{ "type": "Feature", "properties": { "Name": "Santuario de Nuestra Señora e Iglesia de San Esteban", "description": null, "timestamp": null, "begin": null, "end": null, "altitudeMode": null, "tessellate": -1, "extrude": 0, "visibility": -1, "drawOrder": null, "icon": null }, "geometry": null },
{ "type": "Feature", "properties": { "Name": "Iglesia de San Pedro", "description": null, "timestamp": null, "begin": null, "end": null, "altitudeMode": null, "tessellate": -1, "extrude": 0, "visibility": -1, "drawOrder": null, "icon": null }, "geometry": null },
{ "type": "Feature", "properties": { "Name": "Iglesia de Santa María de Arce", "description": null, "timestamp": null, "begin": null, "end": null, "altitudeMode": null, "tessellate": -1, "extrude": 0, "visibility": -1, "drawOrder": null, "icon": null }, "geometry": null },
{ "type": "Feature", "properties": { "Name": "Iglesia de San Martín", "description": null, "timestamp": null, "begin": null, "end": null, "altitudeMode": null, "tessellate": -1, "extrude": 0, "visibility": -1, "drawOrder": null, "icon": null }, "geometry": null },
{ "type": "Feature", "properties": { "Name": "Iglesia de San Jorge (Monasterio de Azuelo)", "description": null, "timestamp": null, "begin": null, "end": null, "altitudeMode": null, "tessellate": -1, "extrude": 0, "visibility": -1, "drawOrder": null, "icon": null }, "geometry": null },
{ "type": "Feature", "properties": { "Name": "Antiguo Monasterio de Santa María", "description": null, "timestamp": null, "begin": null, "end": null, "altitudeMode": null, "tessellate": -1, "extrude": 0, "visibility": -1, "drawOrder": null, "icon": null }, "geometry": null },
{ "type": "Feature", "properties": { "Name": "Iglesia de San Pedro de la Rúa", "description": null, "timestamp": null, "begin": null, "end": null, "altitudeMode": null, "tessellate": -1, "extrude": 0, "visibility": -1, "drawOrder": null, "icon": null }, "geometry": null },
{ "type": "Feature", "properties": { "Name": "Ermita de San Juan Bautista", "description": null, "timestamp": null, "begin": null, "end": null, "altitudeMode": null, "tessellate": -1, "extrude": 0, "visibility": -1, "drawOrder": null, "icon": null }, "geometry": null },
{ "type": "Feature", "properties": { "Name": "Iglesia de San Esteban", "description": null, "timestamp": null, "begin": null, "end": null, "altitudeMode": null, "tessellate": -1, "extrude": 0, "visibility": -1, "drawOrder": null, "icon": null }, "geometry": null },
{ "type": "Feature", "properties": { "Name": "Iglesia de la Natividad de Nuestra Señora", "description": null, "timestamp": null, "begin": null, "end": null, "altitudeMode": null, "tessellate": -1, "extrude": 0, "visibility": -1, "drawOrder": null, "icon": null }, "geometry": null },
{ "type": "Feature", "properties": { "Name": "Ermita de Santa María Magdalena", "description": null, "timestamp": null, "begin": null, "end": null, "altitudeMode": null, "tessellate": -1, "extrude": 0, "visibility": -1, "drawOrder": null, "icon": null }, "geometry": null },
{ "type": "Feature", "properties": { "Name": "Iglesia de San Cosme y San Damián", "description": null, "timestamp": null, "begin": null, "end": null, "altitudeMode": null, "tessellate": -1, "extrude": 0, "visibility": -1, "drawOrder": null, "icon": null }, "geometry": null },
{ "type": "Feature", "properties": { "Name": "Iglesia de San Cristóbal", "description": null, "timestamp": null, "begin": null, "end": null, "altitudeMode": null, "tessellate": -1, "extrude": 0, "visibility": -1, "drawOrder": null, "icon": null }, "geometry": null },
{ "type": "Feature", "properties": { "Name": "Ermita de la Santa Cruz", "description": null, "timestamp": null, "begin": null, "end": null, "altitudeMode": null, "tessellate": -1, "extrude": 0, "visibility": -1, "drawOrder": null, "icon": null }, "geometry": null },
{ "type": "Feature", "properties": { "Name": "Antigua ermita de Santa María Magdalena", "description": null, "timestamp": null, "begin": null, "end": null, "altitudeMode": null, "tessellate": -1, "extrude": 0, "visibility": -1, "drawOrder": null, "icon": null }, "geometry": null },
{ "type": "Feature", "properties": { "Name": "Ermita de Santa María del Campo", "description": null, "timestamp": null, "begin": null, "end": null, "altitudeMode": null, "tessellate": -1, "extrude": 0, "visibility": -1, "drawOrder": null, "icon": null }, "geometry": null },
{ "type": "Feature", "properties": { "Name": "Iglesia de San Pedro", "description": null, "timestamp": null, "begin": null, "end": null, "altitudeMode": null, "tessellate": -1, "extrude": 0, "visibility": -1, "drawOrder": null, "icon": null }, "geometry": null },
{ "type": "Feature", "properties": { "Name": "Iglesia de la Asuncion de la Virgen", "description": null, "timestamp": null, "begin": null, "end": null, "altitudeMode": null, "tessellate": -1, "extrude": 0, "visibility": -1, "drawOrder": null, "icon": null }, "geometry": null },
{ "type": "Feature", "properties": { "Name": "Ermita de San Pedro de Etxano", "description": null, "timestamp": null, "begin": null, "end": null, "altitudeMode": null, "tessellate": -1, "extrude": 0, "visibility": -1, "drawOrder": null, "icon": null }, "geometry": null },
{ "type": "Feature", "properties": { "Name": "Iglesia de San Martín", "description": null, "timestamp": null, "begin": null, "end": null, "altitudeMode": null, "tessellate": -1, "extrude": 0, "visibility": -1, "drawOrder": null, "icon": null }, "geometry": null },
{ "type": "Feature", "properties": { "Name": "Catedral Metropolitana de Santa María la Real de Pamplona", "description": null, "timestamp": null, "begin": null, "end": null, "altitudeMode": null, "tessellate": -1, "extrude": 0, "visibility": -1, "drawOrder": null, "icon": null }, "geometry": null },
{ "type": "Feature", "properties": { "Name": "Iglesia de San Nicolás de Bari", "description": null, "timestamp": null, "begin": null, "end": null, "altitudeMode": null, "tessellate": -1, "extrude": 0, "visibility": -1, "drawOrder": null, "icon": null }, "geometry": null },
{ "type": "Feature", "properties": { "Name": "San Martín de Unx", "description": null, "timestamp": null, "begin": null, "end": null, "altitudeMode": null, "tessellate": -1, "extrude": 0, "visibility": -1, "drawOrder": null, "icon": null }, "geometry": null },
{ "type": "Feature", "properties": { "Name": "Iglesia Románica de Santa María la Real de Sangüesa", "description": null, "timestamp": null, "begin": null, "end": null, "altitudeMode": null, "tessellate": -1, "extrude": 0, "visibility": -1, "drawOrder": null, "icon": null }, "geometry": null },
{ "type": "Feature", "properties": { "Name": "Iglesia de Santiago el Mayor", "description": null, "timestamp": null, "begin": null, "end": null, "altitudeMode": null, "tessellate": -1, "extrude": 0, "visibility": -1, "drawOrder": null, "icon": null }, "geometry": null },
{ "type": "Feature", "properties": { "Name": "Iglesia de San Adrián de Vadoluengo", "description": null, "timestamp": null, "begin": null, "end": null, "altitudeMode": null, "tessellate": -1, "extrude": 0, "visibility": -1, "drawOrder": null, "icon": null }, "geometry": null },
{ "type": "Feature", "properties": { "Name": "Iglesia del Santo Sepulcro", "description": null, "timestamp": null, "begin": null, "end": null, "altitudeMode": null, "tessellate": -1, "extrude": 0, "visibility": -1, "drawOrder": null, "icon": null }, "geometry": null },
{ "type": "Feature", "properties": { "Name": "Iglesia de Santa María Magdalena", "description": null, "timestamp": null, "begin": null, "end": null, "altitudeMode": null, "tessellate": -1, "extrude": 0, "visibility": -1, "drawOrder": null, "icon": null }, "geometry": null },
{ "type": "Feature", "properties": { "Name": "Catedral de Santa María la Mayor", "description": null, "timestamp": null, "begin": null, "end": null, "altitudeMode": null, "tessellate": -1, "extrude": 0, "visibility": -1, "drawOrder": null, "icon": null }, "geometry": null },
{ "type": "Feature", "properties": { "Name": "Iglesia de Santa María", "description": null, "timestamp": null, "begin": null, "end": null, "altitudeMode": null, "tessellate": -1, "extrude": 0, "visibility": -1, "drawOrder": null, "icon": null }, "geometry": null },
{ "type": "Feature", "properties": { "Name": "Iglesia de San Martín", "description": null, "timestamp": null, "begin": null, "end": null, "altitudeMode": null, "tessellate": -1, "extrude": 0, "visibility": -1, "drawOrder": null, "icon": null }, "geometry": null },
{ "type": "Feature", "properties": { "Name": "Ermita de San Martín de Tidón", "description": null, "timestamp": null, "begin": null, "end": null, "altitudeMode": null, "tessellate": -1, "extrude": 0, "visibility": -1, "drawOrder": null, "icon": null }, "geometry": null },
{ "type": "Feature", "properties": { "Name": "Ruinas de la ermita de San Andrés de Longar", "description": null, "timestamp": null, "begin": null, "end": null, "altitudeMode": null, "tessellate": -1, "extrude": 0, "visibility": -1, "drawOrder": null, "icon": null }, "geometry": null },
{ "type": "Feature", "properties": { "Name": "Iglesia de San Andrés Apóstol", "description": null, "timestamp": null, "begin": null, "end": null, "altitudeMode": null, "tessellate": -1, "extrude": 0, "visibility": -1, "drawOrder": null, "icon": null }, "geometry": null },
{ "type": "Feature", "properties": { "Name": "Iglesia de la Purificación de Nuestra Señora", "description": null, "timestamp": null, "begin": null, "end": null, "altitudeMode": null, "tessellate": -1, "extrude": 0, "visibility": -1, "drawOrder": null, "icon": null }, "geometry": null },
{ "type": "Feature", "properties": { "Name": "Monasterio de Leyre", "description": null, "timestamp": null, "begin": null, "end": null, "altitudeMode": null, "tessellate": -1, "extrude": 0, "visibility": -1, "drawOrder": null, "icon": null }, "geometry": null },
{ "type": "Feature", "properties": { "Name": "Ermita de Santa María de Bueyo", "description": null, "timestamp": null, "begin": null, "end": null, "altitudeMode": null, "tessellate": -1, "extrude": 0, "visibility": -1, "drawOrder": null, "icon": null }, "geometry": null },
{ "type": "Feature", "properties": { "Name": "Iglesia de San Julián, de Castilseco", "description": null, "timestamp": null, "begin": null, "end": null, "altitudeMode": null, "tessellate": -1, "extrude": 0, "visibility": -1, "drawOrder": null, "icon": null }, "geometry": null },
{ "type": "Feature", "properties": { "Name": "Ermita de Santa María de Plano", "description": null, "timestamp": null, "begin": null, "end": null, "altitudeMode": null, "tessellate": -1, "extrude": 0, "visibility": -1, "drawOrder": null, "icon": null }, "geometry": null },
{ "type": "Feature", "properties": { "Name": "Iglesia de San Bartolomé", "description": null, "timestamp": null, "begin": null, "end": null, "altitudeMode": null, "tessellate": -1, "extrude": 0, "visibility": -1, "drawOrder": null, "icon": null }, "geometry": null },
{ "type": "Feature", "properties": { "Name": "Ruinas del Convento de Valbuena", "description": null, "timestamp": null, "begin": null, "end": null, "altitudeMode": null, "tessellate": -1, "extrude": 0, "visibility": -1, "drawOrder": null, "icon": null }, "geometry": null },
{ "type": "Feature", "properties": { "Name": "Monasterio de Santa María la Real", "description": null, "timestamp": null, "begin": null, "end": null, "altitudeMode": null, "tessellate": -1, "extrude": 0, "visibility": -1, "drawOrder": null, "icon": null }, "geometry": null },
{ "type": "Feature", "properties": { "Name": "Iglesia de San Miguel", "description": null, "timestamp": null, "begin": null, "end": null, "altitudeMode": null, "tessellate": -1, "extrude": 0, "visibility": -1, "drawOrder": null, "icon": null }, "geometry": null },
{ "type": "Feature", "properties": { "Name": "Iglesia de Santa María de la Asunción", "description": null, "timestamp": null, "begin": null, "end": null, "altitudeMode": null, "tessellate": -1, "extrude": 0, "visibility": -1, "drawOrder": null, "icon": null }, "geometry": null },
{ "type": "Feature", "properties": { "Name": "Ermita de Santa María de la Piscina", "description": null, "timestamp": null, "begin": null, "end": null, "altitudeMode": null, "tessellate": -1, "extrude": 0, "visibility": -1, "drawOrder": null, "icon": null }, "geometry": null },
{ "type": "Feature", "properties": { "Name": "Iglesia de El Salvador", "description": null, "timestamp": null, "begin": null, "end": null, "altitudeMode": null, "tessellate": -1, "extrude": 0, "visibility": -1, "drawOrder": null, "icon": null }, "geometry": null },
{ "type": "Feature", "properties": { "Name": "Castillo de Ocón. Ruinas", "description": null, "timestamp": null, "begin": null, "end": null, "altitudeMode": null, "tessellate": -1, "extrude": 0, "visibility": -1, "drawOrder": null, "icon": null }, "geometry": null },
{ "type": "Feature", "properties": { "Name": "Iglesia de Santa María de la Asunción", "description": null, "timestamp": null, "begin": null, "end": null, "altitudeMode": null, "tessellate": -1, "extrude": 0, "visibility": -1, "drawOrder": null, "icon": null }, "geometry": null },
{ "type": "Feature", "properties": { "Name": "Iglesia de Nuestra Señora de la Asunción", "description": null, "timestamp": null, "begin": null, "end": null, "altitudeMode": null, "tessellate": -1, "extrude": 0, "visibility": -1, "drawOrder": null, "icon": null }, "geometry": null },
{ "type": "Feature", "properties": { "Name": "Iglesia de San Juan Ante Portam Latinam", "description": null, "timestamp": null, "begin": null, "end": null, "altitudeMode": null, "tessellate": -1, "extrude": 0, "visibility": -1, "drawOrder": null, "icon": null }, "geometry": null },
{ "type": "Feature", "properties": { "Name": "Iglesia de Fuentes de Duero", "description": null, "timestamp": null, "begin": null, "end": null, "altitudeMode": null, "tessellate": -1, "extrude": 0, "visibility": -1, "drawOrder": null, "icon": null }, "geometry": null },
{ "type": "Feature", "properties": { "Name": "Iglesia de San Miguel", "description": null, "timestamp": null, "begin": null, "end": null, "altitudeMode": null, "tessellate": -1, "extrude": 0, "visibility": -1, "drawOrder": null, "icon": null }, "geometry": null },
{ "type": "Feature", "properties": { "Name": "Iglesia de Santa María de la Vega", "description": null, "timestamp": null, "begin": null, "end": null, "altitudeMode": null, "tessellate": -1, "extrude": 0, "visibility": -1, "drawOrder": null, "icon": null }, "geometry": null },
{ "type": "Feature", "properties": { "Name": "Iglesia parroquial de Santa María del Castillo", "description": null, "timestamp": null, "begin": null, "end": null, "altitudeMode": null, "tessellate": -1, "extrude": 0, "visibility": -1, "drawOrder": null, "icon": null }, "geometry": null },
{ "type": "Feature", "properties": { "Name": "Iglesia de El Salvador", "description": null, "timestamp": null, "begin": null, "end": null, "altitudeMode": null, "tessellate": -1, "extrude": 0, "visibility": -1, "drawOrder": null, "icon": null }, "geometry": null },
{ "type": "Feature", "properties": { "Name": "Iglesia de San Miguel Arcángel", "description": null, "timestamp": null, "begin": null, "end": null, "altitudeMode": null, "tessellate": -1, "extrude": 0, "visibility": -1, "drawOrder": null, "icon": null }, "geometry": null },
{ "type": "Feature", "properties": { "Name": "Ruinas de la Colegiata de Santa María la Mayor", "description": null, "timestamp": null, "begin": null, "end": null, "altitudeMode": null, "tessellate": -1, "extrude": 0, "visibility": -1, "drawOrder": null, "icon": null }, "geometry": null },
{ "type": "Feature", "properties": { "Name": "Iglesia de Nuestra Señora de las Nieves", "description": null, "timestamp": null, "begin": null, "end": null, "altitudeMode": null, "tessellate": -1, "extrude": 0, "visibility": -1, "drawOrder": null, "icon": null }, "geometry": null },
{ "type": "Feature", "properties": { "Name": "Iglesia de Santa María de la Antigua", "description": null, "timestamp": null, "begin": null, "end": null, "altitudeMode": null, "tessellate": -1, "extrude": 0, "visibility": -1, "drawOrder": null, "icon": null }, "geometry": null },
{ "type": "Feature", "properties": { "Name": "Iglesia de San Andrés", "description": null, "timestamp": null, "begin": null, "end": null, "altitudeMode": null, "tessellate": -1, "extrude": 0, "visibility": -1, "drawOrder": null, "icon": null }, "geometry": null },
{ "type": "Feature", "properties": { "Name": "Iglesia de San Pedro y San Isidoro", "description": null, "timestamp": null, "begin": null, "end": null, "altitudeMode": null, "tessellate": -1, "extrude": 0, "visibility": -1, "drawOrder": null, "icon": null }, "geometry": null },
{ "type": "Feature", "properties": { "Name": "Ermita de Nuestra Señora de la Encarnación", "description": null, "timestamp": null, "begin": null, "end": null, "altitudeMode": null, "tessellate": -1, "extrude": 0, "visibility": -1, "drawOrder": null, "icon": null }, "geometry": null },
{ "type": "Feature", "properties": { "Name": "Iglesia de La Exaltación de la Santa Cruz", "description": null, "timestamp": null, "begin": null, "end": null, "altitudeMode": null, "tessellate": -1, "extrude": 0, "visibility": -1, "drawOrder": null, "icon": null }, "geometry": null },
{ "type": "Feature", "properties": { "Name": "Catedral Vieja de Santa María de la Sede de Salamanca", "description": null, "timestamp": null, "begin": null, "end": null, "altitudeMode": null, "tessellate": -1, "extrude": 0, "visibility": -1, "drawOrder": null, "icon": null }, "geometry": null },
{ "type": "Feature", "properties": { "Name": "San Cristobal", "description": null, "timestamp": null, "begin": null, "end": null, "altitudeMode": null, "tessellate": -1, "extrude": 0, "visibility": -1, "drawOrder": null, "icon": null }, "geometry": null },
{ "type": "Feature", "properties": { "Name": "Iglesia de Santo Tomás Cantuariense", "description": null, "timestamp": null, "begin": null, "end": null, "altitudeMode": null, "tessellate": -1, "extrude": 0, "visibility": -1, "drawOrder": null, "icon": null }, "geometry": null },
{ "type": "Feature", "properties": { "Name": "San Pelayo de Guareña", "description": null, "timestamp": null, "begin": null, "end": null, "altitudeMode": null, "tessellate": -1, "extrude": 0, "visibility": -1, "drawOrder": null, "icon": null }, "geometry": null },
{ "type": "Feature", "properties": { "Name": "Iglesia de San Miguel Arcángel", "description": null, "timestamp": null, "begin": null, "end": null, "altitudeMode": null, "tessellate": -1, "extrude": 0, "visibility": -1, "drawOrder": null, "icon": null }, "geometry": null },
{ "type": "Feature", "properties": { "Name": "Iglesia de San Miguel Arcángel", "description": null, "timestamp": null, "begin": null, "end": null, "altitudeMode": null, "tessellate": -1, "extrude": 0, "visibility": -1, "drawOrder": null, "icon": null }, "geometry": null },
{ "type": "Feature", "properties": { "Name": "Iglesia de Nuestra Señora de la Asunción", "description": null, "timestamp": null, "begin": null, "end": null, "altitudeMode": null, "tessellate": -1, "extrude": 0, "visibility": -1, "drawOrder": null, "icon": null }, "geometry": null },
{ "type": "Feature", "properties": { "Name": "Iglesia de Nuestra Señora de la Asunción", "description": null, "timestamp": null, "begin": null, "end": null, "altitudeMode": null, "tessellate": -1, "extrude": 0, "visibility": -1, "drawOrder": null, "icon": null }, "geometry": null },
{ "type": "Feature", "properties": { "Name": "Iglesia de Santa María Magdalena", "description": null, "timestamp": null, "begin": null, "end": null, "altitudeMode": null, "tessellate": -1, "extrude": 0, "visibility": -1, "drawOrder": null, "icon": null }, "geometry": null },
{ "type": "Feature", "properties": { "Name": "Iglesia de San Miguel", "description": null, "timestamp": null, "begin": null, "end": null, "altitudeMode": null, "tessellate": -1, "extrude": 0, "visibility": -1, "drawOrder": null, "icon": null }, "geometry": null },
{ "type": "Feature", "properties": { "Name": "Iglesia de San Juan Evangelista", "description": null, "timestamp": null, "begin": null, "end": null, "altitudeMode": null, "tessellate": -1, "extrude": 0, "visibility": -1, "drawOrder": null, "icon": null }, "geometry": null },
{ "type": "Feature", "properties": { "Name": "Iglesia de La Asunción de Nuestra Señora", "description": null, "timestamp": null, "begin": null, "end": null, "altitudeMode": null, "tessellate": -1, "extrude": 0, "visibility": -1, "drawOrder": null, "icon": null }, "geometry": null },
{ "type": "Feature", "properties": { "Name": "Ermita de San Frutos", "description": null, "timestamp": null, "begin": null, "end": null, "altitudeMode": null, "tessellate": -1, "extrude": 0, "visibility": -1, "drawOrder": null, "icon": null }, "geometry": null },
{ "type": "Feature", "properties": { "Name": "Iglesia de Nuestra Señora de la Asunción", "description": null, "timestamp": null, "begin": null, "end": null, "altitudeMode": null, "tessellate": -1, "extrude": 0, "visibility": -1, "drawOrder": null, "icon": null }, "geometry": null },
{ "type": "Feature", "properties": { "Name": "Iglesia de San Juan Bautista", "description": null, "timestamp": null, "begin": null, "end": null, "altitudeMode": null, "tessellate": -1, "extrude": 0, "visibility": -1, "drawOrder": null, "icon": null }, "geometry": null },
{ "type": "Feature", "properties": { "Name": "Iglesia de Nuestra Señora de la Asunción", "description": null, "timestamp": null, "begin": null, "end": null, "altitudeMode": null, "tessellate": -1, "extrude": 0, "visibility": -1, "drawOrder": null, "icon": null }, "geometry": null },
{ "type": "Feature", "properties": { "Name": "Iglesia de San Cristóbal", "description": null, "timestamp": null, "begin": null, "end": null, "altitudeMode": null, "tessellate": -1, "extrude": 0, "visibility": -1, "drawOrder": null, "icon": null }, "geometry": null },
{ "type": "Feature", "properties": { "Name": "Iglesia de Nuestra Señora de la Asunción", "description": null, "timestamp": null, "begin": null, "end": null, "altitudeMode": null, "tessellate": -1, "extrude": 0, "visibility": -1, "drawOrder": null, "icon": null }, "geometry": null },
{ "type": "Feature", "properties": { "Name": "Iglesia de la Natividad de Nuestra Señora", "description": null, "timestamp": null, "begin": null, "end": null, "altitudeMode": null, "tessellate": -1, "extrude": 0, "visibility": -1, "drawOrder": null, "icon": null }, "geometry": null },
{ "type": "Feature", "properties": { "Name": "Iglesia de la Virgen de Vallehermoso", "description": null, "timestamp": null, "begin": null, "end": null, "altitudeMode": null, "tessellate": -1, "extrude": 0, "visibility": -1, "drawOrder": null, "icon": null }, "geometry": null },
{ "type": "Feature", "properties": { "Name": "Ermita de San Lorenzo (Ruinas)", "description": null, "timestamp": null, "begin": null, "end": null, "altitudeMode": null, "tessellate": -1, "extrude": 0, "visibility": -1, "drawOrder": null, "icon": null }, "geometry": null },
{ "type": "Feature", "properties": { "Name": "Iglesia de San Pedro en Cátedra", "description": null, "timestamp": null, "begin": null, "end": null, "altitudeMode": null, "tessellate": -1, "extrude": 0, "visibility": -1, "drawOrder": null, "icon": null }, "geometry": null },
{ "type": "Feature", "properties": { "Name": "ERMITA DE SAN VICENTE MARTIR", "description": null, "timestamp": null, "begin": null, "end": null, "altitudeMode": null, "tessellate": -1, "extrude": 0, "visibility": -1, "drawOrder": null, "icon": null }, "geometry": null },
{ "type": "Feature", "properties": { "Name": "Iglesia de San Martín (ruinas)", "description": null, "timestamp": null, "begin": null, "end": null, "altitudeMode": null, "tessellate": -1, "extrude": 0, "visibility": -1, "drawOrder": null, "icon": null }, "geometry": null },
{ "type": "Feature", "properties": { "Name": "Iglesia de Nuestra Señora de la Asunción", "description": null, "timestamp": null, "begin": null, "end": null, "altitudeMode": null, "tessellate": -1, "extrude": 0, "visibility": -1, "drawOrder": null, "icon": null }, "geometry": null },
{ "type": "Feature", "properties": { "Name": "Iglesia de Santo Tomás", "description": null, "timestamp": null, "begin": null, "end": null, "altitudeMode": null, "tessellate": -1, "extrude": 0, "visibility": -1, "drawOrder": null, "icon": null }, "geometry": null },
{ "type": "Feature", "properties": { "Name": "Iglesia San Miguel Arcángel", "description": null, "timestamp": null, "begin": null, "end": null, "altitudeMode": null, "tessellate": -1, "extrude": 0, "visibility": -1, "drawOrder": null, "icon": null }, "geometry": null },
{ "type": "Feature", "properties": { "Name": "Iglesia románica Nuestra Señora de la Cerca de Madrona", "description": null, "timestamp": null, "begin": null, "end": null, "altitudeMode": null, "tessellate": -1, "extrude": 0, "visibility": -1, "drawOrder": null, "icon": null }, "geometry": null },
{ "type": "Feature", "properties": { "Name": "Iglesia de San Cristóbal", "description": null, "timestamp": null, "begin": null, "end": null, "altitudeMode": null, "tessellate": -1, "extrude": 0, "visibility": -1, "drawOrder": null, "icon": null }, "geometry": null },
{ "type": "Feature", "properties": { "Name": "Iglesia de Nuestra Señora de la Asunción o de la Virgen de las Dehesas", "description": null, "timestamp": null, "begin": null, "end": null, "altitudeMode": null, "tessellate": -1, "extrude": 0, "visibility": -1, "drawOrder": null, "icon": null }, "geometry": null },
{ "type": "Feature", "properties": { "Name": "Iglesia de la Inmaculada Concepción", "description": null, "timestamp": null, "begin": null, "end": null, "altitudeMode": null, "tessellate": -1, "extrude": 0, "visibility": -1, "drawOrder": null, "icon": null }, "geometry": null },
{ "type": "Feature", "properties": { "Name": "Ermita de Nuestra Señora del Pozo Viejo", "description": null, "timestamp": null, "begin": null, "end": null, "altitudeMode": null, "tessellate": -1, "extrude": 0, "visibility": -1, "drawOrder": null, "icon": null }, "geometry": null },
{ "type": "Feature", "properties": { "Name": "Iglesia del Espíritu Santo. Ruinas.", "description": null, "timestamp": null, "begin": null, "end": null, "altitudeMode": null, "tessellate": -1, "extrude": 0, "visibility": -1, "drawOrder": null, "icon": null }, "geometry": null },
{ "type": "Feature", "properties": { "Name": "Abadía de Santa María Real de Párraces", "description": null, "timestamp": null, "begin": null, "end": null, "altitudeMode": null, "tessellate": -1, "extrude": 0, "visibility": -1, "drawOrder": null, "icon": null }, "geometry": null },
{ "type": "Feature", "properties": { "Name": "Ermita de Santa María de Cárdaba (Santa Apolonia)", "description": null, "timestamp": null, "begin": null, "end": null, "altitudeMode": null, "tessellate": -1, "extrude": 0, "visibility": -1, "drawOrder": null, "icon": null }, "geometry": null },
{ "type": "Feature", "properties": { "Name": "Iglesia de Santa María (ruinas)", "description": null, "timestamp": null, "begin": null, "end": null, "altitudeMode": null, "tessellate": -1, "extrude": 0, "visibility": -1, "drawOrder": null, "icon": null }, "geometry": null },
{ "type": "Feature", "properties": { "Name": "Iglesia de San Pedro Ad Vincula", "description": null, "timestamp": null, "begin": null, "end": null, "altitudeMode": null, "tessellate": -1, "extrude": 0, "visibility": -1, "drawOrder": null, "icon": null }, "geometry": null },
{ "type": "Feature", "properties": { "Name": "Iglesia de San Juan Bautista", "description": null, "timestamp": null, "begin": null, "end": null, "altitudeMode": null, "tessellate": -1, "extrude": 0, "visibility": -1, "drawOrder": null, "icon": null }, "geometry": null },
{ "type": "Feature", "properties": { "Name": "Ermita de Nuestra Señora de las Vegas", "description": null, "timestamp": null, "begin": null, "end": null, "altitudeMode": null, "tessellate": -1, "extrude": 0, "visibility": -1, "drawOrder": null, "icon": null }, "geometry": null },
{ "type": "Feature", "properties": { "Name": "Iglesia de San Miguel", "description": null, "timestamp": null, "begin": null, "end": null, "altitudeMode": null, "tessellate": -1, "extrude": 0, "visibility": -1, "drawOrder": null, "icon": null }, "geometry": null },
{ "type": "Feature", "properties": { "Name": "Iglesia de Santa Marina", "description": null, "timestamp": null, "begin": null, "end": null, "altitudeMode": null, "tessellate": -1, "extrude": 0, "visibility": -1, "drawOrder": null, "icon": null }, "geometry": null },
{ "type": "Feature", "properties": { "Name": "Ermita de Nuestra Señora del Río", "description": null, "timestamp": null, "begin": null, "end": null, "altitudeMode": null, "tessellate": -1, "extrude": 0, "visibility": -1, "drawOrder": null, "icon": null }, "geometry": null },
{ "type": "Feature", "properties": { "Name": "Iglesia de San Pedro Apóstol", "description": null, "timestamp": null, "begin": null, "end": null, "altitudeMode": null, "tessellate": -1, "extrude": 0, "visibility": -1, "drawOrder": null, "icon": null }, "geometry": null },
{ "type": "Feature", "properties": { "Name": "Iglesia de La Natividad", "description": null, "timestamp": null, "begin": null, "end": null, "altitudeMode": null, "tessellate": -1, "extrude": 0, "visibility": -1, "drawOrder": null, "icon": null }, "geometry": null },
{ "type": "Feature", "properties": { "Name": "Iglesia de San Juan de los Caballeros", "description": null, "timestamp": null, "begin": null, "end": null, "altitudeMode": null, "tessellate": -1, "extrude": 0, "visibility": -1, "drawOrder": null, "icon": null }, "geometry": null },
{ "type": "Feature", "properties": { "Name": "Iglesia de San Millán", "description": null, "timestamp": null, "begin": null, "end": null, "altitudeMode": null, "tessellate": -1, "extrude": 0, "visibility": -1, "drawOrder": null, "icon": null }, "geometry": null },
{ "type": "Feature", "properties": { "Name": "Iglesias de San Justo", "description": null, "timestamp": null, "begin": null, "end": null, "altitudeMode": null, "tessellate": -1, "extrude": 0, "visibility": -1, "drawOrder": null, "icon": null }, "geometry": null },
{ "type": "Feature", "properties": { "Name": "Iglesia de San Lorenzo", "description": null, "timestamp": null, "begin": null, "end": null, "altitudeMode": null, "tessellate": -1, "extrude": 0, "visibility": -1, "drawOrder": null, "icon": null }, "geometry": null },
{ "type": "Feature", "properties": { "Name": "Iglesia de San Martín", "description": null, "timestamp": null, "begin": null, "end": null, "altitudeMode": null, "tessellate": -1, "extrude": 0, "visibility": -1, "drawOrder": null, "icon": null }, "geometry": null },
{ "type": "Feature", "properties": { "Name": "Iglesia de San Nicolás. Taller Municipal de Teatro", "description": null, "timestamp": null, "begin": null, "end": null, "altitudeMode": null, "tessellate": -1, "extrude": 0, "visibility": -1, "drawOrder": null, "icon": null }, "geometry": null },
{ "type": "Feature", "properties": { "Name": "Iglesia De San Bartolomé", "description": null, "timestamp": null, "begin": null, "end": null, "altitudeMode": null, "tessellate": -1, "extrude": 0, "visibility": -1, "drawOrder": null, "icon": null }, "geometry": null },
{ "type": "Feature", "properties": { "Name": "Iglesia de El Salvador", "description": null, "timestamp": null, "begin": null, "end": null, "altitudeMode": null, "tessellate": -1, "extrude": 0, "visibility": -1, "drawOrder": null, "icon": null }, "geometry": null },
{ "type": "Feature", "properties": { "Name": "Santuario de Nuestra Señora de la Peña", "description": null, "timestamp": null, "begin": null, "end": null, "altitudeMode": null, "tessellate": -1, "extrude": 0, "visibility": -1, "drawOrder": null, "icon": null }, "geometry": null },
{ "type": "Feature", "properties": { "Name": "Iglesia de los Santos Justo y Pastor", "description": null, "timestamp": null, "begin": null, "end": null, "altitudeMode": null, "tessellate": -1, "extrude": 0, "visibility": -1, "drawOrder": null, "icon": null }, "geometry": null },
{ "type": "Feature", "properties": { "Name": "Iglesia de San Nicolás de Bari", "description": null, "timestamp": null, "begin": null, "end": null, "altitudeMode": null, "tessellate": -1, "extrude": 0, "visibility": -1, "drawOrder": null, "icon": null }, "geometry": null },
{ "type": "Feature", "properties": { "Name": "Iglesia de San Bartolomé", "description": null, "timestamp": null, "begin": null, "end": null, "altitudeMode": null, "tessellate": -1, "extrude": 0, "visibility": -1, "drawOrder": null, "icon": null }, "geometry": null },
{ "type": "Feature", "properties": { "Name": "Iglesia de Nuestra Señora de la Asunción", "description": null, "timestamp": null, "begin": null, "end": null, "altitudeMode": null, "tessellate": -1, "extrude": 0, "visibility": -1, "drawOrder": null, "icon": null }, "geometry": null },
{ "type": "Feature", "properties": { "Name": "Iglesia de San Miguel Arcángel", "description": null, "timestamp": null, "begin": null, "end": null, "altitudeMode": null, "tessellate": -1, "extrude": 0, "visibility": -1, "drawOrder": null, "icon": null }, "geometry": null },
{ "type": "Feature", "properties": { "Name": "Iglesia de Santiago", "description": null, "timestamp": null, "begin": null, "end": null, "altitudeMode": null, "tessellate": -1, "extrude": 0, "visibility": -1, "drawOrder": null, "icon": null }, "geometry": null },
{ "type": "Feature", "properties": { "Name": "Iglesia de San Cristóbal", "description": null, "timestamp": null, "begin": null, "end": null, "altitudeMode": null, "tessellate": -1, "extrude": 0, "visibility": -1, "drawOrder": null, "icon": null }, "geometry": null },
{ "type": "Feature", "properties": { "Name": "Iglesia de Nuestra Señora de Tejadilla", "description": null, "timestamp": null, "begin": null, "end": null, "altitudeMode": null, "tessellate": -1, "extrude": 0, "visibility": -1, "drawOrder": null, "icon": null }, "geometry": null },
{ "type": "Feature", "properties": { "Name": "Iglesia de Santa Cecilia Virgen", "description": null, "timestamp": null, "begin": null, "end": null, "altitudeMode": null, "tessellate": -1, "extrude": 0, "visibility": -1, "drawOrder": null, "icon": null }, "geometry": null },
{ "type": "Feature", "properties": { "Name": "Iglesia de la Purificación de Nuestra Señora", "description": null, "timestamp": null, "begin": null, "end": null, "altitudeMode": null, "tessellate": -1, "extrude": 0, "visibility": -1, "drawOrder": null, "icon": null }, "geometry": null },
{ "type": "Feature", "properties": { "Name": "Real Monasterio de Santes Creus", "description": null, "timestamp": null, "begin": null, "end": null, "altitudeMode": null, "tessellate": -1, "extrude": 0, "visibility": -1, "drawOrder": null, "icon": null }, "geometry": null },
{ "type": "Feature", "properties": { "Name": "Iglesia de Santa Maria", "description": null, "timestamp": null, "begin": null, "end": null, "altitudeMode": null, "tessellate": -1, "extrude": 0, "visibility": -1, "drawOrder": null, "icon": null }, "geometry": null },
{ "type": "Feature", "properties": { "Name": "Capella de Santa Tecla la Vella", "description": null, "timestamp": null, "begin": null, "end": null, "altitudeMode": null, "tessellate": -1, "extrude": 0, "visibility": -1, "drawOrder": null, "icon": null }, "geometry": null },
{ "type": "Feature", "properties": { "Name": "Parque del Milagro - Parc del Miracle", "description": null, "timestamp": null, "begin": null, "end": null, "altitudeMode": null, "tessellate": -1, "extrude": 0, "visibility": -1, "drawOrder": null, "icon": null }, "geometry": null },
{ "type": "Feature", "properties": { "Name": "Iglesia de los Santos Julián y Basilisa", "description": null, "timestamp": null, "begin": null, "end": null, "altitudeMode": null, "tessellate": -1, "extrude": 0, "visibility": -1, "drawOrder": null, "icon": null }, "geometry": null },
{ "type": "Feature", "properties": { "Name": "Iglesia de San Nicolás de Ceñito", "description": null, "timestamp": null, "begin": null, "end": null, "altitudeMode": null, "tessellate": -1, "extrude": 0, "visibility": -1, "drawOrder": null, "icon": null }, "geometry": null },
{ "type": "Feature", "properties": { "Name": "Basílica Santa María de los Sagrados Corporales", "description": null, "timestamp": null, "begin": null, "end": null, "altitudeMode": null, "tessellate": -1, "extrude": 0, "visibility": -1, "drawOrder": null, "icon": null }, "geometry": null },
{ "type": "Feature", "properties": { "Name": "Iglesia de San Miguel", "description": null, "timestamp": null, "begin": null, "end": null, "altitudeMode": null, "tessellate": -1, "extrude": 0, "visibility": -1, "drawOrder": null, "icon": null }, "geometry": null },
{ "type": "Feature", "properties": { "Name": "Ermita de San Miguel de Liso", "description": null, "timestamp": null, "begin": null, "end": null, "altitudeMode": null, "tessellate": -1, "extrude": 0, "visibility": -1, "drawOrder": null, "icon": null }, "geometry": null },
{ "type": "Feature", "properties": { "Name": "Iglesia de Nuestra Señora de la Asunción", "description": null, "timestamp": null, "begin": null, "end": null, "altitudeMode": null, "tessellate": -1, "extrude": 0, "visibility": -1, "drawOrder": null, "icon": null }, "geometry": null },
{ "type": "Feature", "properties": { "Name": "Iglesia de San Esteban", "description": null, "timestamp": null, "begin": null, "end": null, "altitudeMode": null, "tessellate": -1, "extrude": 0, "visibility": -1, "drawOrder": null, "icon": null }, "geometry": null },
{ "type": "Feature", "properties": { "Name": "Iglesia de Santa María la Mayor", "description": null, "timestamp": null, "begin": null, "end": null, "altitudeMode": null, "tessellate": -1, "extrude": 0, "visibility": -1, "drawOrder": null, "icon": null }, "geometry": null },
{ "type": "Feature", "properties": { "Name": "Iglesia San Miguel", "description": null, "timestamp": null, "begin": null, "end": null, "altitudeMode": null, "tessellate": -1, "extrude": 0, "visibility": -1, "drawOrder": null, "icon": null }, "geometry": null },
{ "type": "Feature", "properties": { "Name": "Iglesia de San Lorenzo", "description": null, "timestamp": null, "begin": null, "end": null, "altitudeMode": null, "tessellate": -1, "extrude": 0, "visibility": -1, "drawOrder": null, "icon": null }, "geometry": null },
{ "type": "Feature", "properties": { "Name": "Iglesia de San Martín", "description": null, "timestamp": null, "begin": null, "end": null, "altitudeMode": null, "tessellate": -1, "extrude": 0, "visibility": -1, "drawOrder": null, "icon": null }, "geometry": null },
{ "type": "Feature", "properties": { "Name": "Ermita de Santa Quiteria. Ruinas", "description": null, "timestamp": null, "begin": null, "end": null, "altitudeMode": null, "tessellate": -1, "extrude": 0, "visibility": -1, "drawOrder": null, "icon": null }, "geometry": null },
{ "type": "Feature", "properties": { "Name": "Iglesia San Adrián", "description": null, "timestamp": null, "begin": null, "end": null, "altitudeMode": null, "tessellate": -1, "extrude": 0, "visibility": -1, "drawOrder": null, "icon": null }, "geometry": null },
{ "type": "Feature", "properties": { "Name": "Iglesia de Santiago y San Miguel", "description": null, "timestamp": null, "begin": null, "end": null, "altitudeMode": null, "tessellate": -1, "extrude": 0, "visibility": -1, "drawOrder": null, "icon": null }, "geometry": null },
{ "type": "Feature", "properties": { "Name": "Iglesia San Adrián", "description": null, "timestamp": null, "begin": null, "end": null, "altitudeMode": null, "tessellate": -1, "extrude": 0, "visibility": -1, "drawOrder": null, "icon": null }, "geometry": null },
{ "type": "Feature", "properties": { "Name": "\"monasterio de Santa María de Veruela", "description": null, "timestamp": null, "begin": null, "end": null, "altitudeMode": null, "tessellate": -1, "extrude": 0, "visibility": -1, "drawOrder": null, "icon": null }, "geometry": null },
{ "type": "Feature", "properties": { "Name": "Catedral del Salvador - La Seo", "description": null, "timestamp": null, "begin": null, "end": null, "altitudeMode": null, "tessellate": -1, "extrude": 0, "visibility": -1, "drawOrder": null, "icon": null }, "geometry": null },
{ "type": "Feature", "properties": { "Name": "Ermita de Nuestra Señora de Treviño", "description": null, "timestamp": null, "begin": null, "end": null, "altitudeMode": null, "tessellate": -1, "extrude": 0, "visibility": -1, "drawOrder": null, "icon": null }, "geometry": null },
{ "type": "Feature", "properties": { "Name": "Iglesia de San Salvador", "description": null, "timestamp": null, "begin": null, "end": null, "altitudeMode": null, "tessellate": -1, "extrude": 0, "visibility": -1, "drawOrder": null, "icon": null }, "geometry": null },
{ "type": "Feature", "properties": { "Name": "Iglesia San Miguel de Alastuey", "description": null, "timestamp": null, "begin": null, "end": null, "altitudeMode": null, "tessellate": -1, "extrude": 0, "visibility": -1, "drawOrder": null, "icon": null }, "geometry": null },
{ "type": "Feature", "properties": { "Name": "Ermita de San Nicolás de Bari", "description": null, "timestamp": null, "begin": null, "end": null, "altitudeMode": null, "tessellate": -1, "extrude": 0, "visibility": -1, "drawOrder": null, "icon": null }, "geometry": null },
{ "type": "Feature", "properties": { "Name": "Iglesia Parroquial de San Félix", "description": null, "timestamp": null, "begin": null, "end": null, "altitudeMode": null, "tessellate": -1, "extrude": 0, "visibility": -1, "drawOrder": null, "icon": null }, "geometry": null },
{ "type": "Feature", "properties": { "Name": "Iglesia de San Pedro", "description": null, "timestamp": null, "begin": null, "end": null, "altitudeMode": null, "tessellate": -1, "extrude": 0, "visibility": -1, "drawOrder": null, "icon": null }, "geometry": null },
{ "type": "Feature", "properties": { "Name": "Iglesia de San Clemente. Ruinas", "description": null, "timestamp": null, "begin": null, "end": null, "altitudeMode": null, "tessellate": -1, "extrude": 0, "visibility": -1, "drawOrder": null, "icon": null }, "geometry": null },
{ "type": "Feature", "properties": { "Name": "Iglesia de San Juan Evangelista", "description": null, "timestamp": null, "begin": null, "end": null, "altitudeMode": null, "tessellate": -1, "extrude": 0, "visibility": -1, "drawOrder": null, "icon": null }, "geometry": null },
{ "type": "Feature", "properties": { "Name": "Iglesia de los Santos Ángeles Custodios", "description": null, "timestamp": null, "begin": null, "end": null, "altitudeMode": null, "tessellate": -1, "extrude": 0, "visibility": -1, "drawOrder": null, "icon": null }, "geometry": null },
{ "type": "Feature", "properties": { "Name": "Ermita del monasterio de San Adrián de Sásabe (S.IX-XII)", "description": null, "timestamp": null, "begin": null, "end": null, "altitudeMode": null, "tessellate": -1, "extrude": 0, "visibility": -1, "drawOrder": null, "icon": null }, "geometry": null },
{ "type": "Feature", "properties": { "Name": "Plaza San Bernardo, 1", "description": null, "timestamp": null, "begin": null, "end": null, "altitudeMode": null, "tessellate": -1, "extrude": 0, "visibility": -1, "drawOrder": null, "icon": null }, "geometry": null },
{ "type": "Feature", "properties": { "Name": "Santa Maria de Castanesa", "description": null, "timestamp": null, "begin": null, "end": null, "altitudeMode": null, "tessellate": -1, "extrude": 0, "visibility": -1, "drawOrder": null, "icon": null }, "geometry": null },
{ "type": "Feature", "properties": { "Name": "Santa Maria de Castanesa", "description": null, "timestamp": null, "begin": null, "end": null, "altitudeMode": null, "tessellate": -1, "extrude": 0, "visibility": -1, "drawOrder": null, "icon": null }, "geometry": null },
{ "type": "Feature", "properties": { "Name": "Ermita de Santa María", "description": null, "timestamp": null, "begin": null, "end": null, "altitudeMode": null, "tessellate": -1, "extrude": 0, "visibility": -1, "drawOrder": null, "icon": null }, "geometry": null },
{ "type": "Feature", "properties": { "Name": "Ermita de Santa Isabel", "description": null, "timestamp": null, "begin": null, "end": null, "altitudeMode": null, "tessellate": -1, "extrude": 0, "visibility": -1, "drawOrder": null, "icon": null }, "geometry": null },
{ "type": "Feature", "properties": { "Name": "Ermita de San Vicente (ruinas)", "description": null, "timestamp": null, "begin": null, "end": null, "altitudeMode": null, "tessellate": -1, "extrude": 0, "visibility": -1, "drawOrder": null, "icon": null }, "geometry": null },
{ "type": "Feature", "properties": { "Name": "Monasterio de San Pedro el Viejo", "description": null, "timestamp": null, "begin": null, "end": null, "altitudeMode": null, "tessellate": -1, "extrude": 0, "visibility": -1, "drawOrder": null, "icon": null }, "geometry": null },
{ "type": "Feature", "properties": { "Name": "Ermita de Santa María de Iguácel", "description": null, "timestamp": null, "begin": null, "end": null, "altitudeMode": null, "tessellate": -1, "extrude": 0, "visibility": -1, "drawOrder": null, "icon": null }, "geometry": null },
{ "type": "Feature", "properties": { "Name": "Catedral de San Pedro", "description": null, "timestamp": null, "begin": null, "end": null, "altitudeMode": null, "tessellate": -1, "extrude": 0, "visibility": -1, "drawOrder": null, "icon": null }, "geometry": null },
{ "type": "Feature", "properties": { "Name": "Iglesia de la Adoración de los Reyes Magos", "description": null, "timestamp": null, "begin": null, "end": null, "altitudeMode": null, "tessellate": -1, "extrude": 0, "visibility": -1, "drawOrder": null, "icon": null }, "geometry": null },
{ "type": "Feature", "properties": { "Name": "Castillo de Loarre", "description": null, "timestamp": null, "begin": null, "end": null, "altitudeMode": null, "tessellate": -1, "extrude": 0, "visibility": -1, "drawOrder": null, "icon": null }, "geometry": null },
{ "type": "Feature", "properties": { "Name": "Ermita de Santa Águeda", "description": null, "timestamp": null, "begin": null, "end": null, "altitudeMode": null, "tessellate": -1, "extrude": 0, "visibility": -1, "drawOrder": null, "icon": null }, "geometry": null },
{ "type": "Feature", "properties": { "Name": "Iglesia de San Miguel", "description": null, "timestamp": null, "begin": null, "end": null, "altitudeMode": null, "tessellate": -1, "extrude": 0, "visibility": -1, "drawOrder": null, "icon": null }, "geometry": null },
{ "type": "Feature", "properties": { "Name": "Ermita de San Martín o de Santa Cruz", "description": null, "timestamp": null, "begin": null, "end": null, "altitudeMode": null, "tessellate": -1, "extrude": 0, "visibility": -1, "drawOrder": null, "icon": null }, "geometry": null },
{ "type": "Feature", "properties": { "Name": "Iglesia de San Bernardo", "description": null, "timestamp": null, "begin": null, "end": null, "altitudeMode": null, "tessellate": -1, "extrude": 0, "visibility": -1, "drawOrder": null, "icon": null }, "geometry": null },
{ "type": "Feature", "properties": { "Name": "Monasterio Viejo de San Juan de la Peña", "description": null, "timestamp": null, "begin": null, "end": null, "altitudeMode": null, "tessellate": -1, "extrude": 0, "visibility": -1, "drawOrder": null, "icon": null }, "geometry": null },
{ "type": "Feature", "properties": { "Name": "Iglesia de Santa María de Santa Cruz de la Serós", "description": null, "timestamp": null, "begin": null, "end": null, "altitudeMode": null, "tessellate": -1, "extrude": 0, "visibility": -1, "drawOrder": null, "icon": null }, "geometry": null },
{ "type": "Feature", "properties": { "Name": "Monasterio de Santa María de Alaón", "description": null, "timestamp": null, "begin": null, "end": null, "altitudeMode": null, "tessellate": -1, "extrude": 0, "visibility": -1, "drawOrder": null, "icon": null }, "geometry": null },
{ "type": "Feature", "properties": { "Name": "Santa Maria de Tolba", "description": null, "timestamp": null, "begin": null, "end": null, "altitudeMode": null, "tessellate": -1, "extrude": 0, "visibility": -1, "drawOrder": null, "icon": null }, "geometry": null },
{ "type": "Feature", "properties": { "Name": "Iglesia de San Esteban de Villarrué", "description": null, "timestamp": null, "begin": null, "end": null, "altitudeMode": null, "tessellate": -1, "extrude": 0, "visibility": -1, "drawOrder": null, "icon": null }, "geometry": null },
{ "type": "Feature", "properties": { "Name": "Iglesia de San Martín", "description": null, "timestamp": null, "begin": null, "end": null, "altitudeMode": null, "tessellate": -1, "extrude": 0, "visibility": -1, "drawOrder": null, "icon": null }, "geometry": null },
{ "type": "Feature", "properties": { "Name": "Iglesia de San Miguel", "description": null, "timestamp": null, "begin": null, "end": null, "altitudeMode": null, "tessellate": -1, "extrude": 0, "visibility": -1, "drawOrder": null, "icon": null }, "geometry": null },
{ "type": "Feature", "properties": { "Name": "Iglesia de Nuestra Señora de la la Asuncion", "description": null, "timestamp": null, "begin": null, "end": null, "altitudeMode": null, "tessellate": -1, "extrude": 0, "visibility": -1, "drawOrder": null, "icon": null }, "geometry": null },
{ "type": "Feature", "properties": { "Name": "Iglesia de San Miguel Arcángel", "description": null, "timestamp": null, "begin": null, "end": null, "altitudeMode": null, "tessellate": -1, "extrude": 0, "visibility": -1, "drawOrder": null, "icon": null }, "geometry": null },
{ "type": "Feature", "properties": { "Name": "Iglesia de Nuestra Señora del Espino", "description": null, "timestamp": null, "begin": null, "end": null, "altitudeMode": null, "tessellate": -1, "extrude": 0, "visibility": -1, "drawOrder": null, "icon": null }, "geometry": null },
{ "type": "Feature", "properties": { "Name": "Iglesia de San Martín de Tours", "description": null, "timestamp": null, "begin": null, "end": null, "altitudeMode": null, "tessellate": -1, "extrude": 0, "visibility": -1, "drawOrder": null, "icon": null }, "geometry": null },
{ "type": "Feature", "properties": { "Name": "Iglesia de San Pedro", "description": null, "timestamp": null, "begin": null, "end": null, "altitudeMode": null, "tessellate": -1, "extrude": 0, "visibility": -1, "drawOrder": null, "icon": null }, "geometry": null },
{ "type": "Feature", "properties": { "Name": "Ermita de Nuestra Señora de la Calzada", "description": null, "timestamp": null, "begin": null, "end": null, "altitudeMode": null, "tessellate": -1, "extrude": 0, "visibility": -1, "drawOrder": null, "icon": null }, "geometry": null },
{ "type": "Feature", "properties": { "Name": "Iglesia de Santa María", "description": null, "timestamp": null, "begin": null, "end": null, "altitudeMode": null, "tessellate": -1, "extrude": 0, "visibility": -1, "drawOrder": null, "icon": null }, "geometry": null },
{ "type": "Feature", "properties": { "Name": "Ermita de los Santos Mártires", "description": null, "timestamp": null, "begin": null, "end": null, "altitudeMode": null, "tessellate": -1, "extrude": 0, "visibility": -1, "drawOrder": null, "icon": null }, "geometry": null },
{ "type": "Feature", "properties": { "Name": "Iglesia de la Inmaculada Concepción", "description": null, "timestamp": null, "begin": null, "end": null, "altitudeMode": null, "tessellate": -1, "extrude": 0, "visibility": -1, "drawOrder": null, "icon": null }, "geometry": null },
{ "type": "Feature", "properties": { "Name": "Iglesia de San Juan Bautista", "description": null, "timestamp": null, "begin": null, "end": null, "altitudeMode": null, "tessellate": -1, "extrude": 0, "visibility": -1, "drawOrder": null, "icon": null }, "geometry": null },
{ "type": "Feature", "properties": { "Name": "Iglesia de San Miguel", "description": null, "timestamp": null, "begin": null, "end": null, "altitudeMode": null, "tessellate": -1, "extrude": 0, "visibility": -1, "drawOrder": null, "icon": null }, "geometry": null },
{ "type": "Feature", "properties": { "Name": "Iglesia de la Asunción de Nuestra Señora", "description": null, "timestamp": null, "begin": null, "end": null, "altitudeMode": null, "tessellate": -1, "extrude": 0, "visibility": -1, "drawOrder": null, "icon": null }, "geometry": null },
{ "type": "Feature", "properties": { "Name": "Iglesia de San Gervasio y San Protasio", "description": null, "timestamp": null, "begin": null, "end": null, "altitudeMode": null, "tessellate": -1, "extrude": 0, "visibility": -1, "drawOrder": null, "icon": null }, "geometry": null },
{ "type": "Feature", "properties": { "Name": "Iglesia de Santo Tomás Apóstol", "description": null, "timestamp": null, "begin": null, "end": null, "altitudeMode": null, "tessellate": -1, "extrude": 0, "visibility": -1, "drawOrder": null, "icon": null }, "geometry": null },
{ "type": "Feature", "properties": { "Name": "Iglesia de San Juan Bautista", "description": null, "timestamp": null, "begin": null, "end": null, "altitudeMode": null, "tessellate": -1, "extrude": 0, "visibility": -1, "drawOrder": null, "icon": null }, "geometry": null },
{ "type": "Feature", "properties": { "Name": "Iglesia de Nuestra Señora de la Asunción", "description": null, "timestamp": null, "begin": null, "end": null, "altitudeMode": null, "tessellate": -1, "extrude": 0, "visibility": -1, "drawOrder": null, "icon": null }, "geometry": null },
{ "type": "Feature", "properties": { "Name": "Iglesia de San Juan Bautista", "description": null, "timestamp": null, "begin": null, "end": null, "altitudeMode": null, "tessellate": -1, "extrude": 0, "visibility": -1, "drawOrder": null, "icon": null }, "geometry": null },
{ "type": "Feature", "properties": { "Name": "Iglesia de San Martín", "description": null, "timestamp": null, "begin": null, "end": null, "altitudeMode": null, "tessellate": -1, "extrude": 0, "visibility": -1, "drawOrder": null, "icon": null }, "geometry": null },
{ "type": "Feature", "properties": { "Name": "Ermita de Santa María de Tiermes", "description": null, "timestamp": null, "begin": null, "end": null, "altitudeMode": null, "tessellate": -1, "extrude": 0, "visibility": -1, "drawOrder": null, "icon": null }, "geometry": null },
{ "type": "Feature", "properties": { "Name": "Iglesia de Santo Tomás Apóstol. Ruinas", "description": null, "timestamp": null, "begin": null, "end": null, "altitudeMode": null, "tessellate": -1, "extrude": 0, "visibility": -1, "drawOrder": null, "icon": null }, "geometry": null },
{ "type": "Feature", "properties": { "Name": "Iglesia de la cátedra de San Pedro de Antioquía", "description": null, "timestamp": null, "begin": null, "end": null, "altitudeMode": null, "tessellate": -1, "extrude": 0, "visibility": -1, "drawOrder": null, "icon": null }, "geometry": null },
{ "type": "Feature", "properties": { "Name": "Iglesia de San Pedro Apóstol", "description": null, "timestamp": null, "begin": null, "end": null, "altitudeMode": null, "tessellate": -1, "extrude": 0, "visibility": -1, "drawOrder": null, "icon": null }, "geometry": null },
{ "type": "Feature", "properties": { "Name": "Iglesia de Nuestra Señora de la Asunción", "description": null, "timestamp": null, "begin": null, "end": null, "altitudeMode": null, "tessellate": -1, "extrude": 0, "visibility": -1, "drawOrder": null, "icon": null }, "geometry": null },
{ "type": "Feature", "properties": { "Name": "Iglesia de San Martín", "description": null, "timestamp": null, "begin": null, "end": null, "altitudeMode": null, "tessellate": -1, "extrude": 0, "visibility": -1, "drawOrder": null, "icon": null }, "geometry": null },
{ "type": "Feature", "properties": { "Name": "Iglesia de San Ginés", "description": null, "timestamp": null, "begin": null, "end": null, "altitudeMode": null, "tessellate": -1, "extrude": 0, "visibility": -1, "drawOrder": null, "icon": null }, "geometry": null },
{ "type": "Feature", "properties": { "Name": "Ermita de San Miguel", "description": null, "timestamp": null, "begin": null, "end": null, "altitudeMode": null, "tessellate": -1, "extrude": 0, "visibility": -1, "drawOrder": null, "icon": null }, "geometry": null },
{ "type": "Feature", "properties": { "Name": "Monasterio Cisterciense de Santa María de Huerta", "description": null, "timestamp": null, "begin": null, "end": null, "altitudeMode": null, "tessellate": -1, "extrude": 0, "visibility": -1, "drawOrder": null, "icon": null }, "geometry": null },
{ "type": "Feature", "properties": { "Name": "Ermita del Santo Cristo de Miranda", "description": null, "timestamp": null, "begin": null, "end": null, "altitudeMode": null, "tessellate": -1, "extrude": 0, "visibility": -1, "drawOrder": null, "icon": null }, "geometry": null },
{ "type": "Feature", "properties": { "Name": "Monasterio de San Juan de Duero. Sección Medieval del Museo Numantino.", "description": null, "timestamp": null, "begin": null, "end": null, "altitudeMode": null, "tessellate": -1, "extrude": 0, "visibility": -1, "drawOrder": null, "icon": null }, "geometry": null },
{ "type": "Feature", "properties": { "Name": "Ruinas de la Iglesia de San Nicolás", "description": null, "timestamp": null, "begin": null, "end": null, "altitudeMode": null, "tessellate": -1, "extrude": 0, "visibility": -1, "drawOrder": null, "icon": null }, "geometry": null },
{ "type": "Feature", "properties": { "Name": "Iglesia de El Salvador", "description": null, "timestamp": null, "begin": null, "end": null, "altitudeMode": null, "tessellate": -1, "extrude": 0, "visibility": -1, "drawOrder": null, "icon": null }, "geometry": null },
{ "type": "Feature", "properties": { "Name": "Iglesia de San Juan de Rabanera", "description": null, "timestamp": null, "begin": null, "end": null, "altitudeMode": null, "tessellate": -1, "extrude": 0, "visibility": -1, "drawOrder": null, "icon": null }, "geometry": null },
{ "type": "Feature", "properties": { "Name": "Iglesia Santo Domingo De Silos", "description": null, "timestamp": null, "begin": null, "end": null, "altitudeMode": null, "tessellate": -1, "extrude": 0, "visibility": -1, "drawOrder": null, "icon": null }, "geometry": null },
{ "type": "Feature", "properties": { "Name": "Iglesia de San Juan Bautista", "description": null, "timestamp": null, "begin": null, "end": null, "altitudeMode": null, "tessellate": -1, "extrude": 0, "visibility": -1, "drawOrder": null, "icon": null }, "geometry": null },
{ "type": "Feature", "properties": { "Name": "Iglesia de San Bartolomé Apóstol", "description": null, "timestamp": null, "begin": null, "end": null, "altitudeMode": null, "tessellate": -1, "extrude": 0, "visibility": -1, "drawOrder": null, "icon": null }, "geometry": null },
{ "type": "Feature", "properties": { "Name": "Iglesia de Nuestra Señora de la Asunción", "description": null, "timestamp": null, "begin": null, "end": null, "altitudeMode": null, "tessellate": -1, "extrude": 0, "visibility": -1, "drawOrder": null, "icon": null }, "geometry": null },
{ "type": "Feature", "properties": { "Name": "Monasterio de Sant Sebastià dels Gorgs", "description": null, "timestamp": null, "begin": null, "end": null, "altitudeMode": null, "tessellate": -1, "extrude": 0, "visibility": -1, "drawOrder": null, "icon": null }, "geometry": null },
{ "type": "Feature", "properties": { "Name": "Parroquia de San Pedro de las Puel·las (antes monasterio)", "description": null, "timestamp": null, "begin": null, "end": null, "altitudeMode": null, "tessellate": -1, "extrude": 0, "visibility": -1, "drawOrder": null, "icon": null }, "geometry": null },
{ "type": "Feature", "properties": { "Name": "Palacio Episcopal de Barcelona", "description": null, "timestamp": null, "begin": null, "end": null, "altitudeMode": null, "tessellate": -1, "extrude": 0, "visibility": -1, "drawOrder": null, "icon": null }, "geometry": null },
{ "type": "Feature", "properties": { "Name": "Església de Sant Fèlix", "description": null, "timestamp": null, "begin": null, "end": null, "altitudeMode": null, "tessellate": -1, "extrude": 0, "visibility": -1, "drawOrder": null, "icon": null }, "geometry": null },
{ "type": "Feature", "properties": { "Name": "Monasterio de Santa Maria de l'Estany", "description": null, "timestamp": null, "begin": null, "end": null, "altitudeMode": null, "tessellate": -1, "extrude": 0, "visibility": -1, "drawOrder": null, "icon": null }, "geometry": null },
{ "type": "Feature", "properties": { "Name": "Iglesia de Sant Martí de Biure", "description": null, "timestamp": null, "begin": null, "end": null, "altitudeMode": null, "tessellate": -1, "extrude": 0, "visibility": -1, "drawOrder": null, "icon": null }, "geometry": null },
{ "type": "Feature", "properties": { "Name": "Església de Santa Maria de Cornet", "description": null, "timestamp": null, "begin": null, "end": null, "altitudeMode": null, "tessellate": -1, "extrude": 0, "visibility": -1, "drawOrder": null, "icon": null }, "geometry": null },
{ "type": "Feature", "properties": { "Name": "Monasterio de San Benito de Bages", "description": null, "timestamp": null, "begin": null, "end": null, "altitudeMode": null, "tessellate": -1, "extrude": 0, "visibility": -1, "drawOrder": null, "icon": null }, "geometry": null },
{ "type": "Feature", "properties": { "Name": "Església Parroquial de Santa María", "description": null, "timestamp": null, "begin": null, "end": null, "altitudeMode": null, "tessellate": -1, "extrude": 0, "visibility": -1, "drawOrder": null, "icon": null }, "geometry": null },
{ "type": "Feature", "properties": { "Name": "Iglesia de San Pedro de Riudebitlles", "description": null, "timestamp": null, "begin": null, "end": null, "altitudeMode": null, "tessellate": -1, "extrude": 0, "visibility": -1, "drawOrder": null, "icon": null }, "geometry": null },
{ "type": "Feature", "properties": { "Name": " 41.90328   2.09215", "description": null, "timestamp": null, "begin": null, "end": null, "altitudeMode": null, "tessellate": -1, "extrude": 0, "visibility": -1, "drawOrder": null, "icon": null }, "geometry": null },
{ "type": "Feature", "properties": { "Name": "Santa Maria de Veciana", "description": null, "timestamp": null, "begin": null, "end": null, "altitudeMode": null, "tessellate": -1, "extrude": 0, "visibility": -1, "drawOrder": null, "icon": null }, "geometry": null },
{ "type": "Feature", "properties": { "Name": "Església de Sant Pere del Vim", "description": null, "timestamp": null, "begin": null, "end": null, "altitudeMode": null, "tessellate": -1, "extrude": 0, "visibility": -1, "drawOrder": null, "icon": null }, "geometry": null },
{ "type": "Feature", "properties": { "Name": "Catedral de San Pedro de Vic", "description": null, "timestamp": null, "begin": null, "end": null, "altitudeMode": null, "tessellate": -1, "extrude": 0, "visibility": -1, "drawOrder": null, "icon": null }, "geometry": null },
{ "type": "Feature", "properties": { "Name": "Ermita de la Mare de Déu de la Sala", "description": null, "timestamp": null, "begin": null, "end": null, "altitudeMode": null, "tessellate": -1, "extrude": 0, "visibility": -1, "drawOrder": null, "icon": null }, "geometry": null },
{ "type": "Feature", "properties": { "Name": "Església Parroquial de Santa María", "description": null, "timestamp": null, "begin": null, "end": null, "altitudeMode": null, "tessellate": -1, "extrude": 0, "visibility": -1, "drawOrder": null, "icon": null }, "geometry": null },
{ "type": "Feature", "properties": { "Name": "Església Parroquial de Santa María", "description": null, "timestamp": null, "begin": null, "end": null, "altitudeMode": null, "tessellate": -1, "extrude": 0, "visibility": -1, "drawOrder": null, "icon": null }, "geometry": null },
{ "type": "Feature", "properties": { "Name": "Monasterio de Santa Maria de Serrateix", "description": null, "timestamp": null, "begin": null, "end": null, "altitudeMode": null, "tessellate": -1, "extrude": 0, "visibility": -1, "drawOrder": null, "icon": null }, "geometry": null },
{ "type": "Feature", "properties": { "Name": "Iglesia de San Martín", "description": null, "timestamp": null, "begin": null, "end": null, "altitudeMode": null, "tessellate": -1, "extrude": 0, "visibility": -1, "drawOrder": null, "icon": null }, "geometry": null },
{ "type": "Feature", "properties": { "Name": "Iglesia de San Pablo", "description": null, "timestamp": null, "begin": null, "end": null, "altitudeMode": null, "tessellate": -1, "extrude": 0, "visibility": -1, "drawOrder": null, "icon": null }, "geometry": null },
{ "type": "Feature", "properties": { "Name": "Iglesia de Sant Martí de Maçanet", "description": null, "timestamp": null, "begin": null, "end": null, "altitudeMode": null, "tessellate": -1, "extrude": 0, "visibility": -1, "drawOrder": null, "icon": null }, "geometry": null },
{ "type": "Feature", "properties": { "Name": "Iglesia de San Vicente de Espinelves", "description": null, "timestamp": null, "begin": null, "end": null, "altitudeMode": null, "tessellate": -1, "extrude": 0, "visibility": -1, "drawOrder": null, "icon": null }, "geometry": null },
{ "type": "Feature", "properties": { "Name": "Monasterio de San Esteban", "description": null, "timestamp": null, "begin": null, "end": null, "altitudeMode": null, "tessellate": -1, "extrude": 0, "visibility": -1, "drawOrder": null, "icon": null }, "geometry": null },
{ "type": "Feature", "properties": { "Name": "Iglesia de San Esteban", "description": null, "timestamp": null, "begin": null, "end": null, "altitudeMode": null, "tessellate": -1, "extrude": 0, "visibility": -1, "drawOrder": null, "icon": null }, "geometry": null },
{ "type": "Feature", "properties": { "Name": "Iglesia de San Esteban de Bas", "description": null, "timestamp": null, "begin": null, "end": null, "altitudeMode": null, "tessellate": -1, "extrude": 0, "visibility": -1, "drawOrder": null, "icon": null }, "geometry": null },
{ "type": "Feature", "properties": { "Name": "Monestir de Santa Maria de Lladó", "description": null, "timestamp": null, "begin": null, "end": null, "altitudeMode": null, "tessellate": -1, "extrude": 0, "visibility": -1, "drawOrder": null, "icon": null }, "geometry": null },
{ "type": "Feature", "properties": { "Name": "Iglesia de Santa Maria de l'Om", "description": null, "timestamp": null, "begin": null, "end": null, "altitudeMode": null, "tessellate": -1, "extrude": 0, "visibility": -1, "drawOrder": null, "icon": null }, "geometry": null },
{ "type": "Feature", "properties": { "Name": "Ermita de Santa Eugènia", "description": null, "timestamp": null, "begin": null, "end": null, "altitudeMode": null, "tessellate": -1, "extrude": 0, "visibility": -1, "drawOrder": null, "icon": null }, "geometry": null },
{ "type": "Feature", "properties": { "Name": "Iglesia de Santa Maria de Colomers", "description": null, "timestamp": null, "begin": null, "end": null, "altitudeMode": null, "tessellate": -1, "extrude": 0, "visibility": -1, "drawOrder": null, "icon": null }, "geometry": null },
{ "type": "Feature", "properties": { "Name": "Monasterio de Santa María de Ripoll", "description": null, "timestamp": null, "begin": null, "end": null, "altitudeMode": null, "tessellate": -1, "extrude": 0, "visibility": -1, "drawOrder": null, "icon": null }, "geometry": null },
{ "type": "Feature", "properties": { "Name": "Esglèsia de Sant Feliu de Beuda", "description": null, "timestamp": null, "begin": null, "end": null, "altitudeMode": null, "tessellate": -1, "extrude": 0, "visibility": -1, "drawOrder": null, "icon": null }, "geometry": null },
{ "type": "Feature", "properties": { "Name": "Monasterio de Sant Miquel de Fluvià", "description": null, "timestamp": null, "begin": null, "end": null, "altitudeMode": null, "tessellate": -1, "extrude": 0, "visibility": -1, "drawOrder": null, "icon": null }, "geometry": null },
{ "type": "Feature", "properties": { "Name": "Monestir de Sant Joan de les Abadesses", "description": null, "timestamp": null, "begin": null, "end": null, "altitudeMode": null, "tessellate": -1, "extrude": 0, "visibility": -1, "drawOrder": null, "icon": null }, "geometry": null },
{ "type": "Feature", "properties": { "Name": "Monasterio de San Pedro de Rodes", "description": null, "timestamp": null, "begin": null, "end": null, "altitudeMode": null, "tessellate": -1, "extrude": 0, "visibility": -1, "drawOrder": null, "icon": null }, "geometry": null },
{ "type": "Feature", "properties": { "Name": "Canónica de Santa María de Vilabertrán", "description": null, "timestamp": null, "begin": null, "end": null, "altitudeMode": null, "tessellate": -1, "extrude": 0, "visibility": -1, "drawOrder": null, "icon": null }, "geometry": null },
{ "type": "Feature", "properties": { "Name": "Iglesia de Sant Andreu de Valencia d'Àneu", "description": null, "timestamp": null, "begin": null, "end": null, "altitudeMode": null, "tessellate": -1, "extrude": 0, "visibility": -1, "drawOrder": null, "icon": null }, "geometry": null },
{ "type": "Feature", "properties": { "Name": "Iglesia de Sant Joan d'Isil", "description": null, "timestamp": null, "begin": null, "end": null, "altitudeMode": null, "tessellate": -1, "extrude": 0, "visibility": -1, "drawOrder": null, "icon": null }, "geometry": null },
{ "type": "Feature", "properties": { "Name": "Iglesia de Sant Lliser d'Alós d'Isil", "description": null, "timestamp": null, "begin": null, "end": null, "altitudeMode": null, "tessellate": -1, "extrude": 0, "visibility": -1, "drawOrder": null, "icon": null }, "geometry": null },
{ "type": "Feature", "properties": { "Name": "Església de Sant Llorenç d'Isavarre", "description": null, "timestamp": null, "begin": null, "end": null, "altitudeMode": null, "tessellate": -1, "extrude": 0, "visibility": -1, "drawOrder": null, "icon": null }, "geometry": null },
{ "type": "Feature", "properties": { "Name": "Monestir de Santa Maria de Gerri de la Sal", "description": null, "timestamp": null, "begin": null, "end": null, "altitudeMode": null, "tessellate": -1, "extrude": 0, "visibility": -1, "drawOrder": null, "icon": null }, "geometry": null },
{ "type": "Feature", "properties": { "Name": "Santa Maria de Bell-lloc", "description": null, "timestamp": null, "begin": null, "end": null, "altitudeMode": null, "tessellate": -1, "extrude": 0, "visibility": -1, "drawOrder": null, "icon": null }, "geometry": null },
{ "type": "Feature", "properties": { "Name": "Iglesia de Santa Maria de Covet", "description": null, "timestamp": null, "begin": null, "end": null, "altitudeMode": null, "tessellate": -1, "extrude": 0, "visibility": -1, "drawOrder": null, "icon": null }, "geometry": null },
{ "type": "Feature", "properties": { "Name": "Catedral de Santa María de Urgel", "description": null, "timestamp": null, "begin": null, "end": null, "altitudeMode": null, "tessellate": -1, "extrude": 0, "visibility": -1, "drawOrder": null, "icon": null }, "geometry": null },
{ "type": "Feature", "properties": { "Name": "Iglesia de San Clemente", "description": null, "timestamp": null, "begin": null, "end": null, "altitudeMode": null, "tessellate": -1, "extrude": 0, "visibility": -1, "drawOrder": null, "icon": null }, "geometry": null },
{ "type": "Feature", "properties": { "Name": "Iglesia de Santa María o de la Natividad de Nuestra Señora de Durro", "description": null, "timestamp": null, "begin": null, "end": null, "altitudeMode": null, "tessellate": -1, "extrude": 0, "visibility": -1, "drawOrder": null, "icon": null }, "geometry": null },
{ "type": "Feature", "properties": { "Name": "Iglesia de Santa María de la Asunción de Cóll", "description": null, "timestamp": null, "begin": null, "end": null, "altitudeMode": null, "tessellate": -1, "extrude": 0, "visibility": -1, "drawOrder": null, "icon": null }, "geometry": null },
{ "type": "Feature", "properties": { "Name": "Iglesia de Sant Andrèu de Salardú", "description": null, "timestamp": null, "begin": null, "end": null, "altitudeMode": null, "tessellate": -1, "extrude": 0, "visibility": -1, "drawOrder": null, "icon": null }, "geometry": null },
{ "type": "Feature", "properties": { "Name": "Iglesia de San Félix de Bagergue", "description": null, "timestamp": null, "begin": null, "end": null, "altitudeMode": null, "tessellate": -1, "extrude": 0, "visibility": -1, "drawOrder": null, "icon": null }, "geometry": null },
{ "type": "Feature", "properties": { "Name": "Iglesia de Santa María de Arties", "description": null, "timestamp": null, "begin": null, "end": null, "altitudeMode": null, "tessellate": -1, "extrude": 0, "visibility": -1, "drawOrder": null, "icon": null }, "geometry": null },
{ "type": "Feature", "properties": { "Name": "Glèisa de Santa Maria de Cap d'Aran", "description": null, "timestamp": null, "begin": null, "end": null, "altitudeMode": null, "tessellate": -1, "extrude": 0, "visibility": -1, "drawOrder": null, "icon": null }, "geometry": null },
{ "type": "Feature", "properties": { "Name": "Monasterio de Santa María de Lavaix. Ruïnes", "description": null, "timestamp": null, "begin": null, "end": null, "altitudeMode": null, "tessellate": -1, "extrude": 0, "visibility": -1, "drawOrder": null, "icon": null }, "geometry": null },
{ "type": "Feature", "properties": { "Name": "Catedral de Santa Maria de Solsona", "description": null, "timestamp": null, "begin": null, "end": null, "altitudeMode": null, "tessellate": -1, "extrude": 0, "visibility": -1, "drawOrder": null, "icon": null }, "geometry": null },
{ "type": "Feature", "properties": { "Name": "Iglesia de Santa María | Ribera de Cardós", "description": null, "timestamp": null, "begin": null, "end": null, "altitudeMode": null, "tessellate": -1, "extrude": 0, "visibility": -1, "drawOrder": null, "icon": null }, "geometry": null },
{ "type": "Feature", "properties": { "Name": "Iglesia de Sant Feliu de Vilac", "description": null, "timestamp": null, "begin": null, "end": null, "altitudeMode": null, "tessellate": -1, "extrude": 0, "visibility": -1, "drawOrder": null, "icon": null }, "geometry": null },
{ "type": "Feature", "properties": { "Name": "Església de Sant Peir d'Escunhau", "description": null, "timestamp": null, "begin": null, "end": null, "altitudeMode": null, "tessellate": -1, "extrude": 0, "visibility": -1, "drawOrder": null, "icon": null }, "geometry": null },
{ "type": "Feature", "properties": { "Name": "Iglesia de Iglesia de Santa María", "description": null, "timestamp": null, "begin": null, "end": null, "altitudeMode": null, "tessellate": -1, "extrude": 0, "visibility": -1, "drawOrder": null, "icon": null }, "geometry": null },
{ "type": "Feature", "properties": { "Name": "Església de Santa Maria de Corroncui", "description": null, "timestamp": null, "begin": null, "end": null, "altitudeMode": null, "tessellate": -1, "extrude": 0, "visibility": -1, "drawOrder": null, "icon": null }, "geometry": null },
{ "type": "Feature", "properties": { "Name": "Església de Santa Maria de Vilagrassa", "description": null, "timestamp": null, "begin": null, "end": null, "altitudeMode": null, "tessellate": -1, "extrude": 0, "visibility": -1, "drawOrder": null, "icon": null }, "geometry": null },
{ "type": "Feature", "properties": { "Name": "Abadía de Marmoutier", "description": null, "timestamp": null, "begin": null, "end": null, "altitudeMode": null, "tessellate": -1, "extrude": 0, "visibility": -1, "drawOrder": null, "icon": null }, "geometry": null },
{ "type": "Feature", "properties": { "Name": "Abadía de San Léger de Murbach", "description": null, "timestamp": null, "begin": null, "end": null, "altitudeMode": null, "tessellate": -1, "extrude": 0, "visibility": -1, "drawOrder": null, "icon": null }, "geometry": null },
{ "type": "Feature", "properties": { "Name": "Eglise Saints-Pierre-et-Paul", "description": null, "timestamp": null, "begin": null, "end": null, "altitudeMode": null, "tessellate": -1, "extrude": 0, "visibility": -1, "drawOrder": null, "icon": null }, "geometry": null },
{ "type": "Feature", "properties": { "Name": "Church of St Dominic", "description": null, "timestamp": null, "begin": null, "end": null, "altitudeMode": null, "tessellate": -1, "extrude": 0, "visibility": -1, "drawOrder": null, "icon": null }, "geometry": null },
{ "type": "Feature", "properties": { "Name": "Église Sainte-Croix", "description": null, "timestamp": null, "begin": null, "end": null, "altitudeMode": null, "tessellate": -1, "extrude": 0, "visibility": -1, "drawOrder": null, "icon": null }, "geometry": null },
{ "type": "Feature", "properties": { "Name": "Catedral de Saint-Front de Périgueux", "description": null, "timestamp": null, "begin": null, "end": null, "altitudeMode": null, "tessellate": -1, "extrude": 0, "visibility": -1, "drawOrder": null, "icon": null }, "geometry": null },
{ "type": "Feature", "properties": { "Name": "Église Saint-Pierre de Savigny-sous-Faye", "description": null, "timestamp": null, "begin": null, "end": null, "altitudeMode": null, "tessellate": -1, "extrude": 0, "visibility": -1, "drawOrder": null, "icon": null }, "geometry": null },
{ "type": "Feature", "properties": { "Name": "Église Notre-Dame de l'Assomption", "description": null, "timestamp": null, "begin": null, "end": null, "altitudeMode": null, "tessellate": -1, "extrude": 0, "visibility": -1, "drawOrder": null, "icon": null }, "geometry": null },
{ "type": "Feature", "properties": { "Name": "Church of Saint Laurent in Châtel-de-Neuvre (11th century)", "description": null, "timestamp": null, "begin": null, "end": null, "altitudeMode": null, "tessellate": -1, "extrude": 0, "visibility": -1, "drawOrder": null, "icon": null }, "geometry": null },
{ "type": "Feature", "properties": { "Name": "Basílica de Nuestra Señora del Puerto", "description": null, "timestamp": null, "begin": null, "end": null, "altitudeMode": null, "tessellate": -1, "extrude": 0, "visibility": -1, "drawOrder": null, "icon": null }, "geometry": null },
{ "type": "Feature", "properties": { "Name": "Abadía de Nuestra Señora de Fontgombault", "description": null, "timestamp": null, "begin": null, "end": null, "altitudeMode": null, "tessellate": -1, "extrude": 0, "visibility": -1, "drawOrder": null, "icon": null }, "geometry": null },
{ "type": "Feature", "properties": { "Name": "Collégiale Saint-Austrégésile de Saint-Outrille", "description": null, "timestamp": null, "begin": null, "end": null, "altitudeMode": null, "tessellate": -1, "extrude": 0, "visibility": -1, "drawOrder": null, "icon": null }, "geometry": null },
{ "type": "Feature", "properties": { "Name": "Neuvy-Saint-Sépulchre", "description": null, "timestamp": null, "begin": null, "end": null, "altitudeMode": null, "tessellate": -1, "extrude": 0, "visibility": -1, "drawOrder": null, "icon": null }, "geometry": null },
{ "type": "Feature", "properties": { "Name": "Basílica del Sagrado Corazón", "description": null, "timestamp": null, "begin": null, "end": null, "altitudeMode": null, "tessellate": -1, "extrude": 0, "visibility": -1, "drawOrder": null, "icon": null }, "geometry": null },
{ "type": "Feature", "properties": { "Name": "Basilique Saint-Andoche de Saulieu", "description": null, "timestamp": null, "begin": null, "end": null, "altitudeMode": null, "tessellate": -1, "extrude": 0, "visibility": -1, "drawOrder": null, "icon": null }, "geometry": null },
{ "type": "Feature", "properties": { "Name": "St. Stephen's Church", "description": null, "timestamp": null, "begin": null, "end": null, "altitudeMode": null, "tessellate": -1, "extrude": 0, "visibility": -1, "drawOrder": null, "icon": null }, "geometry": null },
{ "type": "Feature", "properties": { "Name": "Abadía de las Damas", "description": null, "timestamp": null, "begin": null, "end": null, "altitudeMode": null, "tessellate": -1, "extrude": 0, "visibility": -1, "drawOrder": null, "icon": null }, "geometry": null },
{ "type": "Feature", "properties": { "Name": "Église Saint-Symphorien d'Azay-le-Rideau", "description": null, "timestamp": null, "begin": null, "end": null, "altitudeMode": null, "tessellate": -1, "extrude": 0, "visibility": -1, "drawOrder": null, "icon": null }, "geometry": null },
{ "type": "Feature", "properties": { "Name": "Catedral de Bourges", "description": null, "timestamp": null, "begin": null, "end": null, "altitudeMode": null, "tessellate": -1, "extrude": 0, "visibility": -1, "drawOrder": null, "icon": null }, "geometry": null },
{ "type": "Feature", "properties": { "Name": "Église Saint-Étienne", "description": null, "timestamp": null, "begin": null, "end": null, "altitudeMode": null, "tessellate": -1, "extrude": 0, "visibility": -1, "drawOrder": null, "icon": null }, "geometry": null },
{ "type": "Feature", "properties": { "Name": "Église Saint-Étienne", "description": null, "timestamp": null, "begin": null, "end": null, "altitudeMode": null, "tessellate": -1, "extrude": 0, "visibility": -1, "drawOrder": null, "icon": null }, "geometry": null },
{ "type": "Feature", "properties": { "Name": "Abadía de Fleury", "description": null, "timestamp": null, "begin": null, "end": null, "altitudeMode": null, "tessellate": -1, "extrude": 0, "visibility": -1, "drawOrder": null, "icon": null }, "geometry": null },
{ "type": "Feature", "properties": { "Name": "Church of Saint-Étienne, Vignory", "description": null, "timestamp": null, "begin": null, "end": null, "altitudeMode": null, "tessellate": -1, "extrude": 0, "visibility": -1, "drawOrder": null, "icon": null }, "geometry": null },
{ "type": "Feature", "properties": { "Name": "Abadía de Saint-Sever", "description": null, "timestamp": null, "begin": null, "end": null, "altitudeMode": null, "tessellate": -1, "extrude": 0, "visibility": -1, "drawOrder": null, "icon": null }, "geometry": null },
{ "type": "Feature", "properties": { "Name": "Église Saint-Jacques", "description": null, "timestamp": null, "begin": null, "end": null, "altitudeMode": null, "tessellate": -1, "extrude": 0, "visibility": -1, "drawOrder": null, "icon": null }, "geometry": null },
{ "type": "Feature", "properties": { "Name": "Església - Église de Sant Sadurní de Bula d'Amunt", "description": null, "timestamp": null, "begin": null, "end": null, "altitudeMode": null, "tessellate": -1, "extrude": 0, "visibility": -1, "drawOrder": null, "icon": null }, "geometry": null },
{ "type": "Feature", "properties": { "Name": "Église Sainte-Marie", "description": null, "timestamp": null, "begin": null, "end": null, "altitudeMode": null, "tessellate": -1, "extrude": 0, "visibility": -1, "drawOrder": null, "icon": null }, "geometry": null },
{ "type": "Feature", "properties": { "Name": "Catedral de Santa Eulalia y Santa Julia de Elna", "description": null, "timestamp": null, "begin": null, "end": null, "altitudeMode": null, "tessellate": -1, "extrude": 0, "visibility": -1, "drawOrder": null, "icon": null }, "geometry": null },
{ "type": "Feature", "properties": { "Name": "Sant Julià i Santa Basilissa de Jújols", "description": null, "timestamp": null, "begin": null, "end": null, "altitudeMode": null, "tessellate": -1, "extrude": 0, "visibility": -1, "drawOrder": null, "icon": null }, "geometry": null },
{ "type": "Feature", "properties": { "Name": "Notre Dame des Escaliers de Marcevol", "description": null, "timestamp": null, "begin": null, "end": null, "altitudeMode": null, "tessellate": -1, "extrude": 0, "visibility": -1, "drawOrder": null, "icon": null }, "geometry": null },
{ "type": "Feature", "properties": { "Name": "Sant Pere de Riuferrer", "description": null, "timestamp": null, "begin": null, "end": null, "altitudeMode": null, "tessellate": -1, "extrude": 0, "visibility": -1, "drawOrder": null, "icon": null }, "geometry": null },
{ "type": "Feature", "properties": { "Name": "Sant Esteve d'Agusà", "description": null, "timestamp": null, "begin": null, "end": null, "altitudeMode": null, "tessellate": -1, "extrude": 0, "visibility": -1, "drawOrder": null, "icon": null }, "geometry": null },
{ "type": "Feature", "properties": { "Name": "Eglise Ste Marie", "description": null, "timestamp": null, "begin": null, "end": null, "altitudeMode": null, "tessellate": -1, "extrude": 0, "visibility": -1, "drawOrder": null, "icon": null }, "geometry": null },
{ "type": "Feature", "properties": { "Name": "Église Saint André", "description": null, "timestamp": null, "begin": null, "end": null, "altitudeMode": null, "tessellate": -1, "extrude": 0, "visibility": -1, "drawOrder": null, "icon": null }, "geometry": null },
{ "type": "Feature", "properties": { "Name": "Taxo-d'Avall", "description": null, "timestamp": null, "begin": null, "end": null, "altitudeMode": null, "tessellate": -1, "extrude": 0, "visibility": -1, "drawOrder": null, "icon": null }, "geometry": null },
{ "type": "Feature", "properties": { "Name": "Eglise d'Avord", "description": null, "timestamp": null, "begin": null, "end": null, "altitudeMode": null, "tessellate": -1, "extrude": 0, "visibility": -1, "drawOrder": null, "icon": null }, "geometry": null },
{ "type": "Feature", "properties": { "Name": "Iglesia prioral de Nuestra Señora de Cunault", "description": null, "timestamp": null, "begin": null, "end": null, "altitudeMode": null, "tessellate": -1, "extrude": 0, "visibility": -1, "drawOrder": null, "icon": null }, "geometry": null },
{ "type": "Feature", "properties": { "Name": "Abadía de Fontevraud", "description": null, "timestamp": null, "begin": null, "end": null, "altitudeMode": null, "tessellate": -1, "extrude": 0, "visibility": -1, "drawOrder": null, "icon": null }, "geometry": null },
{ "type": "Feature", "properties": { "Name": "Église Saint Martin d'Ineuil", "description": null, "timestamp": null, "begin": null, "end": null, "altitudeMode": null, "tessellate": -1, "extrude": 0, "visibility": -1, "drawOrder": null, "icon": null }, "geometry": null },
{ "type": "Feature", "properties": { "Name": "Église Saint André", "description": null, "timestamp": null, "begin": null, "end": null, "altitudeMode": null, "tessellate": -1, "extrude": 0, "visibility": -1, "drawOrder": null, "icon": null }, "geometry": null },
{ "type": "Feature", "properties": { "Name": "Abbatiale Saint-Martin de Plaimpied", "description": null, "timestamp": null, "begin": null, "end": null, "altitudeMode": null, "tessellate": -1, "extrude": 0, "visibility": -1, "drawOrder": null, "icon": null }, "geometry": null },
{ "type": "Feature", "properties": { "Name": "Church of Saint-Pierre of Bessuéjouls", "description": null, "timestamp": null, "begin": null, "end": null, "altitudeMode": null, "tessellate": -1, "extrude": 0, "visibility": -1, "drawOrder": null, "icon": null }, "geometry": null },
{ "type": "Feature", "properties": { "Name": "A Bouzonnet", "description": null, "timestamp": null, "begin": null, "end": null, "altitudeMode": null, "tessellate": -1, "extrude": 0, "visibility": -1, "drawOrder": null, "icon": null }, "geometry": null },
{ "type": "Feature", "properties": { "Name": "Église Notre-Dame", "description": null, "timestamp": null, "begin": null, "end": null, "altitudeMode": null, "tessellate": -1, "extrude": 0, "visibility": -1, "drawOrder": null, "icon": null }, "geometry": null },
{ "type": "Feature", "properties": { "Name": "Iglesia abacial de Sainte-Foy", "description": null, "timestamp": null, "begin": null, "end": null, "altitudeMode": null, "tessellate": -1, "extrude": 0, "visibility": -1, "drawOrder": null, "icon": null }, "geometry": null },
{ "type": "Feature", "properties": { "Name": "Église Saint-Hilarian-Sainte-Foy de Perse", "description": null, "timestamp": null, "begin": null, "end": null, "altitudeMode": null, "tessellate": -1, "extrude": 0, "visibility": -1, "drawOrder": null, "icon": null }, "geometry": null },
{ "type": "Feature", "properties": { "Name": "Église Saint-Jean-Baptiste", "description": null, "timestamp": null, "begin": null, "end": null, "altitudeMode": null, "tessellate": -1, "extrude": 0, "visibility": -1, "drawOrder": null, "icon": null }, "geometry": null },
{ "type": "Feature", "properties": { "Name": "Église Saint-Sigismond de Larressingle", "description": null, "timestamp": null, "begin": null, "end": null, "altitudeMode": null, "tessellate": -1, "extrude": 0, "visibility": -1, "drawOrder": null, "icon": null }, "geometry": null },
{ "type": "Feature", "properties": { "Name": "Loussous-Débat", "description": null, "timestamp": null, "begin": null, "end": null, "altitudeMode": null, "tessellate": -1, "extrude": 0, "visibility": -1, "drawOrder": null, "icon": null }, "geometry": null },
{ "type": "Feature", "properties": { "Name": "Beaucaire", "description": null, "timestamp": null, "begin": null, "end": null, "altitudeMode": null, "tessellate": -1, "extrude": 0, "visibility": -1, "drawOrder": null, "icon": null }, "geometry": null },
{ "type": "Feature", "properties": { "Name": "Église Saint-Jean-Baptiste de Lunac", "description": null, "timestamp": null, "begin": null, "end": null, "altitudeMode": null, "tessellate": -1, "extrude": 0, "visibility": -1, "drawOrder": null, "icon": null }, "geometry": null },
{ "type": "Feature", "properties": { "Name": "Marsolan", "description": null, "timestamp": null, "begin": null, "end": null, "altitudeMode": null, "tessellate": -1, "extrude": 0, "visibility": -1, "drawOrder": null, "icon": null }, "geometry": null },
{ "type": "Feature", "properties": { "Name": "Abadía de Moissac", "description": null, "timestamp": null, "begin": null, "end": null, "altitudeMode": null, "tessellate": -1, "extrude": 0, "visibility": -1, "drawOrder": null, "icon": null }, "geometry": null },
{ "type": "Feature", "properties": { "Name": "Église Saint Austrégésile de Mouchan", "description": null, "timestamp": null, "begin": null, "end": null, "altitudeMode": null, "tessellate": -1, "extrude": 0, "visibility": -1, "drawOrder": null, "icon": null }, "geometry": null },
{ "type": "Feature", "properties": { "Name": "Eglise Saint-André", "description": null, "timestamp": null, "begin": null, "end": null, "altitudeMode": null, "tessellate": -1, "extrude": 0, "visibility": -1, "drawOrder": null, "icon": null }, "geometry": null },
{ "type": "Feature", "properties": { "Name": "Eglise paroissiale", "description": null, "timestamp": null, "begin": null, "end": null, "altitudeMode": null, "tessellate": -1, "extrude": 0, "visibility": -1, "drawOrder": null, "icon": null }, "geometry": null },
{ "type": "Feature", "properties": { "Name": "Eglise Romane Saint-Jean Baptiste", "description": null, "timestamp": null, "begin": null, "end": null, "altitudeMode": null, "tessellate": -1, "extrude": 0, "visibility": -1, "drawOrder": null, "icon": null }, "geometry": null },
{ "type": "Feature", "properties": { "Name": "Catedral de San Bertrand de Comminges", "description": null, "timestamp": null, "begin": null, "end": null, "altitudeMode": null, "tessellate": -1, "extrude": 0, "visibility": -1, "drawOrder": null, "icon": null }, "geometry": null },
{ "type": "Feature", "properties": { "Name": "Église de Saint-Geniez-d'Olt", "description": null, "timestamp": null, "begin": null, "end": null, "altitudeMode": null, "tessellate": -1, "extrude": 0, "visibility": -1, "drawOrder": null, "icon": null }, "geometry": null },
{ "type": "Feature", "properties": { "Name": "Eglise Notre-Dame d'Estables", "description": null, "timestamp": null, "begin": null, "end": null, "altitudeMode": null, "tessellate": -1, "extrude": 0, "visibility": -1, "drawOrder": null, "icon": null }, "geometry": null },
{ "type": "Feature", "properties": { "Name": "Catedral de Toulouse", "description": null, "timestamp": null, "begin": null, "end": null, "altitudeMode": null, "tessellate": -1, "extrude": 0, "visibility": -1, "drawOrder": null, "icon": null }, "geometry": null },
{ "type": "Feature", "properties": { "Name": "Basílica de San Sernín", "description": null, "timestamp": null, "begin": null, "end": null, "altitudeMode": null, "tessellate": -1, "extrude": 0, "visibility": -1, "drawOrder": null, "icon": null }, "geometry": null },
{ "type": "Feature", "properties": { "Name": "Eglise du Saint-Sépulcre de Villeneuve", "description": null, "timestamp": null, "begin": null, "end": null, "altitudeMode": null, "tessellate": -1, "extrude": 0, "visibility": -1, "drawOrder": null, "icon": null }, "geometry": null },
{ "type": "Feature", "properties": { "Name": "Abadía de Jumièges", "description": null, "timestamp": null, "begin": null, "end": null, "altitudeMode": null, "tessellate": -1, "extrude": 0, "visibility": -1, "drawOrder": null, "icon": null }, "geometry": null },
{ "type": "Feature", "properties": { "Name": "Notre Dame de Morienval", "description": null, "timestamp": null, "begin": null, "end": null, "altitudeMode": null, "tessellate": -1, "extrude": 0, "visibility": -1, "drawOrder": null, "icon": null }, "geometry": null },
{ "type": "Feature", "properties": { "Name": "Eglise Saint Pierre d'Airvault", "description": null, "timestamp": null, "begin": null, "end": null, "altitudeMode": null, "tessellate": -1, "extrude": 0, "visibility": -1, "drawOrder": null, "icon": null }, "geometry": null },
{ "type": "Feature", "properties": { "Name": "Catedral de San Pedro de Angulema", "description": null, "timestamp": null, "begin": null, "end": null, "altitudeMode": null, "tessellate": -1, "extrude": 0, "visibility": -1, "drawOrder": null, "icon": null }, "geometry": null },
{ "type": "Feature", "properties": { "Name": "Church of Notre Dame in Bouresse", "description": null, "timestamp": null, "begin": null, "end": null, "altitudeMode": null, "tessellate": -1, "extrude": 0, "visibility": -1, "drawOrder": null, "icon": null }, "geometry": null },
{ "type": "Feature", "properties": { "Name": "Église Saint-Gervais-et-Saint-Protais de Civaux", "description": null, "timestamp": null, "begin": null, "end": null, "altitudeMode": null, "tessellate": -1, "extrude": 0, "visibility": -1, "drawOrder": null, "icon": null }, "geometry": null },
{ "type": "Feature", "properties": { "Name": "Église Saint-Jean-Baptiste de Jazeneuil", "description": null, "timestamp": null, "begin": null, "end": null, "altitudeMode": null, "tessellate": -1, "extrude": 0, "visibility": -1, "drawOrder": null, "icon": null }, "geometry": null },
{ "type": "Feature", "properties": { "Name": "Abbatiale de Saint Jouin De Marnes", "description": null, "timestamp": null, "begin": null, "end": null, "altitudeMode": null, "tessellate": -1, "extrude": 0, "visibility": -1, "drawOrder": null, "icon": null }, "geometry": null },
{ "type": "Feature", "properties": { "Name": "Catedral de Nuestra Señora de Chartres", "description": null, "timestamp": null, "begin": null, "end": null, "altitudeMode": null, "tessellate": -1, "extrude": 0, "visibility": -1, "drawOrder": null, "icon": null }, "geometry": null },
{ "type": "Feature", "properties": { "Name": "Abbey to the Ladies of Saintes", "description": null, "timestamp": null, "begin": null, "end": null, "altitudeMode": null, "tessellate": -1, "extrude": 0, "visibility": -1, "drawOrder": null, "icon": null }, "geometry": null },
{ "type": "Feature", "properties": { "Name": "Église Saint-Maurice de Saint-Maurice-la-Clouère", "description": null, "timestamp": null, "begin": null, "end": null, "altitudeMode": null, "tessellate": -1, "extrude": 0, "visibility": -1, "drawOrder": null, "icon": null }, "geometry": null },
{ "type": "Feature", "properties": { "Name": "Abadía de Saint-Savin-sur-Gartempe", "description": null, "timestamp": null, "begin": null, "end": null, "altitudeMode": null, "tessellate": -1, "extrude": 0, "visibility": -1, "drawOrder": null, "icon": null }, "geometry": null },
{ "type": "Feature", "properties": { "Name": "Eglise, Prieuré Saint-Pierre", "description": null, "timestamp": null, "begin": null, "end": null, "altitudeMode": null, "tessellate": -1, "extrude": 0, "visibility": -1, "drawOrder": null, "icon": null }, "geometry": null },
{ "type": "Feature", "properties": { "Name": "Iglesia de San Román", "description": null, "timestamp": null, "begin": null, "end": null, "altitudeMode": null, "tessellate": -1, "extrude": 0, "visibility": -1, "drawOrder": null, "icon": null }, "geometry": null },
{ "type": "Feature", "properties": { "Name": "Castillo de Alcañiz o de los Calatravos", "description": null, "timestamp": null, "begin": null, "end": null, "altitudeMode": null, "tessellate": -1, "extrude": 0, "visibility": -1, "drawOrder": null, "icon": null }, "geometry": null },
{ "type": "Feature", "properties": { "Name": "Iglesia San Miguel", "description": null, "timestamp": null, "begin": null, "end": null, "altitudeMode": null, "tessellate": -1, "extrude": 0, "visibility": -1, "drawOrder": null, "icon": null }, "geometry": null },
{ "type": "Feature", "properties": { "Name": "Catedral de Parma", "description": null, "timestamp": null, "begin": null, "end": null, "altitudeMode": null, "tessellate": -1, "extrude": 0, "visibility": -1, "drawOrder": null, "icon": null }, "geometry": null },
{ "type": "Feature", "properties": { "Name": "Acquapendente", "description": null, "timestamp": null, "begin": null, "end": null, "altitudeMode": null, "tessellate": -1, "extrude": 0, "visibility": -1, "drawOrder": null, "icon": null }, "geometry": null },
{ "type": "Feature", "properties": { "Name": "Iglesia de San Juan Bautista", "description": null, "timestamp": null, "begin": null, "end": null, "altitudeMode": null, "tessellate": -1, "extrude": 0, "visibility": -1, "drawOrder": null, "icon": null }, "geometry": null },
{ "type": "Feature", "properties": { "Name": "St. Urbano's Abbey", "description": null, "timestamp": null, "begin": null, "end": null, "altitudeMode": null, "tessellate": -1, "extrude": 0, "visibility": -1, "drawOrder": null, "icon": null }, "geometry": null },
{ "type": "Feature", "properties": { "Name": "Abadía de Santa Fe", "description": null, "timestamp": null, "begin": null, "end": null, "altitudeMode": null, "tessellate": -1, "extrude": 0, "visibility": -1, "drawOrder": null, "icon": null }, "geometry": null },
{ "type": "Feature", "properties": { "Name": "Chiesa di San Secondo", "description": null, "timestamp": null, "begin": null, "end": null, "altitudeMode": null, "tessellate": -1, "extrude": 0, "visibility": -1, "drawOrder": null, "icon": null }, "geometry": null },
{ "type": "Feature", "properties": { "Name": "Church of Saint Lawrence", "description": null, "timestamp": null, "begin": null, "end": null, "altitudeMode": null, "tessellate": -1, "extrude": 0, "visibility": -1, "drawOrder": null, "icon": null }, "geometry": null },
{ "type": "Feature", "properties": { "Name": "Abbazia dei Santi Nazario e Celso", "description": null, "timestamp": null, "begin": null, "end": null, "altitudeMode": null, "tessellate": -1, "extrude": 0, "visibility": -1, "drawOrder": null, "icon": null }, "geometry": null },
{ "type": "Feature", "properties": { "Name": "Pieve di Santa Maria a Lamula", "description": null, "timestamp": null, "begin": null, "end": null, "altitudeMode": null, "tessellate": -1, "extrude": 0, "visibility": -1, "drawOrder": null, "icon": null }, "geometry": null },
{ "type": "Feature", "properties": { "Name": "Parrocchia dei Santi Quirico e Giulitta", "description": null, "timestamp": null, "begin": null, "end": null, "altitudeMode": null, "tessellate": -1, "extrude": 0, "visibility": -1, "drawOrder": null, "icon": null }, "geometry": null },
{ "type": "Feature", "properties": { "Name": "Chiesa e cripta di San Pietro in Villore", "description": null, "timestamp": null, "begin": null, "end": null, "altitudeMode": null, "tessellate": -1, "extrude": 0, "visibility": -1, "drawOrder": null, "icon": null }, "geometry": null },
{ "type": "Feature", "properties": { "Name": "Abadía de Sant'Antimo", "description": null, "timestamp": null, "begin": null, "end": null, "altitudeMode": null, "tessellate": -1, "extrude": 0, "visibility": -1, "drawOrder": null, "icon": null }, "geometry": null },
{ "type": "Feature", "properties": { "Name": "Narni", "description": null, "timestamp": null, "begin": null, "end": null, "altitudeMode": null, "tessellate": -1, "extrude": 0, "visibility": -1, "drawOrder": null, "icon": null }, "geometry": null },
{ "type": "Feature", "properties": { "Name": "Palazzo Del Capitano Del Popolo", "description": null, "timestamp": null, "begin": null, "end": null, "altitudeMode": null, "tessellate": -1, "extrude": 0, "visibility": -1, "drawOrder": null, "icon": null }, "geometry": null },
{ "type": "Feature", "properties": { "Name": "Abbey of Saints Severus and Martirio", "description": null, "timestamp": null, "begin": null, "end": null, "altitudeMode": null, "tessellate": -1, "extrude": 0, "visibility": -1, "drawOrder": null, "icon": null }, "geometry": null },
{ "type": "Feature", "properties": { "Name": "Perugia", "description": null, "timestamp": null, "begin": null, "end": null, "altitudeMode": null, "tessellate": -1, "extrude": 0, "visibility": -1, "drawOrder": null, "icon": null }, "geometry": null },
{ "type": "Feature", "properties": { "Name": "Concatedral de la Asunción de María", "description": null, "timestamp": null, "begin": null, "end": null, "altitudeMode": null, "tessellate": -1, "extrude": 0, "visibility": -1, "drawOrder": null, "icon": null }, "geometry": null },
{ "type": "Feature", "properties": { "Name": "Ermita de San Felices", "description": null, "timestamp": null, "begin": null, "end": null, "altitudeMode": null, "tessellate": -1, "extrude": 0, "visibility": -1, "drawOrder": null, "icon": null }, "geometry": null },
{ "type": "Feature", "properties": { "Name": "Iglesia de Saint-Nectaire", "description": null, "timestamp": null, "begin": null, "end": null, "altitudeMode": null, "tessellate": -1, "extrude": 0, "visibility": -1, "drawOrder": null, "icon": null }, "geometry": null },
{ "type": "Feature", "properties": { "Name": "Iglesia de Santo Tomás de Serantes", "description": null, "timestamp": null, "begin": null, "end": null, "altitudeMode": null, "tessellate": -1, "extrude": 0, "visibility": -1, "drawOrder": null, "icon": null }, "geometry": { "type": "Point", "coordinates": [ -8.1582249, 42.3847159, 0.0 ] } },
{ "type": "Feature", "properties": { "Name": "Glèisa de la Purificacion", "description": null, "timestamp": null, "begin": null, "end": null, "altitudeMode": null, "tessellate": -1, "extrude": 0, "visibility": -1, "drawOrder": null, "icon": null }, "geometry": { "type": "Point", "coordinates": [ 0.6922761, 42.7857897, 0.0 ] } },
{ "type": "Feature", "properties": { "Name": "Iglesia de L'Hôpital-Saint-Blaise", "description": null, "timestamp": null, "begin": null, "end": null, "altitudeMode": null, "tessellate": -1, "extrude": 0, "visibility": -1, "drawOrder": null, "icon": null }, "geometry": { "type": "Point", "coordinates": [ -0.7698148, 43.2513617, 0.0 ] } },
{ "type": "Feature", "properties": { "Name": "Iglesia de San Martiño de Berselos", "description": null, "timestamp": null, "begin": null, "end": null, "altitudeMode": null, "tessellate": -1, "extrude": 0, "visibility": -1, "drawOrder": null, "icon": null }, "geometry": { "type": "Point", "coordinates": [ -7.2891742, 42.8476785, 0.0 ] } },
{ "type": "Feature", "properties": { "Name": "Iglesia de Santa María de Mave", "description": null, "timestamp": null, "begin": null, "end": null, "altitudeMode": null, "tessellate": -1, "extrude": 0, "visibility": -1, "drawOrder": null, "icon": null }, "geometry": { "type": "Point", "coordinates": [ -4.274098, 42.7231594, 0.0 ] } },
{ "type": "Feature", "properties": { "Name": "Iglesia de Santa Marta", "description": null, "timestamp": null, "begin": null, "end": null, "altitudeMode": null, "tessellate": -1, "extrude": 0, "visibility": -1, "drawOrder": null, "icon": null }, "geometry": { "type": "Point", "coordinates": [ -3.6852215, 41.2176644, 0.0 ] } },
{ "type": "Feature", "properties": { "Name": "Eglise Notre-Dame", "description": null, "timestamp": null, "begin": null, "end": null, "altitudeMode": null, "tessellate": -1, "extrude": 0, "visibility": -1, "drawOrder": null, "icon": null }, "geometry": { "type": "Point", "coordinates": [ -1.3861983, 43.4868714, 0.0 ] } },
{ "type": "Feature", "properties": { "Name": "Basílica de Nuestra Señora de Orcival", "description": null, "timestamp": null, "begin": null, "end": null, "altitudeMode": null, "tessellate": -1, "extrude": 0, "visibility": -1, "drawOrder": null, "icon": null }, "geometry": { "type": "Point", "coordinates": [ 2.841326, 45.6828596, 0.0 ] } },
{ "type": "Feature", "properties": { "Name": "Church of San Martino", "description": null, "timestamp": null, "begin": null, "end": null, "altitudeMode": null, "tessellate": -1, "extrude": 0, "visibility": -1, "drawOrder": null, "icon": null }, "geometry": { "type": "Point", "coordinates": [ 8.0190354, 44.9846778, 0.0 ] } },
{ "type": "Feature", "properties": { "Name": "Iglesia de Santa María la Mayor", "description": null, "timestamp": null, "begin": null, "end": null, "altitudeMode": null, "tessellate": -1, "extrude": 0, "visibility": -1, "drawOrder": null, "icon": null }, "geometry": { "type": "Point", "coordinates": [ 11.8758566, 42.4139411, 0.0 ] } },
{ "type": "Feature", "properties": { "Name": "Chiesa Rettoria di S. Maria Amalfitana", "description": null, "timestamp": null, "begin": null, "end": null, "altitudeMode": null, "tessellate": -1, "extrude": 0, "visibility": -1, "drawOrder": null, "icon": null }, "geometry": { "type": "Point", "coordinates": [ 17.3026782, 40.953327, 0.0 ] } },
{ "type": "Feature", "properties": { "Name": "Abadía de Santa Maria Laach", "description": null, "timestamp": null, "begin": null, "end": null, "altitudeMode": null, "tessellate": -1, "extrude": 0, "visibility": -1, "drawOrder": null, "icon": null }, "geometry": { "type": "Point", "coordinates": [ 7.2527398, 50.4020628, 0.0 ] } },
{ "type": "Feature", "properties": { "Name": "Imperial cathedral of Königslutter", "description": null, "timestamp": null, "begin": null, "end": null, "altitudeMode": null, "tessellate": -1, "extrude": 0, "visibility": -1, "drawOrder": null, "icon": null }, "geometry": { "type": "Point", "coordinates": [ 10.8158446, 52.2447408, 0.0 ] } },
{ "type": "Feature", "properties": { "Name": "Iglesia de San Pedro", "description": null, "timestamp": null, "begin": null, "end": null, "altitudeMode": null, "tessellate": -1, "extrude": 0, "visibility": -1, "drawOrder": null, "icon": null }, "geometry": { "type": "Point", "coordinates": [ -3.2481563, 41.3047215, 0.0 ] } },
{ "type": "Feature", "properties": { "Name": "Church of Saint Julien in Meillers", "description": null, "timestamp": null, "begin": null, "end": null, "altitudeMode": null, "tessellate": -1, "extrude": 0, "visibility": -1, "drawOrder": null, "icon": null }, "geometry": { "type": "Point", "coordinates": [ 3.0929635, 46.5065406, 0.0 ] } },
{ "type": "Feature", "properties": { "Name": "Iglesia de San Esteban", "description": null, "timestamp": null, "begin": null, "end": null, "altitudeMode": null, "tessellate": -1, "extrude": 0, "visibility": -1, "drawOrder": null, "icon": null }, "geometry": { "type": "Point", "coordinates": [ -4.1248022, 40.951947, 0.0 ] } },
{ "type": "Feature", "properties": { "Name": "Priorato de Nuestra Señora de La Charité-sur-Loire", "description": null, "timestamp": null, "begin": null, "end": null, "altitudeMode": null, "tessellate": -1, "extrude": 0, "visibility": -1, "drawOrder": null, "icon": null }, "geometry": { "type": "Point", "coordinates": [ 3.0173061, 47.1775469, 0.0 ] } },
{ "type": "Feature", "properties": { "Name": "Iglesia de Notre-Dame de Saint-Saturnin", "description": null, "timestamp": null, "begin": null, "end": null, "altitudeMode": null, "tessellate": -1, "extrude": 0, "visibility": -1, "drawOrder": null, "icon": null }, "geometry": { "type": "Point", "coordinates": [ 3.0935158, 45.6601909, 0.0 ] } },
{ "type": "Feature", "properties": { "Name": "Ermita de San Baudelio. Anexo del Museo Numantino.", "description": null, "timestamp": null, "begin": null, "end": null, "altitudeMode": null, "tessellate": -1, "extrude": 0, "visibility": -1, "drawOrder": null, "icon": null }, "geometry": { "type": "Point", "coordinates": [ -2.7900173, 41.4181818, 0.0 ] } },
{ "type": "Feature", "properties": { "Name": "Portada Iglesia Románica de San Isidoro", "description": null, "timestamp": null, "begin": null, "end": null, "altitudeMode": null, "tessellate": -1, "extrude": 0, "visibility": -1, "drawOrder": null, "icon": null }, "geometry": { "type": "Point", "coordinates": [ -5.8511568, 43.362111, 0.0 ] } },
{ "type": "Feature", "properties": { "Name": "Saint Mary of the Assumption", "description": null, "timestamp": null, "begin": null, "end": null, "altitudeMode": null, "tessellate": -1, "extrude": 0, "visibility": -1, "drawOrder": null, "icon": null }, "geometry": { "type": "Point", "coordinates": [ 12.3303723, 42.5747172, 0.0 ] } },
{ "type": "Feature", "properties": { "Name": "Church of St. Limin in Thuret", "description": null, "timestamp": null, "begin": null, "end": null, "altitudeMode": null, "tessellate": -1, "extrude": 0, "visibility": -1, "drawOrder": null, "icon": null }, "geometry": { "type": "Point", "coordinates": [ 3.2575177, 45.9701425, 0.0 ] } },
{ "type": "Feature", "properties": { "Name": "Abbaye Saint-Vincent de Chantelle", "description": null, "timestamp": null, "begin": null, "end": null, "altitudeMode": null, "tessellate": -1, "extrude": 0, "visibility": -1, "drawOrder": null, "icon": null }, "geometry": { "type": "Point", "coordinates": [ 3.1515141, 46.2418213, 0.0 ] } },
{ "type": "Feature", "properties": { "Name": "Church of San Pietro", "description": null, "timestamp": null, "begin": null, "end": null, "altitudeMode": null, "tessellate": -1, "extrude": 0, "visibility": -1, "drawOrder": null, "icon": null }, "geometry": { "type": "Point", "coordinates": [ 11.8784201, 42.4127374, 0.0 ] } },
{ "type": "Feature", "properties": { "Name": "Gurk Cathedral", "description": null, "timestamp": null, "begin": null, "end": null, "altitudeMode": null, "tessellate": -1, "extrude": 0, "visibility": -1, "drawOrder": null, "icon": null }, "geometry": { "type": "Point", "coordinates": [ 14.2930763, 46.8747775, 0.0 ] } },
{ "type": "Feature", "properties": { "Name": "ART SPACE stift millstatt", "description": null, "timestamp": null, "begin": null, "end": null, "altitudeMode": null, "tessellate": -1, "extrude": 0, "visibility": -1, "drawOrder": null, "icon": null }, "geometry": { "type": "Point", "coordinates": [ 13.5704791, 46.8044096, 0.0 ] } },
{ "type": "Feature", "properties": { "Name": "Benediktinerstift St. Paul", "description": null, "timestamp": null, "begin": null, "end": null, "altitudeMode": null, "tessellate": -1, "extrude": 0, "visibility": -1, "drawOrder": null, "icon": null }, "geometry": { "type": "Point", "coordinates": [ 14.8731751, 46.7005546, 0.0 ] } },
{ "type": "Feature", "properties": { "Name": "Iglesia de Ják", "description": null, "timestamp": null, "begin": null, "end": null, "altitudeMode": null, "tessellate": -1, "extrude": 0, "visibility": -1, "drawOrder": null, "icon": null }, "geometry": { "type": "Point", "coordinates": [ 16.5822678, 47.1392708, 0.0 ] } },
{ "type": "Feature", "properties": { "Name": "Saint Stephen's Church", "description": null, "timestamp": null, "begin": null, "end": null, "altitudeMode": null, "tessellate": -1, "extrude": 0, "visibility": -1, "drawOrder": null, "icon": null }, "geometry": { "type": "Point", "coordinates": [ 18.8179149, 47.9362678, 0.0 ] } },
{ "type": "Feature", "properties": { "Name": "Chapelle Saint André de Sévane", "description": null, "timestamp": null, "begin": null, "end": null, "altitudeMode": null, "tessellate": -1, "extrude": 0, "visibility": -1, "drawOrder": null, "icon": null }, "geometry": { "type": "Point", "coordinates": [ 4.6285778, 44.0913093, 0.0 ] } },
{ "type": "Feature", "properties": { "Name": "Église Sainte-Blaise de Lacommande", "description": null, "timestamp": null, "begin": null, "end": null, "altitudeMode": null, "tessellate": -1, "extrude": 0, "visibility": -1, "drawOrder": null, "icon": null }, "geometry": { "type": "Point", "coordinates": [ -0.508652, 43.2770805, 0.0 ] } },
{ "type": "Feature", "properties": { "Name": "Abbaye bénédictine Notre Dame d'Alet", "description": null, "timestamp": null, "begin": null, "end": null, "altitudeMode": null, "tessellate": -1, "extrude": 0, "visibility": -1, "drawOrder": null, "icon": null }, "geometry": { "type": "Point", "coordinates": [ 2.2554025, 42.9960361, 0.0 ] } },
{ "type": "Feature", "properties": { "Name": "Salle de l'Échiquier", "description": null, "timestamp": null, "begin": null, "end": null, "altitudeMode": null, "tessellate": -1, "extrude": 0, "visibility": -1, "drawOrder": null, "icon": null }, "geometry": { "type": "Point", "coordinates": [ -0.3641038, 49.186611, 0.0 ] } },
{ "type": "Feature", "properties": { "Name": "Église Sainte-Radegonde de Talmont-sur-Gironde", "description": null, "timestamp": null, "begin": null, "end": null, "altitudeMode": null, "tessellate": -1, "extrude": 0, "visibility": -1, "drawOrder": null, "icon": null }, "geometry": { "type": "Point", "coordinates": [ -0.9091482, 45.5346229, 0.0 ] } },
{ "type": "Feature", "properties": { "Name": "Église Saint-Barthelemy", "description": null, "timestamp": null, "begin": null, "end": null, "altitudeMode": null, "tessellate": -1, "extrude": 0, "visibility": -1, "drawOrder": null, "icon": null }, "geometry": { "type": "Point", "coordinates": [ 4.898655, 46.5121541, 0.0 ] } },
{ "type": "Feature", "properties": { "Name": "Catedral de Le Puy-en-Velay", "description": null, "timestamp": null, "begin": null, "end": null, "altitudeMode": null, "tessellate": -1, "extrude": 0, "visibility": -1, "drawOrder": null, "icon": null }, "geometry": { "type": "Point", "coordinates": [ 3.8847691, 45.0456057, 0.0 ] } },
{ "type": "Feature", "properties": { "Name": "Église catholique Saint-Martin à Montagne", "description": null, "timestamp": null, "begin": null, "end": null, "altitudeMode": null, "tessellate": -1, "extrude": 0, "visibility": -1, "drawOrder": null, "icon": null }, "geometry": { "type": "Point", "coordinates": [ -0.1295663, 44.9306332, 0.0 ] } },
{ "type": "Feature", "properties": { "Name": "Abadía de San Jorge de Boscherville", "description": null, "timestamp": null, "begin": null, "end": null, "altitudeMode": null, "tessellate": -1, "extrude": 0, "visibility": -1, "drawOrder": null, "icon": null }, "geometry": { "type": "Point", "coordinates": [ 0.9656147, 49.4445249, 0.0 ] } },
{ "type": "Feature", "properties": { "Name": "Cloître de Cadouin", "description": null, "timestamp": null, "begin": null, "end": null, "altitudeMode": null, "tessellate": -1, "extrude": 0, "visibility": -1, "drawOrder": null, "icon": null }, "geometry": { "type": "Point", "coordinates": [ 0.8737598, 44.8114955, 0.0 ] } },
{ "type": "Feature", "properties": { "Name": "Église Saint-Pierre", "description": null, "timestamp": null, "begin": null, "end": null, "altitudeMode": null, "tessellate": -1, "extrude": 0, "visibility": -1, "drawOrder": null, "icon": null }, "geometry": { "type": "Point", "coordinates": [ 4.8845053, 46.5031248, 0.0 ] } },
{ "type": "Feature", "properties": { "Name": "Abbaye d'alspach", "description": null, "timestamp": null, "begin": null, "end": null, "altitudeMode": null, "tessellate": -1, "extrude": 0, "visibility": -1, "drawOrder": null, "icon": null }, "geometry": { "type": "Point", "coordinates": [ 7.236848, 48.1527794, 0.0 ] } },
{ "type": "Feature", "properties": { "Name": "Église Notre-Dame de Belleville-sur-Saône", "description": null, "timestamp": null, "begin": null, "end": null, "altitudeMode": null, "tessellate": -1, "extrude": 0, "visibility": -1, "drawOrder": null, "icon": null }, "geometry": { "type": "Point", "coordinates": [ 4.7506954, 46.1075076, 0.0 ] } },
{ "type": "Feature", "properties": { "Name": "Église Saint-Maclou de Sainneville", "description": null, "timestamp": null, "begin": null, "end": null, "altitudeMode": null, "tessellate": -1, "extrude": 0, "visibility": -1, "drawOrder": null, "icon": null }, "geometry": { "type": "Point", "coordinates": [ 0.2861897, 49.5570267, 0.0 ] } },
{ "type": "Feature", "properties": { "Name": "Église Saint-Étienne de Blénod-lès-Pont-à-Mousson", "description": null, "timestamp": null, "begin": null, "end": null, "altitudeMode": null, "tessellate": -1, "extrude": 0, "visibility": -1, "drawOrder": null, "icon": null }, "geometry": { "type": "Point", "coordinates": [ 6.0529974, 48.8822355, 0.0 ] } },
{ "type": "Feature", "properties": { "Name": "Pavillon Adélaïde", "description": null, "timestamp": null, "begin": null, "end": null, "altitudeMode": null, "tessellate": -1, "extrude": 0, "visibility": -1, "drawOrder": null, "icon": null }, "geometry": { "type": "Point", "coordinates": [ 2.3188726, 43.6362535, 0.0 ] } },
{ "type": "Feature", "properties": { "Name": "Cathédrale Notre-Dame de Saint-Paul-Trois-Châteaux", "description": null, "timestamp": null, "begin": null, "end": null, "altitudeMode": null, "tessellate": -1, "extrude": 0, "visibility": -1, "drawOrder": null, "icon": null }, "geometry": { "type": "Point", "coordinates": [ 4.7675508, 44.3494887, 0.0 ] } },
{ "type": "Feature", "properties": { "Name": "Eglise Saint-Rémy", "description": null, "timestamp": null, "begin": null, "end": null, "altitudeMode": null, "tessellate": -1, "extrude": 0, "visibility": -1, "drawOrder": null, "icon": null }, "geometry": { "type": "Point", "coordinates": [ 5.7378789, 48.3611748, 0.0 ] } },
{ "type": "Feature", "properties": { "Name": "Collègiale Saint Pierre", "description": null, "timestamp": null, "begin": null, "end": null, "altitudeMode": null, "tessellate": -1, "extrude": 0, "visibility": -1, "drawOrder": null, "icon": null }, "geometry": { "type": "Point", "coordinates": [ 2.3180009, 43.6362011, 0.0 ] } },
{ "type": "Feature", "properties": { "Name": "Castle of Canet-en-Roussillon", "description": null, "timestamp": null, "begin": null, "end": null, "altitudeMode": null, "tessellate": -1, "extrude": 0, "visibility": -1, "drawOrder": null, "icon": null }, "geometry": { "type": "Point", "coordinates": [ 3.0086859, 42.7067868, 0.0 ] } },
{ "type": "Feature", "properties": { "Name": "Église Saint-Amand de Saint-Amand-sur-Fion", "description": null, "timestamp": null, "begin": null, "end": null, "altitudeMode": null, "tessellate": -1, "extrude": 0, "visibility": -1, "drawOrder": null, "icon": null }, "geometry": { "type": "Point", "coordinates": [ 4.6081412, 48.8075566, 0.0 ] } },
{ "type": "Feature", "properties": { "Name": "Chapelle Saint Ulrich", "description": null, "timestamp": null, "begin": null, "end": null, "altitudeMode": null, "tessellate": -1, "extrude": 0, "visibility": -1, "drawOrder": null, "icon": null }, "geometry": { "type": "Point", "coordinates": [ 7.5004327, 48.5621137, 0.0 ] } },
{ "type": "Feature", "properties": { "Name": "Église St Césaire", "description": null, "timestamp": null, "begin": null, "end": null, "altitudeMode": null, "tessellate": -1, "extrude": 0, "visibility": -1, "drawOrder": null, "icon": null }, "geometry": { "type": "Point", "coordinates": [ 6.0674669, 48.531578, 0.0 ] } },
{ "type": "Feature", "properties": { "Name": "Catedral de Bayeux", "description": null, "timestamp": null, "begin": null, "end": null, "altitudeMode": null, "tessellate": -1, "extrude": 0, "visibility": -1, "drawOrder": null, "icon": null }, "geometry": { "type": "Point", "coordinates": [ -0.7034685, 49.2754687, 0.0 ] } },
{ "type": "Feature", "properties": { "Name": "Église Notre-Dame de Médonville", "description": null, "timestamp": null, "begin": null, "end": null, "altitudeMode": null, "tessellate": -1, "extrude": 0, "visibility": -1, "drawOrder": null, "icon": null }, "geometry": { "type": "Point", "coordinates": [ 5.7303168, 48.2196786, 0.0 ] } },
{ "type": "Feature", "properties": { "Name": "Église Saint-Germain de Manéglise", "description": null, "timestamp": null, "begin": null, "end": null, "altitudeMode": null, "tessellate": -1, "extrude": 0, "visibility": -1, "drawOrder": null, "icon": null }, "geometry": { "type": "Point", "coordinates": [ 0.2551906, 49.5674843, 0.0 ] } },
{ "type": "Feature", "properties": { "Name": "Abbey Museum Graville", "description": null, "timestamp": null, "begin": null, "end": null, "altitudeMode": null, "tessellate": -1, "extrude": 0, "visibility": -1, "drawOrder": null, "icon": null }, "geometry": { "type": "Point", "coordinates": [ 0.1650465, 49.5033248, 0.0 ] } },
{ "type": "Feature", "properties": { "Name": "Eglise Saint-Germain", "description": null, "timestamp": null, "begin": null, "end": null, "altitudeMode": null, "tessellate": -1, "extrude": 0, "visibility": -1, "drawOrder": null, "icon": null }, "geometry": { "type": "Point", "coordinates": [ 5.9753266, 48.4485786, 0.0 ] } },
{ "type": "Feature", "properties": { "Name": "église Saint-Aubin", "description": null, "timestamp": null, "begin": null, "end": null, "altitudeMode": null, "tessellate": -1, "extrude": 0, "visibility": -1, "drawOrder": null, "icon": null }, "geometry": { "type": "Point", "coordinates": [ 0.3533129, 49.5915787, 0.0 ] } },
{ "type": "Feature", "properties": { "Name": "Iglesia de Saint-André-le-Bas", "description": null, "timestamp": null, "begin": null, "end": null, "altitudeMode": null, "tessellate": -1, "extrude": 0, "visibility": -1, "drawOrder": null, "icon": null }, "geometry": { "type": "Point", "coordinates": [ 4.8738762, 45.5273834, 0.0 ] } },
{ "type": "Feature", "properties": { "Name": "Catedral de Tréveris", "description": null, "timestamp": null, "begin": null, "end": null, "altitudeMode": null, "tessellate": -1, "extrude": 0, "visibility": -1, "drawOrder": null, "icon": null }, "geometry": { "type": "Point", "coordinates": [ 6.6431337, 49.7563453, 0.0 ] } },
{ "type": "Feature", "properties": { "Name": "Catedral de Bamberg", "description": null, "timestamp": null, "begin": null, "end": null, "altitudeMode": null, "tessellate": -1, "extrude": 0, "visibility": -1, "drawOrder": null, "icon": null }, "geometry": { "type": "Point", "coordinates": [ 10.882515, 49.8907746, 0.0 ] } },
{ "type": "Feature", "properties": { "Name": "Cathedral of St Peter", "description": null, "timestamp": null, "begin": null, "end": null, "altitudeMode": null, "tessellate": -1, "extrude": 0, "visibility": -1, "drawOrder": null, "icon": null }, "geometry": { "type": "Point", "coordinates": [ 8.3599583, 49.6300214, 0.0 ] } },
{ "type": "Feature", "properties": { "Name": "Catedral de San Pedro de Bremen", "description": null, "timestamp": null, "begin": null, "end": null, "altitudeMode": null, "tessellate": -1, "extrude": 0, "visibility": -1, "drawOrder": null, "icon": null }, "geometry": { "type": "Point", "coordinates": [ 8.8090624, 53.0755426, 0.0 ] } },
{ "type": "Feature", "properties": { "Name": "Catedral de Bonn", "description": null, "timestamp": null, "begin": null, "end": null, "altitudeMode": null, "tessellate": -1, "extrude": 0, "visibility": -1, "drawOrder": null, "icon": null }, "geometry": { "type": "Point", "coordinates": [ 7.0994043, 50.7335831, 0.0 ] } },
{ "type": "Feature", "properties": { "Name": "Catedral de Bamberg", "description": null, "timestamp": null, "begin": null, "end": null, "altitudeMode": null, "tessellate": -1, "extrude": 0, "visibility": -1, "drawOrder": null, "icon": null }, "geometry": { "type": "Point", "coordinates": [ 10.882515, 49.8907746, 0.0 ] } },
{ "type": "Feature", "properties": { "Name": "Iglesia de la Santa Cruz de Burdeos", "description": null, "timestamp": null, "begin": null, "end": null, "altitudeMode": null, "tessellate": -1, "extrude": 0, "visibility": -1, "drawOrder": null, "icon": null }, "geometry": { "type": "Point", "coordinates": [ -0.561264, 44.8310239, 0.0 ] } },
{ "type": "Feature", "properties": { "Name": "Église Saint-Léger", "description": null, "timestamp": null, "begin": null, "end": null, "altitudeMode": null, "tessellate": -1, "extrude": 0, "visibility": -1, "drawOrder": null, "icon": null }, "geometry": { "type": "Point", "coordinates": [ 7.2092336, 47.9117177, 0.0 ] } },
{ "type": "Feature", "properties": { "Name": "Cathédrale Saint-Mammès de Langres", "description": null, "timestamp": null, "begin": null, "end": null, "altitudeMode": null, "tessellate": -1, "extrude": 0, "visibility": -1, "drawOrder": null, "icon": null }, "geometry": { "type": "Point", "coordinates": [ 5.334935, 47.864169, 0.0 ] } },
{ "type": "Feature", "properties": { "Name": "Eglise Saint-Jean-Baptiste (anciennement collégiale Saint-Michel et Saint-Gangolphe)", "description": null, "timestamp": null, "begin": null, "end": null, "altitudeMode": null, "tessellate": -1, "extrude": 0, "visibility": -1, "drawOrder": null, "icon": null }, "geometry": { "type": "Point", "coordinates": [ 7.1591142, 47.9410918, 0.0 ] } },
{ "type": "Feature", "properties": { "Name": "Abbatiale Saint-Jean-Baptiste de Saint-Jean-Saverne", "description": null, "timestamp": null, "begin": null, "end": null, "altitudeMode": null, "tessellate": -1, "extrude": 0, "visibility": -1, "drawOrder": null, "icon": null }, "geometry": { "type": "Point", "coordinates": [ 7.3633323, 48.7717702, 0.0 ] } },
{ "type": "Feature", "properties": { "Name": "Catedral de San Lorenzo Trogir", "description": null, "timestamp": null, "begin": null, "end": null, "altitudeMode": null, "tessellate": -1, "extrude": 0, "visibility": -1, "drawOrder": null, "icon": null }, "geometry": { "type": "Point", "coordinates": [ 16.2514196, 43.5170853, 0.0 ] } },
{ "type": "Feature", "properties": { "Name": "Basílica de la Asunción de Nuestra Señora", "description": null, "timestamp": null, "begin": null, "end": null, "altitudeMode": null, "tessellate": -1, "extrude": 0, "visibility": -1, "drawOrder": null, "icon": null }, "geometry": { "type": "Point", "coordinates": [ 5.6936293, 50.8474085, 0.0 ] } },
{ "type": "Feature", "properties": { "Name": "Stiftskirche Klosterneuburg", "description": null, "timestamp": null, "begin": null, "end": null, "altitudeMode": null, "tessellate": -1, "extrude": 0, "visibility": -1, "drawOrder": null, "icon": null }, "geometry": { "type": "Point", "coordinates": [ 16.3260589, 48.3071833, 0.0 ] } },
{ "type": "Feature", "properties": { "Name": "Catedral de Saint-Pons-de-Thomières", "description": null, "timestamp": null, "begin": null, "end": null, "altitudeMode": null, "tessellate": -1, "extrude": 0, "visibility": -1, "drawOrder": null, "icon": null }, "geometry": { "type": "Point", "coordinates": [ 2.7591511, 43.4890005, 0.0 ] } },
{ "type": "Feature", "properties": { "Name": "Iglesia de Santa María", "description": null, "timestamp": null, "begin": null, "end": null, "altitudeMode": null, "tessellate": -1, "extrude": 0, "visibility": -1, "drawOrder": null, "icon": null }, "geometry": { "type": "Point", "coordinates": [ -6.5824219, 43.2405198, 0.0 ] } },
{ "type": "Feature", "properties": { "Name": "Catedral de Cremona", "description": null, "timestamp": null, "begin": null, "end": null, "altitudeMode": null, "tessellate": -1, "extrude": 0, "visibility": -1, "drawOrder": null, "icon": null }, "geometry": { "type": "Point", "coordinates": [ 10.0252934, 45.1334471, 0.0 ] } },
{ "type": "Feature", "properties": { "Name": "Catedral de San Pedro de Ginebra", "description": null, "timestamp": null, "begin": null, "end": null, "altitudeMode": null, "tessellate": -1, "extrude": 0, "visibility": -1, "drawOrder": null, "icon": null }, "geometry": { "type": "Point", "coordinates": [ 6.1485159, 46.2011267, 0.0 ] } },
{ "type": "Feature", "properties": { "Name": "Grossmünster", "description": null, "timestamp": null, "begin": null, "end": null, "altitudeMode": null, "tessellate": -1, "extrude": 0, "visibility": -1, "drawOrder": null, "icon": null }, "geometry": { "type": "Point", "coordinates": [ 8.544054, 47.3700931, 0.0 ] } },
{ "type": "Feature", "properties": { "Name": "Monasterio de San Juan", "description": null, "timestamp": null, "begin": null, "end": null, "altitudeMode": null, "tessellate": -1, "extrude": 0, "visibility": -1, "drawOrder": null, "icon": null }, "geometry": { "type": "Point", "coordinates": [ 10.4480136, 46.6296006, 0.0 ] } },
{ "type": "Feature", "properties": { "Name": "Iglesia de San Nicolás", "description": null, "timestamp": null, "begin": null, "end": null, "altitudeMode": null, "tessellate": -1, "extrude": 0, "visibility": -1, "drawOrder": null, "icon": null }, "geometry": { "type": "Point", "coordinates": [ 8.8741202, 46.4004643, 0.0 ] } },
{ "type": "Feature", "properties": { "Name": "Basílica de San Gereón", "description": null, "timestamp": null, "begin": null, "end": null, "altitudeMode": null, "tessellate": -1, "extrude": 0, "visibility": -1, "drawOrder": null, "icon": null }, "geometry": { "type": "Point", "coordinates": [ 6.9457905, 50.943209, 0.0 ] } },
{ "type": "Feature", "properties": { "Name": "Kloster Knechtsteden", "description": null, "timestamp": null, "begin": null, "end": null, "altitudeMode": null, "tessellate": -1, "extrude": 0, "visibility": -1, "drawOrder": null, "icon": null }, "geometry": { "type": "Point", "coordinates": [ 6.7525086, 51.0773554, 0.0 ] } },
{ "type": "Feature", "properties": { "Name": "Southwell Minster", "description": null, "timestamp": null, "begin": null, "end": null, "altitudeMode": null, "tessellate": -1, "extrude": 0, "visibility": -1, "drawOrder": null, "icon": null }, "geometry": { "type": "Point", "coordinates": [ -0.9534811, 53.0766631, 0.0 ] } },
{ "type": "Feature", "properties": { "Name": "Catedral de Norwich", "description": null, "timestamp": null, "begin": null, "end": null, "altitudeMode": null, "tessellate": -1, "extrude": 0, "visibility": -1, "drawOrder": null, "icon": null }, "geometry": { "type": "Point", "coordinates": [ 1.3011826, 52.6318974, 0.0 ] } },
{ "type": "Feature", "properties": { "Name": "Romsey Abbey", "description": null, "timestamp": null, "begin": null, "end": null, "altitudeMode": null, "tessellate": -1, "extrude": 0, "visibility": -1, "drawOrder": null, "icon": null }, "geometry": { "type": "Point", "coordinates": [ -1.5013343, 50.9896404, 0.0 ] } },
{ "type": "Feature", "properties": { "Name": "The Priory Church of St Peter and St Paul", "description": null, "timestamp": null, "begin": null, "end": null, "altitudeMode": null, "tessellate": -1, "extrude": 0, "visibility": -1, "drawOrder": null, "icon": null }, "geometry": { "type": "Point", "coordinates": [ -2.7357301, 52.2293854, 0.0 ] } },
{ "type": "Feature", "properties": { "Name": "The Church of Saint Peter, Tickencote", "description": null, "timestamp": null, "begin": null, "end": null, "altitudeMode": null, "tessellate": -1, "extrude": 0, "visibility": -1, "drawOrder": null, "icon": null }, "geometry": { "type": "Point", "coordinates": [ -0.5365994, 52.6741174, 0.0 ] } },
{ "type": "Feature", "properties": { "Name": "Abadía de Souillac", "description": null, "timestamp": null, "begin": null, "end": null, "altitudeMode": null, "tessellate": -1, "extrude": 0, "visibility": -1, "drawOrder": null, "icon": null }, "geometry": { "type": "Point", "coordinates": [ 1.4770016, 44.8939744, 0.0 ] } },
{ "type": "Feature", "properties": { "Name": "Basílica de Saint-Remi", "description": null, "timestamp": null, "begin": null, "end": null, "altitudeMode": null, "tessellate": -1, "extrude": 0, "visibility": -1, "drawOrder": null, "icon": null }, "geometry": { "type": "Point", "coordinates": [ 4.0420573, 49.2431515, 0.0 ] } },
{ "type": "Feature", "properties": { "Name": "Basílica de San Nazario", "description": null, "timestamp": null, "begin": null, "end": null, "altitudeMode": null, "tessellate": -1, "extrude": 0, "visibility": -1, "drawOrder": null, "icon": null }, "geometry": { "type": "Point", "coordinates": [ 2.3631676, 43.2053044, 0.0 ] } },
{ "type": "Feature", "properties": { "Name": "Basílica de Saint-Just de Valcabrère", "description": null, "timestamp": null, "begin": null, "end": null, "altitudeMode": null, "tessellate": -1, "extrude": 0, "visibility": -1, "drawOrder": null, "icon": null }, "geometry": { "type": "Point", "coordinates": [ 0.5848758, 43.0283357, 0.0 ] } },
{ "type": "Feature", "properties": { "Name": "Basilique Saint-Julien de Brioude", "description": null, "timestamp": null, "begin": null, "end": null, "altitudeMode": null, "tessellate": -1, "extrude": 0, "visibility": -1, "drawOrder": null, "icon": null }, "geometry": { "type": "Point", "coordinates": [ 3.3844754, 45.2936414, 0.0 ] } },
{ "type": "Feature", "properties": { "Name": "Capilla de la Trinité de Prunet-et-Belpuig", "description": null, "timestamp": null, "begin": null, "end": null, "altitudeMode": null, "tessellate": -1, "extrude": 0, "visibility": -1, "drawOrder": null, "icon": null }, "geometry": { "type": "Point", "coordinates": [ 2.6256211, 42.5624148, 0.0 ] } },
{ "type": "Feature", "properties": { "Name": "Iglesia de San Austremonio de Issoire", "description": null, "timestamp": null, "begin": null, "end": null, "altitudeMode": null, "tessellate": -1, "extrude": 0, "visibility": -1, "drawOrder": null, "icon": null }, "geometry": { "type": "Point", "coordinates": [ 3.2499623, 45.5435757, 0.0 ] } },
{ "type": "Feature", "properties": { "Name": "Iglesia de San Andrés", "description": null, "timestamp": null, "begin": null, "end": null, "altitudeMode": null, "tessellate": -1, "extrude": 0, "visibility": -1, "drawOrder": null, "icon": null }, "geometry": { "type": "Point", "coordinates": [ 4.9239786, 46.3029965, 0.0 ] } },
{ "type": "Feature", "properties": { "Name": "Iglesia de Saint-Étienne", "description": null, "timestamp": null, "begin": null, "end": null, "altitudeMode": null, "tessellate": -1, "extrude": 0, "visibility": -1, "drawOrder": null, "icon": null }, "geometry": { "type": "Point", "coordinates": [ 3.1645399, 46.9917906, 0.0 ] } },
{ "type": "Feature", "properties": { "Name": "Santa María de Formiguera", "description": null, "timestamp": null, "begin": null, "end": null, "altitudeMode": null, "tessellate": -1, "extrude": 0, "visibility": -1, "drawOrder": null, "icon": null }, "geometry": { "type": "Point", "coordinates": [ 2.102982, 42.6140765, 0.0 ] } },
{ "type": "Feature", "properties": { "Name": "Iglesia de Santa Radegunda", "description": null, "timestamp": null, "begin": null, "end": null, "altitudeMode": null, "tessellate": -1, "extrude": 0, "visibility": -1, "drawOrder": null, "icon": null }, "geometry": { "type": "Point", "coordinates": [ 0.3517048, 46.5798723, 0.0 ] } },
{ "type": "Feature", "properties": { "Name": "Ribota", "description": null, "timestamp": null, "begin": null, "end": null, "altitudeMode": null, "tessellate": -1, "extrude": 0, "visibility": -1, "drawOrder": null, "icon": null }, "geometry": { "type": "Point", "coordinates": [ -5.5344976, 43.2311382, 0.0 ] } },
{ "type": "Feature", "properties": { "Name": "Abbatiale Sainte-Marie", "description": null, "timestamp": null, "begin": null, "end": null, "altitudeMode": null, "tessellate": null, "extrude": null, "visibility": null, "drawOrder": null, "icon": null }, "geometry": { "type": "Point", "coordinates": [ 4.762808494715673, 44.656916186129685, 0.0 ] } }
]
}
