{
  "type": "FeatureCollection",
  "name": "lourdes_jaca_godesalco",
  "crs": {
    "type": "name",
    "properties": {
      "name": "urn:ogc:def:crs:OGC:1.3:CRS84"
    }
  },
  "features": [
    {
      "type": "Feature",
      "properties": {
        "name": "Camino de Lourdes a Jaca (Godesalco)",
        "source": "https://godesalco.com/maps/lourdes",
        "point_count": 3871,
        "length_km_geodesic": 124.326
      },
      "geometry": {
        "type": "LineString",
        "coordinates": [
          [
            -0.05566,
            43.09769
          ],
          [
            -0.05572,
            43.09717
          ],
          [
            -0.05566,
            43.09701
          ],
          [
            -0.05556,
            43.09687
          ],
          [
            -0.05536,
            43.09675
          ],
          [
            -0.05529,
            43.09664
          ],
          [
            -0.05434,
            43.09673
          ],
          [
            -0.05372,
            43.09604
          ],
          [
            -0.05333,
            43.09556
          ],
          [
            -0.05316,
            43.09532
          ],
          [
            -0.05271,
            43.09519
          ],
          [
            -0.0525,
            43.09518
          ],
          [
            -0.05238,
            43.09512
          ],
          [
            -0.05241,
            43.09495
          ],
          [
            -0.05281,
            43.09412
          ],
          [
            -0.05306,
            43.09387
          ],
          [
            -0.05315,
            43.09393
          ],
          [
            -0.05335,
            43.09375
          ],
          [
            -0.05354,
            43.09356
          ],
          [
            -0.0538,
            43.09336
          ],
          [
            -0.05396,
            43.0932
          ],
          [
            -0.05438,
            43.09275
          ],
          [
            -0.05486,
            43.09228
          ],
          [
            -0.05498,
            43.0921
          ],
          [
            -0.05504,
            43.09191
          ],
          [
            -0.05494,
            43.09174
          ],
          [
            -0.05478,
            43.09151
          ],
          [
            -0.05461,
            43.09122
          ],
          [
            -0.05442,
            43.09083
          ],
          [
            -0.05425,
            43.09061
          ],
          [
            -0.05409,
            43.09022
          ],
          [
            -0.05398,
            43.09004
          ],
          [
            -0.05382,
            43.08985
          ],
          [
            -0.05376,
            43.08968
          ],
          [
            -0.05354,
            43.0893
          ],
          [
            -0.05329,
            43.08893
          ],
          [
            -0.05301,
            43.08835
          ],
          [
            -0.05282,
            43.08824
          ],
          [
            -0.05272,
            43.08823
          ],
          [
            -0.05258,
            43.08814
          ],
          [
            -0.05191,
            43.08797
          ],
          [
            -0.05166,
            43.08788
          ],
          [
            -0.05151,
            43.08777
          ],
          [
            -0.05134,
            43.08761
          ],
          [
            -0.05095,
            43.08729
          ],
          [
            -0.05087,
            43.08717
          ],
          [
            -0.05079,
            43.08699
          ],
          [
            -0.05072,
            43.0868
          ],
          [
            -0.05066,
            43.0864
          ],
          [
            -0.0505,
            43.08604
          ],
          [
            -0.05059,
            43.08586
          ],
          [
            -0.05073,
            43.0857
          ],
          [
            -0.05086,
            43.08552
          ],
          [
            -0.05095,
            43.08535
          ],
          [
            -0.05117,
            43.08479
          ],
          [
            -0.0513,
            43.08441
          ],
          [
            -0.05139,
            43.0842
          ],
          [
            -0.05152,
            43.08404
          ],
          [
            -0.05199,
            43.08375
          ],
          [
            -0.05217,
            43.08356
          ],
          [
            -0.05244,
            43.08311
          ],
          [
            -0.05256,
            43.08286
          ],
          [
            -0.0526,
            43.08271
          ],
          [
            -0.05244,
            43.08228
          ],
          [
            -0.05248,
            43.082
          ],
          [
            -0.05274,
            43.08171
          ],
          [
            -0.05232,
            43.08138
          ],
          [
            -0.05142,
            43.08101
          ],
          [
            -0.05135,
            43.08088
          ],
          [
            -0.05163,
            43.08025
          ],
          [
            -0.05164,
            43.08013
          ],
          [
            -0.05155,
            43.07991
          ],
          [
            -0.05143,
            43.07974
          ],
          [
            -0.05133,
            43.07946
          ],
          [
            -0.05135,
            43.0793
          ],
          [
            -0.05139,
            43.07912
          ],
          [
            -0.05134,
            43.07867
          ],
          [
            -0.05121,
            43.07819
          ],
          [
            -0.05113,
            43.07813
          ],
          [
            -0.05082,
            43.07798
          ],
          [
            -0.05041,
            43.07785
          ],
          [
            -0.05036,
            43.07775
          ],
          [
            -0.05022,
            43.07723
          ],
          [
            -0.05004,
            43.07705
          ],
          [
            -0.04987,
            43.07696
          ],
          [
            -0.04962,
            43.07688
          ],
          [
            -0.04929,
            43.07685
          ],
          [
            -0.04897,
            43.07687
          ],
          [
            -0.0486,
            43.07699
          ],
          [
            -0.04812,
            43.07716
          ],
          [
            -0.04784,
            43.07717
          ],
          [
            -0.04744,
            43.0771
          ],
          [
            -0.04682,
            43.07704
          ],
          [
            -0.04657,
            43.07695
          ],
          [
            -0.04639,
            43.07682
          ],
          [
            -0.04637,
            43.07675
          ],
          [
            -0.04638,
            43.07663
          ],
          [
            -0.04664,
            43.07625
          ],
          [
            -0.04682,
            43.07588
          ],
          [
            -0.0472,
            43.07536
          ],
          [
            -0.0473,
            43.07515
          ],
          [
            -0.04732,
            43.07495
          ],
          [
            -0.0476,
            43.07485
          ],
          [
            -0.04765,
            43.0748
          ],
          [
            -0.04766,
            43.07472
          ],
          [
            -0.04759,
            43.07454
          ],
          [
            -0.04745,
            43.07433
          ],
          [
            -0.04724,
            43.07395
          ],
          [
            -0.04726,
            43.07375
          ],
          [
            -0.04732,
            43.07357
          ],
          [
            -0.04748,
            43.0733
          ],
          [
            -0.04736,
            43.073
          ],
          [
            -0.04691,
            43.07281
          ],
          [
            -0.04645,
            43.07259
          ],
          [
            -0.0463,
            43.07242
          ],
          [
            -0.04613,
            43.07227
          ],
          [
            -0.04606,
            43.07211
          ],
          [
            -0.04607,
            43.07203
          ],
          [
            -0.04617,
            43.07184
          ],
          [
            -0.04638,
            43.0715
          ],
          [
            -0.04662,
            43.07117
          ],
          [
            -0.04676,
            43.071
          ],
          [
            -0.04694,
            43.07086
          ],
          [
            -0.04717,
            43.07076
          ],
          [
            -0.04756,
            43.07082
          ],
          [
            -0.04764,
            43.07081
          ],
          [
            -0.0477,
            43.07075
          ],
          [
            -0.04774,
            43.07056
          ],
          [
            -0.04781,
            43.07034
          ],
          [
            -0.04816,
            43.07008
          ],
          [
            -0.04815,
            43.07
          ],
          [
            -0.04811,
            43.06994
          ],
          [
            -0.04799,
            43.06994
          ],
          [
            -0.0479,
            43.07003
          ],
          [
            -0.04774,
            43.07008
          ],
          [
            -0.04765,
            43.07006
          ],
          [
            -0.04772,
            43.06989
          ],
          [
            -0.04802,
            43.06953
          ],
          [
            -0.04806,
            43.06944
          ],
          [
            -0.04799,
            43.06938
          ],
          [
            -0.0478,
            43.06939
          ],
          [
            -0.04778,
            43.06934
          ],
          [
            -0.04798,
            43.06919
          ],
          [
            -0.04825,
            43.06915
          ],
          [
            -0.04856,
            43.06913
          ],
          [
            -0.049,
            43.06915
          ],
          [
            -0.04945,
            43.06886
          ],
          [
            -0.04949,
            43.06874
          ],
          [
            -0.0495,
            43.06858
          ],
          [
            -0.04924,
            43.06828
          ],
          [
            -0.04877,
            43.0679
          ],
          [
            -0.04845,
            43.06774
          ],
          [
            -0.04797,
            43.06756
          ],
          [
            -0.0478,
            43.0674
          ],
          [
            -0.04756,
            43.06703
          ],
          [
            -0.04718,
            43.06655
          ],
          [
            -0.04718,
            43.06645
          ],
          [
            -0.04722,
            43.06639
          ],
          [
            -0.04737,
            43.06629
          ],
          [
            -0.04768,
            43.06625
          ],
          [
            -0.04799,
            43.06625
          ],
          [
            -0.04859,
            43.06629
          ],
          [
            -0.04888,
            43.06629
          ],
          [
            -0.04946,
            43.06614
          ],
          [
            -0.05006,
            43.06587
          ],
          [
            -0.05012,
            43.06579
          ],
          [
            -0.05011,
            43.06563
          ],
          [
            -0.05002,
            43.0655
          ],
          [
            -0.0502,
            43.06559
          ],
          [
            -0.05059,
            43.06586
          ],
          [
            -0.0508,
            43.06597
          ],
          [
            -0.05092,
            43.06605
          ],
          [
            -0.05099,
            43.06612
          ],
          [
            -0.05111,
            43.06614
          ],
          [
            -0.0512,
            43.06597
          ],
          [
            -0.05129,
            43.06595
          ],
          [
            -0.05136,
            43.06598
          ],
          [
            -0.05155,
            43.06622
          ],
          [
            -0.05149,
            43.06602
          ],
          [
            -0.05135,
            43.06579
          ],
          [
            -0.05111,
            43.06551
          ],
          [
            -0.05084,
            43.06532
          ],
          [
            -0.05026,
            43.06504
          ],
          [
            -0.0499,
            43.065
          ],
          [
            -0.04963,
            43.06494
          ],
          [
            -0.04941,
            43.06484
          ],
          [
            -0.04921,
            43.06472
          ],
          [
            -0.04895,
            43.06452
          ],
          [
            -0.04882,
            43.06436
          ],
          [
            -0.04873,
            43.06416
          ],
          [
            -0.04854,
            43.06393
          ],
          [
            -0.04845,
            43.06371
          ],
          [
            -0.04852,
            43.06348
          ],
          [
            -0.04868,
            43.06318
          ],
          [
            -0.04864,
            43.06313
          ],
          [
            -0.04818,
            43.06281
          ],
          [
            -0.0482,
            43.06273
          ],
          [
            -0.04826,
            43.06266
          ],
          [
            -0.04805,
            43.06222
          ],
          [
            -0.04797,
            43.06214
          ],
          [
            -0.04795,
            43.06203
          ],
          [
            -0.04799,
            43.06192
          ],
          [
            -0.04792,
            43.06151
          ],
          [
            -0.04797,
            43.06141
          ],
          [
            -0.04801,
            43.06125
          ],
          [
            -0.048,
            43.06106
          ],
          [
            -0.04794,
            43.06068
          ],
          [
            -0.04778,
            43.06044
          ],
          [
            -0.04777,
            43.06033
          ],
          [
            -0.04782,
            43.06026
          ],
          [
            -0.04781,
            43.06014
          ],
          [
            -0.04798,
            43.06004
          ],
          [
            -0.04808,
            43.05993
          ],
          [
            -0.04863,
            43.05967
          ],
          [
            -0.04891,
            43.05955
          ],
          [
            -0.04922,
            43.05939
          ],
          [
            -0.04945,
            43.05921
          ],
          [
            -0.04947,
            43.05911
          ],
          [
            -0.04898,
            43.05886
          ],
          [
            -0.0486,
            43.05859
          ],
          [
            -0.04842,
            43.05832
          ],
          [
            -0.04849,
            43.05811
          ],
          [
            -0.04885,
            43.05761
          ],
          [
            -0.049,
            43.05716
          ],
          [
            -0.04908,
            43.05677
          ],
          [
            -0.04903,
            43.05628
          ],
          [
            -0.04916,
            43.056
          ],
          [
            -0.04969,
            43.05561
          ],
          [
            -0.04994,
            43.05547
          ],
          [
            -0.05011,
            43.05499
          ],
          [
            -0.05025,
            43.05479
          ],
          [
            -0.05031,
            43.05473
          ],
          [
            -0.05043,
            43.05449
          ],
          [
            -0.05051,
            43.05422
          ],
          [
            -0.05066,
            43.05403
          ],
          [
            -0.05097,
            43.05375
          ],
          [
            -0.05078,
            43.05366
          ],
          [
            -0.05114,
            43.05334
          ],
          [
            -0.05132,
            43.05313
          ],
          [
            -0.05154,
            43.053
          ],
          [
            -0.05215,
            43.05273
          ],
          [
            -0.05233,
            43.05258
          ],
          [
            -0.05264,
            43.05225
          ],
          [
            -0.05304,
            43.05176
          ],
          [
            -0.0532,
            43.05163
          ],
          [
            -0.05353,
            43.05131
          ],
          [
            -0.0544,
            43.05058
          ],
          [
            -0.05455,
            43.05042
          ],
          [
            -0.05509,
            43.04997
          ],
          [
            -0.05528,
            43.04984
          ],
          [
            -0.05593,
            43.04952
          ],
          [
            -0.05612,
            43.04939
          ],
          [
            -0.05634,
            43.04928
          ],
          [
            -0.05673,
            43.04906
          ],
          [
            -0.05728,
            43.04869
          ],
          [
            -0.05762,
            43.0484
          ],
          [
            -0.05838,
            43.04761
          ],
          [
            -0.05886,
            43.04716
          ],
          [
            -0.0593,
            43.04668
          ],
          [
            -0.05963,
            43.04638
          ],
          [
            -0.05976,
            43.04621
          ],
          [
            -0.05992,
            43.04606
          ],
          [
            -0.0602,
            43.04576
          ],
          [
            -0.06053,
            43.04544
          ],
          [
            -0.06065,
            43.04527
          ],
          [
            -0.06157,
            43.04433
          ],
          [
            -0.06171,
            43.04417
          ],
          [
            -0.06202,
            43.04385
          ],
          [
            -0.06254,
            43.04342
          ],
          [
            -0.06335,
            43.04291
          ],
          [
            -0.06367,
            43.04269
          ],
          [
            -0.06376,
            43.04261
          ],
          [
            -0.06392,
            43.04244
          ],
          [
            -0.06421,
            43.04205
          ],
          [
            -0.06455,
            43.04144
          ],
          [
            -0.06468,
            43.04127
          ],
          [
            -0.06483,
            43.04111
          ],
          [
            -0.06507,
            43.041
          ],
          [
            -0.06532,
            43.04097
          ],
          [
            -0.06557,
            43.0409
          ],
          [
            -0.06563,
            43.04087
          ],
          [
            -0.0657,
            43.0408
          ],
          [
            -0.06573,
            43.04064
          ],
          [
            -0.06579,
            43.04056
          ],
          [
            -0.06594,
            43.0405
          ],
          [
            -0.06616,
            43.0405
          ],
          [
            -0.06636,
            43.04054
          ],
          [
            -0.0665,
            43.04059
          ],
          [
            -0.06676,
            43.04063
          ],
          [
            -0.06728,
            43.04065
          ],
          [
            -0.06769,
            43.04057
          ],
          [
            -0.06844,
            43.04037
          ],
          [
            -0.06889,
            43.04017
          ],
          [
            -0.06913,
            43.04008
          ],
          [
            -0.06969,
            43.03993
          ],
          [
            -0.06992,
            43.03982
          ],
          [
            -0.07017,
            43.03973
          ],
          [
            -0.07045,
            43.03968
          ],
          [
            -0.07086,
            43.03932
          ],
          [
            -0.07114,
            43.03918
          ],
          [
            -0.07132,
            43.03912
          ],
          [
            -0.07162,
            43.03907
          ],
          [
            -0.072,
            43.03906
          ],
          [
            -0.07239,
            43.03898
          ],
          [
            -0.07257,
            43.03887
          ],
          [
            -0.07289,
            43.03858
          ],
          [
            -0.07304,
            43.03871
          ],
          [
            -0.07321,
            43.03877
          ],
          [
            -0.07324,
            43.03895
          ],
          [
            -0.0736,
            43.03902
          ],
          [
            -0.07397,
            43.03901
          ],
          [
            -0.07464,
            43.03893
          ],
          [
            -0.07498,
            43.03895
          ],
          [
            -0.07526,
            43.03889
          ],
          [
            -0.07554,
            43.03887
          ],
          [
            -0.0769,
            43.03891
          ],
          [
            -0.07745,
            43.03902
          ],
          [
            -0.07796,
            43.0387
          ],
          [
            -0.07817,
            43.03849
          ],
          [
            -0.07863,
            43.03838
          ],
          [
            -0.07911,
            43.03818
          ],
          [
            -0.07944,
            43.03791
          ],
          [
            -0.07966,
            43.03749
          ],
          [
            -0.07979,
            43.03712
          ],
          [
            -0.0797,
            43.03692
          ],
          [
            -0.07956,
            43.03672
          ],
          [
            -0.07947,
            43.03664
          ],
          [
            -0.07978,
            43.03645
          ],
          [
            -0.07981,
            43.0364
          ],
          [
            -0.07977,
            43.03635
          ],
          [
            -0.0799,
            43.03622
          ],
          [
            -0.0801,
            43.0361
          ],
          [
            -0.08025,
            43.03605
          ],
          [
            -0.08054,
            43.03604
          ],
          [
            -0.08063,
            43.03597
          ],
          [
            -0.0808,
            43.03564
          ],
          [
            -0.08097,
            43.03542
          ],
          [
            -0.08115,
            43.03524
          ],
          [
            -0.08133,
            43.0351
          ],
          [
            -0.08159,
            43.03493
          ],
          [
            -0.08267,
            43.03454
          ],
          [
            -0.08328,
            43.03416
          ],
          [
            -0.08334,
            43.03404
          ],
          [
            -0.08362,
            43.03408
          ],
          [
            -0.08392,
            43.03416
          ],
          [
            -0.08413,
            43.03429
          ],
          [
            -0.08431,
            43.03436
          ],
          [
            -0.08474,
            43.03413
          ],
          [
            -0.0852,
            43.03385
          ],
          [
            -0.08535,
            43.03363
          ],
          [
            -0.08581,
            43.03339
          ],
          [
            -0.08604,
            43.03323
          ],
          [
            -0.08633,
            43.0331
          ],
          [
            -0.08732,
            43.03274
          ],
          [
            -0.08752,
            43.03265
          ],
          [
            -0.08776,
            43.03257
          ],
          [
            -0.08801,
            43.03248
          ],
          [
            -0.08826,
            43.03231
          ],
          [
            -0.08849,
            43.03223
          ],
          [
            -0.08867,
            43.03209
          ],
          [
            -0.08914,
            43.03205
          ],
          [
            -0.0895,
            43.03204
          ],
          [
            -0.09011,
            43.03195
          ],
          [
            -0.09037,
            43.03188
          ],
          [
            -0.09098,
            43.03167
          ],
          [
            -0.09129,
            43.03158
          ],
          [
            -0.09153,
            43.03147
          ],
          [
            -0.09173,
            43.03134
          ],
          [
            -0.09193,
            43.03114
          ],
          [
            -0.09213,
            43.03089
          ],
          [
            -0.09235,
            43.03069
          ],
          [
            -0.09262,
            43.03047
          ],
          [
            -0.09275,
            43.03029
          ],
          [
            -0.09276,
            43.03003
          ],
          [
            -0.09265,
            43.03
          ],
          [
            -0.09258,
            43.02992
          ],
          [
            -0.09256,
            43.02975
          ],
          [
            -0.09258,
            43.02949
          ],
          [
            -0.09261,
            43.0293
          ],
          [
            -0.09268,
            43.02912
          ],
          [
            -0.09279,
            43.02895
          ],
          [
            -0.09289,
            43.02876
          ],
          [
            -0.0933,
            43.02852
          ],
          [
            -0.09348,
            43.02839
          ],
          [
            -0.09358,
            43.0283
          ],
          [
            -0.09362,
            43.02823
          ],
          [
            -0.0936,
            43.02807
          ],
          [
            -0.09356,
            43.02788
          ],
          [
            -0.09327,
            43.02779
          ],
          [
            -0.09274,
            43.02741
          ],
          [
            -0.09288,
            43.02717
          ],
          [
            -0.09335,
            43.02657
          ],
          [
            -0.09346,
            43.02642
          ],
          [
            -0.09356,
            43.02623
          ],
          [
            -0.09364,
            43.02614
          ],
          [
            -0.09389,
            43.0258
          ],
          [
            -0.094,
            43.02563
          ],
          [
            -0.09415,
            43.02551
          ],
          [
            -0.09482,
            43.02488
          ],
          [
            -0.09597,
            43.02407
          ],
          [
            -0.09618,
            43.02394
          ],
          [
            -0.09638,
            43.02378
          ],
          [
            -0.09649,
            43.02361
          ],
          [
            -0.09657,
            43.02343
          ],
          [
            -0.09668,
            43.02305
          ],
          [
            -0.09674,
            43.02268
          ],
          [
            -0.09687,
            43.02216
          ],
          [
            -0.09689,
            43.02159
          ],
          [
            -0.09688,
            43.02091
          ],
          [
            -0.09684,
            43.02071
          ],
          [
            -0.09681,
            43.02042
          ],
          [
            -0.09682,
            43.02022
          ],
          [
            -0.09676,
            43.01981
          ],
          [
            -0.09675,
            43.01936
          ],
          [
            -0.09683,
            43.0187
          ],
          [
            -0.09699,
            43.01789
          ],
          [
            -0.09703,
            43.01754
          ],
          [
            -0.09682,
            43.01752
          ],
          [
            -0.09691,
            43.01727
          ],
          [
            -0.09694,
            43.01708
          ],
          [
            -0.097,
            43.0169
          ],
          [
            -0.09709,
            43.01652
          ],
          [
            -0.0973,
            43.01576
          ],
          [
            -0.09739,
            43.01538
          ],
          [
            -0.09741,
            43.0152
          ],
          [
            -0.09747,
            43.01502
          ],
          [
            -0.09757,
            43.01457
          ],
          [
            -0.09776,
            43.01383
          ],
          [
            -0.09782,
            43.01333
          ],
          [
            -0.09783,
            43.01286
          ],
          [
            -0.09789,
            43.01238
          ],
          [
            -0.09792,
            43.01216
          ],
          [
            -0.09805,
            43.01203
          ],
          [
            -0.09807,
            43.01186
          ],
          [
            -0.0981,
            43.01123
          ],
          [
            -0.09813,
            43.01109
          ],
          [
            -0.09816,
            43.01065
          ],
          [
            -0.09821,
            43.0092
          ],
          [
            -0.09825,
            43.00893
          ],
          [
            -0.09827,
            43.00836
          ],
          [
            -0.09835,
            43.00767
          ],
          [
            -0.0985,
            43.00696
          ],
          [
            -0.09859,
            43.00697
          ],
          [
            -0.09873,
            43.00687
          ],
          [
            -0.09905,
            43.00679
          ],
          [
            -0.09918,
            43.00671
          ],
          [
            -0.09925,
            43.00659
          ],
          [
            -0.0995,
            43.00636
          ],
          [
            -0.0996,
            43.00621
          ],
          [
            -0.09969,
            43.006
          ],
          [
            -0.09994,
            43.00576
          ],
          [
            -0.10035,
            43.00585
          ],
          [
            -0.10048,
            43.0058
          ],
          [
            -0.10072,
            43.00589
          ],
          [
            -0.10105,
            43.00655
          ],
          [
            -0.10112,
            43.00666
          ],
          [
            -0.10124,
            43.00706
          ],
          [
            -0.10144,
            43.00707
          ],
          [
            -0.10159,
            43.00687
          ],
          [
            -0.10163,
            43.00669
          ],
          [
            -0.10161,
            43.0063
          ],
          [
            -0.10162,
            43.00611
          ],
          [
            -0.10175,
            43.00597
          ],
          [
            -0.10185,
            43.00589
          ],
          [
            -0.10189,
            43.00613
          ],
          [
            -0.10206,
            43.00623
          ],
          [
            -0.10209,
            43.00635
          ],
          [
            -0.10236,
            43.00644
          ],
          [
            -0.10247,
            43.00635
          ],
          [
            -0.10284,
            43.00627
          ],
          [
            -0.10301,
            43.00616
          ],
          [
            -0.10317,
            43.00612
          ],
          [
            -0.1036,
            43.00589
          ],
          [
            -0.10382,
            43.00573
          ],
          [
            -0.10421,
            43.00555
          ],
          [
            -0.10454,
            43.00546
          ],
          [
            -0.1047,
            43.00534
          ],
          [
            -0.10484,
            43.00515
          ],
          [
            -0.10493,
            43.00494
          ],
          [
            -0.10505,
            43.00476
          ],
          [
            -0.10543,
            43.00446
          ],
          [
            -0.10566,
            43.00437
          ],
          [
            -0.10617,
            43.00399
          ],
          [
            -0.10641,
            43.0037
          ],
          [
            -0.10648,
            43.00357
          ],
          [
            -0.10666,
            43.00342
          ],
          [
            -0.10735,
            43.00303
          ],
          [
            -0.10759,
            43.00284
          ],
          [
            -0.10798,
            43.00238
          ],
          [
            -0.10842,
            43.00204
          ],
          [
            -0.10881,
            43.00169
          ],
          [
            -0.10923,
            43.00141
          ],
          [
            -0.10965,
            43.00101
          ],
          [
            -0.1098,
            43.00051
          ],
          [
            -0.1099,
            43.00036
          ],
          [
            -0.1103,
            43.00029
          ],
          [
            -0.11072,
            43.00031
          ],
          [
            -0.1112,
            42.99993
          ],
          [
            -0.11153,
            42.99978
          ],
          [
            -0.11173,
            42.99973
          ],
          [
            -0.11223,
            42.99977
          ],
          [
            -0.11354,
            42.99931
          ],
          [
            -0.1142,
            42.99919
          ],
          [
            -0.11496,
            42.99915
          ],
          [
            -0.11532,
            42.99907
          ],
          [
            -0.1156,
            42.99909
          ],
          [
            -0.11578,
            42.9989
          ],
          [
            -0.11684,
            42.9989
          ],
          [
            -0.1172,
            42.99876
          ],
          [
            -0.11741,
            42.99862
          ],
          [
            -0.1177,
            42.99849
          ],
          [
            -0.11786,
            42.99832
          ],
          [
            -0.11849,
            42.99774
          ],
          [
            -0.11893,
            42.997
          ],
          [
            -0.11925,
            42.99654
          ],
          [
            -0.11935,
            42.99635
          ],
          [
            -0.11976,
            42.99606
          ],
          [
            -0.12,
            42.99593
          ],
          [
            -0.12022,
            42.99598
          ],
          [
            -0.12078,
            42.99599
          ],
          [
            -0.12148,
            42.99565
          ],
          [
            -0.12174,
            42.9955
          ],
          [
            -0.12219,
            42.99529
          ],
          [
            -0.12251,
            42.99518
          ],
          [
            -0.12295,
            42.99486
          ],
          [
            -0.12352,
            42.99451
          ],
          [
            -0.12395,
            42.99429
          ],
          [
            -0.12411,
            42.99413
          ],
          [
            -0.12423,
            42.99395
          ],
          [
            -0.1244,
            42.99375
          ],
          [
            -0.12459,
            42.99359
          ],
          [
            -0.12497,
            42.99332
          ],
          [
            -0.12515,
            42.99317
          ],
          [
            -0.12531,
            42.99301
          ],
          [
            -0.12554,
            42.9929
          ],
          [
            -0.12581,
            42.99282
          ],
          [
            -0.12632,
            42.99273
          ],
          [
            -0.12661,
            42.9927
          ],
          [
            -0.12717,
            42.99249
          ],
          [
            -0.12761,
            42.99227
          ],
          [
            -0.12782,
            42.99214
          ],
          [
            -0.12809,
            42.99203
          ],
          [
            -0.12835,
            42.99195
          ],
          [
            -0.12911,
            42.99182
          ],
          [
            -0.12926,
            42.99194
          ],
          [
            -0.12929,
            42.99211
          ],
          [
            -0.12944,
            42.99225
          ],
          [
            -0.1295,
            42.99243
          ],
          [
            -0.12945,
            42.99281
          ],
          [
            -0.12966,
            42.99314
          ],
          [
            -0.12965,
            42.99325
          ],
          [
            -0.12975,
            42.99352
          ],
          [
            -0.12986,
            42.9939
          ],
          [
            -0.13013,
            42.99471
          ],
          [
            -0.13041,
            42.9956
          ],
          [
            -0.13052,
            42.9959
          ],
          [
            -0.13073,
            42.99634
          ],
          [
            -0.13093,
            42.99683
          ],
          [
            -0.13128,
            42.99741
          ],
          [
            -0.13208,
            42.99836
          ],
          [
            -0.13226,
            42.99869
          ],
          [
            -0.13238,
            42.99901
          ],
          [
            -0.13243,
            42.99948
          ],
          [
            -0.13227,
            42.99954
          ],
          [
            -0.13227,
            42.99962
          ],
          [
            -0.13266,
            42.99966
          ],
          [
            -0.13279,
            42.99964
          ],
          [
            -0.1329,
            42.99956
          ],
          [
            -0.13301,
            42.99932
          ],
          [
            -0.13313,
            42.99914
          ],
          [
            -0.13343,
            42.99876
          ],
          [
            -0.13384,
            42.99843
          ],
          [
            -0.13393,
            42.99821
          ],
          [
            -0.13398,
            42.99769
          ],
          [
            -0.13398,
            42.99745
          ],
          [
            -0.13396,
            42.99728
          ],
          [
            -0.13382,
            42.99676
          ],
          [
            -0.13367,
            42.99595
          ],
          [
            -0.13361,
            42.99572
          ],
          [
            -0.13375,
            42.99558
          ],
          [
            -0.1338,
            42.99554
          ],
          [
            -0.13412,
            42.9955
          ],
          [
            -0.1344,
            42.99541
          ],
          [
            -0.1346,
            42.99528
          ],
          [
            -0.13501,
            42.995
          ],
          [
            -0.13522,
            42.99483
          ],
          [
            -0.13541,
            42.99468
          ],
          [
            -0.13575,
            42.99433
          ],
          [
            -0.1363,
            42.99413
          ],
          [
            -0.13661,
            42.99411
          ],
          [
            -0.13724,
            42.9941
          ],
          [
            -0.13785,
            42.99416
          ],
          [
            -0.13809,
            42.99424
          ],
          [
            -0.13819,
            42.99422
          ],
          [
            -0.13828,
            42.99412
          ],
          [
            -0.13838,
            42.99395
          ],
          [
            -0.13848,
            42.99387
          ],
          [
            -0.13859,
            42.99381
          ],
          [
            -0.1389,
            42.99372
          ],
          [
            -0.13944,
            42.99364
          ],
          [
            -0.13953,
            42.99356
          ],
          [
            -0.13966,
            42.9934
          ],
          [
            -0.13983,
            42.99326
          ],
          [
            -0.13981,
            42.99346
          ],
          [
            -0.13972,
            42.99364
          ],
          [
            -0.1398,
            42.99366
          ],
          [
            -0.13996,
            42.99354
          ],
          [
            -0.14037,
            42.99347
          ],
          [
            -0.14114,
            42.99329
          ],
          [
            -0.14131,
            42.99318
          ],
          [
            -0.14165,
            42.9931
          ],
          [
            -0.14192,
            42.99293
          ],
          [
            -0.14225,
            42.9928
          ],
          [
            -0.1427,
            42.99266
          ],
          [
            -0.14397,
            42.99266
          ],
          [
            -0.14453,
            42.99264
          ],
          [
            -0.14513,
            42.99256
          ],
          [
            -0.1454,
            42.9926
          ],
          [
            -0.14615,
            42.9928
          ],
          [
            -0.14644,
            42.99272
          ],
          [
            -0.14675,
            42.99268
          ],
          [
            -0.14698,
            42.99258
          ],
          [
            -0.14726,
            42.99262
          ],
          [
            -0.14755,
            42.99278
          ],
          [
            -0.14791,
            42.9928
          ],
          [
            -0.14815,
            42.99273
          ],
          [
            -0.14818,
            42.9926
          ],
          [
            -0.14846,
            42.99232
          ],
          [
            -0.14865,
            42.99201
          ],
          [
            -0.14866,
            42.99181
          ],
          [
            -0.1487,
            42.99162
          ],
          [
            -0.1489,
            42.99148
          ],
          [
            -0.14917,
            42.99136
          ],
          [
            -0.14969,
            42.99126
          ],
          [
            -0.14982,
            42.99127
          ],
          [
            -0.14996,
            42.99122
          ],
          [
            -0.15014,
            42.9911
          ],
          [
            -0.15024,
            42.99092
          ],
          [
            -0.1505,
            42.9906
          ],
          [
            -0.15078,
            42.99027
          ],
          [
            -0.15094,
            42.9899
          ],
          [
            -0.1511,
            42.98975
          ],
          [
            -0.15187,
            42.98946
          ],
          [
            -0.15207,
            42.98931
          ],
          [
            -0.15221,
            42.98914
          ],
          [
            -0.15236,
            42.98876
          ],
          [
            -0.15258,
            42.98838
          ],
          [
            -0.15307,
            42.98814
          ],
          [
            -0.15344,
            42.98778
          ],
          [
            -0.15392,
            42.98749
          ],
          [
            -0.15416,
            42.98731
          ],
          [
            -0.15524,
            42.98688
          ],
          [
            -0.15579,
            42.98674
          ],
          [
            -0.15608,
            42.98669
          ],
          [
            -0.15634,
            42.98662
          ],
          [
            -0.15655,
            42.98649
          ],
          [
            -0.15666,
            42.9863
          ],
          [
            -0.15685,
            42.98613
          ],
          [
            -0.15745,
            42.98573
          ],
          [
            -0.1577,
            42.98566
          ],
          [
            -0.15832,
            42.98524
          ],
          [
            -0.15877,
            42.98504
          ],
          [
            -0.15919,
            42.98481
          ],
          [
            -0.15944,
            42.98471
          ],
          [
            -0.15983,
            42.98449
          ],
          [
            -0.16068,
            42.98433
          ],
          [
            -0.1609,
            42.98422
          ],
          [
            -0.16143,
            42.98408
          ],
          [
            -0.16167,
            42.984
          ],
          [
            -0.162,
            42.98391
          ],
          [
            -0.16193,
            42.98378
          ],
          [
            -0.16247,
            42.98372
          ],
          [
            -0.16301,
            42.98364
          ],
          [
            -0.1643,
            42.98351
          ],
          [
            -0.16456,
            42.98354
          ],
          [
            -0.16486,
            42.98361
          ],
          [
            -0.16512,
            42.98374
          ],
          [
            -0.16526,
            42.98389
          ],
          [
            -0.16541,
            42.98399
          ],
          [
            -0.16552,
            42.98401
          ],
          [
            -0.16581,
            42.98399
          ],
          [
            -0.16609,
            42.98395
          ],
          [
            -0.16636,
            42.98392
          ],
          [
            -0.1666,
            42.98393
          ],
          [
            -0.16711,
            42.98387
          ],
          [
            -0.16763,
            42.98377
          ],
          [
            -0.16788,
            42.9837
          ],
          [
            -0.16816,
            42.98367
          ],
          [
            -0.16845,
            42.98371
          ],
          [
            -0.1687,
            42.9838
          ],
          [
            -0.16894,
            42.98385
          ],
          [
            -0.16919,
            42.98383
          ],
          [
            -0.17083,
            42.9836
          ],
          [
            -0.17104,
            42.98354
          ],
          [
            -0.17171,
            42.98326
          ],
          [
            -0.17235,
            42.9829
          ],
          [
            -0.17257,
            42.9828
          ],
          [
            -0.17301,
            42.98256
          ],
          [
            -0.17326,
            42.98249
          ],
          [
            -0.17353,
            42.98243
          ],
          [
            -0.17406,
            42.9823
          ],
          [
            -0.17459,
            42.98215
          ],
          [
            -0.17514,
            42.98204
          ],
          [
            -0.17541,
            42.98202
          ],
          [
            -0.17583,
            42.98176
          ],
          [
            -0.17606,
            42.98166
          ],
          [
            -0.17688,
            42.98147
          ],
          [
            -0.17722,
            42.98143
          ],
          [
            -0.17752,
            42.98145
          ],
          [
            -0.17775,
            42.98149
          ],
          [
            -0.17792,
            42.98148
          ],
          [
            -0.17799,
            42.98143
          ],
          [
            -0.1782,
            42.98142
          ],
          [
            -0.17829,
            42.98147
          ],
          [
            -0.1784,
            42.98156
          ],
          [
            -0.17858,
            42.98158
          ],
          [
            -0.17909,
            42.98144
          ],
          [
            -0.17943,
            42.98141
          ],
          [
            -0.18003,
            42.98141
          ],
          [
            -0.18036,
            42.98137
          ],
          [
            -0.18071,
            42.98135
          ],
          [
            -0.18107,
            42.98136
          ],
          [
            -0.18149,
            42.98148
          ],
          [
            -0.18222,
            42.9816
          ],
          [
            -0.18275,
            42.98173
          ],
          [
            -0.18316,
            42.98176
          ],
          [
            -0.18376,
            42.98184
          ],
          [
            -0.1839,
            42.9819
          ],
          [
            -0.18401,
            42.98189
          ],
          [
            -0.18423,
            42.98178
          ],
          [
            -0.18442,
            42.98175
          ],
          [
            -0.18492,
            42.98193
          ],
          [
            -0.18532,
            42.98201
          ],
          [
            -0.18556,
            42.98199
          ],
          [
            -0.18591,
            42.98191
          ],
          [
            -0.18607,
            42.98163
          ],
          [
            -0.18615,
            42.98154
          ],
          [
            -0.18616,
            42.98143
          ],
          [
            -0.18606,
            42.98128
          ],
          [
            -0.18607,
            42.98114
          ],
          [
            -0.18612,
            42.98103
          ],
          [
            -0.18613,
            42.98093
          ],
          [
            -0.18621,
            42.98082
          ],
          [
            -0.18618,
            42.98074
          ],
          [
            -0.18607,
            42.98065
          ],
          [
            -0.18604,
            42.98056
          ],
          [
            -0.18613,
            42.98043
          ],
          [
            -0.18621,
            42.98034
          ],
          [
            -0.1863,
            42.9803
          ],
          [
            -0.18634,
            42.98022
          ],
          [
            -0.18621,
            42.98021
          ],
          [
            -0.18629,
            42.9801
          ],
          [
            -0.18615,
            42.98011
          ],
          [
            -0.18624,
            42.97993
          ],
          [
            -0.18624,
            42.97983
          ],
          [
            -0.18631,
            42.97972
          ],
          [
            -0.18665,
            42.97934
          ],
          [
            -0.18677,
            42.97901
          ],
          [
            -0.18707,
            42.97866
          ],
          [
            -0.18747,
            42.97831
          ],
          [
            -0.18793,
            42.97801
          ],
          [
            -0.18851,
            42.97767
          ],
          [
            -0.18883,
            42.9774
          ],
          [
            -0.1892,
            42.97717
          ],
          [
            -0.1894,
            42.97707
          ],
          [
            -0.18962,
            42.97687
          ],
          [
            -0.18989,
            42.9766
          ],
          [
            -0.19065,
            42.9762
          ],
          [
            -0.19155,
            42.97585
          ],
          [
            -0.19189,
            42.97575
          ],
          [
            -0.19254,
            42.97539
          ],
          [
            -0.1936,
            42.97498
          ],
          [
            -0.19381,
            42.97488
          ],
          [
            -0.19425,
            42.97453
          ],
          [
            -0.19428,
            42.97438
          ],
          [
            -0.19415,
            42.97432
          ],
          [
            -0.19399,
            42.97411
          ],
          [
            -0.19391,
            42.97396
          ],
          [
            -0.19386,
            42.97361
          ],
          [
            -0.19382,
            42.97349
          ],
          [
            -0.19364,
            42.9733
          ],
          [
            -0.19338,
            42.97308
          ],
          [
            -0.19326,
            42.97293
          ],
          [
            -0.19271,
            42.97244
          ],
          [
            -0.19226,
            42.97192
          ],
          [
            -0.19183,
            42.9716
          ],
          [
            -0.19166,
            42.97141
          ],
          [
            -0.19155,
            42.97123
          ],
          [
            -0.19113,
            42.97073
          ],
          [
            -0.1908,
            42.97038
          ],
          [
            -0.19059,
            42.97021
          ],
          [
            -0.19021,
            42.96982
          ],
          [
            -0.19008,
            42.96965
          ],
          [
            -0.19021,
            42.9695
          ],
          [
            -0.19042,
            42.96936
          ],
          [
            -0.19077,
            42.96926
          ],
          [
            -0.19118,
            42.96906
          ],
          [
            -0.19189,
            42.96839
          ],
          [
            -0.19208,
            42.96818
          ],
          [
            -0.19235,
            42.96799
          ],
          [
            -0.19292,
            42.9678
          ],
          [
            -0.19318,
            42.96766
          ],
          [
            -0.19359,
            42.96736
          ],
          [
            -0.19404,
            42.96714
          ],
          [
            -0.19452,
            42.96701
          ],
          [
            -0.19489,
            42.96693
          ],
          [
            -0.19585,
            42.96666
          ],
          [
            -0.19735,
            42.96638
          ],
          [
            -0.19815,
            42.96628
          ],
          [
            -0.19839,
            42.96623
          ],
          [
            -0.19913,
            42.96602
          ],
          [
            -0.19941,
            42.96598
          ],
          [
            -0.20012,
            42.9659
          ],
          [
            -0.20038,
            42.96584
          ],
          [
            -0.20088,
            42.96566
          ],
          [
            -0.2013,
            42.96539
          ],
          [
            -0.20145,
            42.96531
          ],
          [
            -0.20162,
            42.96541
          ],
          [
            -0.20188,
            42.96547
          ],
          [
            -0.20204,
            42.96543
          ],
          [
            -0.20281,
            42.9654
          ],
          [
            -0.20292,
            42.96535
          ],
          [
            -0.20293,
            42.96513
          ],
          [
            -0.20299,
            42.96489
          ],
          [
            -0.20302,
            42.96453
          ],
          [
            -0.20325,
            42.96397
          ],
          [
            -0.20334,
            42.96371
          ],
          [
            -0.20344,
            42.96351
          ],
          [
            -0.20374,
            42.96312
          ],
          [
            -0.2039,
            42.96294
          ],
          [
            -0.20409,
            42.96277
          ],
          [
            -0.20424,
            42.9626
          ],
          [
            -0.20411,
            42.96251
          ],
          [
            -0.20427,
            42.96226
          ],
          [
            -0.20445,
            42.96205
          ],
          [
            -0.20467,
            42.96169
          ],
          [
            -0.20506,
            42.96119
          ],
          [
            -0.20521,
            42.96103
          ],
          [
            -0.20575,
            42.9606
          ],
          [
            -0.20575,
            42.96051
          ],
          [
            -0.2056,
            42.96021
          ],
          [
            -0.20575,
            42.9601
          ],
          [
            -0.20603,
            42.96001
          ],
          [
            -0.20664,
            42.95965
          ],
          [
            -0.20725,
            42.95918
          ],
          [
            -0.20771,
            42.95896
          ],
          [
            -0.2093,
            42.95809
          ],
          [
            -0.21017,
            42.95755
          ],
          [
            -0.21036,
            42.95741
          ],
          [
            -0.21085,
            42.9571
          ],
          [
            -0.21219,
            42.95664
          ],
          [
            -0.21254,
            42.9566
          ],
          [
            -0.21283,
            42.95656
          ],
          [
            -0.21304,
            42.9565
          ],
          [
            -0.21323,
            42.95642
          ],
          [
            -0.21362,
            42.95617
          ],
          [
            -0.21367,
            42.95602
          ],
          [
            -0.21375,
            42.95586
          ],
          [
            -0.21376,
            42.95564
          ],
          [
            -0.21381,
            42.95539
          ],
          [
            -0.21387,
            42.95518
          ],
          [
            -0.21394,
            42.955
          ],
          [
            -0.21401,
            42.95479
          ],
          [
            -0.21404,
            42.9546
          ],
          [
            -0.21419,
            42.95442
          ],
          [
            -0.2144,
            42.95426
          ],
          [
            -0.21456,
            42.9541
          ],
          [
            -0.2148,
            42.95368
          ],
          [
            -0.21489,
            42.95347
          ],
          [
            -0.21492,
            42.95328
          ],
          [
            -0.2149,
            42.95309
          ],
          [
            -0.21492,
            42.95284
          ],
          [
            -0.21504,
            42.95237
          ],
          [
            -0.21513,
            42.95217
          ],
          [
            -0.21525,
            42.952
          ],
          [
            -0.21547,
            42.9516
          ],
          [
            -0.21554,
            42.95143
          ],
          [
            -0.21567,
            42.951
          ],
          [
            -0.21578,
            42.95083
          ],
          [
            -0.21596,
            42.95042
          ],
          [
            -0.21609,
            42.95025
          ],
          [
            -0.21628,
            42.94995
          ],
          [
            -0.21608,
            42.94981
          ],
          [
            -0.216,
            42.94968
          ],
          [
            -0.21611,
            42.94951
          ],
          [
            -0.2162,
            42.94931
          ],
          [
            -0.21635,
            42.94916
          ],
          [
            -0.21643,
            42.94894
          ],
          [
            -0.21643,
            42.94879
          ],
          [
            -0.21681,
            42.94846
          ],
          [
            -0.21689,
            42.94826
          ],
          [
            -0.2168,
            42.94802
          ],
          [
            -0.21671,
            42.94784
          ],
          [
            -0.21669,
            42.94766
          ],
          [
            -0.2168,
            42.94751
          ],
          [
            -0.21743,
            42.94711
          ],
          [
            -0.21758,
            42.94695
          ],
          [
            -0.21804,
            42.94671
          ],
          [
            -0.21843,
            42.94642
          ],
          [
            -0.21866,
            42.9463
          ],
          [
            -0.21881,
            42.94615
          ],
          [
            -0.21889,
            42.94596
          ],
          [
            -0.21908,
            42.9458
          ],
          [
            -0.21927,
            42.94569
          ],
          [
            -0.21947,
            42.94554
          ],
          [
            -0.2199,
            42.94528
          ],
          [
            -0.22037,
            42.94495
          ],
          [
            -0.22063,
            42.94467
          ],
          [
            -0.22075,
            42.94449
          ],
          [
            -0.22084,
            42.94431
          ],
          [
            -0.22096,
            42.94438
          ],
          [
            -0.22112,
            42.94468
          ],
          [
            -0.22198,
            42.94425
          ],
          [
            -0.22277,
            42.9439
          ],
          [
            -0.22328,
            42.94373
          ],
          [
            -0.22532,
            42.94357
          ],
          [
            -0.22605,
            42.94354
          ],
          [
            -0.22767,
            42.94294
          ],
          [
            -0.22787,
            42.94283
          ],
          [
            -0.22799,
            42.94274
          ],
          [
            -0.22806,
            42.94263
          ],
          [
            -0.22795,
            42.94247
          ],
          [
            -0.22795,
            42.94225
          ],
          [
            -0.2282,
            42.94182
          ],
          [
            -0.22827,
            42.9414
          ],
          [
            -0.22864,
            42.94086
          ],
          [
            -0.22887,
            42.94062
          ],
          [
            -0.22924,
            42.94037
          ],
          [
            -0.22932,
            42.94042
          ],
          [
            -0.22957,
            42.94042
          ],
          [
            -0.23013,
            42.94008
          ],
          [
            -0.2309,
            42.93941
          ],
          [
            -0.231,
            42.93926
          ],
          [
            -0.23141,
            42.93888
          ],
          [
            -0.23178,
            42.93865
          ],
          [
            -0.23206,
            42.93852
          ],
          [
            -0.23322,
            42.93789
          ],
          [
            -0.23363,
            42.93776
          ],
          [
            -0.23415,
            42.93763
          ],
          [
            -0.23461,
            42.93727
          ],
          [
            -0.23501,
            42.937
          ],
          [
            -0.23546,
            42.93664
          ],
          [
            -0.23568,
            42.93666
          ],
          [
            -0.23578,
            42.93661
          ],
          [
            -0.23582,
            42.93645
          ],
          [
            -0.23581,
            42.93618
          ],
          [
            -0.2357,
            42.93576
          ],
          [
            -0.23583,
            42.93525
          ],
          [
            -0.23597,
            42.93504
          ],
          [
            -0.23631,
            42.9347
          ],
          [
            -0.23654,
            42.93452
          ],
          [
            -0.2369,
            42.9343
          ],
          [
            -0.23719,
            42.93422
          ],
          [
            -0.23741,
            42.93413
          ],
          [
            -0.23767,
            42.93393
          ],
          [
            -0.23796,
            42.93377
          ],
          [
            -0.23825,
            42.9336
          ],
          [
            -0.23849,
            42.93349
          ],
          [
            -0.23872,
            42.93335
          ],
          [
            -0.23901,
            42.93323
          ],
          [
            -0.23958,
            42.93318
          ],
          [
            -0.23983,
            42.93314
          ],
          [
            -0.24016,
            42.93305
          ],
          [
            -0.24047,
            42.93295
          ],
          [
            -0.24081,
            42.93281
          ],
          [
            -0.24125,
            42.93257
          ],
          [
            -0.24151,
            42.9325
          ],
          [
            -0.24178,
            42.93238
          ],
          [
            -0.24203,
            42.9322
          ],
          [
            -0.24219,
            42.932
          ],
          [
            -0.24228,
            42.93184
          ],
          [
            -0.24242,
            42.93169
          ],
          [
            -0.24253,
            42.93161
          ],
          [
            -0.24297,
            42.93143
          ],
          [
            -0.24314,
            42.93134
          ],
          [
            -0.24392,
            42.93062
          ],
          [
            -0.24413,
            42.93051
          ],
          [
            -0.2446,
            42.93032
          ],
          [
            -0.24482,
            42.93007
          ],
          [
            -0.24544,
            42.92976
          ],
          [
            -0.24575,
            42.92966
          ],
          [
            -0.24604,
            42.92914
          ],
          [
            -0.24611,
            42.92895
          ],
          [
            -0.24638,
            42.9284
          ],
          [
            -0.24644,
            42.92822
          ],
          [
            -0.24645,
            42.92802
          ],
          [
            -0.24648,
            42.92791
          ],
          [
            -0.24719,
            42.92682
          ],
          [
            -0.24762,
            42.92639
          ],
          [
            -0.24772,
            42.92617
          ],
          [
            -0.24813,
            42.92544
          ],
          [
            -0.2482,
            42.92525
          ],
          [
            -0.24831,
            42.92508
          ],
          [
            -0.24839,
            42.92489
          ],
          [
            -0.24852,
            42.92473
          ],
          [
            -0.24875,
            42.92426
          ],
          [
            -0.24888,
            42.9242
          ],
          [
            -0.24942,
            42.92402
          ],
          [
            -0.25019,
            42.92379
          ],
          [
            -0.25064,
            42.9236
          ],
          [
            -0.25108,
            42.92336
          ],
          [
            -0.25146,
            42.92322
          ],
          [
            -0.25175,
            42.92274
          ],
          [
            -0.25183,
            42.92254
          ],
          [
            -0.25208,
            42.9221
          ],
          [
            -0.25212,
            42.92193
          ],
          [
            -0.25214,
            42.92177
          ],
          [
            -0.25241,
            42.92116
          ],
          [
            -0.2525,
            42.921
          ],
          [
            -0.2527,
            42.92075
          ],
          [
            -0.25313,
            42.92038
          ],
          [
            -0.25319,
            42.92029
          ],
          [
            -0.253,
            42.91975
          ],
          [
            -0.25306,
            42.91964
          ],
          [
            -0.25327,
            42.91948
          ],
          [
            -0.25336,
            42.91939
          ],
          [
            -0.25347,
            42.91921
          ],
          [
            -0.25362,
            42.91906
          ],
          [
            -0.25376,
            42.919
          ],
          [
            -0.25387,
            42.91876
          ],
          [
            -0.25413,
            42.9186
          ],
          [
            -0.25429,
            42.91827
          ],
          [
            -0.25454,
            42.91813
          ],
          [
            -0.25457,
            42.91804
          ],
          [
            -0.25458,
            42.91791
          ],
          [
            -0.25503,
            42.91738
          ],
          [
            -0.2551,
            42.91719
          ],
          [
            -0.25536,
            42.91701
          ],
          [
            -0.25543,
            42.91693
          ],
          [
            -0.25543,
            42.91681
          ],
          [
            -0.2554,
            42.91671
          ],
          [
            -0.25532,
            42.91658
          ],
          [
            -0.25516,
            42.91638
          ],
          [
            -0.25503,
            42.91629
          ],
          [
            -0.25486,
            42.91623
          ],
          [
            -0.25463,
            42.91617
          ],
          [
            -0.25443,
            42.91618
          ],
          [
            -0.25428,
            42.9162
          ],
          [
            -0.25399,
            42.91628
          ],
          [
            -0.25392,
            42.91605
          ],
          [
            -0.25396,
            42.9159
          ],
          [
            -0.2539,
            42.91584
          ],
          [
            -0.25355,
            42.91578
          ],
          [
            -0.25349,
            42.91574
          ],
          [
            -0.25352,
            42.91564
          ],
          [
            -0.25343,
            42.91561
          ],
          [
            -0.25305,
            42.91557
          ],
          [
            -0.25279,
            42.91548
          ],
          [
            -0.25246,
            42.91544
          ],
          [
            -0.25231,
            42.91547
          ],
          [
            -0.2521,
            42.91557
          ],
          [
            -0.25188,
            42.91561
          ],
          [
            -0.25161,
            42.91573
          ],
          [
            -0.25118,
            42.91588
          ],
          [
            -0.25089,
            42.91592
          ],
          [
            -0.25068,
            42.91589
          ],
          [
            -0.2505,
            42.91584
          ],
          [
            -0.25031,
            42.9154
          ],
          [
            -0.25028,
            42.91478
          ],
          [
            -0.25036,
            42.91434
          ],
          [
            -0.25045,
            42.91413
          ],
          [
            -0.25144,
            42.91292
          ],
          [
            -0.25158,
            42.91262
          ],
          [
            -0.25192,
            42.91235
          ],
          [
            -0.25242,
            42.912
          ],
          [
            -0.25273,
            42.91157
          ],
          [
            -0.25294,
            42.91139
          ],
          [
            -0.25405,
            42.91066
          ],
          [
            -0.25447,
            42.91029
          ],
          [
            -0.25447,
            42.91012
          ],
          [
            -0.25468,
            42.90989
          ],
          [
            -0.25495,
            42.90967
          ],
          [
            -0.25549,
            42.90929
          ],
          [
            -0.25571,
            42.90912
          ],
          [
            -0.25615,
            42.90868
          ],
          [
            -0.25661,
            42.90816
          ],
          [
            -0.25682,
            42.90803
          ],
          [
            -0.25742,
            42.90745
          ],
          [
            -0.25807,
            42.90708
          ],
          [
            -0.25817,
            42.90696
          ],
          [
            -0.25823,
            42.90674
          ],
          [
            -0.25845,
            42.90646
          ],
          [
            -0.25853,
            42.90639
          ],
          [
            -0.25875,
            42.90641
          ],
          [
            -0.25889,
            42.90644
          ],
          [
            -0.25916,
            42.90614
          ],
          [
            -0.2593,
            42.90549
          ],
          [
            -0.25984,
            42.90461
          ],
          [
            -0.2605,
            42.9043
          ],
          [
            -0.26073,
            42.90416
          ],
          [
            -0.26092,
            42.90395
          ],
          [
            -0.26126,
            42.90371
          ],
          [
            -0.26185,
            42.90349
          ],
          [
            -0.26257,
            42.90308
          ],
          [
            -0.26272,
            42.90295
          ],
          [
            -0.26288,
            42.90275
          ],
          [
            -0.26313,
            42.9024
          ],
          [
            -0.26335,
            42.90214
          ],
          [
            -0.26446,
            42.90137
          ],
          [
            -0.26469,
            42.90119
          ],
          [
            -0.26508,
            42.90081
          ],
          [
            -0.26512,
            42.90069
          ],
          [
            -0.26572,
            42.89961
          ],
          [
            -0.26583,
            42.89945
          ],
          [
            -0.26619,
            42.89904
          ],
          [
            -0.26626,
            42.89882
          ],
          [
            -0.26623,
            42.89856
          ],
          [
            -0.26626,
            42.89839
          ],
          [
            -0.26626,
            42.8982
          ],
          [
            -0.26671,
            42.89782
          ],
          [
            -0.26699,
            42.89744
          ],
          [
            -0.26715,
            42.89712
          ],
          [
            -0.26744,
            42.89649
          ],
          [
            -0.26756,
            42.89611
          ],
          [
            -0.26764,
            42.89592
          ],
          [
            -0.26775,
            42.89555
          ],
          [
            -0.26784,
            42.89536
          ],
          [
            -0.26816,
            42.89456
          ],
          [
            -0.26855,
            42.89395
          ],
          [
            -0.26882,
            42.89341
          ],
          [
            -0.26897,
            42.89325
          ],
          [
            -0.26913,
            42.89305
          ],
          [
            -0.26928,
            42.89268
          ],
          [
            -0.26948,
            42.89228
          ],
          [
            -0.26977,
            42.89201
          ],
          [
            -0.27013,
            42.89172
          ],
          [
            -0.27026,
            42.89155
          ],
          [
            -0.27044,
            42.89137
          ],
          [
            -0.27057,
            42.89119
          ],
          [
            -0.27067,
            42.891
          ],
          [
            -0.27072,
            42.89081
          ],
          [
            -0.27075,
            42.89063
          ],
          [
            -0.27104,
            42.88996
          ],
          [
            -0.27104,
            42.88965
          ],
          [
            -0.27112,
            42.88956
          ],
          [
            -0.27124,
            42.8895
          ],
          [
            -0.27136,
            42.88939
          ],
          [
            -0.27191,
            42.88861
          ],
          [
            -0.27198,
            42.88846
          ],
          [
            -0.27182,
            42.88813
          ],
          [
            -0.27186,
            42.88785
          ],
          [
            -0.27192,
            42.88763
          ],
          [
            -0.27184,
            42.88738
          ],
          [
            -0.27186,
            42.88717
          ],
          [
            -0.27174,
            42.88702
          ],
          [
            -0.27142,
            42.88673
          ],
          [
            -0.2712,
            42.88657
          ],
          [
            -0.27093,
            42.88645
          ],
          [
            -0.27075,
            42.88628
          ],
          [
            -0.27065,
            42.88599
          ],
          [
            -0.27055,
            42.88593
          ],
          [
            -0.27052,
            42.88583
          ],
          [
            -0.27048,
            42.88546
          ],
          [
            -0.2704,
            42.88539
          ],
          [
            -0.27039,
            42.88514
          ],
          [
            -0.27042,
            42.88491
          ],
          [
            -0.27035,
            42.88449
          ],
          [
            -0.27026,
            42.8843
          ],
          [
            -0.27025,
            42.88414
          ],
          [
            -0.27036,
            42.88391
          ],
          [
            -0.27044,
            42.8832
          ],
          [
            -0.27051,
            42.88301
          ],
          [
            -0.27042,
            42.88281
          ],
          [
            -0.27032,
            42.8827
          ],
          [
            -0.27026,
            42.88259
          ],
          [
            -0.27014,
            42.8826
          ],
          [
            -0.26976,
            42.88277
          ],
          [
            -0.26961,
            42.88304
          ],
          [
            -0.26952,
            42.88315
          ],
          [
            -0.26942,
            42.88305
          ],
          [
            -0.26937,
            42.88282
          ],
          [
            -0.26936,
            42.88272
          ],
          [
            -0.26922,
            42.88247
          ],
          [
            -0.26905,
            42.88224
          ],
          [
            -0.26894,
            42.88216
          ],
          [
            -0.26885,
            42.88256
          ],
          [
            -0.26877,
            42.88264
          ],
          [
            -0.2687,
            42.88266
          ],
          [
            -0.26853,
            42.88245
          ],
          [
            -0.26807,
            42.88196
          ],
          [
            -0.26803,
            42.88226
          ],
          [
            -0.26793,
            42.88222
          ],
          [
            -0.26775,
            42.88188
          ],
          [
            -0.26765,
            42.88161
          ],
          [
            -0.26746,
            42.88139
          ],
          [
            -0.26725,
            42.8811
          ],
          [
            -0.26716,
            42.88091
          ],
          [
            -0.26721,
            42.88068
          ],
          [
            -0.26734,
            42.88046
          ],
          [
            -0.26742,
            42.88027
          ],
          [
            -0.26759,
            42.88
          ],
          [
            -0.26763,
            42.87981
          ],
          [
            -0.26778,
            42.87931
          ],
          [
            -0.26787,
            42.87909
          ],
          [
            -0.26789,
            42.87884
          ],
          [
            -0.26777,
            42.87866
          ],
          [
            -0.26775,
            42.87859
          ],
          [
            -0.2678,
            42.87847
          ],
          [
            -0.26772,
            42.87827
          ],
          [
            -0.26768,
            42.87808
          ],
          [
            -0.26752,
            42.87776
          ],
          [
            -0.26741,
            42.87767
          ],
          [
            -0.26728,
            42.87746
          ],
          [
            -0.26716,
            42.87722
          ],
          [
            -0.26697,
            42.87705
          ],
          [
            -0.26666,
            42.8769
          ],
          [
            -0.26661,
            42.87677
          ],
          [
            -0.26648,
            42.87658
          ],
          [
            -0.26597,
            42.8763
          ],
          [
            -0.26591,
            42.87624
          ],
          [
            -0.26592,
            42.87615
          ],
          [
            -0.26597,
            42.87606
          ],
          [
            -0.26603,
            42.87591
          ],
          [
            -0.26617,
            42.87581
          ],
          [
            -0.26621,
            42.87555
          ],
          [
            -0.26618,
            42.87544
          ],
          [
            -0.26618,
            42.87532
          ],
          [
            -0.26626,
            42.87487
          ],
          [
            -0.26625,
            42.87459
          ],
          [
            -0.26622,
            42.87453
          ],
          [
            -0.2663,
            42.8744
          ],
          [
            -0.26631,
            42.87431
          ],
          [
            -0.26618,
            42.87404
          ],
          [
            -0.26624,
            42.87383
          ],
          [
            -0.26625,
            42.87344
          ],
          [
            -0.26628,
            42.87322
          ],
          [
            -0.26612,
            42.87289
          ],
          [
            -0.26598,
            42.87249
          ],
          [
            -0.26583,
            42.87213
          ],
          [
            -0.2657,
            42.87191
          ],
          [
            -0.26544,
            42.8716
          ],
          [
            -0.26526,
            42.87153
          ],
          [
            -0.26434,
            42.87085
          ],
          [
            -0.2641,
            42.87056
          ],
          [
            -0.26394,
            42.87044
          ],
          [
            -0.26378,
            42.87026
          ],
          [
            -0.26308,
            42.86959
          ],
          [
            -0.26268,
            42.86914
          ],
          [
            -0.2626,
            42.86874
          ],
          [
            -0.26267,
            42.86854
          ],
          [
            -0.26266,
            42.86834
          ],
          [
            -0.26267,
            42.86811
          ],
          [
            -0.26263,
            42.86785
          ],
          [
            -0.26257,
            42.86765
          ],
          [
            -0.2624,
            42.86732
          ],
          [
            -0.2622,
            42.86684
          ],
          [
            -0.26215,
            42.8667
          ],
          [
            -0.26211,
            42.86624
          ],
          [
            -0.26214,
            42.86601
          ],
          [
            -0.26213,
            42.86563
          ],
          [
            -0.26208,
            42.86544
          ],
          [
            -0.26208,
            42.8653
          ],
          [
            -0.26201,
            42.86499
          ],
          [
            -0.26183,
            42.86468
          ],
          [
            -0.26163,
            42.86444
          ],
          [
            -0.26156,
            42.86431
          ],
          [
            -0.26141,
            42.86419
          ],
          [
            -0.26104,
            42.86379
          ],
          [
            -0.26086,
            42.86354
          ],
          [
            -0.26086,
            42.86337
          ],
          [
            -0.26079,
            42.86317
          ],
          [
            -0.26054,
            42.86277
          ],
          [
            -0.2605,
            42.86259
          ],
          [
            -0.26036,
            42.86225
          ],
          [
            -0.26035,
            42.862
          ],
          [
            -0.26039,
            42.86181
          ],
          [
            -0.26045,
            42.86162
          ],
          [
            -0.26063,
            42.86134
          ],
          [
            -0.26074,
            42.86113
          ],
          [
            -0.26078,
            42.8609
          ],
          [
            -0.26059,
            42.86035
          ],
          [
            -0.26043,
            42.86008
          ],
          [
            -0.26042,
            42.85991
          ],
          [
            -0.26031,
            42.85978
          ],
          [
            -0.2602,
            42.8596
          ],
          [
            -0.26013,
            42.85939
          ],
          [
            -0.26013,
            42.85919
          ],
          [
            -0.26017,
            42.85899
          ],
          [
            -0.26028,
            42.85873
          ],
          [
            -0.2603,
            42.85863
          ],
          [
            -0.26041,
            42.85853
          ],
          [
            -0.26054,
            42.85848
          ],
          [
            -0.2606,
            42.85836
          ],
          [
            -0.2606,
            42.85828
          ],
          [
            -0.26064,
            42.8582
          ],
          [
            -0.26065,
            42.8581
          ],
          [
            -0.26059,
            42.85801
          ],
          [
            -0.26061,
            42.85782
          ],
          [
            -0.26058,
            42.85772
          ],
          [
            -0.26052,
            42.85765
          ],
          [
            -0.26049,
            42.85756
          ],
          [
            -0.26039,
            42.8574
          ],
          [
            -0.26047,
            42.8573
          ],
          [
            -0.26046,
            42.85723
          ],
          [
            -0.26037,
            42.85715
          ],
          [
            -0.26044,
            42.85704
          ],
          [
            -0.26042,
            42.85696
          ],
          [
            -0.26033,
            42.85685
          ],
          [
            -0.26013,
            42.85669
          ],
          [
            -0.26002,
            42.85667
          ],
          [
            -0.25995,
            42.8566
          ],
          [
            -0.25988,
            42.85645
          ],
          [
            -0.25991,
            42.85633
          ],
          [
            -0.2601,
            42.85621
          ],
          [
            -0.26009,
            42.85615
          ],
          [
            -0.26011,
            42.85608
          ],
          [
            -0.26004,
            42.85592
          ],
          [
            -0.25979,
            42.8559
          ],
          [
            -0.25945,
            42.85581
          ],
          [
            -0.25935,
            42.85566
          ],
          [
            -0.25905,
            42.85492
          ],
          [
            -0.25873,
            42.85516
          ],
          [
            -0.2583,
            42.85544
          ],
          [
            -0.25816,
            42.85556
          ],
          [
            -0.25822,
            42.85532
          ],
          [
            -0.25829,
            42.85513
          ],
          [
            -0.25823,
            42.85499
          ],
          [
            -0.25823,
            42.85491
          ],
          [
            -0.25805,
            42.85506
          ],
          [
            -0.25808,
            42.85465
          ],
          [
            -0.25808,
            42.85421
          ],
          [
            -0.25815,
            42.85393
          ],
          [
            -0.25797,
            42.85406
          ],
          [
            -0.25775,
            42.85425
          ],
          [
            -0.25769,
            42.85438
          ],
          [
            -0.25764,
            42.85444
          ],
          [
            -0.25759,
            42.85424
          ],
          [
            -0.25769,
            42.85404
          ],
          [
            -0.25772,
            42.85387
          ],
          [
            -0.25769,
            42.8538
          ],
          [
            -0.25763,
            42.85387
          ],
          [
            -0.25758,
            42.85396
          ],
          [
            -0.25734,
            42.85416
          ],
          [
            -0.25722,
            42.85439
          ],
          [
            -0.25718,
            42.85426
          ],
          [
            -0.25719,
            42.85418
          ],
          [
            -0.25729,
            42.85395
          ],
          [
            -0.25732,
            42.85384
          ],
          [
            -0.25724,
            42.85386
          ],
          [
            -0.2571,
            42.85399
          ],
          [
            -0.25691,
            42.85412
          ],
          [
            -0.25679,
            42.85426
          ],
          [
            -0.25686,
            42.85393
          ],
          [
            -0.25692,
            42.85377
          ],
          [
            -0.25679,
            42.8532
          ],
          [
            -0.25681,
            42.85308
          ],
          [
            -0.25685,
            42.85299
          ],
          [
            -0.25684,
            42.85293
          ],
          [
            -0.25668,
            42.85307
          ],
          [
            -0.25656,
            42.85342
          ],
          [
            -0.25648,
            42.85324
          ],
          [
            -0.25648,
            42.85311
          ],
          [
            -0.25656,
            42.85291
          ],
          [
            -0.25655,
            42.8527
          ],
          [
            -0.25663,
            42.85232
          ],
          [
            -0.25664,
            42.85213
          ],
          [
            -0.2566,
            42.85175
          ],
          [
            -0.25652,
            42.85148
          ],
          [
            -0.25632,
            42.85196
          ],
          [
            -0.25611,
            42.85232
          ],
          [
            -0.25605,
            42.85237
          ],
          [
            -0.25603,
            42.85227
          ],
          [
            -0.25606,
            42.852
          ],
          [
            -0.25602,
            42.85172
          ],
          [
            -0.25593,
            42.85146
          ],
          [
            -0.25585,
            42.85136
          ],
          [
            -0.25549,
            42.85111
          ],
          [
            -0.25544,
            42.851
          ],
          [
            -0.25546,
            42.85088
          ],
          [
            -0.25535,
            42.85074
          ],
          [
            -0.2552,
            42.85062
          ],
          [
            -0.25514,
            42.85051
          ],
          [
            -0.25503,
            42.85039
          ],
          [
            -0.25495,
            42.85021
          ],
          [
            -0.25503,
            42.84984
          ],
          [
            -0.25503,
            42.84953
          ],
          [
            -0.25515,
            42.84916
          ],
          [
            -0.25521,
            42.8489
          ],
          [
            -0.25518,
            42.84804
          ],
          [
            -0.25528,
            42.84788
          ],
          [
            -0.25535,
            42.84765
          ],
          [
            -0.25537,
            42.84746
          ],
          [
            -0.25536,
            42.84729
          ],
          [
            -0.25543,
            42.84711
          ],
          [
            -0.25545,
            42.84696
          ],
          [
            -0.25546,
            42.84676
          ],
          [
            -0.25543,
            42.84666
          ],
          [
            -0.25546,
            42.84643
          ],
          [
            -0.25553,
            42.84631
          ],
          [
            -0.25557,
            42.84609
          ],
          [
            -0.25553,
            42.84585
          ],
          [
            -0.25536,
            42.84546
          ],
          [
            -0.25526,
            42.84499
          ],
          [
            -0.25526,
            42.84474
          ],
          [
            -0.25502,
            42.8443
          ],
          [
            -0.25483,
            42.844
          ],
          [
            -0.25471,
            42.84361
          ],
          [
            -0.25457,
            42.84335
          ],
          [
            -0.25439,
            42.84314
          ],
          [
            -0.25421,
            42.84298
          ],
          [
            -0.25401,
            42.84287
          ],
          [
            -0.25388,
            42.84276
          ],
          [
            -0.25379,
            42.84263
          ],
          [
            -0.25364,
            42.84217
          ],
          [
            -0.25357,
            42.84189
          ],
          [
            -0.25355,
            42.84169
          ],
          [
            -0.25365,
            42.84151
          ],
          [
            -0.25367,
            42.84132
          ],
          [
            -0.25393,
            42.84083
          ],
          [
            -0.25396,
            42.84067
          ],
          [
            -0.25393,
            42.84045
          ],
          [
            -0.25383,
            42.84014
          ],
          [
            -0.25376,
            42.84
          ],
          [
            -0.2536,
            42.8399
          ],
          [
            -0.25363,
            42.83971
          ],
          [
            -0.25357,
            42.83955
          ],
          [
            -0.25359,
            42.83943
          ],
          [
            -0.25378,
            42.83909
          ],
          [
            -0.2538,
            42.83883
          ],
          [
            -0.25378,
            42.8387
          ],
          [
            -0.25361,
            42.83843
          ],
          [
            -0.25367,
            42.83817
          ],
          [
            -0.25383,
            42.83794
          ],
          [
            -0.25377,
            42.83779
          ],
          [
            -0.25375,
            42.83769
          ],
          [
            -0.25378,
            42.8376
          ],
          [
            -0.25374,
            42.83751
          ],
          [
            -0.25378,
            42.8373
          ],
          [
            -0.25396,
            42.83705
          ],
          [
            -0.25404,
            42.83705
          ],
          [
            -0.25415,
            42.83693
          ],
          [
            -0.25424,
            42.83663
          ],
          [
            -0.25442,
            42.83644
          ],
          [
            -0.25466,
            42.83609
          ],
          [
            -0.25477,
            42.83571
          ],
          [
            -0.25473,
            42.83556
          ],
          [
            -0.25478,
            42.83528
          ],
          [
            -0.25496,
            42.83489
          ],
          [
            -0.25499,
            42.83472
          ],
          [
            -0.25499,
            42.83454
          ],
          [
            -0.25508,
            42.83443
          ],
          [
            -0.25523,
            42.83428
          ],
          [
            -0.25528,
            42.83417
          ],
          [
            -0.25536,
            42.8341
          ],
          [
            -0.25553,
            42.83376
          ],
          [
            -0.25579,
            42.8335
          ],
          [
            -0.25588,
            42.83325
          ],
          [
            -0.25598,
            42.83305
          ],
          [
            -0.25611,
            42.83294
          ],
          [
            -0.25624,
            42.83284
          ],
          [
            -0.25639,
            42.83252
          ],
          [
            -0.25658,
            42.83234
          ],
          [
            -0.2564,
            42.83234
          ],
          [
            -0.25655,
            42.83223
          ],
          [
            -0.25639,
            42.83222
          ],
          [
            -0.25664,
            42.832
          ],
          [
            -0.25673,
            42.83195
          ],
          [
            -0.25689,
            42.83164
          ],
          [
            -0.25723,
            42.83138
          ],
          [
            -0.25687,
            42.83143
          ],
          [
            -0.25704,
            42.83134
          ],
          [
            -0.25717,
            42.83123
          ],
          [
            -0.25693,
            42.83126
          ],
          [
            -0.25712,
            42.83114
          ],
          [
            -0.25686,
            42.83116
          ],
          [
            -0.25702,
            42.83103
          ],
          [
            -0.2572,
            42.83094
          ],
          [
            -0.25737,
            42.83096
          ],
          [
            -0.25735,
            42.83089
          ],
          [
            -0.2574,
            42.83064
          ],
          [
            -0.25734,
            42.83045
          ],
          [
            -0.25728,
            42.83021
          ],
          [
            -0.25764,
            42.82959
          ],
          [
            -0.25773,
            42.82932
          ],
          [
            -0.25777,
            42.82907
          ],
          [
            -0.25789,
            42.82882
          ],
          [
            -0.25802,
            42.82838
          ],
          [
            -0.258,
            42.82823
          ],
          [
            -0.25801,
            42.82788
          ],
          [
            -0.25789,
            42.82706
          ],
          [
            -0.25797,
            42.82676
          ],
          [
            -0.25796,
            42.8265
          ],
          [
            -0.25801,
            42.82638
          ],
          [
            -0.25802,
            42.82624
          ],
          [
            -0.25806,
            42.82617
          ],
          [
            -0.25803,
            42.82582
          ],
          [
            -0.25806,
            42.82533
          ],
          [
            -0.25818,
            42.82511
          ],
          [
            -0.25833,
            42.82502
          ],
          [
            -0.25841,
            42.82484
          ],
          [
            -0.25947,
            42.82363
          ],
          [
            -0.2596,
            42.82355
          ],
          [
            -0.25968,
            42.82343
          ],
          [
            -0.25979,
            42.82332
          ],
          [
            -0.25987,
            42.8232
          ],
          [
            -0.26021,
            42.8229
          ],
          [
            -0.26064,
            42.82247
          ],
          [
            -0.26078,
            42.82241
          ],
          [
            -0.26087,
            42.82229
          ],
          [
            -0.26086,
            42.82218
          ],
          [
            -0.26094,
            42.82213
          ],
          [
            -0.2612,
            42.82189
          ],
          [
            -0.26132,
            42.82177
          ],
          [
            -0.26141,
            42.82164
          ],
          [
            -0.26142,
            42.82145
          ],
          [
            -0.26165,
            42.82113
          ],
          [
            -0.26186,
            42.82099
          ],
          [
            -0.26218,
            42.82083
          ],
          [
            -0.2623,
            42.82064
          ],
          [
            -0.26238,
            42.82054
          ],
          [
            -0.26251,
            42.82046
          ],
          [
            -0.26255,
            42.82039
          ],
          [
            -0.26253,
            42.82033
          ],
          [
            -0.26248,
            42.82028
          ],
          [
            -0.26263,
            42.82018
          ],
          [
            -0.26263,
            42.82011
          ],
          [
            -0.26268,
            42.82004
          ],
          [
            -0.26267,
            42.81999
          ],
          [
            -0.26282,
            42.81983
          ],
          [
            -0.26284,
            42.81975
          ],
          [
            -0.26297,
            42.81951
          ],
          [
            -0.26319,
            42.81929
          ],
          [
            -0.26329,
            42.81914
          ],
          [
            -0.26328,
            42.81903
          ],
          [
            -0.26333,
            42.81892
          ],
          [
            -0.26341,
            42.81884
          ],
          [
            -0.26366,
            42.81873
          ],
          [
            -0.26379,
            42.81873
          ],
          [
            -0.26389,
            42.81868
          ],
          [
            -0.26386,
            42.81862
          ],
          [
            -0.26393,
            42.81862
          ],
          [
            -0.26409,
            42.81866
          ],
          [
            -0.26426,
            42.81867
          ],
          [
            -0.26418,
            42.81857
          ],
          [
            -0.26412,
            42.81855
          ],
          [
            -0.26414,
            42.8185
          ],
          [
            -0.26419,
            42.81848
          ],
          [
            -0.26418,
            42.81843
          ],
          [
            -0.26408,
            42.81834
          ],
          [
            -0.26394,
            42.81825
          ],
          [
            -0.26403,
            42.81819
          ],
          [
            -0.26415,
            42.81815
          ],
          [
            -0.26412,
            42.81808
          ],
          [
            -0.26399,
            42.81803
          ],
          [
            -0.26396,
            42.81799
          ],
          [
            -0.26427,
            42.81801
          ],
          [
            -0.26454,
            42.81797
          ],
          [
            -0.26477,
            42.81802
          ],
          [
            -0.26474,
            42.81792
          ],
          [
            -0.26475,
            42.81784
          ],
          [
            -0.26456,
            42.81765
          ],
          [
            -0.26466,
            42.81766
          ],
          [
            -0.26461,
            42.81759
          ],
          [
            -0.26466,
            42.81752
          ],
          [
            -0.26494,
            42.81744
          ],
          [
            -0.26511,
            42.8173
          ],
          [
            -0.26516,
            42.81711
          ],
          [
            -0.2651,
            42.81691
          ],
          [
            -0.26513,
            42.81671
          ],
          [
            -0.26528,
            42.81656
          ],
          [
            -0.26552,
            42.8164
          ],
          [
            -0.26575,
            42.81631
          ],
          [
            -0.26621,
            42.81609
          ],
          [
            -0.26652,
            42.81579
          ],
          [
            -0.26709,
            42.81537
          ],
          [
            -0.2673,
            42.81523
          ],
          [
            -0.26759,
            42.81512
          ],
          [
            -0.26786,
            42.81498
          ],
          [
            -0.26857,
            42.81454
          ],
          [
            -0.26885,
            42.81445
          ],
          [
            -0.26918,
            42.81429
          ],
          [
            -0.26935,
            42.81416
          ],
          [
            -0.26962,
            42.81406
          ],
          [
            -0.26994,
            42.81399
          ],
          [
            -0.27024,
            42.81381
          ],
          [
            -0.27064,
            42.81375
          ],
          [
            -0.27103,
            42.81372
          ],
          [
            -0.27167,
            42.81375
          ],
          [
            -0.27196,
            42.81368
          ],
          [
            -0.2723,
            42.81377
          ],
          [
            -0.27251,
            42.81384
          ],
          [
            -0.27275,
            42.81389
          ],
          [
            -0.27315,
            42.81386
          ],
          [
            -0.27366,
            42.8139
          ],
          [
            -0.27381,
            42.8139
          ],
          [
            -0.27423,
            42.81399
          ],
          [
            -0.27476,
            42.81414
          ],
          [
            -0.27502,
            42.8142
          ],
          [
            -0.27524,
            42.81432
          ],
          [
            -0.27549,
            42.81441
          ],
          [
            -0.27567,
            42.81444
          ],
          [
            -0.27605,
            42.8144
          ],
          [
            -0.27639,
            42.81458
          ],
          [
            -0.27701,
            42.81437
          ],
          [
            -0.27744,
            42.81412
          ],
          [
            -0.27794,
            42.81408
          ],
          [
            -0.27813,
            42.81415
          ],
          [
            -0.27828,
            42.81423
          ],
          [
            -0.27832,
            42.81434
          ],
          [
            -0.27841,
            42.81448
          ],
          [
            -0.27852,
            42.81456
          ],
          [
            -0.27864,
            42.81462
          ],
          [
            -0.2789,
            42.81465
          ],
          [
            -0.27901,
            42.81461
          ],
          [
            -0.27913,
            42.81449
          ],
          [
            -0.27914,
            42.81435
          ],
          [
            -0.27921,
            42.81421
          ],
          [
            -0.27944,
            42.81418
          ],
          [
            -0.27954,
            42.81426
          ],
          [
            -0.27959,
            42.8144
          ],
          [
            -0.27965,
            42.81451
          ],
          [
            -0.27979,
            42.81462
          ],
          [
            -0.27996,
            42.81487
          ],
          [
            -0.28002,
            42.81492
          ],
          [
            -0.28052,
            42.81486
          ],
          [
            -0.28114,
            42.81486
          ],
          [
            -0.28158,
            42.815
          ],
          [
            -0.28198,
            42.81505
          ],
          [
            -0.28233,
            42.81526
          ],
          [
            -0.28289,
            42.81531
          ],
          [
            -0.28294,
            42.8154
          ],
          [
            -0.28296,
            42.81549
          ],
          [
            -0.28292,
            42.81569
          ],
          [
            -0.28318,
            42.81588
          ],
          [
            -0.28348,
            42.81586
          ],
          [
            -0.28359,
            42.81583
          ],
          [
            -0.2837,
            42.81588
          ],
          [
            -0.28371,
            42.81598
          ],
          [
            -0.28377,
            42.81601
          ],
          [
            -0.28389,
            42.81602
          ],
          [
            -0.28414,
            42.81612
          ],
          [
            -0.28456,
            42.81616
          ],
          [
            -0.28467,
            42.81615
          ],
          [
            -0.28494,
            42.81617
          ],
          [
            -0.28526,
            42.8163
          ],
          [
            -0.28543,
            42.8163
          ],
          [
            -0.28589,
            42.8165
          ],
          [
            -0.28587,
            42.81656
          ],
          [
            -0.28578,
            42.81671
          ],
          [
            -0.28591,
            42.81691
          ],
          [
            -0.28603,
            42.81695
          ],
          [
            -0.28606,
            42.81705
          ],
          [
            -0.28601,
            42.81722
          ],
          [
            -0.28594,
            42.81726
          ],
          [
            -0.2859,
            42.8173
          ],
          [
            -0.28594,
            42.81734
          ],
          [
            -0.2861,
            42.81736
          ],
          [
            -0.28655,
            42.81748
          ],
          [
            -0.28689,
            42.8176
          ],
          [
            -0.28731,
            42.81787
          ],
          [
            -0.28776,
            42.81802
          ],
          [
            -0.28792,
            42.81797
          ],
          [
            -0.28813,
            42.81797
          ],
          [
            -0.29019,
            42.81769
          ],
          [
            -0.29041,
            42.81772
          ],
          [
            -0.29102,
            42.81762
          ],
          [
            -0.29115,
            42.81761
          ],
          [
            -0.29139,
            42.81771
          ],
          [
            -0.29153,
            42.8177
          ],
          [
            -0.29183,
            42.81775
          ],
          [
            -0.29198,
            42.81774
          ],
          [
            -0.29251,
            42.81784
          ],
          [
            -0.29276,
            42.81784
          ],
          [
            -0.29314,
            42.81779
          ],
          [
            -0.29331,
            42.81774
          ],
          [
            -0.29358,
            42.8177
          ],
          [
            -0.29386,
            42.81774
          ],
          [
            -0.29438,
            42.81764
          ],
          [
            -0.2947,
            42.81761
          ],
          [
            -0.29463,
            42.81737
          ],
          [
            -0.29477,
            42.81732
          ],
          [
            -0.29499,
            42.81732
          ],
          [
            -0.29522,
            42.81729
          ],
          [
            -0.29582,
            42.81714
          ],
          [
            -0.29593,
            42.81719
          ],
          [
            -0.29606,
            42.8172
          ],
          [
            -0.29628,
            42.81733
          ],
          [
            -0.29652,
            42.81739
          ],
          [
            -0.29684,
            42.81744
          ],
          [
            -0.29705,
            42.81744
          ],
          [
            -0.29717,
            42.8174
          ],
          [
            -0.29733,
            42.81739
          ],
          [
            -0.29753,
            42.81739
          ],
          [
            -0.29792,
            42.81753
          ],
          [
            -0.29818,
            42.81753
          ],
          [
            -0.29853,
            42.81767
          ],
          [
            -0.29873,
            42.81779
          ],
          [
            -0.29917,
            42.81782
          ],
          [
            -0.29944,
            42.81788
          ],
          [
            -0.29949,
            42.81795
          ],
          [
            -0.29964,
            42.8179
          ],
          [
            -0.30075,
            42.81807
          ],
          [
            -0.30094,
            42.81817
          ],
          [
            -0.30105,
            42.81821
          ],
          [
            -0.30128,
            42.81819
          ],
          [
            -0.30148,
            42.81828
          ],
          [
            -0.30179,
            42.81827
          ],
          [
            -0.30208,
            42.81839
          ],
          [
            -0.30232,
            42.81843
          ],
          [
            -0.30262,
            42.81851
          ],
          [
            -0.30277,
            42.81852
          ],
          [
            -0.30308,
            42.81861
          ],
          [
            -0.30324,
            42.81875
          ],
          [
            -0.30319,
            42.81891
          ],
          [
            -0.30327,
            42.81901
          ],
          [
            -0.30346,
            42.81916
          ],
          [
            -0.30443,
            42.81963
          ],
          [
            -0.30481,
            42.81969
          ],
          [
            -0.30528,
            42.81983
          ],
          [
            -0.30545,
            42.81994
          ],
          [
            -0.30581,
            42.82
          ],
          [
            -0.30605,
            42.81997
          ],
          [
            -0.30633,
            42.81998
          ],
          [
            -0.30692,
            42.82006
          ],
          [
            -0.30714,
            42.82014
          ],
          [
            -0.30744,
            42.82009
          ],
          [
            -0.308,
            42.81991
          ],
          [
            -0.30851,
            42.81977
          ],
          [
            -0.30884,
            42.81975
          ],
          [
            -0.30936,
            42.81978
          ],
          [
            -0.30959,
            42.81982
          ],
          [
            -0.30978,
            42.81988
          ],
          [
            -0.31015,
            42.81996
          ],
          [
            -0.31034,
            42.81993
          ],
          [
            -0.31067,
            42.81996
          ],
          [
            -0.3111,
            42.82002
          ],
          [
            -0.31175,
            42.82005
          ],
          [
            -0.31218,
            42.82013
          ],
          [
            -0.3125,
            42.8201
          ],
          [
            -0.31286,
            42.82016
          ],
          [
            -0.31332,
            42.82011
          ],
          [
            -0.31385,
            42.8201
          ],
          [
            -0.31412,
            42.82011
          ],
          [
            -0.31429,
            42.82014
          ],
          [
            -0.31438,
            42.82011
          ],
          [
            -0.31445,
            42.82004
          ],
          [
            -0.31477,
            42.82005
          ],
          [
            -0.31501,
            42.82009
          ],
          [
            -0.31524,
            42.8202
          ],
          [
            -0.31539,
            42.82023
          ],
          [
            -0.31564,
            42.82025
          ],
          [
            -0.31592,
            42.8203
          ],
          [
            -0.31692,
            42.82032
          ],
          [
            -0.31717,
            42.82024
          ],
          [
            -0.31742,
            42.82019
          ],
          [
            -0.31776,
            42.82019
          ],
          [
            -0.31819,
            42.82011
          ],
          [
            -0.31832,
            42.82018
          ],
          [
            -0.3185,
            42.8202
          ],
          [
            -0.31879,
            42.82015
          ],
          [
            -0.31925,
            42.82014
          ],
          [
            -0.31937,
            42.82022
          ],
          [
            -0.31938,
            42.82035
          ],
          [
            -0.31947,
            42.82052
          ],
          [
            -0.31944,
            42.82067
          ],
          [
            -0.3196,
            42.82076
          ],
          [
            -0.31983,
            42.82081
          ],
          [
            -0.31997,
            42.82092
          ],
          [
            -0.32005,
            42.82104
          ],
          [
            -0.32037,
            42.82137
          ],
          [
            -0.32056,
            42.82139
          ],
          [
            -0.32075,
            42.82144
          ],
          [
            -0.321,
            42.82147
          ],
          [
            -0.32122,
            42.82146
          ],
          [
            -0.32157,
            42.82134
          ],
          [
            -0.32176,
            42.82119
          ],
          [
            -0.32211,
            42.82105
          ],
          [
            -0.3223,
            42.82104
          ],
          [
            -0.32287,
            42.82096
          ],
          [
            -0.32385,
            42.82121
          ],
          [
            -0.32433,
            42.82152
          ],
          [
            -0.32451,
            42.82191
          ],
          [
            -0.32486,
            42.82218
          ],
          [
            -0.32503,
            42.82229
          ],
          [
            -0.32551,
            42.82245
          ],
          [
            -0.32578,
            42.82252
          ],
          [
            -0.32589,
            42.8226
          ],
          [
            -0.32594,
            42.82276
          ],
          [
            -0.32611,
            42.82281
          ],
          [
            -0.32641,
            42.82282
          ],
          [
            -0.32682,
            42.82274
          ],
          [
            -0.32696,
            42.82262
          ],
          [
            -0.32714,
            42.82263
          ],
          [
            -0.32738,
            42.82267
          ],
          [
            -0.32775,
            42.82263
          ],
          [
            -0.32787,
            42.82252
          ],
          [
            -0.32827,
            42.82228
          ],
          [
            -0.32873,
            42.82214
          ],
          [
            -0.32906,
            42.8221
          ],
          [
            -0.32969,
            42.82211
          ],
          [
            -0.33022,
            42.82192
          ],
          [
            -0.3308,
            42.8216
          ],
          [
            -0.33179,
            42.82119
          ],
          [
            -0.33214,
            42.82094
          ],
          [
            -0.33257,
            42.82081
          ],
          [
            -0.33291,
            42.82064
          ],
          [
            -0.333,
            42.82051
          ],
          [
            -0.33373,
            42.82009
          ],
          [
            -0.33384,
            42.81996
          ],
          [
            -0.3346,
            42.81952
          ],
          [
            -0.33484,
            42.81941
          ],
          [
            -0.33524,
            42.81928
          ],
          [
            -0.33535,
            42.81914
          ],
          [
            -0.33551,
            42.81904
          ],
          [
            -0.33568,
            42.81904
          ],
          [
            -0.33592,
            42.81884
          ],
          [
            -0.33614,
            42.8186
          ],
          [
            -0.33623,
            42.81833
          ],
          [
            -0.33661,
            42.81768
          ],
          [
            -0.33676,
            42.81754
          ],
          [
            -0.33682,
            42.81747
          ],
          [
            -0.33712,
            42.81733
          ],
          [
            -0.33742,
            42.8171
          ],
          [
            -0.33749,
            42.81688
          ],
          [
            -0.33781,
            42.81657
          ],
          [
            -0.33785,
            42.81647
          ],
          [
            -0.33769,
            42.81618
          ],
          [
            -0.33749,
            42.81595
          ],
          [
            -0.33743,
            42.81566
          ],
          [
            -0.3375,
            42.81552
          ],
          [
            -0.3374,
            42.81536
          ],
          [
            -0.33746,
            42.81494
          ],
          [
            -0.33759,
            42.81485
          ],
          [
            -0.33765,
            42.81469
          ],
          [
            -0.33768,
            42.81436
          ],
          [
            -0.33751,
            42.81391
          ],
          [
            -0.33773,
            42.81332
          ],
          [
            -0.3378,
            42.81303
          ],
          [
            -0.33781,
            42.81286
          ],
          [
            -0.33818,
            42.81232
          ],
          [
            -0.33825,
            42.81191
          ],
          [
            -0.33839,
            42.81174
          ],
          [
            -0.33846,
            42.81157
          ],
          [
            -0.33847,
            42.81143
          ],
          [
            -0.33856,
            42.81136
          ],
          [
            -0.33871,
            42.81113
          ],
          [
            -0.33871,
            42.81052
          ],
          [
            -0.33915,
            42.80988
          ],
          [
            -0.33918,
            42.80936
          ],
          [
            -0.33911,
            42.80921
          ],
          [
            -0.33905,
            42.80905
          ],
          [
            -0.33907,
            42.80861
          ],
          [
            -0.33915,
            42.80851
          ],
          [
            -0.33931,
            42.80817
          ],
          [
            -0.33924,
            42.80808
          ],
          [
            -0.33913,
            42.80804
          ],
          [
            -0.33902,
            42.80804
          ],
          [
            -0.33896,
            42.80801
          ],
          [
            -0.33894,
            42.80796
          ],
          [
            -0.33899,
            42.80789
          ],
          [
            -0.33924,
            42.8078
          ],
          [
            -0.33933,
            42.80769
          ],
          [
            -0.33927,
            42.8076
          ],
          [
            -0.33903,
            42.8075
          ],
          [
            -0.33902,
            42.80731
          ],
          [
            -0.33889,
            42.80711
          ],
          [
            -0.3387,
            42.80705
          ],
          [
            -0.33858,
            42.80696
          ],
          [
            -0.33855,
            42.80688
          ],
          [
            -0.33865,
            42.80664
          ],
          [
            -0.3385,
            42.80631
          ],
          [
            -0.33842,
            42.80621
          ],
          [
            -0.33819,
            42.80608
          ],
          [
            -0.33803,
            42.80611
          ],
          [
            -0.33777,
            42.80588
          ],
          [
            -0.33751,
            42.80568
          ],
          [
            -0.33744,
            42.80549
          ],
          [
            -0.3371,
            42.80512
          ],
          [
            -0.33688,
            42.80494
          ],
          [
            -0.33648,
            42.80465
          ],
          [
            -0.33642,
            42.8043
          ],
          [
            -0.3363,
            42.80412
          ],
          [
            -0.33628,
            42.80371
          ],
          [
            -0.33626,
            42.80356
          ],
          [
            -0.33634,
            42.80326
          ],
          [
            -0.33616,
            42.80293
          ],
          [
            -0.33596,
            42.80283
          ],
          [
            -0.3358,
            42.80264
          ],
          [
            -0.33556,
            42.80221
          ],
          [
            -0.33526,
            42.8019
          ],
          [
            -0.33507,
            42.80164
          ],
          [
            -0.33506,
            42.80157
          ],
          [
            -0.33514,
            42.80153
          ],
          [
            -0.33528,
            42.80154
          ],
          [
            -0.33558,
            42.80115
          ],
          [
            -0.33566,
            42.801
          ],
          [
            -0.3356,
            42.8009
          ],
          [
            -0.33547,
            42.80082
          ],
          [
            -0.3354,
            42.80057
          ],
          [
            -0.33517,
            42.80012
          ],
          [
            -0.33488,
            42.79995
          ],
          [
            -0.33474,
            42.79989
          ],
          [
            -0.33463,
            42.7997
          ],
          [
            -0.33446,
            42.79951
          ],
          [
            -0.33438,
            42.79938
          ],
          [
            -0.33408,
            42.79911
          ],
          [
            -0.33366,
            42.79882
          ],
          [
            -0.33361,
            42.7985
          ],
          [
            -0.33363,
            42.7984
          ],
          [
            -0.33354,
            42.79814
          ],
          [
            -0.33354,
            42.79794
          ],
          [
            -0.33325,
            42.79751
          ],
          [
            -0.3331,
            42.79733
          ],
          [
            -0.33288,
            42.79713
          ],
          [
            -0.33232,
            42.79671
          ],
          [
            -0.3323,
            42.79662
          ],
          [
            -0.33219,
            42.7965
          ],
          [
            -0.33238,
            42.79616
          ],
          [
            -0.33232,
            42.79609
          ],
          [
            -0.33224,
            42.79601
          ],
          [
            -0.33217,
            42.79581
          ],
          [
            -0.33208,
            42.79565
          ],
          [
            -0.33133,
            42.79465
          ],
          [
            -0.33109,
            42.79423
          ],
          [
            -0.3309,
            42.79402
          ],
          [
            -0.33029,
            42.79345
          ],
          [
            -0.3301,
            42.7932
          ],
          [
            -0.32976,
            42.79282
          ],
          [
            -0.32955,
            42.79242
          ],
          [
            -0.32938,
            42.79222
          ],
          [
            -0.32919,
            42.79192
          ],
          [
            -0.32913,
            42.79177
          ],
          [
            -0.32903,
            42.79163
          ],
          [
            -0.329,
            42.79136
          ],
          [
            -0.32873,
            42.79098
          ],
          [
            -0.32856,
            42.7908
          ],
          [
            -0.32841,
            42.7906
          ],
          [
            -0.32822,
            42.79042
          ],
          [
            -0.32799,
            42.79029
          ],
          [
            -0.32785,
            42.7902
          ],
          [
            -0.32777,
            42.79005
          ],
          [
            -0.32777,
            42.78993
          ],
          [
            -0.32782,
            42.78978
          ],
          [
            -0.3278,
            42.7897
          ],
          [
            -0.32773,
            42.7897
          ],
          [
            -0.32764,
            42.78955
          ],
          [
            -0.32732,
            42.78902
          ],
          [
            -0.32728,
            42.7889
          ],
          [
            -0.32726,
            42.78874
          ],
          [
            -0.32728,
            42.78845
          ],
          [
            -0.32716,
            42.78765
          ],
          [
            -0.32711,
            42.78723
          ],
          [
            -0.32715,
            42.78683
          ],
          [
            -0.32735,
            42.78654
          ],
          [
            -0.32771,
            42.78609
          ],
          [
            -0.32795,
            42.78582
          ],
          [
            -0.328,
            42.78571
          ],
          [
            -0.32784,
            42.78528
          ],
          [
            -0.32763,
            42.78497
          ],
          [
            -0.3271,
            42.78437
          ],
          [
            -0.32698,
            42.78418
          ],
          [
            -0.32695,
            42.78406
          ],
          [
            -0.3267,
            42.78385
          ],
          [
            -0.32698,
            42.78363
          ],
          [
            -0.32725,
            42.78361
          ],
          [
            -0.32704,
            42.78328
          ],
          [
            -0.32726,
            42.78301
          ],
          [
            -0.32745,
            42.78304
          ],
          [
            -0.32767,
            42.7829
          ],
          [
            -0.32825,
            42.78286
          ],
          [
            -0.32827,
            42.78268
          ],
          [
            -0.32842,
            42.78263
          ],
          [
            -0.32843,
            42.78248
          ],
          [
            -0.32911,
            42.78228
          ],
          [
            -0.32914,
            42.78214
          ],
          [
            -0.32873,
            42.78198
          ],
          [
            -0.32887,
            42.78191
          ],
          [
            -0.32918,
            42.78157
          ],
          [
            -0.32923,
            42.78144
          ],
          [
            -0.32932,
            42.78131
          ],
          [
            -0.32955,
            42.78128
          ],
          [
            -0.32965,
            42.78117
          ],
          [
            -0.32962,
            42.78091
          ],
          [
            -0.32958,
            42.7808
          ],
          [
            -0.32964,
            42.78071
          ],
          [
            -0.33002,
            42.78054
          ],
          [
            -0.33013,
            42.78034
          ],
          [
            -0.33012,
            42.78021
          ],
          [
            -0.33008,
            42.78012
          ],
          [
            -0.32988,
            42.77986
          ],
          [
            -0.32954,
            42.77966
          ],
          [
            -0.32879,
            42.77939
          ],
          [
            -0.32846,
            42.77911
          ],
          [
            -0.32808,
            42.7787
          ],
          [
            -0.32763,
            42.77858
          ],
          [
            -0.32737,
            42.77854
          ],
          [
            -0.32715,
            42.77848
          ],
          [
            -0.3271,
            42.77838
          ],
          [
            -0.32712,
            42.77831
          ],
          [
            -0.32761,
            42.77781
          ],
          [
            -0.32765,
            42.7777
          ],
          [
            -0.32757,
            42.77739
          ],
          [
            -0.32763,
            42.77717
          ],
          [
            -0.32764,
            42.77696
          ],
          [
            -0.32757,
            42.77678
          ],
          [
            -0.32756,
            42.77654
          ],
          [
            -0.32763,
            42.77629
          ],
          [
            -0.3279,
            42.77578
          ],
          [
            -0.32798,
            42.77541
          ],
          [
            -0.32815,
            42.77508
          ],
          [
            -0.32825,
            42.77494
          ],
          [
            -0.32864,
            42.77463
          ],
          [
            -0.32886,
            42.77431
          ],
          [
            -0.32888,
            42.77405
          ],
          [
            -0.32917,
            42.77374
          ],
          [
            -0.32966,
            42.7737
          ],
          [
            -0.32985,
            42.77361
          ],
          [
            -0.32982,
            42.77348
          ],
          [
            -0.33051,
            42.77245
          ],
          [
            -0.33112,
            42.77216
          ],
          [
            -0.33137,
            42.77208
          ],
          [
            -0.33146,
            42.77202
          ],
          [
            -0.33142,
            42.77136
          ],
          [
            -0.3316,
            42.77129
          ],
          [
            -0.33199,
            42.77098
          ],
          [
            -0.33241,
            42.77063
          ],
          [
            -0.33261,
            42.77043
          ],
          [
            -0.33277,
            42.77026
          ],
          [
            -0.33288,
            42.77009
          ],
          [
            -0.33288,
            42.76987
          ],
          [
            -0.33276,
            42.7697
          ],
          [
            -0.3325,
            42.76956
          ],
          [
            -0.3323,
            42.76942
          ],
          [
            -0.33211,
            42.76926
          ],
          [
            -0.33163,
            42.76902
          ],
          [
            -0.3314,
            42.76893
          ],
          [
            -0.33118,
            42.76882
          ],
          [
            -0.33096,
            42.76867
          ],
          [
            -0.33048,
            42.7685
          ],
          [
            -0.33024,
            42.76838
          ],
          [
            -0.33004,
            42.76833
          ],
          [
            -0.32925,
            42.76838
          ],
          [
            -0.32848,
            42.76814
          ],
          [
            -0.32796,
            42.76801
          ],
          [
            -0.32771,
            42.76796
          ],
          [
            -0.3272,
            42.76792
          ],
          [
            -0.32668,
            42.76783
          ],
          [
            -0.32645,
            42.76777
          ],
          [
            -0.32598,
            42.76758
          ],
          [
            -0.32571,
            42.76751
          ],
          [
            -0.32548,
            42.76741
          ],
          [
            -0.32524,
            42.76733
          ],
          [
            -0.32498,
            42.76721
          ],
          [
            -0.32475,
            42.76706
          ],
          [
            -0.32424,
            42.7668
          ],
          [
            -0.32402,
            42.76666
          ],
          [
            -0.32383,
            42.76649
          ],
          [
            -0.32358,
            42.76611
          ],
          [
            -0.32331,
            42.76576
          ],
          [
            -0.32321,
            42.76557
          ],
          [
            -0.32315,
            42.76518
          ],
          [
            -0.32308,
            42.76499
          ],
          [
            -0.32305,
            42.76479
          ],
          [
            -0.32295,
            42.76451
          ],
          [
            -0.32292,
            42.76427
          ],
          [
            -0.32285,
            42.76407
          ],
          [
            -0.32266,
            42.76371
          ],
          [
            -0.32252,
            42.76354
          ],
          [
            -0.3223,
            42.76342
          ],
          [
            -0.32206,
            42.76333
          ],
          [
            -0.32197,
            42.76323
          ],
          [
            -0.32194,
            42.76294
          ],
          [
            -0.3219,
            42.76275
          ],
          [
            -0.32179,
            42.76259
          ],
          [
            -0.32141,
            42.7623
          ],
          [
            -0.32105,
            42.76196
          ],
          [
            -0.32088,
            42.76177
          ],
          [
            -0.32072,
            42.76162
          ],
          [
            -0.32049,
            42.7615
          ],
          [
            -0.32021,
            42.76141
          ],
          [
            -0.31976,
            42.76121
          ],
          [
            -0.31959,
            42.76111
          ],
          [
            -0.31941,
            42.76096
          ],
          [
            -0.31918,
            42.76083
          ],
          [
            -0.31845,
            42.76049
          ],
          [
            -0.31821,
            42.76035
          ],
          [
            -0.31774,
            42.76012
          ],
          [
            -0.31753,
            42.75999
          ],
          [
            -0.31728,
            42.75988
          ],
          [
            -0.31712,
            42.75973
          ],
          [
            -0.31697,
            42.75956
          ],
          [
            -0.31636,
            42.75909
          ],
          [
            -0.3159,
            42.75863
          ],
          [
            -0.31547,
            42.75828
          ],
          [
            -0.31535,
            42.7581
          ],
          [
            -0.31528,
            42.75791
          ],
          [
            -0.31524,
            42.75772
          ],
          [
            -0.31518,
            42.75754
          ],
          [
            -0.31498,
            42.75743
          ],
          [
            -0.31479,
            42.75742
          ],
          [
            -0.31425,
            42.75744
          ],
          [
            -0.31399,
            42.75742
          ],
          [
            -0.3135,
            42.75742
          ],
          [
            -0.31341,
            42.7574
          ],
          [
            -0.31336,
            42.75734
          ],
          [
            -0.31338,
            42.75725
          ],
          [
            -0.31348,
            42.75716
          ],
          [
            -0.31364,
            42.75705
          ],
          [
            -0.31386,
            42.75679
          ],
          [
            -0.31389,
            42.7567
          ],
          [
            -0.3139,
            42.75663
          ],
          [
            -0.31389,
            42.75644
          ],
          [
            -0.31371,
            42.75607
          ],
          [
            -0.3136,
            42.75572
          ],
          [
            -0.31351,
            42.75555
          ],
          [
            -0.3134,
            42.75539
          ],
          [
            -0.31322,
            42.75525
          ],
          [
            -0.313,
            42.75511
          ],
          [
            -0.31285,
            42.75498
          ],
          [
            -0.31271,
            42.75481
          ],
          [
            -0.31259,
            42.75463
          ],
          [
            -0.31246,
            42.75445
          ],
          [
            -0.31229,
            42.75428
          ],
          [
            -0.31214,
            42.75416
          ],
          [
            -0.31142,
            42.75374
          ],
          [
            -0.31124,
            42.75358
          ],
          [
            -0.31098,
            42.75318
          ],
          [
            -0.31082,
            42.75301
          ],
          [
            -0.31012,
            42.7524
          ],
          [
            -0.30997,
            42.75222
          ],
          [
            -0.30981,
            42.75181
          ],
          [
            -0.30962,
            42.75145
          ],
          [
            -0.30938,
            42.75064
          ],
          [
            -0.30928,
            42.75049
          ],
          [
            -0.30891,
            42.75013
          ],
          [
            -0.30874,
            42.74992
          ],
          [
            -0.30855,
            42.74957
          ],
          [
            -0.30852,
            42.74939
          ],
          [
            -0.30844,
            42.74922
          ],
          [
            -0.3084,
            42.749
          ],
          [
            -0.30856,
            42.74859
          ],
          [
            -0.3086,
            42.7484
          ],
          [
            -0.30861,
            42.7482
          ],
          [
            -0.3086,
            42.74809
          ],
          [
            -0.30856,
            42.74796
          ],
          [
            -0.30817,
            42.74772
          ],
          [
            -0.3079,
            42.74747
          ],
          [
            -0.30773,
            42.74709
          ],
          [
            -0.3077,
            42.74687
          ],
          [
            -0.30778,
            42.74667
          ],
          [
            -0.30776,
            42.74645
          ],
          [
            -0.30767,
            42.74629
          ],
          [
            -0.30752,
            42.74613
          ],
          [
            -0.30728,
            42.74599
          ],
          [
            -0.30704,
            42.74589
          ],
          [
            -0.30685,
            42.74573
          ],
          [
            -0.3064,
            42.74523
          ],
          [
            -0.3063,
            42.74506
          ],
          [
            -0.30628,
            42.74484
          ],
          [
            -0.30618,
            42.74456
          ],
          [
            -0.30612,
            42.74431
          ],
          [
            -0.30614,
            42.7441
          ],
          [
            -0.30628,
            42.74378
          ],
          [
            -0.30626,
            42.74363
          ],
          [
            -0.30616,
            42.74348
          ],
          [
            -0.3061,
            42.74335
          ],
          [
            -0.30614,
            42.74323
          ],
          [
            -0.30632,
            42.74312
          ],
          [
            -0.30645,
            42.74283
          ],
          [
            -0.30644,
            42.74266
          ],
          [
            -0.30636,
            42.74231
          ],
          [
            -0.30648,
            42.74209
          ],
          [
            -0.30666,
            42.74197
          ],
          [
            -0.30687,
            42.74194
          ],
          [
            -0.30719,
            42.74195
          ],
          [
            -0.30781,
            42.74208
          ],
          [
            -0.3081,
            42.74211
          ],
          [
            -0.30838,
            42.74204
          ],
          [
            -0.30857,
            42.7419
          ],
          [
            -0.30877,
            42.74171
          ],
          [
            -0.30946,
            42.74149
          ],
          [
            -0.30976,
            42.74138
          ],
          [
            -0.3102,
            42.74112
          ],
          [
            -0.31035,
            42.74098
          ],
          [
            -0.31043,
            42.74079
          ],
          [
            -0.31046,
            42.74061
          ],
          [
            -0.31041,
            42.74042
          ],
          [
            -0.31023,
            42.74008
          ],
          [
            -0.30968,
            42.73967
          ],
          [
            -0.30947,
            42.73941
          ],
          [
            -0.30912,
            42.73905
          ],
          [
            -0.30852,
            42.73834
          ],
          [
            -0.30826,
            42.73795
          ],
          [
            -0.30819,
            42.7377
          ],
          [
            -0.30819,
            42.73743
          ],
          [
            -0.30792,
            42.73707
          ],
          [
            -0.30776,
            42.73669
          ],
          [
            -0.30768,
            42.73647
          ],
          [
            -0.30763,
            42.73625
          ],
          [
            -0.30751,
            42.73608
          ],
          [
            -0.30738,
            42.73595
          ],
          [
            -0.30731,
            42.73583
          ],
          [
            -0.30729,
            42.73541
          ],
          [
            -0.30731,
            42.73528
          ],
          [
            -0.30738,
            42.73513
          ],
          [
            -0.30758,
            42.73489
          ],
          [
            -0.3079,
            42.73464
          ],
          [
            -0.30802,
            42.73443
          ],
          [
            -0.30812,
            42.73421
          ],
          [
            -0.30808,
            42.7341
          ],
          [
            -0.308,
            42.73401
          ],
          [
            -0.30773,
            42.73395
          ],
          [
            -0.30749,
            42.73386
          ],
          [
            -0.30728,
            42.73373
          ],
          [
            -0.30718,
            42.7336
          ],
          [
            -0.30711,
            42.73339
          ],
          [
            -0.30701,
            42.73325
          ],
          [
            -0.30655,
            42.7331
          ],
          [
            -0.30599,
            42.73305
          ],
          [
            -0.30585,
            42.73311
          ],
          [
            -0.30516,
            42.73313
          ],
          [
            -0.30486,
            42.73301
          ],
          [
            -0.30462,
            42.73287
          ],
          [
            -0.30429,
            42.73272
          ],
          [
            -0.30367,
            42.73255
          ],
          [
            -0.30318,
            42.73234
          ],
          [
            -0.30267,
            42.73216
          ],
          [
            -0.30243,
            42.73205
          ],
          [
            -0.30217,
            42.73196
          ],
          [
            -0.30192,
            42.73185
          ],
          [
            -0.30081,
            42.73155
          ],
          [
            -0.30033,
            42.73137
          ],
          [
            -0.30005,
            42.73129
          ],
          [
            -0.29957,
            42.73106
          ],
          [
            -0.29908,
            42.73091
          ],
          [
            -0.29904,
            42.7308
          ],
          [
            -0.29911,
            42.73075
          ],
          [
            -0.29921,
            42.73063
          ],
          [
            -0.29911,
            42.73047
          ],
          [
            -0.29918,
            42.73041
          ],
          [
            -0.29937,
            42.73038
          ],
          [
            -0.29967,
            42.73047
          ],
          [
            -0.29966,
            42.73037
          ],
          [
            -0.29951,
            42.73023
          ],
          [
            -0.29938,
            42.73015
          ],
          [
            -0.29922,
            42.72993
          ],
          [
            -0.29907,
            42.72983
          ],
          [
            -0.2989,
            42.72977
          ],
          [
            -0.29879,
            42.7297
          ],
          [
            -0.29875,
            42.72963
          ],
          [
            -0.2988,
            42.72948
          ],
          [
            -0.29897,
            42.72915
          ],
          [
            -0.29899,
            42.72893
          ],
          [
            -0.29896,
            42.72883
          ],
          [
            -0.29899,
            42.72868
          ],
          [
            -0.29896,
            42.72854
          ],
          [
            -0.29894,
            42.72831
          ],
          [
            -0.29888,
            42.7281
          ],
          [
            -0.29884,
            42.72792
          ],
          [
            -0.29885,
            42.72754
          ],
          [
            -0.29879,
            42.72743
          ],
          [
            -0.29868,
            42.72737
          ],
          [
            -0.29875,
            42.72712
          ],
          [
            -0.29864,
            42.72702
          ],
          [
            -0.29848,
            42.72695
          ],
          [
            -0.29839,
            42.72688
          ],
          [
            -0.29848,
            42.72646
          ],
          [
            -0.29862,
            42.72629
          ],
          [
            -0.29868,
            42.72609
          ],
          [
            -0.29871,
            42.72589
          ],
          [
            -0.2987,
            42.7257
          ],
          [
            -0.29847,
            42.72527
          ],
          [
            -0.29839,
            42.72504
          ],
          [
            -0.29827,
            42.72491
          ],
          [
            -0.29818,
            42.72473
          ],
          [
            -0.29772,
            42.72406
          ],
          [
            -0.29738,
            42.72369
          ],
          [
            -0.29697,
            42.7232
          ],
          [
            -0.29669,
            42.72292
          ],
          [
            -0.29652,
            42.72281
          ],
          [
            -0.29628,
            42.72269
          ],
          [
            -0.2958,
            42.72254
          ],
          [
            -0.29551,
            42.72249
          ],
          [
            -0.29518,
            42.72248
          ],
          [
            -0.29491,
            42.72251
          ],
          [
            -0.29458,
            42.72258
          ],
          [
            -0.29443,
            42.72264
          ],
          [
            -0.29417,
            42.72271
          ],
          [
            -0.29395,
            42.72281
          ],
          [
            -0.29377,
            42.72295
          ],
          [
            -0.29312,
            42.72333
          ],
          [
            -0.29236,
            42.72372
          ],
          [
            -0.29215,
            42.72384
          ],
          [
            -0.29191,
            42.72396
          ],
          [
            -0.29165,
            42.72407
          ],
          [
            -0.29144,
            42.72419
          ],
          [
            -0.29062,
            42.72448
          ],
          [
            -0.29036,
            42.72449
          ],
          [
            -0.28984,
            42.72435
          ],
          [
            -0.28958,
            42.72433
          ],
          [
            -0.28879,
            42.72447
          ],
          [
            -0.28853,
            42.72441
          ],
          [
            -0.28793,
            42.72407
          ],
          [
            -0.28769,
            42.72399
          ],
          [
            -0.28733,
            42.72393
          ],
          [
            -0.2866,
            42.72385
          ],
          [
            -0.28626,
            42.72383
          ],
          [
            -0.28576,
            42.72381
          ],
          [
            -0.28541,
            42.72376
          ],
          [
            -0.28491,
            42.72361
          ],
          [
            -0.28438,
            42.72368
          ],
          [
            -0.28431,
            42.7236
          ],
          [
            -0.28406,
            42.72342
          ],
          [
            -0.28372,
            42.72323
          ],
          [
            -0.28338,
            42.72293
          ],
          [
            -0.28316,
            42.72277
          ],
          [
            -0.28292,
            42.72264
          ],
          [
            -0.28271,
            42.72248
          ],
          [
            -0.28233,
            42.7223
          ],
          [
            -0.28208,
            42.72223
          ],
          [
            -0.28197,
            42.72227
          ],
          [
            -0.28195,
            42.72216
          ],
          [
            -0.28178,
            42.72183
          ],
          [
            -0.28168,
            42.7217
          ],
          [
            -0.28162,
            42.72149
          ],
          [
            -0.28127,
            42.72138
          ],
          [
            -0.28123,
            42.72113
          ],
          [
            -0.28174,
            42.721
          ],
          [
            -0.28206,
            42.72084
          ],
          [
            -0.28167,
            42.72075
          ],
          [
            -0.28163,
            42.72068
          ],
          [
            -0.28263,
            42.72024
          ],
          [
            -0.28271,
            42.72014
          ],
          [
            -0.28278,
            42.71978
          ],
          [
            -0.28275,
            42.71957
          ],
          [
            -0.28311,
            42.71946
          ],
          [
            -0.28319,
            42.71939
          ],
          [
            -0.28336,
            42.71934
          ],
          [
            -0.28344,
            42.71925
          ],
          [
            -0.28346,
            42.71911
          ],
          [
            -0.28368,
            42.719
          ],
          [
            -0.28379,
            42.71891
          ],
          [
            -0.28401,
            42.71884
          ],
          [
            -0.28415,
            42.7186
          ],
          [
            -0.28434,
            42.71849
          ],
          [
            -0.28448,
            42.71837
          ],
          [
            -0.28462,
            42.71822
          ],
          [
            -0.28467,
            42.71812
          ],
          [
            -0.28487,
            42.71792
          ],
          [
            -0.28493,
            42.71779
          ],
          [
            -0.28508,
            42.71763
          ],
          [
            -0.28527,
            42.7175
          ],
          [
            -0.28548,
            42.71737
          ],
          [
            -0.2859,
            42.71696
          ],
          [
            -0.28595,
            42.71658
          ],
          [
            -0.28607,
            42.71643
          ],
          [
            -0.28617,
            42.71632
          ],
          [
            -0.28627,
            42.71607
          ],
          [
            -0.28648,
            42.71601
          ],
          [
            -0.28699,
            42.71582
          ],
          [
            -0.28712,
            42.71566
          ],
          [
            -0.28727,
            42.71528
          ],
          [
            -0.28734,
            42.71494
          ],
          [
            -0.28742,
            42.71447
          ],
          [
            -0.28747,
            42.7143
          ],
          [
            -0.28761,
            42.71394
          ],
          [
            -0.28765,
            42.71359
          ],
          [
            -0.28758,
            42.71314
          ],
          [
            -0.28775,
            42.71289
          ],
          [
            -0.28785,
            42.71266
          ],
          [
            -0.28764,
            42.71224
          ],
          [
            -0.28746,
            42.71214
          ],
          [
            -0.28746,
            42.71191
          ],
          [
            -0.28761,
            42.71181
          ],
          [
            -0.28778,
            42.71178
          ],
          [
            -0.28851,
            42.71191
          ],
          [
            -0.28833,
            42.71176
          ],
          [
            -0.28833,
            42.71162
          ],
          [
            -0.28816,
            42.71154
          ],
          [
            -0.288,
            42.71137
          ],
          [
            -0.28799,
            42.71123
          ],
          [
            -0.28821,
            42.71116
          ],
          [
            -0.28825,
            42.71109
          ],
          [
            -0.28844,
            42.71097
          ],
          [
            -0.28906,
            42.71073
          ],
          [
            -0.2892,
            42.71063
          ],
          [
            -0.28939,
            42.71055
          ],
          [
            -0.28958,
            42.71042
          ],
          [
            -0.28978,
            42.71036
          ],
          [
            -0.28999,
            42.71015
          ],
          [
            -0.29013,
            42.71007
          ],
          [
            -0.29025,
            42.70995
          ],
          [
            -0.29038,
            42.70989
          ],
          [
            -0.29058,
            42.70986
          ],
          [
            -0.29068,
            42.70979
          ],
          [
            -0.2909,
            42.70952
          ],
          [
            -0.29108,
            42.70949
          ],
          [
            -0.29131,
            42.70956
          ],
          [
            -0.29145,
            42.70957
          ],
          [
            -0.29162,
            42.70961
          ],
          [
            -0.29174,
            42.70956
          ],
          [
            -0.29195,
            42.70953
          ],
          [
            -0.29228,
            42.70943
          ],
          [
            -0.29247,
            42.70931
          ],
          [
            -0.29295,
            42.70915
          ],
          [
            -0.29322,
            42.70908
          ],
          [
            -0.29355,
            42.70875
          ],
          [
            -0.29388,
            42.70854
          ],
          [
            -0.29407,
            42.70845
          ],
          [
            -0.29431,
            42.70837
          ],
          [
            -0.29443,
            42.70831
          ],
          [
            -0.29457,
            42.70817
          ],
          [
            -0.29484,
            42.70794
          ],
          [
            -0.2949,
            42.70783
          ],
          [
            -0.29505,
            42.7077
          ],
          [
            -0.29521,
            42.70765
          ],
          [
            -0.29543,
            42.70746
          ],
          [
            -0.29555,
            42.70732
          ],
          [
            -0.29559,
            42.70698
          ],
          [
            -0.29569,
            42.70678
          ],
          [
            -0.29587,
            42.70672
          ],
          [
            -0.2967,
            42.70603
          ],
          [
            -0.29677,
            42.70588
          ],
          [
            -0.29714,
            42.70556
          ],
          [
            -0.29723,
            42.70537
          ],
          [
            -0.29738,
            42.70517
          ],
          [
            -0.29746,
            42.70498
          ],
          [
            -0.29768,
            42.70484
          ],
          [
            -0.29781,
            42.70471
          ],
          [
            -0.29795,
            42.70461
          ],
          [
            -0.29808,
            42.70448
          ],
          [
            -0.29809,
            42.70435
          ],
          [
            -0.29813,
            42.70417
          ],
          [
            -0.29826,
            42.70396
          ],
          [
            -0.29834,
            42.70373
          ],
          [
            -0.2984,
            42.70337
          ],
          [
            -0.29834,
            42.70324
          ],
          [
            -0.29824,
            42.70313
          ],
          [
            -0.29816,
            42.70299
          ],
          [
            -0.29805,
            42.70263
          ],
          [
            -0.29804,
            42.70221
          ],
          [
            -0.29809,
            42.70207
          ],
          [
            -0.29816,
            42.70196
          ],
          [
            -0.29826,
            42.70171
          ],
          [
            -0.2983,
            42.70155
          ],
          [
            -0.29845,
            42.70129
          ],
          [
            -0.29846,
            42.70111
          ],
          [
            -0.29841,
            42.70094
          ],
          [
            -0.29827,
            42.70076
          ],
          [
            -0.29817,
            42.70037
          ],
          [
            -0.29814,
            42.70011
          ],
          [
            -0.2982,
            42.6999
          ],
          [
            -0.29815,
            42.69968
          ],
          [
            -0.29808,
            42.69951
          ],
          [
            -0.29788,
            42.6993
          ],
          [
            -0.29781,
            42.69896
          ],
          [
            -0.29758,
            42.69875
          ],
          [
            -0.29743,
            42.69857
          ],
          [
            -0.29725,
            42.69849
          ],
          [
            -0.29725,
            42.6984
          ],
          [
            -0.2974,
            42.69826
          ],
          [
            -0.2975,
            42.6982
          ],
          [
            -0.29791,
            42.69809
          ],
          [
            -0.29808,
            42.698
          ],
          [
            -0.29819,
            42.6979
          ],
          [
            -0.29832,
            42.69758
          ],
          [
            -0.2983,
            42.69748
          ],
          [
            -0.29819,
            42.69743
          ],
          [
            -0.29808,
            42.69742
          ],
          [
            -0.29799,
            42.69738
          ],
          [
            -0.29798,
            42.69734
          ],
          [
            -0.29802,
            42.69728
          ],
          [
            -0.29821,
            42.69727
          ],
          [
            -0.29833,
            42.69723
          ],
          [
            -0.29843,
            42.69712
          ],
          [
            -0.2985,
            42.69694
          ],
          [
            -0.29874,
            42.69649
          ],
          [
            -0.29889,
            42.69629
          ],
          [
            -0.29911,
            42.69614
          ],
          [
            -0.29919,
            42.696
          ],
          [
            -0.29928,
            42.69571
          ],
          [
            -0.2995,
            42.69518
          ],
          [
            -0.29965,
            42.69505
          ],
          [
            -0.29981,
            42.69494
          ],
          [
            -0.30004,
            42.69483
          ],
          [
            -0.30037,
            42.69474
          ],
          [
            -0.30065,
            42.6947
          ],
          [
            -0.30093,
            42.69469
          ],
          [
            -0.3012,
            42.69463
          ],
          [
            -0.30184,
            42.69439
          ],
          [
            -0.30196,
            42.69432
          ],
          [
            -0.30238,
            42.69384
          ],
          [
            -0.30263,
            42.69372
          ],
          [
            -0.30289,
            42.69364
          ],
          [
            -0.3033,
            42.69356
          ],
          [
            -0.3036,
            42.69361
          ],
          [
            -0.30392,
            42.69356
          ],
          [
            -0.30446,
            42.69329
          ],
          [
            -0.3047,
            42.69321
          ],
          [
            -0.30499,
            42.69318
          ],
          [
            -0.3052,
            42.69302
          ],
          [
            -0.30537,
            42.69285
          ],
          [
            -0.30548,
            42.69267
          ],
          [
            -0.3055,
            42.69246
          ],
          [
            -0.30545,
            42.69237
          ],
          [
            -0.30525,
            42.69236
          ],
          [
            -0.30504,
            42.69239
          ],
          [
            -0.30494,
            42.69268
          ],
          [
            -0.30478,
            42.69273
          ],
          [
            -0.3046,
            42.69272
          ],
          [
            -0.3045,
            42.69267
          ],
          [
            -0.30425,
            42.69244
          ],
          [
            -0.3041,
            42.69225
          ],
          [
            -0.30404,
            42.69211
          ],
          [
            -0.30469,
            42.6915
          ],
          [
            -0.30489,
            42.69134
          ],
          [
            -0.30537,
            42.69079
          ],
          [
            -0.30564,
            42.69035
          ],
          [
            -0.30566,
            42.69009
          ],
          [
            -0.30559,
            42.68982
          ],
          [
            -0.30544,
            42.68944
          ],
          [
            -0.30533,
            42.68926
          ],
          [
            -0.30526,
            42.68908
          ],
          [
            -0.30519,
            42.68879
          ],
          [
            -0.3052,
            42.68856
          ],
          [
            -0.30516,
            42.68836
          ],
          [
            -0.3051,
            42.68816
          ],
          [
            -0.30496,
            42.68776
          ],
          [
            -0.30479,
            42.68761
          ],
          [
            -0.30438,
            42.68733
          ],
          [
            -0.3042,
            42.68719
          ],
          [
            -0.30404,
            42.68688
          ],
          [
            -0.30431,
            42.68651
          ],
          [
            -0.30413,
            42.68638
          ],
          [
            -0.30418,
            42.68628
          ],
          [
            -0.30425,
            42.68623
          ],
          [
            -0.30438,
            42.68627
          ],
          [
            -0.30493,
            42.68637
          ],
          [
            -0.3052,
            42.68636
          ],
          [
            -0.30539,
            42.68632
          ],
          [
            -0.30559,
            42.68621
          ],
          [
            -0.30575,
            42.68604
          ],
          [
            -0.30576,
            42.6859
          ],
          [
            -0.30567,
            42.68582
          ],
          [
            -0.3056,
            42.68571
          ],
          [
            -0.30558,
            42.68558
          ],
          [
            -0.3056,
            42.68528
          ],
          [
            -0.30553,
            42.68498
          ],
          [
            -0.30556,
            42.68491
          ],
          [
            -0.30554,
            42.68475
          ],
          [
            -0.30559,
            42.68446
          ],
          [
            -0.30557,
            42.68435
          ],
          [
            -0.30559,
            42.6842
          ],
          [
            -0.30567,
            42.68404
          ],
          [
            -0.30578,
            42.68396
          ],
          [
            -0.30595,
            42.68393
          ],
          [
            -0.30604,
            42.68386
          ],
          [
            -0.30642,
            42.68349
          ],
          [
            -0.3066,
            42.68341
          ],
          [
            -0.30686,
            42.68331
          ],
          [
            -0.30697,
            42.68325
          ],
          [
            -0.30708,
            42.68323
          ],
          [
            -0.30723,
            42.6831
          ],
          [
            -0.3075,
            42.68263
          ],
          [
            -0.30768,
            42.68242
          ],
          [
            -0.30777,
            42.68229
          ],
          [
            -0.30772,
            42.68211
          ],
          [
            -0.30748,
            42.68152
          ],
          [
            -0.30757,
            42.6813
          ],
          [
            -0.30765,
            42.68122
          ],
          [
            -0.30817,
            42.68129
          ],
          [
            -0.30827,
            42.68136
          ],
          [
            -0.30854,
            42.68135
          ],
          [
            -0.30868,
            42.68141
          ],
          [
            -0.30878,
            42.68152
          ],
          [
            -0.30895,
            42.68159
          ],
          [
            -0.30906,
            42.68175
          ],
          [
            -0.30935,
            42.68197
          ],
          [
            -0.3095,
            42.68196
          ],
          [
            -0.30959,
            42.68194
          ],
          [
            -0.30971,
            42.68181
          ],
          [
            -0.31022,
            42.6816
          ],
          [
            -0.31041,
            42.68148
          ],
          [
            -0.31051,
            42.68148
          ],
          [
            -0.31057,
            42.68153
          ],
          [
            -0.31055,
            42.68165
          ],
          [
            -0.31042,
            42.68182
          ],
          [
            -0.31005,
            42.6821
          ],
          [
            -0.31006,
            42.68249
          ],
          [
            -0.31003,
            42.68257
          ],
          [
            -0.31006,
            42.68266
          ],
          [
            -0.31015,
            42.68268
          ],
          [
            -0.31038,
            42.68259
          ],
          [
            -0.31053,
            42.68256
          ],
          [
            -0.31086,
            42.68256
          ],
          [
            -0.31115,
            42.68252
          ],
          [
            -0.31176,
            42.68241
          ],
          [
            -0.31189,
            42.68235
          ],
          [
            -0.312,
            42.68224
          ],
          [
            -0.31204,
            42.68207
          ],
          [
            -0.31214,
            42.68186
          ],
          [
            -0.31219,
            42.68161
          ],
          [
            -0.31227,
            42.68144
          ],
          [
            -0.31251,
            42.68136
          ],
          [
            -0.3126,
            42.68126
          ],
          [
            -0.31249,
            42.68107
          ],
          [
            -0.31262,
            42.68073
          ],
          [
            -0.31284,
            42.68061
          ],
          [
            -0.3129,
            42.68065
          ],
          [
            -0.31304,
            42.68062
          ],
          [
            -0.31368,
            42.68061
          ],
          [
            -0.31387,
            42.68036
          ],
          [
            -0.31403,
            42.68013
          ],
          [
            -0.31412,
            42.68006
          ],
          [
            -0.31415,
            42.67995
          ],
          [
            -0.31407,
            42.6799
          ],
          [
            -0.31414,
            42.6798
          ],
          [
            -0.31425,
            42.67973
          ],
          [
            -0.31426,
            42.67956
          ],
          [
            -0.31435,
            42.67941
          ],
          [
            -0.31446,
            42.67929
          ],
          [
            -0.31446,
            42.67921
          ],
          [
            -0.3144,
            42.67914
          ],
          [
            -0.3145,
            42.67897
          ],
          [
            -0.3147,
            42.67901
          ],
          [
            -0.31488,
            42.67894
          ],
          [
            -0.31503,
            42.67884
          ],
          [
            -0.31516,
            42.67889
          ],
          [
            -0.31526,
            42.67891
          ],
          [
            -0.31543,
            42.67903
          ],
          [
            -0.31566,
            42.67907
          ],
          [
            -0.31586,
            42.67916
          ],
          [
            -0.31572,
            42.67891
          ],
          [
            -0.31576,
            42.67879
          ],
          [
            -0.31594,
            42.67883
          ],
          [
            -0.31604,
            42.67889
          ],
          [
            -0.31616,
            42.67849
          ],
          [
            -0.31607,
            42.67839
          ],
          [
            -0.31627,
            42.67787
          ],
          [
            -0.31625,
            42.67763
          ],
          [
            -0.31622,
            42.6775
          ],
          [
            -0.31632,
            42.67739
          ],
          [
            -0.31642,
            42.67706
          ],
          [
            -0.31637,
            42.6769
          ],
          [
            -0.31653,
            42.67649
          ],
          [
            -0.31655,
            42.67628
          ],
          [
            -0.31655,
            42.6761
          ],
          [
            -0.31672,
            42.67572
          ],
          [
            -0.31683,
            42.67545
          ],
          [
            -0.31693,
            42.67505
          ],
          [
            -0.31639,
            42.67435
          ],
          [
            -0.31626,
            42.67428
          ],
          [
            -0.31631,
            42.67415
          ],
          [
            -0.31631,
            42.67373
          ],
          [
            -0.31623,
            42.67366
          ],
          [
            -0.3162,
            42.67357
          ],
          [
            -0.31625,
            42.67352
          ],
          [
            -0.31637,
            42.67317
          ],
          [
            -0.31631,
            42.67301
          ],
          [
            -0.31654,
            42.67291
          ],
          [
            -0.31654,
            42.67282
          ],
          [
            -0.31678,
            42.67273
          ],
          [
            -0.31756,
            42.67232
          ],
          [
            -0.31782,
            42.67215
          ],
          [
            -0.31819,
            42.67203
          ],
          [
            -0.31826,
            42.67206
          ],
          [
            -0.31848,
            42.67197
          ],
          [
            -0.31873,
            42.67195
          ],
          [
            -0.31908,
            42.67204
          ],
          [
            -0.31912,
            42.67197
          ],
          [
            -0.31934,
            42.67186
          ],
          [
            -0.31947,
            42.67175
          ],
          [
            -0.31956,
            42.67193
          ],
          [
            -0.31946,
            42.67201
          ],
          [
            -0.31943,
            42.6721
          ],
          [
            -0.31952,
            42.67216
          ],
          [
            -0.32,
            42.67206
          ],
          [
            -0.32008,
            42.67189
          ],
          [
            -0.32018,
            42.67183
          ],
          [
            -0.32045,
            42.67158
          ],
          [
            -0.32059,
            42.67156
          ],
          [
            -0.32064,
            42.67147
          ],
          [
            -0.32066,
            42.67136
          ],
          [
            -0.32081,
            42.67117
          ],
          [
            -0.321,
            42.67107
          ],
          [
            -0.32101,
            42.671
          ],
          [
            -0.32094,
            42.67097
          ],
          [
            -0.32093,
            42.67085
          ],
          [
            -0.32112,
            42.67063
          ],
          [
            -0.32098,
            42.67062
          ],
          [
            -0.3209,
            42.67071
          ],
          [
            -0.32069,
            42.67071
          ],
          [
            -0.32052,
            42.67068
          ],
          [
            -0.3204,
            42.67069
          ],
          [
            -0.32027,
            42.67068
          ],
          [
            -0.32018,
            42.67061
          ],
          [
            -0.32009,
            42.67064
          ],
          [
            -0.31995,
            42.67061
          ],
          [
            -0.31989,
            42.67055
          ],
          [
            -0.31988,
            42.67048
          ],
          [
            -0.31992,
            42.67042
          ],
          [
            -0.31968,
            42.67026
          ],
          [
            -0.31949,
            42.67005
          ],
          [
            -0.3194,
            42.66989
          ],
          [
            -0.31944,
            42.66966
          ],
          [
            -0.31954,
            42.66942
          ],
          [
            -0.31954,
            42.66935
          ],
          [
            -0.31946,
            42.66932
          ],
          [
            -0.31951,
            42.66918
          ],
          [
            -0.31953,
            42.66888
          ],
          [
            -0.31945,
            42.66875
          ],
          [
            -0.31936,
            42.66865
          ],
          [
            -0.31942,
            42.66854
          ],
          [
            -0.31937,
            42.66845
          ],
          [
            -0.31948,
            42.6683
          ],
          [
            -0.31951,
            42.66818
          ],
          [
            -0.31952,
            42.66808
          ],
          [
            -0.31947,
            42.66801
          ],
          [
            -0.31953,
            42.66796
          ],
          [
            -0.31956,
            42.66782
          ],
          [
            -0.31965,
            42.66753
          ],
          [
            -0.31965,
            42.66742
          ],
          [
            -0.31981,
            42.66731
          ],
          [
            -0.31985,
            42.66714
          ],
          [
            -0.31985,
            42.66688
          ],
          [
            -0.31994,
            42.66666
          ],
          [
            -0.31993,
            42.66656
          ],
          [
            -0.31999,
            42.66631
          ],
          [
            -0.32004,
            42.66621
          ],
          [
            -0.32006,
            42.6661
          ],
          [
            -0.32022,
            42.66592
          ],
          [
            -0.3204,
            42.66576
          ],
          [
            -0.32059,
            42.66563
          ],
          [
            -0.32058,
            42.66556
          ],
          [
            -0.32051,
            42.66548
          ],
          [
            -0.32057,
            42.66529
          ],
          [
            -0.32087,
            42.66499
          ],
          [
            -0.32113,
            42.66468
          ],
          [
            -0.32143,
            42.66419
          ],
          [
            -0.3213,
            42.66409
          ],
          [
            -0.32131,
            42.66402
          ],
          [
            -0.32139,
            42.66398
          ],
          [
            -0.32155,
            42.66387
          ],
          [
            -0.32162,
            42.66366
          ],
          [
            -0.32192,
            42.66335
          ],
          [
            -0.32197,
            42.66327
          ],
          [
            -0.32203,
            42.66321
          ],
          [
            -0.3221,
            42.66311
          ],
          [
            -0.32217,
            42.66297
          ],
          [
            -0.32222,
            42.6628
          ],
          [
            -0.32221,
            42.66274
          ],
          [
            -0.32227,
            42.66267
          ],
          [
            -0.32228,
            42.6625
          ],
          [
            -0.32233,
            42.66245
          ],
          [
            -0.32231,
            42.66233
          ],
          [
            -0.32236,
            42.66223
          ],
          [
            -0.32247,
            42.66219
          ],
          [
            -0.32269,
            42.66203
          ],
          [
            -0.32291,
            42.66174
          ],
          [
            -0.32302,
            42.66155
          ],
          [
            -0.32305,
            42.66142
          ],
          [
            -0.32305,
            42.66133
          ],
          [
            -0.32268,
            42.66097
          ],
          [
            -0.32249,
            42.66083
          ],
          [
            -0.32234,
            42.66053
          ],
          [
            -0.32228,
            42.66038
          ],
          [
            -0.32208,
            42.6603
          ],
          [
            -0.32175,
            42.66027
          ],
          [
            -0.32154,
            42.66021
          ],
          [
            -0.32152,
            42.66013
          ],
          [
            -0.32173,
            42.66007
          ],
          [
            -0.32156,
            42.65999
          ],
          [
            -0.32128,
            42.65994
          ],
          [
            -0.32069,
            42.65981
          ],
          [
            -0.32044,
            42.65973
          ],
          [
            -0.32017,
            42.65968
          ],
          [
            -0.31928,
            42.65972
          ],
          [
            -0.319,
            42.65969
          ],
          [
            -0.31871,
            42.65962
          ],
          [
            -0.31853,
            42.65945
          ],
          [
            -0.31833,
            42.65937
          ],
          [
            -0.31809,
            42.65939
          ],
          [
            -0.31781,
            42.65939
          ],
          [
            -0.31755,
            42.65934
          ],
          [
            -0.31726,
            42.65936
          ],
          [
            -0.31711,
            42.65929
          ],
          [
            -0.31692,
            42.65933
          ],
          [
            -0.31674,
            42.65928
          ],
          [
            -0.31636,
            42.65913
          ],
          [
            -0.31628,
            42.65905
          ],
          [
            -0.31617,
            42.65897
          ],
          [
            -0.3162,
            42.65887
          ],
          [
            -0.31637,
            42.65877
          ],
          [
            -0.31658,
            42.6586
          ],
          [
            -0.31665,
            42.65848
          ],
          [
            -0.31666,
            42.65839
          ],
          [
            -0.3167,
            42.65832
          ],
          [
            -0.31657,
            42.65813
          ],
          [
            -0.31651,
            42.65801
          ],
          [
            -0.31649,
            42.65793
          ],
          [
            -0.31638,
            42.65778
          ],
          [
            -0.31635,
            42.65726
          ],
          [
            -0.31638,
            42.65713
          ],
          [
            -0.31666,
            42.65704
          ],
          [
            -0.31686,
            42.6569
          ],
          [
            -0.31699,
            42.65668
          ],
          [
            -0.31708,
            42.65649
          ],
          [
            -0.31727,
            42.65624
          ],
          [
            -0.3175,
            42.65604
          ],
          [
            -0.31757,
            42.65595
          ],
          [
            -0.31761,
            42.65587
          ],
          [
            -0.31762,
            42.65571
          ],
          [
            -0.31744,
            42.65548
          ],
          [
            -0.31706,
            42.65511
          ],
          [
            -0.31685,
            42.65507
          ],
          [
            -0.31674,
            42.65507
          ],
          [
            -0.31658,
            42.65497
          ],
          [
            -0.31646,
            42.65474
          ],
          [
            -0.31641,
            42.65458
          ],
          [
            -0.31643,
            42.6544
          ],
          [
            -0.31654,
            42.65431
          ],
          [
            -0.31673,
            42.65407
          ],
          [
            -0.31676,
            42.65401
          ],
          [
            -0.31688,
            42.65392
          ],
          [
            -0.31687,
            42.65383
          ],
          [
            -0.3168,
            42.65378
          ],
          [
            -0.31673,
            42.65369
          ],
          [
            -0.31644,
            42.65358
          ],
          [
            -0.31622,
            42.65334
          ],
          [
            -0.31621,
            42.65294
          ],
          [
            -0.31612,
            42.65255
          ],
          [
            -0.31603,
            42.65232
          ],
          [
            -0.31607,
            42.65222
          ],
          [
            -0.31612,
            42.65214
          ],
          [
            -0.31612,
            42.652
          ],
          [
            -0.3162,
            42.65195
          ],
          [
            -0.31683,
            42.65181
          ],
          [
            -0.31712,
            42.65165
          ],
          [
            -0.31725,
            42.65156
          ],
          [
            -0.31736,
            42.65134
          ],
          [
            -0.31737,
            42.65105
          ],
          [
            -0.31731,
            42.65099
          ],
          [
            -0.31721,
            42.65093
          ],
          [
            -0.31721,
            42.65079
          ],
          [
            -0.31738,
            42.65072
          ],
          [
            -0.31741,
            42.65065
          ],
          [
            -0.31728,
            42.65027
          ],
          [
            -0.3172,
            42.6501
          ],
          [
            -0.31715,
            42.64985
          ],
          [
            -0.31717,
            42.64961
          ],
          [
            -0.31713,
            42.64902
          ],
          [
            -0.31704,
            42.64886
          ],
          [
            -0.31674,
            42.64778
          ],
          [
            -0.31662,
            42.64732
          ],
          [
            -0.31662,
            42.64713
          ],
          [
            -0.31657,
            42.64686
          ],
          [
            -0.31647,
            42.64667
          ],
          [
            -0.31634,
            42.64661
          ],
          [
            -0.3163,
            42.64654
          ],
          [
            -0.31635,
            42.64644
          ],
          [
            -0.31642,
            42.64638
          ],
          [
            -0.31644,
            42.64626
          ],
          [
            -0.31643,
            42.64613
          ],
          [
            -0.31646,
            42.646
          ],
          [
            -0.3167,
            42.6458
          ],
          [
            -0.31693,
            42.64567
          ],
          [
            -0.31713,
            42.64563
          ],
          [
            -0.3178,
            42.64554
          ],
          [
            -0.318,
            42.64547
          ],
          [
            -0.31812,
            42.64541
          ],
          [
            -0.3182,
            42.64532
          ],
          [
            -0.31817,
            42.64512
          ],
          [
            -0.3181,
            42.64504
          ],
          [
            -0.31797,
            42.64498
          ],
          [
            -0.31787,
            42.64484
          ],
          [
            -0.31753,
            42.6448
          ],
          [
            -0.31733,
            42.64472
          ],
          [
            -0.31714,
            42.64461
          ],
          [
            -0.31696,
            42.64449
          ],
          [
            -0.31667,
            42.64412
          ],
          [
            -0.31665,
            42.64398
          ],
          [
            -0.31665,
            42.64368
          ],
          [
            -0.31684,
            42.64282
          ],
          [
            -0.31686,
            42.64269
          ],
          [
            -0.31681,
            42.64243
          ],
          [
            -0.31675,
            42.6422
          ],
          [
            -0.31677,
            42.64198
          ],
          [
            -0.31677,
            42.64141
          ],
          [
            -0.31669,
            42.64121
          ],
          [
            -0.31639,
            42.64105
          ],
          [
            -0.31625,
            42.64093
          ],
          [
            -0.31623,
            42.64078
          ],
          [
            -0.31625,
            42.64065
          ],
          [
            -0.31634,
            42.64059
          ],
          [
            -0.31639,
            42.64051
          ],
          [
            -0.31636,
            42.64036
          ],
          [
            -0.31636,
            42.6401
          ],
          [
            -0.3164,
            42.63994
          ],
          [
            -0.3165,
            42.6398
          ],
          [
            -0.31668,
            42.63963
          ],
          [
            -0.31672,
            42.6395
          ],
          [
            -0.31672,
            42.63923
          ],
          [
            -0.31681,
            42.6389
          ],
          [
            -0.3169,
            42.6385
          ],
          [
            -0.31697,
            42.63837
          ],
          [
            -0.31709,
            42.63784
          ],
          [
            -0.31713,
            42.63762
          ],
          [
            -0.31711,
            42.63744
          ],
          [
            -0.31723,
            42.63733
          ],
          [
            -0.31737,
            42.63724
          ],
          [
            -0.31751,
            42.63705
          ],
          [
            -0.31755,
            42.63679
          ],
          [
            -0.31749,
            42.63651
          ],
          [
            -0.31746,
            42.63621
          ],
          [
            -0.31745,
            42.63573
          ],
          [
            -0.31737,
            42.63526
          ],
          [
            -0.3174,
            42.63511
          ],
          [
            -0.31745,
            42.63502
          ],
          [
            -0.31761,
            42.63493
          ],
          [
            -0.3177,
            42.63486
          ],
          [
            -0.31775,
            42.6347
          ],
          [
            -0.31791,
            42.63439
          ],
          [
            -0.31795,
            42.63412
          ],
          [
            -0.31777,
            42.63395
          ],
          [
            -0.31768,
            42.63352
          ],
          [
            -0.31752,
            42.63299
          ],
          [
            -0.31747,
            42.63254
          ],
          [
            -0.31746,
            42.6318
          ],
          [
            -0.3175,
            42.63171
          ],
          [
            -0.31762,
            42.63168
          ],
          [
            -0.31769,
            42.63161
          ],
          [
            -0.31759,
            42.63153
          ],
          [
            -0.31734,
            42.63145
          ],
          [
            -0.31733,
            42.63137
          ],
          [
            -0.31735,
            42.63127
          ],
          [
            -0.31746,
            42.6312
          ],
          [
            -0.31758,
            42.6311
          ],
          [
            -0.31763,
            42.63099
          ],
          [
            -0.31771,
            42.63086
          ],
          [
            -0.31781,
            42.63079
          ],
          [
            -0.31809,
            42.63062
          ],
          [
            -0.31836,
            42.6305
          ],
          [
            -0.31847,
            42.63042
          ],
          [
            -0.31866,
            42.63009
          ],
          [
            -0.31884,
            42.62991
          ],
          [
            -0.31892,
            42.62987
          ],
          [
            -0.31899,
            42.62976
          ],
          [
            -0.31926,
            42.6298
          ],
          [
            -0.31959,
            42.62934
          ],
          [
            -0.3197,
            42.62929
          ],
          [
            -0.31984,
            42.62929
          ],
          [
            -0.31963,
            42.62925
          ],
          [
            -0.31971,
            42.62921
          ],
          [
            -0.3198,
            42.6292
          ],
          [
            -0.31994,
            42.6292
          ],
          [
            -0.31999,
            42.62913
          ],
          [
            -0.31995,
            42.6291
          ],
          [
            -0.31985,
            42.62874
          ],
          [
            -0.3208,
            42.62867
          ],
          [
            -0.32141,
            42.62872
          ],
          [
            -0.32156,
            42.62861
          ],
          [
            -0.32182,
            42.62853
          ],
          [
            -0.32156,
            42.62818
          ],
          [
            -0.32161,
            42.62796
          ],
          [
            -0.32159,
            42.62776
          ],
          [
            -0.32153,
            42.62754
          ],
          [
            -0.32147,
            42.62744
          ],
          [
            -0.32135,
            42.6271
          ],
          [
            -0.3213,
            42.62691
          ],
          [
            -0.32129,
            42.62676
          ],
          [
            -0.32134,
            42.62638
          ],
          [
            -0.32145,
            42.62584
          ],
          [
            -0.32156,
            42.62552
          ],
          [
            -0.32149,
            42.62549
          ],
          [
            -0.32152,
            42.62509
          ],
          [
            -0.3216,
            42.62468
          ],
          [
            -0.32156,
            42.62449
          ],
          [
            -0.3214,
            42.62434
          ],
          [
            -0.32119,
            42.62422
          ],
          [
            -0.32106,
            42.6241
          ],
          [
            -0.32108,
            42.624
          ],
          [
            -0.32141,
            42.62372
          ],
          [
            -0.32153,
            42.62359
          ],
          [
            -0.32161,
            42.62333
          ],
          [
            -0.32194,
            42.62313
          ],
          [
            -0.32211,
            42.62285
          ],
          [
            -0.32218,
            42.62265
          ],
          [
            -0.32255,
            42.62182
          ],
          [
            -0.32259,
            42.62168
          ],
          [
            -0.32269,
            42.62149
          ],
          [
            -0.32276,
            42.62129
          ],
          [
            -0.32286,
            42.62107
          ],
          [
            -0.32296,
            42.62089
          ],
          [
            -0.32309,
            42.62052
          ],
          [
            -0.32323,
            42.61996
          ],
          [
            -0.32331,
            42.61958
          ],
          [
            -0.32344,
            42.61862
          ],
          [
            -0.32363,
            42.61746
          ],
          [
            -0.3237,
            42.61687
          ],
          [
            -0.32384,
            42.6161
          ],
          [
            -0.32385,
            42.61593
          ],
          [
            -0.32393,
            42.61559
          ],
          [
            -0.32401,
            42.61473
          ],
          [
            -0.324,
            42.61453
          ],
          [
            -0.32404,
            42.61393
          ],
          [
            -0.32404,
            42.61373
          ],
          [
            -0.32406,
            42.61331
          ],
          [
            -0.32405,
            42.61291
          ],
          [
            -0.32399,
            42.61272
          ],
          [
            -0.32396,
            42.61253
          ],
          [
            -0.32395,
            42.61232
          ],
          [
            -0.32398,
            42.61171
          ],
          [
            -0.32393,
            42.61152
          ],
          [
            -0.32363,
            42.61098
          ],
          [
            -0.3235,
            42.61082
          ],
          [
            -0.32334,
            42.61078
          ],
          [
            -0.32322,
            42.6108
          ],
          [
            -0.32302,
            42.61091
          ],
          [
            -0.32285,
            42.61106
          ],
          [
            -0.32221,
            42.61145
          ],
          [
            -0.32207,
            42.61149
          ],
          [
            -0.32204,
            42.61135
          ],
          [
            -0.32194,
            42.61116
          ],
          [
            -0.32189,
            42.61098
          ],
          [
            -0.32234,
            42.61069
          ],
          [
            -0.32292,
            42.61028
          ],
          [
            -0.32311,
            42.61018
          ],
          [
            -0.32328,
            42.61
          ],
          [
            -0.32341,
            42.60981
          ],
          [
            -0.32347,
            42.60966
          ],
          [
            -0.32336,
            42.60941
          ],
          [
            -0.32334,
            42.60898
          ],
          [
            -0.3232,
            42.6086
          ],
          [
            -0.32312,
            42.60852
          ],
          [
            -0.32303,
            42.60829
          ],
          [
            -0.32304,
            42.60801
          ],
          [
            -0.32312,
            42.60776
          ],
          [
            -0.32314,
            42.60752
          ],
          [
            -0.32313,
            42.60725
          ],
          [
            -0.32319,
            42.60694
          ],
          [
            -0.32313,
            42.60663
          ],
          [
            -0.32297,
            42.60639
          ],
          [
            -0.32288,
            42.60617
          ],
          [
            -0.3229,
            42.60602
          ],
          [
            -0.32282,
            42.6058
          ],
          [
            -0.32273,
            42.60573
          ],
          [
            -0.32256,
            42.60554
          ],
          [
            -0.32246,
            42.60533
          ],
          [
            -0.3224,
            42.60514
          ],
          [
            -0.32245,
            42.60451
          ],
          [
            -0.32241,
            42.60432
          ],
          [
            -0.32235,
            42.60413
          ],
          [
            -0.32237,
            42.60392
          ],
          [
            -0.32241,
            42.60373
          ],
          [
            -0.32245,
            42.60331
          ],
          [
            -0.32233,
            42.60293
          ],
          [
            -0.32231,
            42.60262
          ],
          [
            -0.32222,
            42.60256
          ],
          [
            -0.32196,
            42.60252
          ],
          [
            -0.3217,
            42.60252
          ],
          [
            -0.32144,
            42.60247
          ],
          [
            -0.32126,
            42.60229
          ],
          [
            -0.32109,
            42.60197
          ],
          [
            -0.32082,
            42.60174
          ],
          [
            -0.3207,
            42.60154
          ],
          [
            -0.32064,
            42.60137
          ],
          [
            -0.32053,
            42.6012
          ],
          [
            -0.3203,
            42.60106
          ],
          [
            -0.32025,
            42.60088
          ],
          [
            -0.32029,
            42.60071
          ],
          [
            -0.32029,
            42.60058
          ],
          [
            -0.32033,
            42.60032
          ],
          [
            -0.32042,
            42.60003
          ],
          [
            -0.32046,
            42.59983
          ],
          [
            -0.32041,
            42.59967
          ],
          [
            -0.32018,
            42.59941
          ],
          [
            -0.3201,
            42.59928
          ],
          [
            -0.3201,
            42.59916
          ],
          [
            -0.32,
            42.59896
          ],
          [
            -0.31998,
            42.59867
          ],
          [
            -0.31988,
            42.59843
          ],
          [
            -0.31978,
            42.59825
          ],
          [
            -0.31965,
            42.5979
          ],
          [
            -0.31905,
            42.5977
          ],
          [
            -0.3189,
            42.59762
          ],
          [
            -0.31876,
            42.59758
          ],
          [
            -0.3186,
            42.59757
          ],
          [
            -0.31847,
            42.59763
          ],
          [
            -0.31792,
            42.59774
          ],
          [
            -0.31758,
            42.59779
          ],
          [
            -0.31741,
            42.59765
          ],
          [
            -0.31731,
            42.59745
          ],
          [
            -0.31742,
            42.59704
          ],
          [
            -0.31739,
            42.59679
          ],
          [
            -0.3174,
            42.59656
          ],
          [
            -0.31736,
            42.59631
          ],
          [
            -0.31737,
            42.59608
          ],
          [
            -0.31743,
            42.59588
          ],
          [
            -0.31757,
            42.59571
          ],
          [
            -0.31777,
            42.59497
          ],
          [
            -0.31782,
            42.59471
          ],
          [
            -0.31785,
            42.59434
          ],
          [
            -0.31798,
            42.59391
          ],
          [
            -0.31809,
            42.59372
          ],
          [
            -0.31782,
            42.59341
          ],
          [
            -0.3173,
            42.59313
          ],
          [
            -0.31708,
            42.59305
          ],
          [
            -0.31659,
            42.59282
          ],
          [
            -0.31633,
            42.59273
          ],
          [
            -0.31552,
            42.59253
          ],
          [
            -0.31524,
            42.59249
          ],
          [
            -0.31499,
            42.59242
          ],
          [
            -0.31474,
            42.59231
          ],
          [
            -0.31418,
            42.59215
          ],
          [
            -0.31338,
            42.59178
          ],
          [
            -0.31311,
            42.59169
          ],
          [
            -0.31255,
            42.5916
          ],
          [
            -0.31229,
            42.59159
          ],
          [
            -0.31203,
            42.59162
          ],
          [
            -0.31161,
            42.59156
          ],
          [
            -0.31138,
            42.59146
          ],
          [
            -0.31086,
            42.59138
          ],
          [
            -0.31054,
            42.59135
          ],
          [
            -0.31056,
            42.59113
          ],
          [
            -0.31065,
            42.59104
          ],
          [
            -0.31036,
            42.59098
          ],
          [
            -0.31046,
            42.59072
          ],
          [
            -0.31045,
            42.59059
          ],
          [
            -0.31048,
            42.59048
          ],
          [
            -0.31043,
            42.59021
          ],
          [
            -0.31036,
            42.58999
          ],
          [
            -0.31035,
            42.58968
          ],
          [
            -0.31031,
            42.58932
          ],
          [
            -0.31042,
            42.5893
          ],
          [
            -0.31045,
            42.58906
          ],
          [
            -0.31046,
            42.58887
          ],
          [
            -0.31041,
            42.58874
          ],
          [
            -0.31106,
            42.58828
          ],
          [
            -0.31113,
            42.58808
          ],
          [
            -0.31107,
            42.58792
          ],
          [
            -0.31116,
            42.58734
          ],
          [
            -0.31113,
            42.58708
          ],
          [
            -0.31114,
            42.58661
          ],
          [
            -0.31108,
            42.58617
          ],
          [
            -0.31097,
            42.58575
          ],
          [
            -0.31095,
            42.58553
          ],
          [
            -0.31106,
            42.5849
          ],
          [
            -0.31103,
            42.58466
          ],
          [
            -0.3109,
            42.58423
          ],
          [
            -0.3109,
            42.58399
          ],
          [
            -0.31092,
            42.58378
          ],
          [
            -0.31088,
            42.58356
          ],
          [
            -0.31076,
            42.58331
          ],
          [
            -0.3107,
            42.58309
          ],
          [
            -0.31066,
            42.58287
          ],
          [
            -0.31058,
            42.58267
          ],
          [
            -0.31051,
            42.58244
          ],
          [
            -0.31028,
            42.58178
          ],
          [
            -0.31004,
            42.58131
          ],
          [
            -0.30961,
            42.58063
          ],
          [
            -0.30951,
            42.58041
          ],
          [
            -0.30939,
            42.5802
          ],
          [
            -0.30924,
            42.58
          ],
          [
            -0.30894,
            42.57987
          ],
          [
            -0.30874,
            42.57971
          ],
          [
            -0.30852,
            42.57949
          ],
          [
            -0.30841,
            42.5793
          ],
          [
            -0.3082,
            42.57912
          ],
          [
            -0.30768,
            42.57882
          ],
          [
            -0.30745,
            42.57866
          ],
          [
            -0.30734,
            42.57856
          ],
          [
            -0.30718,
            42.57854
          ],
          [
            -0.30677,
            42.57835
          ],
          [
            -0.30624,
            42.57819
          ],
          [
            -0.30552,
            42.57785
          ],
          [
            -0.30522,
            42.57761
          ],
          [
            -0.30485,
            42.57748
          ],
          [
            -0.30437,
            42.57725
          ],
          [
            -0.3041,
            42.57709
          ],
          [
            -0.30348,
            42.57662
          ],
          [
            -0.30329,
            42.57638
          ],
          [
            -0.3032,
            42.57616
          ],
          [
            -0.30279,
            42.57592
          ],
          [
            -0.30263,
            42.57589
          ],
          [
            -0.30251,
            42.57584
          ],
          [
            -0.30251,
            42.57577
          ],
          [
            -0.3026,
            42.57559
          ],
          [
            -0.30263,
            42.5754
          ],
          [
            -0.30269,
            42.57533
          ],
          [
            -0.30281,
            42.57527
          ],
          [
            -0.30305,
            42.57535
          ],
          [
            -0.30333,
            42.5751
          ],
          [
            -0.30354,
            42.57494
          ],
          [
            -0.30368,
            42.5748
          ],
          [
            -0.30384,
            42.5747
          ],
          [
            -0.30399,
            42.57455
          ],
          [
            -0.30424,
            42.57433
          ],
          [
            -0.30458,
            42.57417
          ],
          [
            -0.3047,
            42.57406
          ],
          [
            -0.30485,
            42.57364
          ],
          [
            -0.30489,
            42.57344
          ],
          [
            -0.30495,
            42.57335
          ],
          [
            -0.30507,
            42.57323
          ],
          [
            -0.30524,
            42.57312
          ],
          [
            -0.30549,
            42.57279
          ],
          [
            -0.30565,
            42.57263
          ],
          [
            -0.30616,
            42.57214
          ],
          [
            -0.30665,
            42.57163
          ],
          [
            -0.30678,
            42.57151
          ],
          [
            -0.30693,
            42.57128
          ],
          [
            -0.30689,
            42.57114
          ],
          [
            -0.30681,
            42.57107
          ],
          [
            -0.30674,
            42.57109
          ],
          [
            -0.30662,
            42.571
          ],
          [
            -0.30668,
            42.57077
          ],
          [
            -0.30665,
            42.57067
          ],
          [
            -0.30679,
            42.57047
          ],
          [
            -0.30723,
            42.57011
          ],
          [
            -0.30743,
            42.56993
          ],
          [
            -0.30759,
            42.56973
          ],
          [
            -0.30771,
            42.56952
          ],
          [
            -0.30774,
            42.5693
          ],
          [
            -0.308,
            42.56862
          ],
          [
            -0.30802,
            42.56839
          ],
          [
            -0.30829,
            42.56787
          ],
          [
            -0.3083,
            42.56771
          ],
          [
            -0.30835,
            42.56749
          ],
          [
            -0.30934,
            42.56603
          ],
          [
            -0.30957,
            42.56586
          ],
          [
            -0.3101,
            42.56562
          ],
          [
            -0.31017,
            42.56555
          ],
          [
            -0.31019,
            42.56544
          ],
          [
            -0.31018,
            42.56474
          ],
          [
            -0.31027,
            42.56454
          ],
          [
            -0.31076,
            42.5643
          ],
          [
            -0.31096,
            42.56413
          ],
          [
            -0.31217,
            42.56294
          ],
          [
            -0.31226,
            42.56274
          ],
          [
            -0.31233,
            42.56233
          ],
          [
            -0.31245,
            42.56187
          ],
          [
            -0.31246,
            42.56165
          ],
          [
            -0.31253,
            42.56141
          ],
          [
            -0.31256,
            42.56119
          ],
          [
            -0.31274,
            42.56079
          ],
          [
            -0.31284,
            42.5607
          ],
          [
            -0.31387,
            42.56003
          ],
          [
            -0.31421,
            42.55978
          ],
          [
            -0.31435,
            42.55953
          ],
          [
            -0.31463,
            42.55917
          ],
          [
            -0.31486,
            42.55903
          ],
          [
            -0.31512,
            42.55893
          ],
          [
            -0.31538,
            42.5588
          ],
          [
            -0.31554,
            42.55866
          ],
          [
            -0.31586,
            42.55833
          ],
          [
            -0.31648,
            42.55763
          ],
          [
            -0.3166,
            42.55745
          ],
          [
            -0.31688,
            42.55709
          ],
          [
            -0.31724,
            42.55657
          ],
          [
            -0.31783,
            42.55553
          ],
          [
            -0.31792,
            42.55529
          ],
          [
            -0.31795,
            42.55509
          ],
          [
            -0.31784,
            42.55473
          ],
          [
            -0.31777,
            42.55454
          ],
          [
            -0.31776,
            42.5543
          ],
          [
            -0.31769,
            42.55407
          ],
          [
            -0.31777,
            42.55388
          ],
          [
            -0.31798,
            42.55353
          ],
          [
            -0.31812,
            42.55299
          ],
          [
            -0.31812,
            42.55282
          ],
          [
            -0.31816,
            42.55264
          ],
          [
            -0.31816,
            42.55255
          ],
          [
            -0.31814,
            42.55235
          ],
          [
            -0.31808,
            42.55224
          ],
          [
            -0.31784,
            42.55203
          ],
          [
            -0.31771,
            42.55186
          ],
          [
            -0.31787,
            42.55171
          ],
          [
            -0.31968,
            42.55085
          ],
          [
            -0.32021,
            42.5507
          ],
          [
            -0.32122,
            42.55037
          ],
          [
            -0.32147,
            42.5503
          ],
          [
            -0.32195,
            42.55012
          ],
          [
            -0.32272,
            42.54987
          ],
          [
            -0.323,
            42.54982
          ],
          [
            -0.32331,
            42.54977
          ],
          [
            -0.3236,
            42.54976
          ],
          [
            -0.32437,
            42.54983
          ],
          [
            -0.32514,
            42.54973
          ],
          [
            -0.32602,
            42.54963
          ],
          [
            -0.32615,
            42.54969
          ],
          [
            -0.32622,
            42.5498
          ],
          [
            -0.32642,
            42.54991
          ],
          [
            -0.32668,
            42.54993
          ],
          [
            -0.32902,
            42.54994
          ],
          [
            -0.32983,
            42.54998
          ],
          [
            -0.33002,
            42.54996
          ],
          [
            -0.33043,
            42.54964
          ],
          [
            -0.33039,
            42.54953
          ],
          [
            -0.33028,
            42.54944
          ],
          [
            -0.33022,
            42.54932
          ],
          [
            -0.33026,
            42.54915
          ],
          [
            -0.33036,
            42.54893
          ],
          [
            -0.33036,
            42.54876
          ],
          [
            -0.3304,
            42.54862
          ],
          [
            -0.33053,
            42.54849
          ],
          [
            -0.33107,
            42.5482
          ],
          [
            -0.33154,
            42.54798
          ],
          [
            -0.33178,
            42.5479
          ],
          [
            -0.33231,
            42.54781
          ],
          [
            -0.33255,
            42.54773
          ],
          [
            -0.33281,
            42.5477
          ],
          [
            -0.33336,
            42.54768
          ],
          [
            -0.33365,
            42.54764
          ],
          [
            -0.33445,
            42.54765
          ],
          [
            -0.3346,
            42.54768
          ],
          [
            -0.33459,
            42.54762
          ],
          [
            -0.33453,
            42.5475
          ],
          [
            -0.33426,
            42.54715
          ],
          [
            -0.33419,
            42.54697
          ],
          [
            -0.3342,
            42.54676
          ],
          [
            -0.33417,
            42.54658
          ],
          [
            -0.33427,
            42.5458
          ],
          [
            -0.3343,
            42.54572
          ],
          [
            -0.33432,
            42.54538
          ],
          [
            -0.33443,
            42.54499
          ],
          [
            -0.33452,
            42.54482
          ],
          [
            -0.33475,
            42.5445
          ],
          [
            -0.33489,
            42.54435
          ],
          [
            -0.33506,
            42.54421
          ],
          [
            -0.33521,
            42.54405
          ],
          [
            -0.33539,
            42.54391
          ],
          [
            -0.33576,
            42.54357
          ],
          [
            -0.33652,
            42.54298
          ],
          [
            -0.33711,
            42.54233
          ],
          [
            -0.33795,
            42.54181
          ],
          [
            -0.33834,
            42.54154
          ],
          [
            -0.33857,
            42.54141
          ],
          [
            -0.34035,
            42.54047
          ],
          [
            -0.34083,
            42.54028
          ],
          [
            -0.34177,
            42.53987
          ],
          [
            -0.34218,
            42.53962
          ],
          [
            -0.34238,
            42.53948
          ],
          [
            -0.34257,
            42.53933
          ],
          [
            -0.34279,
            42.5392
          ],
          [
            -0.34298,
            42.53906
          ],
          [
            -0.34335,
            42.53876
          ],
          [
            -0.34347,
            42.53857
          ],
          [
            -0.34364,
            42.53821
          ],
          [
            -0.34378,
            42.5378
          ],
          [
            -0.34389,
            42.53761
          ],
          [
            -0.34397,
            42.53742
          ],
          [
            -0.34435,
            42.53666
          ],
          [
            -0.34486,
            42.53572
          ],
          [
            -0.34501,
            42.53556
          ],
          [
            -0.34554,
            42.53506
          ],
          [
            -0.34567,
            42.53487
          ],
          [
            -0.34584,
            42.53471
          ],
          [
            -0.34618,
            42.53443
          ],
          [
            -0.34638,
            42.53431
          ],
          [
            -0.34652,
            42.53415
          ],
          [
            -0.34691,
            42.53387
          ],
          [
            -0.34705,
            42.53369
          ],
          [
            -0.3474,
            42.53338
          ],
          [
            -0.34745,
            42.53317
          ],
          [
            -0.34745,
            42.53296
          ],
          [
            -0.34742,
            42.53276
          ],
          [
            -0.34738,
            42.5324
          ],
          [
            -0.34729,
            42.53203
          ],
          [
            -0.34723,
            42.53165
          ],
          [
            -0.34731,
            42.53126
          ],
          [
            -0.34733,
            42.53069
          ],
          [
            -0.34726,
            42.53049
          ],
          [
            -0.34726,
            42.5303
          ],
          [
            -0.34731,
            42.53012
          ],
          [
            -0.34733,
            42.52992
          ],
          [
            -0.3474,
            42.52975
          ],
          [
            -0.34742,
            42.52955
          ],
          [
            -0.34747,
            42.52937
          ],
          [
            -0.34753,
            42.52896
          ],
          [
            -0.34766,
            42.52859
          ],
          [
            -0.34782,
            42.52843
          ],
          [
            -0.34791,
            42.52825
          ],
          [
            -0.34807,
            42.52786
          ],
          [
            -0.34812,
            42.52766
          ],
          [
            -0.34819,
            42.52747
          ],
          [
            -0.34825,
            42.52706
          ],
          [
            -0.3483,
            42.52686
          ],
          [
            -0.34832,
            42.52666
          ],
          [
            -0.3484,
            42.52624
          ],
          [
            -0.34846,
            42.52563
          ],
          [
            -0.34837,
            42.52548
          ],
          [
            -0.34832,
            42.5253
          ],
          [
            -0.34846,
            42.52516
          ],
          [
            -0.34854,
            42.52496
          ],
          [
            -0.34866,
            42.52479
          ],
          [
            -0.34876,
            42.52458
          ],
          [
            -0.34887,
            42.52452
          ],
          [
            -0.34951,
            42.52447
          ],
          [
            -0.34963,
            42.52444
          ],
          [
            -0.34977,
            42.52428
          ],
          [
            -0.35003,
            42.5242
          ],
          [
            -0.35002,
            42.52397
          ],
          [
            -0.35008,
            42.52384
          ],
          [
            -0.35013,
            42.52354
          ],
          [
            -0.35022,
            42.52338
          ],
          [
            -0.35046,
            42.52305
          ],
          [
            -0.35055,
            42.52288
          ],
          [
            -0.35092,
            42.52238
          ],
          [
            -0.35121,
            42.52205
          ],
          [
            -0.35177,
            42.52136
          ],
          [
            -0.352,
            42.52099
          ],
          [
            -0.35215,
            42.52082
          ],
          [
            -0.35234,
            42.52069
          ],
          [
            -0.35257,
            42.52059
          ],
          [
            -0.35263,
            42.52041
          ],
          [
            -0.35262,
            42.52024
          ],
          [
            -0.3531,
            42.51958
          ],
          [
            -0.35326,
            42.51941
          ],
          [
            -0.35352,
            42.51905
          ],
          [
            -0.35383,
            42.51871
          ],
          [
            -0.35435,
            42.51825
          ],
          [
            -0.35451,
            42.51808
          ],
          [
            -0.35553,
            42.51718
          ],
          [
            -0.35568,
            42.51702
          ],
          [
            -0.35582,
            42.51685
          ],
          [
            -0.35631,
            42.5164
          ],
          [
            -0.35701,
            42.51578
          ],
          [
            -0.35724,
            42.51565
          ],
          [
            -0.35817,
            42.51526
          ],
          [
            -0.35895,
            42.51488
          ],
          [
            -0.3596,
            42.51445
          ],
          [
            -0.36,
            42.51415
          ],
          [
            -0.36017,
            42.51417
          ],
          [
            -0.36038,
            42.51431
          ],
          [
            -0.36084,
            42.51464
          ],
          [
            -0.36259,
            42.51598
          ],
          [
            -0.3628,
            42.51616
          ],
          [
            -0.36342,
            42.51665
          ],
          [
            -0.36361,
            42.51682
          ],
          [
            -0.36372,
            42.51701
          ],
          [
            -0.36381,
            42.51727
          ],
          [
            -0.36385,
            42.51749
          ],
          [
            -0.36403,
            42.51799
          ],
          [
            -0.36414,
            42.51808
          ],
          [
            -0.36417,
            42.51815
          ],
          [
            -0.36452,
            42.51837
          ],
          [
            -0.36481,
            42.51835
          ],
          [
            -0.36517,
            42.51835
          ],
          [
            -0.3666,
            42.51826
          ],
          [
            -0.36697,
            42.51825
          ],
          [
            -0.36768,
            42.51844
          ],
          [
            -0.37033,
            42.51943
          ],
          [
            -0.37046,
            42.5194
          ],
          [
            -0.37028,
            42.5193
          ],
          [
            -0.36981,
            42.51908
          ],
          [
            -0.36991,
            42.51885
          ],
          [
            -0.37002,
            42.51867
          ],
          [
            -0.37014,
            42.51849
          ],
          [
            -0.37039,
            42.51819
          ],
          [
            -0.3705,
            42.51818
          ],
          [
            -0.37131,
            42.51833
          ],
          [
            -0.37212,
            42.51842
          ],
          [
            -0.3728,
            42.51855
          ],
          [
            -0.37304,
            42.51861
          ],
          [
            -0.37318,
            42.51853
          ],
          [
            -0.37307,
            42.51826
          ],
          [
            -0.37317,
            42.51818
          ],
          [
            -0.37369,
            42.51815
          ],
          [
            -0.37393,
            42.51807
          ],
          [
            -0.37418,
            42.51782
          ],
          [
            -0.37426,
            42.51766
          ],
          [
            -0.37418,
            42.51735
          ],
          [
            -0.3743,
            42.51714
          ],
          [
            -0.37468,
            42.51663
          ],
          [
            -0.37498,
            42.51615
          ],
          [
            -0.37482,
            42.51578
          ],
          [
            -0.37477,
            42.51562
          ],
          [
            -0.37461,
            42.51547
          ],
          [
            -0.37435,
            42.51537
          ],
          [
            -0.37409,
            42.51529
          ],
          [
            -0.37365,
            42.51521
          ],
          [
            -0.37356,
            42.51512
          ],
          [
            -0.37359,
            42.51497
          ],
          [
            -0.37378,
            42.51489
          ],
          [
            -0.37398,
            42.5149
          ],
          [
            -0.37412,
            42.51483
          ],
          [
            -0.37445,
            42.51464
          ],
          [
            -0.37472,
            42.51447
          ],
          [
            -0.37498,
            42.51425
          ],
          [
            -0.37547,
            42.51444
          ],
          [
            -0.37572,
            42.51449
          ],
          [
            -0.37607,
            42.51452
          ],
          [
            -0.37664,
            42.51463
          ],
          [
            -0.37686,
            42.51463
          ],
          [
            -0.3775,
            42.51464
          ],
          [
            -0.37781,
            42.51462
          ],
          [
            -0.37809,
            42.51465
          ],
          [
            -0.37831,
            42.51478
          ],
          [
            -0.37846,
            42.51496
          ],
          [
            -0.37865,
            42.51534
          ],
          [
            -0.37885,
            42.51546
          ],
          [
            -0.37959,
            42.51566
          ],
          [
            -0.37986,
            42.51571
          ],
          [
            -0.38014,
            42.51573
          ],
          [
            -0.3804,
            42.51573
          ],
          [
            -0.38087,
            42.51588
          ],
          [
            -0.38131,
            42.51608
          ],
          [
            -0.38153,
            42.51616
          ],
          [
            -0.38224,
            42.5163
          ],
          [
            -0.38275,
            42.51636
          ],
          [
            -0.383,
            42.51643
          ],
          [
            -0.38344,
            42.51663
          ],
          [
            -0.38368,
            42.51672
          ],
          [
            -0.38394,
            42.51676
          ],
          [
            -0.3845,
            42.51675
          ],
          [
            -0.38477,
            42.51677
          ],
          [
            -0.38503,
            42.51683
          ],
          [
            -0.38533,
            42.51694
          ],
          [
            -0.38592,
            42.51711
          ],
          [
            -0.38638,
            42.51726
          ],
          [
            -0.3871,
            42.51754
          ],
          [
            -0.38732,
            42.51768
          ],
          [
            -0.38754,
            42.51779
          ],
          [
            -0.38824,
            42.51809
          ],
          [
            -0.38849,
            42.51818
          ],
          [
            -0.38923,
            42.51836
          ],
          [
            -0.3899,
            42.51867
          ],
          [
            -0.39027,
            42.51896
          ],
          [
            -0.39046,
            42.51909
          ],
          [
            -0.39069,
            42.5192
          ],
          [
            -0.39166,
            42.51953
          ],
          [
            -0.39188,
            42.51966
          ],
          [
            -0.39265,
            42.51993
          ],
          [
            -0.39315,
            42.52019
          ],
          [
            -0.39365,
            42.52048
          ],
          [
            -0.39393,
            42.5206
          ],
          [
            -0.39418,
            42.52077
          ],
          [
            -0.39444,
            42.52083
          ],
          [
            -0.3947,
            42.52085
          ],
          [
            -0.39519,
            42.52081
          ],
          [
            -0.39544,
            42.52082
          ],
          [
            -0.39597,
            42.5209
          ],
          [
            -0.39623,
            42.52093
          ],
          [
            -0.3965,
            42.52092
          ],
          [
            -0.39704,
            42.52095
          ],
          [
            -0.39756,
            42.52103
          ],
          [
            -0.39903,
            42.52158
          ],
          [
            -0.40026,
            42.52197
          ],
          [
            -0.40071,
            42.52219
          ],
          [
            -0.40091,
            42.52233
          ],
          [
            -0.40114,
            42.52243
          ],
          [
            -0.4019,
            42.5226
          ],
          [
            -0.40216,
            42.52264
          ],
          [
            -0.40242,
            42.52273
          ],
          [
            -0.40285,
            42.52292
          ],
          [
            -0.40326,
            42.52312
          ],
          [
            -0.40387,
            42.52348
          ],
          [
            -0.40444,
            42.52389
          ],
          [
            -0.40476,
            42.52422
          ],
          [
            -0.40485,
            42.52442
          ],
          [
            -0.40513,
            42.5248
          ],
          [
            -0.40523,
            42.52506
          ],
          [
            -0.40544,
            42.52512
          ],
          [
            -0.40599,
            42.52518
          ],
          [
            -0.40699,
            42.52548
          ],
          [
            -0.40725,
            42.52551
          ],
          [
            -0.40774,
            42.52563
          ],
          [
            -0.40799,
            42.52567
          ],
          [
            -0.40979,
            42.52611
          ],
          [
            -0.41037,
            42.52628
          ],
          [
            -0.41063,
            42.52637
          ],
          [
            -0.41141,
            42.52658
          ],
          [
            -0.41194,
            42.52669
          ],
          [
            -0.41325,
            42.52701
          ],
          [
            -0.41441,
            42.52726
          ],
          [
            -0.41779,
            42.52807
          ],
          [
            -0.41855,
            42.52827
          ],
          [
            -0.42107,
            42.52884
          ],
          [
            -0.42133,
            42.52888
          ],
          [
            -0.42376,
            42.52947
          ],
          [
            -0.42487,
            42.52977
          ],
          [
            -0.4259,
            42.53012
          ],
          [
            -0.42618,
            42.53019
          ],
          [
            -0.42697,
            42.53046
          ],
          [
            -0.4283,
            42.53087
          ],
          [
            -0.42929,
            42.53114
          ],
          [
            -0.43024,
            42.53138
          ],
          [
            -0.43153,
            42.53165
          ],
          [
            -0.43284,
            42.53188
          ],
          [
            -0.4334,
            42.53196
          ],
          [
            -0.43366,
            42.53195
          ],
          [
            -0.43488,
            42.53202
          ],
          [
            -0.43526,
            42.53211
          ],
          [
            -0.4355,
            42.5322
          ],
          [
            -0.43577,
            42.53226
          ],
          [
            -0.43603,
            42.53236
          ],
          [
            -0.4366,
            42.53253
          ],
          [
            -0.43678,
            42.53262
          ],
          [
            -0.4373,
            42.53282
          ],
          [
            -0.43782,
            42.53304
          ],
          [
            -0.43841,
            42.5332
          ],
          [
            -0.43866,
            42.53325
          ],
          [
            -0.44079,
            42.53349
          ],
          [
            -0.44241,
            42.53374
          ],
          [
            -0.44346,
            42.53397
          ],
          [
            -0.44432,
            42.53419
          ],
          [
            -0.44551,
            42.53441
          ],
          [
            -0.44602,
            42.53453
          ],
          [
            -0.44629,
            42.53461
          ],
          [
            -0.44682,
            42.53471
          ],
          [
            -0.44805,
            42.53499
          ],
          [
            -0.44883,
            42.53514
          ],
          [
            -0.44933,
            42.53527
          ],
          [
            -0.45007,
            42.53542
          ],
          [
            -0.45058,
            42.53554
          ],
          [
            -0.45259,
            42.53613
          ],
          [
            -0.45333,
            42.53629
          ],
          [
            -0.45433,
            42.53646
          ],
          [
            -0.45532,
            42.53668
          ],
          [
            -0.45584,
            42.53676
          ],
          [
            -0.45635,
            42.53687
          ],
          [
            -0.45714,
            42.53705
          ],
          [
            -0.45789,
            42.53725
          ],
          [
            -0.45917,
            42.53754
          ],
          [
            -0.46023,
            42.53771
          ],
          [
            -0.461,
            42.53788
          ],
          [
            -0.4615,
            42.53795
          ],
          [
            -0.46251,
            42.53818
          ],
          [
            -0.46406,
            42.53847
          ],
          [
            -0.46431,
            42.53853
          ],
          [
            -0.4666,
            42.53895
          ],
          [
            -0.46759,
            42.53912
          ],
          [
            -0.46832,
            42.53928
          ],
          [
            -0.47005,
            42.53962
          ],
          [
            -0.4703,
            42.53966
          ],
          [
            -0.47109,
            42.53982
          ],
          [
            -0.47158,
            42.5399
          ],
          [
            -0.4728,
            42.54014
          ],
          [
            -0.47305,
            42.54015
          ],
          [
            -0.47319,
            42.54014
          ],
          [
            -0.47317,
            42.53999
          ],
          [
            -0.47318,
            42.53989
          ],
          [
            -0.47323,
            42.53971
          ],
          [
            -0.47331,
            42.53954
          ],
          [
            -0.47345,
            42.53937
          ],
          [
            -0.47372,
            42.53885
          ],
          [
            -0.47382,
            42.53868
          ],
          [
            -0.47444,
            42.53789
          ],
          [
            -0.47453,
            42.53771
          ],
          [
            -0.47465,
            42.53735
          ],
          [
            -0.4747,
            42.53716
          ],
          [
            -0.47479,
            42.53698
          ],
          [
            -0.47505,
            42.53666
          ],
          [
            -0.47571,
            42.53608
          ],
          [
            -0.476,
            42.53577
          ],
          [
            -0.47631,
            42.53549
          ],
          [
            -0.47863,
            42.53381
          ],
          [
            -0.479,
            42.53356
          ],
          [
            -0.48008,
            42.53304
          ],
          [
            -0.48033,
            42.53296
          ],
          [
            -0.48059,
            42.53291
          ],
          [
            -0.48087,
            42.53284
          ],
          [
            -0.48129,
            42.53261
          ],
          [
            -0.48159,
            42.53249
          ],
          [
            -0.48208,
            42.5324
          ],
          [
            -0.4822,
            42.53255
          ],
          [
            -0.48233,
            42.53263
          ],
          [
            -0.48238,
            42.53267
          ],
          [
            -0.48257,
            42.53273
          ],
          [
            -0.48272,
            42.53275
          ],
          [
            -0.48276,
            42.5329
          ],
          [
            -0.48283,
            42.53298
          ],
          [
            -0.48288,
            42.53305
          ],
          [
            -0.48304,
            42.53314
          ],
          [
            -0.48306,
            42.53334
          ],
          [
            -0.48303,
            42.53354
          ],
          [
            -0.48284,
            42.53397
          ],
          [
            -0.48279,
            42.53417
          ],
          [
            -0.48276,
            42.53439
          ],
          [
            -0.48276,
            42.5346
          ],
          [
            -0.48273,
            42.5348
          ],
          [
            -0.48262,
            42.53543
          ],
          [
            -0.4826,
            42.53564
          ],
          [
            -0.48259,
            42.53605
          ],
          [
            -0.48264,
            42.53624
          ],
          [
            -0.48306,
            42.5365
          ],
          [
            -0.48319,
            42.53665
          ],
          [
            -0.4835,
            42.53695
          ],
          [
            -0.48375,
            42.53731
          ],
          [
            -0.48394,
            42.53742
          ],
          [
            -0.48403,
            42.53741
          ],
          [
            -0.48405,
            42.53737
          ],
          [
            -0.48397,
            42.53724
          ],
          [
            -0.48391,
            42.53706
          ],
          [
            -0.48395,
            42.53695
          ],
          [
            -0.48404,
            42.53692
          ],
          [
            -0.48415,
            42.5369
          ],
          [
            -0.4843,
            42.537
          ],
          [
            -0.48456,
            42.5371
          ],
          [
            -0.48475,
            42.53722
          ],
          [
            -0.48527,
            42.53766
          ],
          [
            -0.48541,
            42.53782
          ],
          [
            -0.48561,
            42.53794
          ],
          [
            -0.48587,
            42.53795
          ],
          [
            -0.48669,
            42.53807
          ],
          [
            -0.48696,
            42.53809
          ],
          [
            -0.48738,
            42.53817
          ],
          [
            -0.48764,
            42.53841
          ],
          [
            -0.48777,
            42.53858
          ],
          [
            -0.48784,
            42.53877
          ],
          [
            -0.48785,
            42.53916
          ],
          [
            -0.48775,
            42.53955
          ],
          [
            -0.48775,
            42.53965
          ],
          [
            -0.48786,
            42.53975
          ],
          [
            -0.48833,
            42.53992
          ],
          [
            -0.48849,
            42.54007
          ],
          [
            -0.48873,
            42.54013
          ],
          [
            -0.48922,
            42.5402
          ],
          [
            -0.48946,
            42.54025
          ],
          [
            -0.48943,
            42.54044
          ],
          [
            -0.48917,
            42.54119
          ],
          [
            -0.48909,
            42.54137
          ],
          [
            -0.48897,
            42.54154
          ],
          [
            -0.48834,
            42.5419
          ],
          [
            -0.48794,
            42.54216
          ],
          [
            -0.48716,
            42.54264
          ],
          [
            -0.48696,
            42.5428
          ],
          [
            -0.48682,
            42.54287
          ],
          [
            -0.48663,
            42.54315
          ],
          [
            -0.48661,
            42.54323
          ],
          [
            -0.48665,
            42.54334
          ],
          [
            -0.48679,
            42.54351
          ],
          [
            -0.48689,
            42.5437
          ],
          [
            -0.4869,
            42.5439
          ],
          [
            -0.48684,
            42.54417
          ],
          [
            -0.48727,
            42.54427
          ],
          [
            -0.48753,
            42.54431
          ],
          [
            -0.48779,
            42.54432
          ],
          [
            -0.48793,
            42.54429
          ],
          [
            -0.48805,
            42.54426
          ],
          [
            -0.48825,
            42.54411
          ],
          [
            -0.48842,
            42.54397
          ],
          [
            -0.48856,
            42.54381
          ],
          [
            -0.48874,
            42.54366
          ],
          [
            -0.489,
            42.54363
          ],
          [
            -0.49051,
            42.54389
          ],
          [
            -0.4929,
            42.54418
          ],
          [
            -0.49345,
            42.54427
          ],
          [
            -0.49373,
            42.5443
          ],
          [
            -0.49427,
            42.54431
          ],
          [
            -0.49507,
            42.54431
          ],
          [
            -0.49531,
            42.54436
          ],
          [
            -0.49688,
            42.54437
          ],
          [
            -0.49769,
            42.5444
          ],
          [
            -0.49873,
            42.54447
          ],
          [
            -0.49899,
            42.54452
          ],
          [
            -0.49925,
            42.5446
          ],
          [
            -0.49996,
            42.54505
          ],
          [
            -0.50013,
            42.54507
          ],
          [
            -0.50037,
            42.54506
          ],
          [
            -0.50212,
            42.54457
          ],
          [
            -0.50245,
            42.54459
          ],
          [
            -0.50306,
            42.54492
          ],
          [
            -0.50414,
            42.54534
          ],
          [
            -0.50438,
            42.54541
          ],
          [
            -0.50487,
            42.5456
          ],
          [
            -0.50562,
            42.54585
          ],
          [
            -0.50611,
            42.54601
          ],
          [
            -0.50679,
            42.54626
          ],
          [
            -0.50754,
            42.5465
          ],
          [
            -0.50783,
            42.54658
          ],
          [
            -0.50864,
            42.54676
          ],
          [
            -0.50902,
            42.54682
          ],
          [
            -0.50916,
            42.54682
          ],
          [
            -0.50969,
            42.54675
          ],
          [
            -0.51019,
            42.54674
          ],
          [
            -0.51101,
            42.54681
          ],
          [
            -0.51241,
            42.54707
          ],
          [
            -0.51293,
            42.54721
          ],
          [
            -0.51317,
            42.54729
          ],
          [
            -0.51395,
            42.54761
          ],
          [
            -0.51417,
            42.54774
          ],
          [
            -0.51444,
            42.54787
          ],
          [
            -0.5151,
            42.54824
          ],
          [
            -0.51577,
            42.54865
          ],
          [
            -0.51626,
            42.54883
          ],
          [
            -0.51726,
            42.54907
          ],
          [
            -0.51869,
            42.54949
          ],
          [
            -0.51951,
            42.54969
          ],
          [
            -0.52002,
            42.54985
          ],
          [
            -0.52023,
            42.55
          ],
          [
            -0.52038,
            42.55017
          ],
          [
            -0.52056,
            42.55053
          ],
          [
            -0.52063,
            42.55073
          ],
          [
            -0.52076,
            42.55098
          ],
          [
            -0.52148,
            42.55146
          ],
          [
            -0.52194,
            42.55169
          ],
          [
            -0.52242,
            42.55182
          ],
          [
            -0.52499,
            42.55215
          ],
          [
            -0.52524,
            42.55216
          ],
          [
            -0.52624,
            42.55231
          ],
          [
            -0.52758,
            42.55246
          ],
          [
            -0.52807,
            42.55247
          ],
          [
            -0.52834,
            42.55245
          ],
          [
            -0.52859,
            42.55241
          ],
          [
            -0.5291,
            42.55238
          ],
          [
            -0.52935,
            42.55237
          ],
          [
            -0.52959,
            42.55238
          ],
          [
            -0.52983,
            42.55243
          ],
          [
            -0.53007,
            42.5525
          ],
          [
            -0.53027,
            42.5526
          ],
          [
            -0.53059,
            42.5529
          ],
          [
            -0.53073,
            42.55306
          ],
          [
            -0.53107,
            42.55337
          ],
          [
            -0.53123,
            42.55358
          ],
          [
            -0.53153,
            42.55383
          ],
          [
            -0.53216,
            42.55444
          ],
          [
            -0.53246,
            42.55476
          ],
          [
            -0.53326,
            42.55552
          ],
          [
            -0.53363,
            42.55578
          ],
          [
            -0.53425,
            42.55615
          ],
          [
            -0.53444,
            42.55629
          ],
          [
            -0.53461,
            42.55645
          ],
          [
            -0.53476,
            42.55662
          ],
          [
            -0.53488,
            42.5568
          ],
          [
            -0.5352,
            42.55755
          ],
          [
            -0.53542,
            42.55793
          ],
          [
            -0.5356,
            42.55808
          ],
          [
            -0.53619,
            42.55845
          ],
          [
            -0.53639,
            42.55855
          ],
          [
            -0.53755,
            42.55933
          ],
          [
            -0.53772,
            42.5595
          ],
          [
            -0.53792,
            42.55965
          ],
          [
            -0.53824,
            42.55995
          ],
          [
            -0.53859,
            42.56024
          ],
          [
            -0.53908,
            42.56071
          ],
          [
            -0.5394,
            42.56105
          ],
          [
            -0.53951,
            42.56124
          ],
          [
            -0.53957,
            42.56145
          ],
          [
            -0.53965,
            42.56187
          ],
          [
            -0.53972,
            42.56205
          ],
          [
            -0.53982,
            42.56225
          ],
          [
            -0.54028,
            42.56295
          ],
          [
            -0.54043,
            42.56312
          ],
          [
            -0.5406,
            42.56327
          ],
          [
            -0.5408,
            42.5634
          ],
          [
            -0.54213,
            42.56412
          ],
          [
            -0.54235,
            42.56427
          ],
          [
            -0.54255,
            42.56445
          ],
          [
            -0.54268,
            42.56465
          ],
          [
            -0.54273,
            42.56484
          ],
          [
            -0.54286,
            42.5651
          ],
          [
            -0.54305,
            42.56519
          ],
          [
            -0.54321,
            42.56531
          ],
          [
            -0.54342,
            42.56551
          ],
          [
            -0.54349,
            42.56566
          ],
          [
            -0.5437,
            42.56589
          ],
          [
            -0.54414,
            42.56631
          ],
          [
            -0.5443,
            42.5664
          ],
          [
            -0.54453,
            42.56644
          ],
          [
            -0.54469,
            42.56651
          ],
          [
            -0.54478,
            42.56661
          ],
          [
            -0.54473,
            42.56671
          ],
          [
            -0.54467,
            42.56676
          ],
          [
            -0.5447,
            42.56685
          ],
          [
            -0.54494,
            42.56708
          ],
          [
            -0.54515,
            42.56721
          ],
          [
            -0.54531,
            42.56741
          ],
          [
            -0.54565,
            42.56763
          ],
          [
            -0.54576,
            42.56768
          ],
          [
            -0.54597,
            42.56809
          ],
          [
            -0.54632,
            42.56868
          ],
          [
            -0.54634,
            42.56902
          ],
          [
            -0.54659,
            42.56878
          ],
          [
            -0.54755,
            42.56875
          ],
          [
            -0.54787,
            42.56881
          ],
          [
            -0.54835,
            42.56897
          ],
          [
            -0.54896,
            42.56914
          ],
          [
            -0.54977,
            42.56944
          ],
          [
            -0.54933,
            42.57005
          ],
          [
            -0.54913,
            42.5704
          ],
          [
            -0.54925,
            42.57056
          ]
        ]
      }
    }
  ]
}