{
  "type": "FeatureCollection",
  "name": "camino_lourdes_jaca_por_gavarnie",
  "crs": {
    "type": "name",
    "properties": {
      "name": "urn:ogc:def:crs:OGC:1.3:CRS84"
    }
  },
  "features": [
    {
      "type": "Feature",
      "properties": {
        "name": "Camino de Lourdes a Jaca por Gavarnie (Godesalco)",
        "variant": "Gavarnie",
        "source": "https://godesalco.com/maps/lourdes-gavarnie",
        "source_data": "https://godesalco.com/data/gmaps/files/lourdes-gavarnie_encoded_line.json",
        "point_count": 4552,
        "length_km_geodesic": 147.792
      },
      "geometry": {
        "type": "LineString",
        "coordinates": [
          [
            -0.05566,
            43.09769
          ],
          [
            -0.05572,
            43.09717
          ],
          [
            -0.05566,
            43.09701
          ],
          [
            -0.05556,
            43.09687
          ],
          [
            -0.05536,
            43.09675
          ],
          [
            -0.05529,
            43.09664
          ],
          [
            -0.05434,
            43.09673
          ],
          [
            -0.05372,
            43.09604
          ],
          [
            -0.05333,
            43.09556
          ],
          [
            -0.05316,
            43.09532
          ],
          [
            -0.05271,
            43.09519
          ],
          [
            -0.0525,
            43.09518
          ],
          [
            -0.05238,
            43.09512
          ],
          [
            -0.05241,
            43.09495
          ],
          [
            -0.05281,
            43.09412
          ],
          [
            -0.05306,
            43.09387
          ],
          [
            -0.05315,
            43.09393
          ],
          [
            -0.05335,
            43.09375
          ],
          [
            -0.05354,
            43.09356
          ],
          [
            -0.0538,
            43.09336
          ],
          [
            -0.05396,
            43.0932
          ],
          [
            -0.05438,
            43.09275
          ],
          [
            -0.05486,
            43.09228
          ],
          [
            -0.05498,
            43.0921
          ],
          [
            -0.05504,
            43.09191
          ],
          [
            -0.05494,
            43.09174
          ],
          [
            -0.05478,
            43.09151
          ],
          [
            -0.05461,
            43.09122
          ],
          [
            -0.05442,
            43.09083
          ],
          [
            -0.05425,
            43.09061
          ],
          [
            -0.05409,
            43.09022
          ],
          [
            -0.05398,
            43.09004
          ],
          [
            -0.05382,
            43.08985
          ],
          [
            -0.05376,
            43.08968
          ],
          [
            -0.05354,
            43.0893
          ],
          [
            -0.05329,
            43.08893
          ],
          [
            -0.05301,
            43.08835
          ],
          [
            -0.05282,
            43.08824
          ],
          [
            -0.05272,
            43.08823
          ],
          [
            -0.05258,
            43.08814
          ],
          [
            -0.05191,
            43.08797
          ],
          [
            -0.05166,
            43.08788
          ],
          [
            -0.05151,
            43.08777
          ],
          [
            -0.05134,
            43.08761
          ],
          [
            -0.05095,
            43.08729
          ],
          [
            -0.05087,
            43.08717
          ],
          [
            -0.05079,
            43.08699
          ],
          [
            -0.05072,
            43.0868
          ],
          [
            -0.05066,
            43.0864
          ],
          [
            -0.0505,
            43.08604
          ],
          [
            -0.05059,
            43.08586
          ],
          [
            -0.05073,
            43.0857
          ],
          [
            -0.05086,
            43.08552
          ],
          [
            -0.05095,
            43.08535
          ],
          [
            -0.05117,
            43.08479
          ],
          [
            -0.0513,
            43.08441
          ],
          [
            -0.05139,
            43.0842
          ],
          [
            -0.05152,
            43.08404
          ],
          [
            -0.05199,
            43.08375
          ],
          [
            -0.05217,
            43.08356
          ],
          [
            -0.05244,
            43.08311
          ],
          [
            -0.05256,
            43.08286
          ],
          [
            -0.0526,
            43.08271
          ],
          [
            -0.05244,
            43.08228
          ],
          [
            -0.05248,
            43.082
          ],
          [
            -0.05274,
            43.08171
          ],
          [
            -0.05232,
            43.08138
          ],
          [
            -0.05142,
            43.08101
          ],
          [
            -0.05135,
            43.08088
          ],
          [
            -0.05163,
            43.08025
          ],
          [
            -0.05164,
            43.08013
          ],
          [
            -0.05155,
            43.07991
          ],
          [
            -0.05143,
            43.07974
          ],
          [
            -0.05133,
            43.07946
          ],
          [
            -0.05135,
            43.0793
          ],
          [
            -0.05139,
            43.07912
          ],
          [
            -0.05134,
            43.07867
          ],
          [
            -0.05121,
            43.07819
          ],
          [
            -0.05113,
            43.07813
          ],
          [
            -0.05082,
            43.07798
          ],
          [
            -0.05041,
            43.07785
          ],
          [
            -0.05036,
            43.07775
          ],
          [
            -0.05022,
            43.07723
          ],
          [
            -0.05004,
            43.07705
          ],
          [
            -0.04987,
            43.07696
          ],
          [
            -0.04962,
            43.07688
          ],
          [
            -0.04929,
            43.07685
          ],
          [
            -0.04897,
            43.07687
          ],
          [
            -0.0486,
            43.07699
          ],
          [
            -0.04812,
            43.07716
          ],
          [
            -0.04784,
            43.07717
          ],
          [
            -0.04744,
            43.0771
          ],
          [
            -0.04682,
            43.07704
          ],
          [
            -0.04657,
            43.07695
          ],
          [
            -0.04639,
            43.07682
          ],
          [
            -0.04637,
            43.07675
          ],
          [
            -0.04638,
            43.07663
          ],
          [
            -0.04664,
            43.07625
          ],
          [
            -0.04682,
            43.07588
          ],
          [
            -0.0472,
            43.07536
          ],
          [
            -0.0473,
            43.07515
          ],
          [
            -0.04732,
            43.07495
          ],
          [
            -0.0476,
            43.07485
          ],
          [
            -0.04765,
            43.0748
          ],
          [
            -0.04766,
            43.07472
          ],
          [
            -0.04759,
            43.07454
          ],
          [
            -0.04745,
            43.07433
          ],
          [
            -0.04724,
            43.07395
          ],
          [
            -0.04726,
            43.07375
          ],
          [
            -0.04732,
            43.07357
          ],
          [
            -0.04748,
            43.0733
          ],
          [
            -0.04736,
            43.073
          ],
          [
            -0.04691,
            43.07281
          ],
          [
            -0.04645,
            43.07259
          ],
          [
            -0.0463,
            43.07242
          ],
          [
            -0.04613,
            43.07227
          ],
          [
            -0.04606,
            43.07211
          ],
          [
            -0.04607,
            43.07203
          ],
          [
            -0.04617,
            43.07184
          ],
          [
            -0.04638,
            43.0715
          ],
          [
            -0.04662,
            43.07117
          ],
          [
            -0.04676,
            43.071
          ],
          [
            -0.04694,
            43.07086
          ],
          [
            -0.04717,
            43.07076
          ],
          [
            -0.04756,
            43.07082
          ],
          [
            -0.04764,
            43.07081
          ],
          [
            -0.0477,
            43.07075
          ],
          [
            -0.04774,
            43.07056
          ],
          [
            -0.04781,
            43.07034
          ],
          [
            -0.04816,
            43.07008
          ],
          [
            -0.04815,
            43.07
          ],
          [
            -0.04811,
            43.06994
          ],
          [
            -0.04799,
            43.06994
          ],
          [
            -0.0479,
            43.07003
          ],
          [
            -0.04774,
            43.07008
          ],
          [
            -0.04765,
            43.07006
          ],
          [
            -0.04772,
            43.06989
          ],
          [
            -0.04802,
            43.06953
          ],
          [
            -0.04806,
            43.06944
          ],
          [
            -0.04799,
            43.06938
          ],
          [
            -0.0478,
            43.06939
          ],
          [
            -0.04778,
            43.06934
          ],
          [
            -0.04798,
            43.06919
          ],
          [
            -0.04825,
            43.06915
          ],
          [
            -0.04856,
            43.06913
          ],
          [
            -0.049,
            43.06915
          ],
          [
            -0.04945,
            43.06886
          ],
          [
            -0.04949,
            43.06874
          ],
          [
            -0.0495,
            43.06858
          ],
          [
            -0.04924,
            43.06828
          ],
          [
            -0.04877,
            43.0679
          ],
          [
            -0.04845,
            43.06774
          ],
          [
            -0.04797,
            43.06756
          ],
          [
            -0.0478,
            43.0674
          ],
          [
            -0.04756,
            43.06703
          ],
          [
            -0.04718,
            43.06655
          ],
          [
            -0.04718,
            43.06645
          ],
          [
            -0.04722,
            43.06639
          ],
          [
            -0.04737,
            43.06629
          ],
          [
            -0.04768,
            43.06625
          ],
          [
            -0.04799,
            43.06625
          ],
          [
            -0.04859,
            43.06629
          ],
          [
            -0.04888,
            43.06629
          ],
          [
            -0.04946,
            43.06614
          ],
          [
            -0.05006,
            43.06587
          ],
          [
            -0.05012,
            43.06579
          ],
          [
            -0.05011,
            43.06563
          ],
          [
            -0.05002,
            43.0655
          ],
          [
            -0.0502,
            43.06559
          ],
          [
            -0.05059,
            43.06586
          ],
          [
            -0.0508,
            43.06597
          ],
          [
            -0.05092,
            43.06605
          ],
          [
            -0.05099,
            43.06612
          ],
          [
            -0.05111,
            43.06614
          ],
          [
            -0.0512,
            43.06597
          ],
          [
            -0.05129,
            43.06595
          ],
          [
            -0.05136,
            43.06598
          ],
          [
            -0.05155,
            43.06622
          ],
          [
            -0.05149,
            43.06602
          ],
          [
            -0.05135,
            43.06579
          ],
          [
            -0.05111,
            43.06551
          ],
          [
            -0.05084,
            43.06532
          ],
          [
            -0.05026,
            43.06504
          ],
          [
            -0.0499,
            43.065
          ],
          [
            -0.04963,
            43.06494
          ],
          [
            -0.04941,
            43.06484
          ],
          [
            -0.04921,
            43.06472
          ],
          [
            -0.04895,
            43.06452
          ],
          [
            -0.04882,
            43.06436
          ],
          [
            -0.04873,
            43.06416
          ],
          [
            -0.04854,
            43.06393
          ],
          [
            -0.04845,
            43.06371
          ],
          [
            -0.04852,
            43.06348
          ],
          [
            -0.04868,
            43.06318
          ],
          [
            -0.04864,
            43.06313
          ],
          [
            -0.04818,
            43.06281
          ],
          [
            -0.0482,
            43.06273
          ],
          [
            -0.04826,
            43.06266
          ],
          [
            -0.04805,
            43.06222
          ],
          [
            -0.04797,
            43.06214
          ],
          [
            -0.04795,
            43.06203
          ],
          [
            -0.04799,
            43.06192
          ],
          [
            -0.04792,
            43.06151
          ],
          [
            -0.04797,
            43.06141
          ],
          [
            -0.04801,
            43.06125
          ],
          [
            -0.048,
            43.06106
          ],
          [
            -0.04794,
            43.06068
          ],
          [
            -0.04778,
            43.06044
          ],
          [
            -0.04777,
            43.06033
          ],
          [
            -0.04782,
            43.06026
          ],
          [
            -0.04781,
            43.06014
          ],
          [
            -0.04798,
            43.06004
          ],
          [
            -0.04808,
            43.05993
          ],
          [
            -0.04863,
            43.05967
          ],
          [
            -0.04891,
            43.05955
          ],
          [
            -0.04922,
            43.05939
          ],
          [
            -0.04945,
            43.05921
          ],
          [
            -0.04947,
            43.05911
          ],
          [
            -0.04898,
            43.05886
          ],
          [
            -0.0486,
            43.05859
          ],
          [
            -0.04842,
            43.05832
          ],
          [
            -0.04849,
            43.05811
          ],
          [
            -0.04885,
            43.05761
          ],
          [
            -0.049,
            43.05716
          ],
          [
            -0.04908,
            43.05677
          ],
          [
            -0.04903,
            43.05628
          ],
          [
            -0.04916,
            43.056
          ],
          [
            -0.04969,
            43.05561
          ],
          [
            -0.04994,
            43.05547
          ],
          [
            -0.05011,
            43.05499
          ],
          [
            -0.05025,
            43.05479
          ],
          [
            -0.05031,
            43.05473
          ],
          [
            -0.05043,
            43.05449
          ],
          [
            -0.05051,
            43.05422
          ],
          [
            -0.05066,
            43.05403
          ],
          [
            -0.05097,
            43.05375
          ],
          [
            -0.05078,
            43.05366
          ],
          [
            -0.05114,
            43.05334
          ],
          [
            -0.05132,
            43.05313
          ],
          [
            -0.05154,
            43.053
          ],
          [
            -0.05215,
            43.05273
          ],
          [
            -0.05233,
            43.05258
          ],
          [
            -0.05264,
            43.05225
          ],
          [
            -0.05304,
            43.05176
          ],
          [
            -0.0532,
            43.05163
          ],
          [
            -0.05353,
            43.05131
          ],
          [
            -0.0544,
            43.05058
          ],
          [
            -0.05455,
            43.05042
          ],
          [
            -0.05509,
            43.04997
          ],
          [
            -0.05528,
            43.04984
          ],
          [
            -0.05593,
            43.04952
          ],
          [
            -0.05612,
            43.04939
          ],
          [
            -0.05634,
            43.04928
          ],
          [
            -0.05673,
            43.04906
          ],
          [
            -0.05728,
            43.04869
          ],
          [
            -0.05762,
            43.0484
          ],
          [
            -0.05838,
            43.04761
          ],
          [
            -0.05886,
            43.04716
          ],
          [
            -0.0593,
            43.04668
          ],
          [
            -0.05963,
            43.04638
          ],
          [
            -0.05976,
            43.04621
          ],
          [
            -0.05992,
            43.04606
          ],
          [
            -0.0602,
            43.04576
          ],
          [
            -0.06053,
            43.04544
          ],
          [
            -0.06065,
            43.04527
          ],
          [
            -0.06157,
            43.04433
          ],
          [
            -0.06171,
            43.04417
          ],
          [
            -0.06202,
            43.04385
          ],
          [
            -0.06254,
            43.04342
          ],
          [
            -0.06335,
            43.04291
          ],
          [
            -0.06367,
            43.04269
          ],
          [
            -0.06376,
            43.04261
          ],
          [
            -0.06392,
            43.04244
          ],
          [
            -0.06421,
            43.04205
          ],
          [
            -0.06455,
            43.04144
          ],
          [
            -0.06468,
            43.04127
          ],
          [
            -0.06483,
            43.04111
          ],
          [
            -0.06507,
            43.041
          ],
          [
            -0.06532,
            43.04097
          ],
          [
            -0.06557,
            43.0409
          ],
          [
            -0.06563,
            43.04087
          ],
          [
            -0.0657,
            43.0408
          ],
          [
            -0.06573,
            43.04064
          ],
          [
            -0.06579,
            43.04056
          ],
          [
            -0.06594,
            43.0405
          ],
          [
            -0.06616,
            43.0405
          ],
          [
            -0.06636,
            43.04054
          ],
          [
            -0.0665,
            43.04059
          ],
          [
            -0.06676,
            43.04063
          ],
          [
            -0.06728,
            43.04065
          ],
          [
            -0.06769,
            43.04057
          ],
          [
            -0.06844,
            43.04037
          ],
          [
            -0.06889,
            43.04017
          ],
          [
            -0.06913,
            43.04008
          ],
          [
            -0.06969,
            43.03993
          ],
          [
            -0.06992,
            43.03982
          ],
          [
            -0.07017,
            43.03973
          ],
          [
            -0.07045,
            43.03968
          ],
          [
            -0.07086,
            43.03932
          ],
          [
            -0.07114,
            43.03918
          ],
          [
            -0.07132,
            43.03912
          ],
          [
            -0.07162,
            43.03907
          ],
          [
            -0.072,
            43.03906
          ],
          [
            -0.07239,
            43.03898
          ],
          [
            -0.07257,
            43.03887
          ],
          [
            -0.07289,
            43.03858
          ],
          [
            -0.07304,
            43.03871
          ],
          [
            -0.07321,
            43.03877
          ],
          [
            -0.07324,
            43.03895
          ],
          [
            -0.0736,
            43.03902
          ],
          [
            -0.07397,
            43.03901
          ],
          [
            -0.07464,
            43.03893
          ],
          [
            -0.07498,
            43.03895
          ],
          [
            -0.07526,
            43.03889
          ],
          [
            -0.07554,
            43.03887
          ],
          [
            -0.0769,
            43.03891
          ],
          [
            -0.07745,
            43.03902
          ],
          [
            -0.07796,
            43.0387
          ],
          [
            -0.07817,
            43.03849
          ],
          [
            -0.07863,
            43.03838
          ],
          [
            -0.07911,
            43.03818
          ],
          [
            -0.07944,
            43.03791
          ],
          [
            -0.07966,
            43.03749
          ],
          [
            -0.07979,
            43.03712
          ],
          [
            -0.0797,
            43.03692
          ],
          [
            -0.07956,
            43.03672
          ],
          [
            -0.07947,
            43.03664
          ],
          [
            -0.07978,
            43.03645
          ],
          [
            -0.07981,
            43.0364
          ],
          [
            -0.07977,
            43.03635
          ],
          [
            -0.0799,
            43.03622
          ],
          [
            -0.0801,
            43.0361
          ],
          [
            -0.08025,
            43.03605
          ],
          [
            -0.08054,
            43.03604
          ],
          [
            -0.08063,
            43.03597
          ],
          [
            -0.0808,
            43.03564
          ],
          [
            -0.08097,
            43.03542
          ],
          [
            -0.08115,
            43.03524
          ],
          [
            -0.08133,
            43.0351
          ],
          [
            -0.08159,
            43.03493
          ],
          [
            -0.08267,
            43.03454
          ],
          [
            -0.08328,
            43.03416
          ],
          [
            -0.08334,
            43.03404
          ],
          [
            -0.08362,
            43.03408
          ],
          [
            -0.08392,
            43.03416
          ],
          [
            -0.08413,
            43.03429
          ],
          [
            -0.08431,
            43.03436
          ],
          [
            -0.08474,
            43.03413
          ],
          [
            -0.0852,
            43.03385
          ],
          [
            -0.08535,
            43.03363
          ],
          [
            -0.08581,
            43.03339
          ],
          [
            -0.08604,
            43.03323
          ],
          [
            -0.08633,
            43.0331
          ],
          [
            -0.08732,
            43.03274
          ],
          [
            -0.08752,
            43.03265
          ],
          [
            -0.08776,
            43.03257
          ],
          [
            -0.08801,
            43.03248
          ],
          [
            -0.08826,
            43.03231
          ],
          [
            -0.08849,
            43.03223
          ],
          [
            -0.08867,
            43.03209
          ],
          [
            -0.08914,
            43.03205
          ],
          [
            -0.0895,
            43.03204
          ],
          [
            -0.09011,
            43.03195
          ],
          [
            -0.09037,
            43.03188
          ],
          [
            -0.09098,
            43.03167
          ],
          [
            -0.09129,
            43.03158
          ],
          [
            -0.09153,
            43.03147
          ],
          [
            -0.09173,
            43.03134
          ],
          [
            -0.09193,
            43.03114
          ],
          [
            -0.09213,
            43.03089
          ],
          [
            -0.09235,
            43.03069
          ],
          [
            -0.09262,
            43.03047
          ],
          [
            -0.09275,
            43.03029
          ],
          [
            -0.09276,
            43.03003
          ],
          [
            -0.09265,
            43.03
          ],
          [
            -0.09258,
            43.02992
          ],
          [
            -0.09256,
            43.02975
          ],
          [
            -0.09258,
            43.02949
          ],
          [
            -0.09261,
            43.0293
          ],
          [
            -0.09268,
            43.02912
          ],
          [
            -0.09279,
            43.02895
          ],
          [
            -0.09289,
            43.02876
          ],
          [
            -0.0933,
            43.02852
          ],
          [
            -0.09348,
            43.02839
          ],
          [
            -0.09358,
            43.0283
          ],
          [
            -0.09362,
            43.02823
          ],
          [
            -0.0936,
            43.02807
          ],
          [
            -0.09356,
            43.02788
          ],
          [
            -0.09327,
            43.02779
          ],
          [
            -0.09274,
            43.02741
          ],
          [
            -0.09288,
            43.02717
          ],
          [
            -0.09335,
            43.02657
          ],
          [
            -0.09346,
            43.02642
          ],
          [
            -0.09356,
            43.02623
          ],
          [
            -0.09364,
            43.02614
          ],
          [
            -0.09389,
            43.0258
          ],
          [
            -0.094,
            43.02563
          ],
          [
            -0.09415,
            43.02551
          ],
          [
            -0.09482,
            43.02488
          ],
          [
            -0.09597,
            43.02407
          ],
          [
            -0.09618,
            43.02394
          ],
          [
            -0.09638,
            43.02378
          ],
          [
            -0.09649,
            43.02361
          ],
          [
            -0.09657,
            43.02343
          ],
          [
            -0.09668,
            43.02305
          ],
          [
            -0.09674,
            43.02268
          ],
          [
            -0.09687,
            43.02216
          ],
          [
            -0.09689,
            43.02159
          ],
          [
            -0.09688,
            43.02091
          ],
          [
            -0.09684,
            43.02071
          ],
          [
            -0.09681,
            43.02042
          ],
          [
            -0.09682,
            43.02022
          ],
          [
            -0.09676,
            43.01981
          ],
          [
            -0.09675,
            43.01936
          ],
          [
            -0.09683,
            43.0187
          ],
          [
            -0.09699,
            43.01789
          ],
          [
            -0.09703,
            43.01754
          ],
          [
            -0.09682,
            43.01752
          ],
          [
            -0.09691,
            43.01727
          ],
          [
            -0.09694,
            43.01708
          ],
          [
            -0.097,
            43.0169
          ],
          [
            -0.09709,
            43.01652
          ],
          [
            -0.0973,
            43.01576
          ],
          [
            -0.09739,
            43.01538
          ],
          [
            -0.09741,
            43.0152
          ],
          [
            -0.09747,
            43.01502
          ],
          [
            -0.09757,
            43.01457
          ],
          [
            -0.09772,
            43.01402
          ],
          [
            -0.09776,
            43.01383
          ],
          [
            -0.09782,
            43.01333
          ],
          [
            -0.09783,
            43.01286
          ],
          [
            -0.09792,
            43.01216
          ],
          [
            -0.09805,
            43.01203
          ],
          [
            -0.09807,
            43.01186
          ],
          [
            -0.0981,
            43.01123
          ],
          [
            -0.09813,
            43.01109
          ],
          [
            -0.09816,
            43.01065
          ],
          [
            -0.09821,
            43.0092
          ],
          [
            -0.09825,
            43.00893
          ],
          [
            -0.09827,
            43.00836
          ],
          [
            -0.09835,
            43.00767
          ],
          [
            -0.0985,
            43.00696
          ],
          [
            -0.0984,
            43.00686
          ],
          [
            -0.09848,
            43.00674
          ],
          [
            -0.09847,
            43.00661
          ],
          [
            -0.09853,
            43.00587
          ],
          [
            -0.09836,
            43.00563
          ],
          [
            -0.09857,
            43.00539
          ],
          [
            -0.09847,
            43.00535
          ],
          [
            -0.09815,
            43.00535
          ],
          [
            -0.09748,
            43.00548
          ],
          [
            -0.09725,
            43.00556
          ],
          [
            -0.09696,
            43.00563
          ],
          [
            -0.09642,
            43.0058
          ],
          [
            -0.09611,
            43.00581
          ],
          [
            -0.09592,
            43.00575
          ],
          [
            -0.09573,
            43.00581
          ],
          [
            -0.09573,
            43.00591
          ],
          [
            -0.09531,
            43.00598
          ],
          [
            -0.09407,
            43.00627
          ],
          [
            -0.0938,
            43.00632
          ],
          [
            -0.09352,
            43.00634
          ],
          [
            -0.09328,
            43.0063
          ],
          [
            -0.09309,
            43.00616
          ],
          [
            -0.09256,
            43.00567
          ],
          [
            -0.0922,
            43.00535
          ],
          [
            -0.09176,
            43.00504
          ],
          [
            -0.09145,
            43.00475
          ],
          [
            -0.09114,
            43.00441
          ],
          [
            -0.09066,
            43.00381
          ],
          [
            -0.09054,
            43.00365
          ],
          [
            -0.09043,
            43.00347
          ],
          [
            -0.09019,
            43.00314
          ],
          [
            -0.09009,
            43.00296
          ],
          [
            -0.08984,
            43.00262
          ],
          [
            -0.08974,
            43.0025
          ],
          [
            -0.08922,
            43.00173
          ],
          [
            -0.08908,
            43.00154
          ],
          [
            -0.08897,
            43.00136
          ],
          [
            -0.08835,
            43.00048
          ],
          [
            -0.08761,
            42.99941
          ],
          [
            -0.08706,
            42.99857
          ],
          [
            -0.08679,
            42.99823
          ],
          [
            -0.08669,
            42.99805
          ],
          [
            -0.08654,
            42.99788
          ],
          [
            -0.08608,
            42.99717
          ],
          [
            -0.08594,
            42.997
          ],
          [
            -0.08516,
            42.99594
          ],
          [
            -0.08476,
            42.99529
          ],
          [
            -0.08467,
            42.99519
          ],
          [
            -0.08443,
            42.9948
          ],
          [
            -0.08434,
            42.9946
          ],
          [
            -0.08411,
            42.99424
          ],
          [
            -0.08386,
            42.99372
          ],
          [
            -0.08355,
            42.99295
          ],
          [
            -0.08326,
            42.99238
          ],
          [
            -0.08311,
            42.99199
          ],
          [
            -0.08296,
            42.99174
          ],
          [
            -0.08272,
            42.99123
          ],
          [
            -0.08259,
            42.99085
          ],
          [
            -0.08233,
            42.99032
          ],
          [
            -0.08226,
            42.99013
          ],
          [
            -0.08216,
            42.98994
          ],
          [
            -0.082,
            42.98956
          ],
          [
            -0.08181,
            42.98917
          ],
          [
            -0.08166,
            42.9888
          ],
          [
            -0.08131,
            42.98807
          ],
          [
            -0.08048,
            42.98623
          ],
          [
            -0.08038,
            42.98603
          ],
          [
            -0.08021,
            42.98567
          ],
          [
            -0.08005,
            42.98528
          ],
          [
            -0.07986,
            42.98491
          ],
          [
            -0.07979,
            42.98473
          ],
          [
            -0.07968,
            42.98454
          ],
          [
            -0.07945,
            42.98398
          ],
          [
            -0.07915,
            42.9834
          ],
          [
            -0.07908,
            42.9832
          ],
          [
            -0.079,
            42.98303
          ],
          [
            -0.07893,
            42.98283
          ],
          [
            -0.07875,
            42.98247
          ],
          [
            -0.07859,
            42.9821
          ],
          [
            -0.07834,
            42.98153
          ],
          [
            -0.07827,
            42.98134
          ],
          [
            -0.07782,
            42.98041
          ],
          [
            -0.07768,
            42.98004
          ],
          [
            -0.07692,
            42.97838
          ],
          [
            -0.07675,
            42.97799
          ],
          [
            -0.07661,
            42.97757
          ],
          [
            -0.07646,
            42.97722
          ],
          [
            -0.07619,
            42.97646
          ],
          [
            -0.07601,
            42.97604
          ],
          [
            -0.07577,
            42.97521
          ],
          [
            -0.07568,
            42.97485
          ],
          [
            -0.07549,
            42.9743
          ],
          [
            -0.07512,
            42.9728
          ],
          [
            -0.0748,
            42.97167
          ],
          [
            -0.07466,
            42.97108
          ],
          [
            -0.07459,
            42.97089
          ],
          [
            -0.07455,
            42.97068
          ],
          [
            -0.07447,
            42.97043
          ],
          [
            -0.07391,
            42.9683
          ],
          [
            -0.07363,
            42.96737
          ],
          [
            -0.07358,
            42.96717
          ],
          [
            -0.07361,
            42.96701
          ],
          [
            -0.07354,
            42.96647
          ],
          [
            -0.07338,
            42.96629
          ],
          [
            -0.07326,
            42.96621
          ],
          [
            -0.07321,
            42.96611
          ],
          [
            -0.07334,
            42.96598
          ],
          [
            -0.07349,
            42.96594
          ],
          [
            -0.07362,
            42.96585
          ],
          [
            -0.07378,
            42.96569
          ],
          [
            -0.07426,
            42.96401
          ],
          [
            -0.07443,
            42.96345
          ],
          [
            -0.07447,
            42.96309
          ],
          [
            -0.07447,
            42.96209
          ],
          [
            -0.07446,
            42.96185
          ],
          [
            -0.07447,
            42.96101
          ],
          [
            -0.07443,
            42.96049
          ],
          [
            -0.07447,
            42.95954
          ],
          [
            -0.07444,
            42.95921
          ],
          [
            -0.0745,
            42.95896
          ],
          [
            -0.07453,
            42.95867
          ],
          [
            -0.07489,
            42.95803
          ],
          [
            -0.07501,
            42.95764
          ],
          [
            -0.07507,
            42.95719
          ],
          [
            -0.07506,
            42.95708
          ],
          [
            -0.07493,
            42.95685
          ],
          [
            -0.07454,
            42.95675
          ],
          [
            -0.07454,
            42.95646
          ],
          [
            -0.07467,
            42.95627
          ],
          [
            -0.07486,
            42.95608
          ],
          [
            -0.07475,
            42.95586
          ],
          [
            -0.07482,
            42.95565
          ],
          [
            -0.07477,
            42.95557
          ],
          [
            -0.07467,
            42.95548
          ],
          [
            -0.07447,
            42.95538
          ],
          [
            -0.07423,
            42.95532
          ],
          [
            -0.07399,
            42.95523
          ],
          [
            -0.07387,
            42.95498
          ],
          [
            -0.07382,
            42.95479
          ],
          [
            -0.07369,
            42.95469
          ],
          [
            -0.07356,
            42.95463
          ],
          [
            -0.07309,
            42.95444
          ],
          [
            -0.07294,
            42.95431
          ],
          [
            -0.07262,
            42.95409
          ],
          [
            -0.07268,
            42.95403
          ],
          [
            -0.07289,
            42.95404
          ],
          [
            -0.07306,
            42.95408
          ],
          [
            -0.07322,
            42.954
          ],
          [
            -0.07346,
            42.95402
          ],
          [
            -0.07365,
            42.95394
          ],
          [
            -0.07361,
            42.95385
          ],
          [
            -0.07371,
            42.95383
          ],
          [
            -0.07385,
            42.95389
          ],
          [
            -0.07433,
            42.95382
          ],
          [
            -0.07461,
            42.95382
          ],
          [
            -0.07483,
            42.95386
          ],
          [
            -0.07533,
            42.95385
          ],
          [
            -0.0754,
            42.9537
          ],
          [
            -0.07547,
            42.95343
          ],
          [
            -0.07553,
            42.95306
          ],
          [
            -0.07553,
            42.95295
          ],
          [
            -0.07544,
            42.95285
          ],
          [
            -0.0754,
            42.95272
          ],
          [
            -0.07545,
            42.95252
          ],
          [
            -0.07556,
            42.9524
          ],
          [
            -0.07578,
            42.95233
          ],
          [
            -0.07591,
            42.95224
          ],
          [
            -0.07606,
            42.9521
          ],
          [
            -0.07613,
            42.95187
          ],
          [
            -0.07618,
            42.95178
          ],
          [
            -0.07652,
            42.95153
          ],
          [
            -0.0768,
            42.95126
          ],
          [
            -0.07705,
            42.9511
          ],
          [
            -0.07763,
            42.9508
          ],
          [
            -0.07766,
            42.95069
          ],
          [
            -0.07791,
            42.95047
          ],
          [
            -0.0779,
            42.95029
          ],
          [
            -0.07821,
            42.95014
          ],
          [
            -0.07834,
            42.95004
          ],
          [
            -0.07834,
            42.94995
          ],
          [
            -0.07821,
            42.94996
          ],
          [
            -0.07764,
            42.95022
          ],
          [
            -0.0775,
            42.95032
          ],
          [
            -0.07725,
            42.95039
          ],
          [
            -0.07703,
            42.95041
          ],
          [
            -0.07675,
            42.95048
          ],
          [
            -0.07591,
            42.95061
          ],
          [
            -0.0754,
            42.95065
          ],
          [
            -0.07513,
            42.95063
          ],
          [
            -0.07458,
            42.95051
          ],
          [
            -0.07429,
            42.95047
          ],
          [
            -0.0741,
            42.95041
          ],
          [
            -0.07367,
            42.95033
          ],
          [
            -0.07341,
            42.95023
          ],
          [
            -0.073,
            42.94993
          ],
          [
            -0.07277,
            42.94982
          ],
          [
            -0.07263,
            42.94965
          ],
          [
            -0.07242,
            42.9495
          ],
          [
            -0.07184,
            42.94897
          ],
          [
            -0.07145,
            42.9487
          ],
          [
            -0.07127,
            42.94854
          ],
          [
            -0.0711,
            42.94836
          ],
          [
            -0.0709,
            42.94797
          ],
          [
            -0.07071,
            42.94784
          ],
          [
            -0.07055,
            42.9477
          ],
          [
            -0.07046,
            42.9475
          ],
          [
            -0.07042,
            42.9473
          ],
          [
            -0.07035,
            42.9471
          ],
          [
            -0.07008,
            42.94655
          ],
          [
            -0.06977,
            42.94601
          ],
          [
            -0.06983,
            42.94596
          ],
          [
            -0.06961,
            42.94557
          ],
          [
            -0.06945,
            42.94542
          ],
          [
            -0.06917,
            42.94507
          ],
          [
            -0.06895,
            42.94494
          ],
          [
            -0.0687,
            42.94484
          ],
          [
            -0.06861,
            42.94474
          ],
          [
            -0.06848,
            42.94444
          ],
          [
            -0.06837,
            42.94425
          ],
          [
            -0.06817,
            42.9441
          ],
          [
            -0.06763,
            42.94391
          ],
          [
            -0.06742,
            42.94376
          ],
          [
            -0.06669,
            42.94349
          ],
          [
            -0.0665,
            42.94333
          ],
          [
            -0.06624,
            42.94321
          ],
          [
            -0.0656,
            42.94286
          ],
          [
            -0.06561,
            42.94246
          ],
          [
            -0.06557,
            42.94217
          ],
          [
            -0.06531,
            42.94216
          ],
          [
            -0.06492,
            42.94196
          ],
          [
            -0.06469,
            42.94193
          ],
          [
            -0.06374,
            42.94162
          ],
          [
            -0.06209,
            42.94095
          ],
          [
            -0.06168,
            42.94082
          ],
          [
            -0.06135,
            42.94073
          ],
          [
            -0.05997,
            42.94059
          ],
          [
            -0.05935,
            42.94034
          ],
          [
            -0.05869,
            42.93994
          ],
          [
            -0.0583,
            42.93946
          ],
          [
            -0.05809,
            42.93905
          ],
          [
            -0.058,
            42.93877
          ],
          [
            -0.05781,
            42.93829
          ],
          [
            -0.05687,
            42.93754
          ],
          [
            -0.05666,
            42.93725
          ],
          [
            -0.05629,
            42.93702
          ],
          [
            -0.05612,
            42.9368
          ],
          [
            -0.05598,
            42.93654
          ],
          [
            -0.05566,
            42.93641
          ],
          [
            -0.05529,
            42.9363
          ],
          [
            -0.05525,
            42.93623
          ],
          [
            -0.05541,
            42.93606
          ],
          [
            -0.05549,
            42.9359
          ],
          [
            -0.05548,
            42.93569
          ],
          [
            -0.05536,
            42.93551
          ],
          [
            -0.0553,
            42.93508
          ],
          [
            -0.05534,
            42.93491
          ],
          [
            -0.05541,
            42.93477
          ],
          [
            -0.05548,
            42.93457
          ],
          [
            -0.05548,
            42.93436
          ],
          [
            -0.0554,
            42.93408
          ],
          [
            -0.05531,
            42.93395
          ],
          [
            -0.05526,
            42.9338
          ],
          [
            -0.0553,
            42.93356
          ],
          [
            -0.05552,
            42.93339
          ],
          [
            -0.05571,
            42.93331
          ],
          [
            -0.05611,
            42.93318
          ],
          [
            -0.05641,
            42.93311
          ],
          [
            -0.05677,
            42.93299
          ],
          [
            -0.0572,
            42.9327
          ],
          [
            -0.05734,
            42.93264
          ],
          [
            -0.05775,
            42.93261
          ],
          [
            -0.05789,
            42.93251
          ],
          [
            -0.05842,
            42.932
          ],
          [
            -0.05848,
            42.93187
          ],
          [
            -0.05768,
            42.93136
          ],
          [
            -0.05737,
            42.93113
          ],
          [
            -0.05716,
            42.93094
          ],
          [
            -0.05614,
            42.93032
          ],
          [
            -0.05586,
            42.9302
          ],
          [
            -0.05572,
            42.9301
          ],
          [
            -0.05526,
            42.92997
          ],
          [
            -0.0551,
            42.9299
          ],
          [
            -0.055,
            42.92978
          ],
          [
            -0.05499,
            42.92964
          ],
          [
            -0.05515,
            42.92935
          ],
          [
            -0.0554,
            42.92879
          ],
          [
            -0.05549,
            42.92865
          ],
          [
            -0.05565,
            42.92852
          ],
          [
            -0.0558,
            42.92843
          ],
          [
            -0.05562,
            42.92832
          ],
          [
            -0.05545,
            42.92828
          ],
          [
            -0.05529,
            42.92814
          ],
          [
            -0.05516,
            42.92814
          ],
          [
            -0.05485,
            42.92799
          ],
          [
            -0.05468,
            42.92784
          ],
          [
            -0.05432,
            42.92775
          ],
          [
            -0.05364,
            42.92765
          ],
          [
            -0.05232,
            42.9274
          ],
          [
            -0.0517,
            42.92717
          ],
          [
            -0.05154,
            42.92708
          ],
          [
            -0.05147,
            42.927
          ],
          [
            -0.05147,
            42.92689
          ],
          [
            -0.05152,
            42.92662
          ],
          [
            -0.05183,
            42.92637
          ],
          [
            -0.052,
            42.92628
          ],
          [
            -0.05241,
            42.92581
          ],
          [
            -0.05251,
            42.92564
          ],
          [
            -0.05256,
            42.92545
          ],
          [
            -0.05249,
            42.92532
          ],
          [
            -0.05236,
            42.92519
          ],
          [
            -0.052,
            42.92499
          ],
          [
            -0.0517,
            42.92486
          ],
          [
            -0.05139,
            42.92476
          ],
          [
            -0.05097,
            42.9246
          ],
          [
            -0.05071,
            42.92451
          ],
          [
            -0.05048,
            42.92427
          ],
          [
            -0.05023,
            42.92406
          ],
          [
            -0.04979,
            42.92346
          ],
          [
            -0.0496,
            42.92275
          ],
          [
            -0.04939,
            42.92229
          ],
          [
            -0.04916,
            42.92198
          ],
          [
            -0.04881,
            42.92107
          ],
          [
            -0.04886,
            42.92065
          ],
          [
            -0.04867,
            42.92039
          ],
          [
            -0.04868,
            42.92028
          ],
          [
            -0.04843,
            42.91989
          ],
          [
            -0.04828,
            42.91952
          ],
          [
            -0.0482,
            42.91923
          ],
          [
            -0.04817,
            42.91898
          ],
          [
            -0.04826,
            42.91846
          ],
          [
            -0.04817,
            42.91819
          ],
          [
            -0.04826,
            42.91814
          ],
          [
            -0.0483,
            42.91803
          ],
          [
            -0.04825,
            42.91785
          ],
          [
            -0.0483,
            42.91774
          ],
          [
            -0.04842,
            42.91766
          ],
          [
            -0.04843,
            42.91744
          ],
          [
            -0.04839,
            42.91721
          ],
          [
            -0.04828,
            42.91699
          ],
          [
            -0.04812,
            42.91658
          ],
          [
            -0.04812,
            42.91629
          ],
          [
            -0.04802,
            42.91611
          ],
          [
            -0.04777,
            42.91554
          ],
          [
            -0.04744,
            42.91497
          ],
          [
            -0.04693,
            42.91448
          ],
          [
            -0.04672,
            42.9143
          ],
          [
            -0.04654,
            42.91402
          ],
          [
            -0.04643,
            42.91377
          ],
          [
            -0.04628,
            42.9133
          ],
          [
            -0.04627,
            42.91293
          ],
          [
            -0.04647,
            42.91261
          ],
          [
            -0.04604,
            42.91241
          ],
          [
            -0.04576,
            42.91231
          ],
          [
            -0.04542,
            42.91215
          ],
          [
            -0.04516,
            42.912
          ],
          [
            -0.04479,
            42.91174
          ],
          [
            -0.04454,
            42.91159
          ],
          [
            -0.04445,
            42.91152
          ],
          [
            -0.04442,
            42.91145
          ],
          [
            -0.04443,
            42.91136
          ],
          [
            -0.04406,
            42.91118
          ],
          [
            -0.04381,
            42.91109
          ],
          [
            -0.04358,
            42.91099
          ],
          [
            -0.0434,
            42.9109
          ],
          [
            -0.04328,
            42.91081
          ],
          [
            -0.04325,
            42.91072
          ],
          [
            -0.04335,
            42.91061
          ],
          [
            -0.04335,
            42.91046
          ],
          [
            -0.04331,
            42.91039
          ],
          [
            -0.04324,
            42.91037
          ],
          [
            -0.04284,
            42.91015
          ],
          [
            -0.04282,
            42.9101
          ],
          [
            -0.04268,
            42.91002
          ],
          [
            -0.04261,
            42.90978
          ],
          [
            -0.04246,
            42.90968
          ],
          [
            -0.04237,
            42.90959
          ],
          [
            -0.04226,
            42.90945
          ],
          [
            -0.04215,
            42.90926
          ],
          [
            -0.04193,
            42.9088
          ],
          [
            -0.04179,
            42.90859
          ],
          [
            -0.04153,
            42.90812
          ],
          [
            -0.04148,
            42.90793
          ],
          [
            -0.04135,
            42.90772
          ],
          [
            -0.04133,
            42.90751
          ],
          [
            -0.04094,
            42.90712
          ],
          [
            -0.04066,
            42.90695
          ],
          [
            -0.04047,
            42.90678
          ],
          [
            -0.04029,
            42.90666
          ],
          [
            -0.04015,
            42.90649
          ],
          [
            -0.04006,
            42.90631
          ],
          [
            -0.03999,
            42.90589
          ],
          [
            -0.03987,
            42.90575
          ],
          [
            -0.03976,
            42.90557
          ],
          [
            -0.03966,
            42.90548
          ],
          [
            -0.03955,
            42.90529
          ],
          [
            -0.03945,
            42.90529
          ],
          [
            -0.03934,
            42.90524
          ],
          [
            -0.03923,
            42.90511
          ],
          [
            -0.03914,
            42.90493
          ],
          [
            -0.03896,
            42.90451
          ],
          [
            -0.03883,
            42.90423
          ],
          [
            -0.03843,
            42.9035
          ],
          [
            -0.03838,
            42.90331
          ],
          [
            -0.0383,
            42.90316
          ],
          [
            -0.03828,
            42.90301
          ],
          [
            -0.03846,
            42.90289
          ],
          [
            -0.03865,
            42.90283
          ],
          [
            -0.0387,
            42.90269
          ],
          [
            -0.0387,
            42.90259
          ],
          [
            -0.03861,
            42.90255
          ],
          [
            -0.03821,
            42.90253
          ],
          [
            -0.038,
            42.90246
          ],
          [
            -0.03779,
            42.90228
          ],
          [
            -0.03722,
            42.90193
          ],
          [
            -0.03654,
            42.9016
          ],
          [
            -0.03613,
            42.90144
          ],
          [
            -0.03531,
            42.90104
          ],
          [
            -0.03449,
            42.90057
          ],
          [
            -0.03395,
            42.90009
          ],
          [
            -0.03349,
            42.89956
          ],
          [
            -0.03328,
            42.89897
          ],
          [
            -0.03305,
            42.89838
          ],
          [
            -0.03276,
            42.89725
          ],
          [
            -0.03256,
            42.89701
          ],
          [
            -0.03221,
            42.89652
          ],
          [
            -0.03196,
            42.89624
          ],
          [
            -0.03165,
            42.89586
          ],
          [
            -0.03151,
            42.89564
          ],
          [
            -0.03103,
            42.89498
          ],
          [
            -0.03075,
            42.89448
          ],
          [
            -0.03054,
            42.894
          ],
          [
            -0.03051,
            42.89392
          ],
          [
            -0.03096,
            42.89384
          ],
          [
            -0.03103,
            42.89378
          ],
          [
            -0.03092,
            42.89367
          ],
          [
            -0.0309,
            42.8936
          ],
          [
            -0.03084,
            42.8935
          ],
          [
            -0.03062,
            42.89326
          ],
          [
            -0.03048,
            42.89306
          ],
          [
            -0.03028,
            42.89266
          ],
          [
            -0.02986,
            42.89208
          ],
          [
            -0.02941,
            42.89152
          ],
          [
            -0.02875,
            42.89058
          ],
          [
            -0.0285,
            42.89029
          ],
          [
            -0.028,
            42.89002
          ],
          [
            -0.02764,
            42.88971
          ],
          [
            -0.02737,
            42.88953
          ],
          [
            -0.02684,
            42.88903
          ],
          [
            -0.02652,
            42.88867
          ],
          [
            -0.02612,
            42.8884
          ],
          [
            -0.026,
            42.88811
          ],
          [
            -0.02597,
            42.88789
          ],
          [
            -0.02603,
            42.88759
          ],
          [
            -0.02609,
            42.88745
          ],
          [
            -0.02636,
            42.88712
          ],
          [
            -0.02654,
            42.88677
          ],
          [
            -0.02688,
            42.88657
          ],
          [
            -0.02694,
            42.88638
          ],
          [
            -0.02694,
            42.88623
          ],
          [
            -0.02697,
            42.88606
          ],
          [
            -0.02692,
            42.88586
          ],
          [
            -0.02662,
            42.88556
          ],
          [
            -0.02636,
            42.88523
          ],
          [
            -0.02618,
            42.88514
          ],
          [
            -0.02608,
            42.88512
          ],
          [
            -0.02593,
            42.88503
          ],
          [
            -0.02573,
            42.8849
          ],
          [
            -0.02564,
            42.88479
          ],
          [
            -0.0256,
            42.88458
          ],
          [
            -0.02565,
            42.88446
          ],
          [
            -0.02564,
            42.88438
          ],
          [
            -0.02558,
            42.88433
          ],
          [
            -0.02564,
            42.88426
          ],
          [
            -0.02524,
            42.88385
          ],
          [
            -0.02493,
            42.88398
          ],
          [
            -0.02466,
            42.88397
          ],
          [
            -0.02442,
            42.88389
          ],
          [
            -0.02428,
            42.88378
          ],
          [
            -0.0243,
            42.88353
          ],
          [
            -0.0244,
            42.88342
          ],
          [
            -0.02483,
            42.88328
          ],
          [
            -0.02484,
            42.88316
          ],
          [
            -0.0249,
            42.88309
          ],
          [
            -0.02499,
            42.88306
          ],
          [
            -0.02501,
            42.88293
          ],
          [
            -0.02499,
            42.88283
          ],
          [
            -0.02494,
            42.88273
          ],
          [
            -0.02474,
            42.88257
          ],
          [
            -0.02462,
            42.88239
          ],
          [
            -0.02456,
            42.88223
          ],
          [
            -0.02454,
            42.88206
          ],
          [
            -0.02463,
            42.88179
          ],
          [
            -0.02464,
            42.88147
          ],
          [
            -0.02475,
            42.88122
          ],
          [
            -0.02479,
            42.88104
          ],
          [
            -0.02491,
            42.88084
          ],
          [
            -0.02504,
            42.88067
          ],
          [
            -0.02521,
            42.88059
          ],
          [
            -0.02533,
            42.88057
          ],
          [
            -0.02548,
            42.8806
          ],
          [
            -0.02561,
            42.88052
          ],
          [
            -0.02578,
            42.88055
          ],
          [
            -0.02605,
            42.88055
          ],
          [
            -0.02616,
            42.88039
          ],
          [
            -0.02611,
            42.88026
          ],
          [
            -0.02601,
            42.88012
          ],
          [
            -0.02584,
            42.87974
          ],
          [
            -0.02576,
            42.8795
          ],
          [
            -0.02563,
            42.87933
          ],
          [
            -0.02555,
            42.87876
          ],
          [
            -0.02534,
            42.87838
          ],
          [
            -0.02526,
            42.87815
          ],
          [
            -0.02516,
            42.87796
          ],
          [
            -0.02492,
            42.87774
          ],
          [
            -0.02443,
            42.87744
          ],
          [
            -0.0244,
            42.87727
          ],
          [
            -0.0244,
            42.87707
          ],
          [
            -0.02384,
            42.87633
          ],
          [
            -0.02373,
            42.87608
          ],
          [
            -0.02362,
            42.87559
          ],
          [
            -0.02343,
            42.87534
          ],
          [
            -0.02332,
            42.87505
          ],
          [
            -0.02325,
            42.87478
          ],
          [
            -0.02317,
            42.87431
          ],
          [
            -0.02317,
            42.8741
          ],
          [
            -0.02313,
            42.87393
          ],
          [
            -0.02318,
            42.87361
          ],
          [
            -0.02316,
            42.87342
          ],
          [
            -0.02306,
            42.87325
          ],
          [
            -0.02287,
            42.87312
          ],
          [
            -0.02276,
            42.873
          ],
          [
            -0.02272,
            42.87285
          ],
          [
            -0.02266,
            42.87275
          ],
          [
            -0.02252,
            42.87263
          ],
          [
            -0.02238,
            42.87259
          ],
          [
            -0.02217,
            42.87248
          ],
          [
            -0.02205,
            42.87235
          ],
          [
            -0.02192,
            42.87212
          ],
          [
            -0.0217,
            42.87126
          ],
          [
            -0.02156,
            42.87092
          ],
          [
            -0.02147,
            42.8706
          ],
          [
            -0.02149,
            42.87045
          ],
          [
            -0.02135,
            42.87011
          ],
          [
            -0.02134,
            42.86995
          ],
          [
            -0.02138,
            42.86961
          ],
          [
            -0.02149,
            42.86927
          ],
          [
            -0.02133,
            42.8686
          ],
          [
            -0.02106,
            42.86788
          ],
          [
            -0.02095,
            42.86753
          ],
          [
            -0.02079,
            42.86713
          ],
          [
            -0.02076,
            42.86701
          ],
          [
            -0.02066,
            42.86695
          ],
          [
            -0.02061,
            42.8667
          ],
          [
            -0.02037,
            42.8659
          ],
          [
            -0.02035,
            42.86573
          ],
          [
            -0.02038,
            42.86548
          ],
          [
            -0.02027,
            42.86519
          ],
          [
            -0.02017,
            42.86504
          ],
          [
            -0.02014,
            42.86484
          ],
          [
            -0.02,
            42.86432
          ],
          [
            -0.01986,
            42.86401
          ],
          [
            -0.0196,
            42.86354
          ],
          [
            -0.01924,
            42.8631
          ],
          [
            -0.01911,
            42.86301
          ],
          [
            -0.01905,
            42.86281
          ],
          [
            -0.01884,
            42.86237
          ],
          [
            -0.01831,
            42.86186
          ],
          [
            -0.01804,
            42.86164
          ],
          [
            -0.01747,
            42.86092
          ],
          [
            -0.01729,
            42.86076
          ],
          [
            -0.01708,
            42.86061
          ],
          [
            -0.01708,
            42.86039
          ],
          [
            -0.01712,
            42.8602
          ],
          [
            -0.01697,
            42.85986
          ],
          [
            -0.01684,
            42.85973
          ],
          [
            -0.01636,
            42.85951
          ],
          [
            -0.01588,
            42.85931
          ],
          [
            -0.01575,
            42.8591
          ],
          [
            -0.01567,
            42.85868
          ],
          [
            -0.01553,
            42.85823
          ],
          [
            -0.01543,
            42.85809
          ],
          [
            -0.01538,
            42.85806
          ],
          [
            -0.01526,
            42.85813
          ],
          [
            -0.01523,
            42.85825
          ],
          [
            -0.01509,
            42.85834
          ],
          [
            -0.01498,
            42.85837
          ],
          [
            -0.01469,
            42.85835
          ],
          [
            -0.01444,
            42.85828
          ],
          [
            -0.01425,
            42.85812
          ],
          [
            -0.01384,
            42.85763
          ],
          [
            -0.01384,
            42.85756
          ],
          [
            -0.01387,
            42.85747
          ],
          [
            -0.01383,
            42.8571
          ],
          [
            -0.01385,
            42.85694
          ],
          [
            -0.0138,
            42.85675
          ],
          [
            -0.01361,
            42.85663
          ],
          [
            -0.01346,
            42.85648
          ],
          [
            -0.01328,
            42.85608
          ],
          [
            -0.01314,
            42.8559
          ],
          [
            -0.013,
            42.85572
          ],
          [
            -0.01287,
            42.85568
          ],
          [
            -0.01269,
            42.8557
          ],
          [
            -0.01259,
            42.85567
          ],
          [
            -0.01228,
            42.8554
          ],
          [
            -0.01209,
            42.8553
          ],
          [
            -0.01182,
            42.85518
          ],
          [
            -0.01185,
            42.855
          ],
          [
            -0.01153,
            42.85475
          ],
          [
            -0.01153,
            42.85458
          ],
          [
            -0.01158,
            42.85449
          ],
          [
            -0.01157,
            42.85444
          ],
          [
            -0.01149,
            42.85444
          ],
          [
            -0.01145,
            42.85431
          ],
          [
            -0.01143,
            42.85415
          ],
          [
            -0.0114,
            42.85406
          ],
          [
            -0.01146,
            42.85395
          ],
          [
            -0.01135,
            42.85372
          ],
          [
            -0.01151,
            42.85347
          ],
          [
            -0.01159,
            42.85344
          ],
          [
            -0.01127,
            42.85314
          ],
          [
            -0.01107,
            42.85292
          ],
          [
            -0.01124,
            42.8527
          ],
          [
            -0.01106,
            42.85235
          ],
          [
            -0.01104,
            42.85212
          ],
          [
            -0.0111,
            42.85183
          ],
          [
            -0.01122,
            42.85159
          ],
          [
            -0.01123,
            42.85133
          ],
          [
            -0.01118,
            42.85112
          ],
          [
            -0.01115,
            42.85075
          ],
          [
            -0.01105,
            42.85033
          ],
          [
            -0.01101,
            42.84981
          ],
          [
            -0.01107,
            42.84948
          ],
          [
            -0.01098,
            42.84914
          ],
          [
            -0.01095,
            42.84892
          ],
          [
            -0.01083,
            42.84863
          ],
          [
            -0.01064,
            42.84844
          ],
          [
            -0.0106,
            42.84815
          ],
          [
            -0.01048,
            42.84791
          ],
          [
            -0.01045,
            42.84775
          ],
          [
            -0.01022,
            42.84746
          ],
          [
            -0.0102,
            42.84717
          ],
          [
            -0.01024,
            42.84692
          ],
          [
            -0.01052,
            42.8467
          ],
          [
            -0.0106,
            42.84635
          ],
          [
            -0.01082,
            42.84615
          ],
          [
            -0.01086,
            42.84593
          ],
          [
            -0.01089,
            42.84556
          ],
          [
            -0.011,
            42.84538
          ],
          [
            -0.01099,
            42.84514
          ],
          [
            -0.01092,
            42.84503
          ],
          [
            -0.01081,
            42.84461
          ],
          [
            -0.01049,
            42.84432
          ],
          [
            -0.01053,
            42.84399
          ],
          [
            -0.01043,
            42.84371
          ],
          [
            -0.01053,
            42.8434
          ],
          [
            -0.01049,
            42.84278
          ],
          [
            -0.01013,
            42.84133
          ],
          [
            -0.00987,
            42.84125
          ],
          [
            -0.00953,
            42.84123
          ],
          [
            -0.00932,
            42.84117
          ],
          [
            -0.00914,
            42.84115
          ],
          [
            -0.00908,
            42.841
          ],
          [
            -0.0089,
            42.84088
          ],
          [
            -0.00869,
            42.84082
          ],
          [
            -0.00847,
            42.84085
          ],
          [
            -0.00827,
            42.84077
          ],
          [
            -0.0078,
            42.84025
          ],
          [
            -0.00779,
            42.84012
          ],
          [
            -0.00775,
            42.84004
          ],
          [
            -0.00761,
            42.83996
          ],
          [
            -0.00744,
            42.8396
          ],
          [
            -0.00733,
            42.83943
          ],
          [
            -0.00718,
            42.83926
          ],
          [
            -0.00701,
            42.83911
          ],
          [
            -0.00684,
            42.83907
          ],
          [
            -0.00671,
            42.83905
          ],
          [
            -0.0064,
            42.83889
          ],
          [
            -0.00602,
            42.83861
          ],
          [
            -0.00597,
            42.83822
          ],
          [
            -0.00591,
            42.83806
          ],
          [
            -0.00562,
            42.8376
          ],
          [
            -0.00552,
            42.83748
          ],
          [
            -0.00541,
            42.83739
          ],
          [
            -0.00525,
            42.83732
          ],
          [
            -0.00512,
            42.83735
          ],
          [
            -0.00496,
            42.83746
          ],
          [
            -0.00475,
            42.83748
          ],
          [
            -0.00458,
            42.83741
          ],
          [
            -0.00438,
            42.83741
          ],
          [
            -0.00423,
            42.83734
          ],
          [
            -0.00395,
            42.83715
          ],
          [
            -0.00385,
            42.83713
          ],
          [
            -0.00379,
            42.83702
          ],
          [
            -0.00355,
            42.83686
          ],
          [
            -0.00339,
            42.8367
          ],
          [
            -0.00356,
            42.83638
          ],
          [
            -0.0036,
            42.83623
          ],
          [
            -0.00347,
            42.83608
          ],
          [
            -0.00325,
            42.836
          ],
          [
            -0.00285,
            42.83575
          ],
          [
            -0.0026,
            42.83571
          ],
          [
            -0.00235,
            42.8356
          ],
          [
            -0.00214,
            42.83543
          ],
          [
            -0.00162,
            42.83516
          ],
          [
            -0.00119,
            42.83505
          ],
          [
            -0.00105,
            42.835
          ],
          [
            -0.00095,
            42.83492
          ],
          [
            -0.0009,
            42.83485
          ],
          [
            -0.00081,
            42.8345
          ],
          [
            -0.00054,
            42.83411
          ],
          [
            -0.00029,
            42.83382
          ],
          [
            -0.00018,
            42.8338
          ],
          [
            0.0,
            42.83363
          ],
          [
            0.0,
            42.8335
          ],
          [
            -0.00017,
            42.83347
          ],
          [
            -0.00011,
            42.83322
          ],
          [
            5e-05,
            42.83303
          ],
          [
            0.00023,
            42.83288
          ],
          [
            0.00038,
            42.83281
          ],
          [
            0.00057,
            42.83274
          ],
          [
            0.00102,
            42.83263
          ],
          [
            0.00117,
            42.83254
          ],
          [
            0.00138,
            42.83217
          ],
          [
            0.00153,
            42.83203
          ],
          [
            0.00158,
            42.83195
          ],
          [
            0.00179,
            42.83172
          ],
          [
            0.00246,
            42.83153
          ],
          [
            0.00313,
            42.83109
          ],
          [
            0.00365,
            42.83085
          ],
          [
            0.00416,
            42.83058
          ],
          [
            0.00448,
            42.83025
          ],
          [
            0.00458,
            42.83007
          ],
          [
            0.00462,
            42.82996
          ],
          [
            0.00477,
            42.82986
          ],
          [
            0.00488,
            42.82989
          ],
          [
            0.00514,
            42.82974
          ],
          [
            0.00552,
            42.8296
          ],
          [
            0.00578,
            42.82946
          ],
          [
            0.00591,
            42.82934
          ],
          [
            0.00614,
            42.82917
          ],
          [
            0.00656,
            42.82878
          ],
          [
            0.00662,
            42.8287
          ],
          [
            0.00674,
            42.8285
          ],
          [
            0.00685,
            42.82808
          ],
          [
            0.00696,
            42.82793
          ],
          [
            0.00728,
            42.82759
          ],
          [
            0.00748,
            42.82743
          ],
          [
            0.00801,
            42.82693
          ],
          [
            0.00817,
            42.82681
          ],
          [
            0.00823,
            42.82669
          ],
          [
            0.0083,
            42.82647
          ],
          [
            0.00836,
            42.82618
          ],
          [
            0.00841,
            42.82605
          ],
          [
            0.00845,
            42.82585
          ],
          [
            0.00858,
            42.82546
          ],
          [
            0.00864,
            42.82531
          ],
          [
            0.00873,
            42.82496
          ],
          [
            0.00873,
            42.82475
          ],
          [
            0.00875,
            42.82457
          ],
          [
            0.00879,
            42.82452
          ],
          [
            0.00931,
            42.82443
          ],
          [
            0.00938,
            42.82435
          ],
          [
            0.00942,
            42.8241
          ],
          [
            0.00938,
            42.82389
          ],
          [
            0.00938,
            42.82352
          ],
          [
            0.00946,
            42.82295
          ],
          [
            0.00944,
            42.82273
          ],
          [
            0.00927,
            42.82197
          ],
          [
            0.0093,
            42.82184
          ],
          [
            0.00944,
            42.82166
          ],
          [
            0.00965,
            42.82145
          ],
          [
            0.00956,
            42.82131
          ],
          [
            0.00906,
            42.82113
          ],
          [
            0.00883,
            42.82076
          ],
          [
            0.00858,
            42.82042
          ],
          [
            0.0085,
            42.82023
          ],
          [
            0.00848,
            42.8201
          ],
          [
            0.00832,
            42.81981
          ],
          [
            0.00819,
            42.81963
          ],
          [
            0.00787,
            42.81933
          ],
          [
            0.00761,
            42.81901
          ],
          [
            0.0075,
            42.81884
          ],
          [
            0.00743,
            42.81863
          ],
          [
            0.0074,
            42.81846
          ],
          [
            0.00752,
            42.81807
          ],
          [
            0.00758,
            42.81759
          ],
          [
            0.00762,
            42.81741
          ],
          [
            0.0077,
            42.81687
          ],
          [
            0.00774,
            42.81637
          ],
          [
            0.00766,
            42.8152
          ],
          [
            0.00756,
            42.81503
          ],
          [
            0.0075,
            42.81484
          ],
          [
            0.00733,
            42.81455
          ],
          [
            0.0072,
            42.81405
          ],
          [
            0.00707,
            42.81334
          ],
          [
            0.00705,
            42.81247
          ],
          [
            0.00706,
            42.8123
          ],
          [
            0.00702,
            42.81223
          ],
          [
            0.00693,
            42.81212
          ],
          [
            0.00662,
            42.81179
          ],
          [
            0.00622,
            42.81118
          ],
          [
            0.00607,
            42.81072
          ],
          [
            0.00605,
            42.81053
          ],
          [
            0.00606,
            42.81025
          ],
          [
            0.00613,
            42.80992
          ],
          [
            0.00634,
            42.80983
          ],
          [
            0.00648,
            42.80956
          ],
          [
            0.00648,
            42.80944
          ],
          [
            0.00657,
            42.80925
          ],
          [
            0.00659,
            42.80905
          ],
          [
            0.00654,
            42.80892
          ],
          [
            0.00626,
            42.80863
          ],
          [
            0.00619,
            42.80848
          ],
          [
            0.00605,
            42.80839
          ],
          [
            0.00582,
            42.80812
          ],
          [
            0.00548,
            42.80794
          ],
          [
            0.00535,
            42.80783
          ],
          [
            0.00525,
            42.80767
          ],
          [
            0.0052,
            42.80748
          ],
          [
            0.00519,
            42.80703
          ],
          [
            0.00513,
            42.80683
          ],
          [
            0.0051,
            42.80662
          ],
          [
            0.00512,
            42.80642
          ],
          [
            0.00499,
            42.8062
          ],
          [
            0.00504,
            42.8061
          ],
          [
            0.00512,
            42.80602
          ],
          [
            0.00597,
            42.80557
          ],
          [
            0.00617,
            42.80555
          ],
          [
            0.00652,
            42.8053
          ],
          [
            0.00689,
            42.80534
          ],
          [
            0.00719,
            42.80523
          ],
          [
            0.0074,
            42.80523
          ],
          [
            0.00774,
            42.8053
          ],
          [
            0.0079,
            42.80527
          ],
          [
            0.0086,
            42.80482
          ],
          [
            0.00894,
            42.80478
          ],
          [
            0.00914,
            42.80484
          ],
          [
            0.00927,
            42.80496
          ],
          [
            0.0096,
            42.80572
          ],
          [
            0.00978,
            42.80586
          ],
          [
            0.00997,
            42.80591
          ],
          [
            0.01018,
            42.80585
          ],
          [
            0.01039,
            42.8057
          ],
          [
            0.0109,
            42.80514
          ],
          [
            0.01114,
            42.80498
          ],
          [
            0.01151,
            42.80467
          ],
          [
            0.0121,
            42.80426
          ],
          [
            0.01233,
            42.80398
          ],
          [
            0.01264,
            42.80344
          ],
          [
            0.0126,
            42.8032
          ],
          [
            0.01245,
            42.80263
          ],
          [
            0.01238,
            42.80236
          ],
          [
            0.01229,
            42.8022
          ],
          [
            0.01224,
            42.80199
          ],
          [
            0.01225,
            42.80187
          ],
          [
            0.01207,
            42.80153
          ],
          [
            0.01206,
            42.80131
          ],
          [
            0.01209,
            42.80071
          ],
          [
            0.01207,
            42.80043
          ],
          [
            0.01206,
            42.79965
          ],
          [
            0.0121,
            42.79889
          ],
          [
            0.01224,
            42.79882
          ],
          [
            0.01241,
            42.79847
          ],
          [
            0.01251,
            42.79832
          ],
          [
            0.01269,
            42.79819
          ],
          [
            0.0127,
            42.79796
          ],
          [
            0.0129,
            42.7974
          ],
          [
            0.01306,
            42.79707
          ],
          [
            0.01323,
            42.79688
          ],
          [
            0.01379,
            42.79658
          ],
          [
            0.01426,
            42.79638
          ],
          [
            0.01432,
            42.79633
          ],
          [
            0.01448,
            42.79613
          ],
          [
            0.01464,
            42.796
          ],
          [
            0.01483,
            42.79588
          ],
          [
            0.01502,
            42.79585
          ],
          [
            0.01515,
            42.7959
          ],
          [
            0.01522,
            42.79601
          ],
          [
            0.0151,
            42.79622
          ],
          [
            0.01622,
            42.79653
          ],
          [
            0.01613,
            42.79635
          ],
          [
            0.01614,
            42.79628
          ],
          [
            0.01628,
            42.79622
          ],
          [
            0.01651,
            42.79619
          ],
          [
            0.01671,
            42.79621
          ],
          [
            0.01689,
            42.79626
          ],
          [
            0.01722,
            42.79627
          ],
          [
            0.01753,
            42.79619
          ],
          [
            0.01803,
            42.79594
          ],
          [
            0.01861,
            42.79545
          ],
          [
            0.01896,
            42.79527
          ],
          [
            0.01919,
            42.79511
          ],
          [
            0.01953,
            42.79476
          ],
          [
            0.01927,
            42.79452
          ],
          [
            0.0193,
            42.79431
          ],
          [
            0.01942,
            42.79406
          ],
          [
            0.01955,
            42.79383
          ],
          [
            0.01975,
            42.79357
          ],
          [
            0.0198,
            42.79342
          ],
          [
            0.01981,
            42.79307
          ],
          [
            0.01973,
            42.79243
          ],
          [
            0.01976,
            42.79184
          ],
          [
            0.01964,
            42.79164
          ],
          [
            0.01956,
            42.79145
          ],
          [
            0.01954,
            42.79123
          ],
          [
            0.01949,
            42.79104
          ],
          [
            0.01935,
            42.79086
          ],
          [
            0.01917,
            42.79072
          ],
          [
            0.01892,
            42.79061
          ],
          [
            0.01881,
            42.79045
          ],
          [
            0.0188,
            42.79035
          ],
          [
            0.01894,
            42.79011
          ],
          [
            0.01902,
            42.78993
          ],
          [
            0.0191,
            42.78982
          ],
          [
            0.01933,
            42.78961
          ],
          [
            0.01945,
            42.78931
          ],
          [
            0.01949,
            42.78913
          ],
          [
            0.01933,
            42.78882
          ],
          [
            0.01934,
            42.78868
          ],
          [
            0.01943,
            42.78841
          ],
          [
            0.01944,
            42.7882
          ],
          [
            0.01949,
            42.78807
          ],
          [
            0.01961,
            42.78788
          ],
          [
            0.01981,
            42.78763
          ],
          [
            0.01999,
            42.78749
          ],
          [
            0.02022,
            42.7874
          ],
          [
            0.02053,
            42.78733
          ],
          [
            0.02084,
            42.78727
          ],
          [
            0.02103,
            42.78719
          ],
          [
            0.02123,
            42.78705
          ],
          [
            0.0213,
            42.78697
          ],
          [
            0.02129,
            42.78678
          ],
          [
            0.02118,
            42.78662
          ],
          [
            0.02087,
            42.78646
          ],
          [
            0.02059,
            42.78636
          ],
          [
            0.02035,
            42.78617
          ],
          [
            0.02028,
            42.78604
          ],
          [
            0.02021,
            42.7857
          ],
          [
            0.0202,
            42.78522
          ],
          [
            0.02022,
            42.78508
          ],
          [
            0.0201,
            42.78483
          ],
          [
            0.01983,
            42.7845
          ],
          [
            0.01964,
            42.7843
          ],
          [
            0.01925,
            42.78387
          ],
          [
            0.019,
            42.78366
          ],
          [
            0.01884,
            42.78356
          ],
          [
            0.01826,
            42.78331
          ],
          [
            0.01822,
            42.78326
          ],
          [
            0.0182,
            42.78319
          ],
          [
            0.01823,
            42.78311
          ],
          [
            0.01795,
            42.78299
          ],
          [
            0.01771,
            42.783
          ],
          [
            0.01751,
            42.78305
          ],
          [
            0.01721,
            42.78316
          ],
          [
            0.01712,
            42.78309
          ],
          [
            0.01714,
            42.78269
          ],
          [
            0.01709,
            42.78247
          ],
          [
            0.01718,
            42.7822
          ],
          [
            0.01723,
            42.78189
          ],
          [
            0.01722,
            42.78172
          ],
          [
            0.01724,
            42.78152
          ],
          [
            0.01699,
            42.78107
          ],
          [
            0.01676,
            42.78077
          ],
          [
            0.01646,
            42.78058
          ],
          [
            0.01643,
            42.78045
          ],
          [
            0.01638,
            42.78033
          ],
          [
            0.01623,
            42.78009
          ],
          [
            0.01608,
            42.77992
          ],
          [
            0.01536,
            42.77943
          ],
          [
            0.01497,
            42.77939
          ],
          [
            0.01446,
            42.77915
          ],
          [
            0.01349,
            42.77874
          ],
          [
            0.01292,
            42.77854
          ],
          [
            0.01196,
            42.77807
          ],
          [
            0.0117,
            42.77799
          ],
          [
            0.01148,
            42.77788
          ],
          [
            0.01128,
            42.77782
          ],
          [
            0.01114,
            42.77776
          ],
          [
            0.01101,
            42.77772
          ],
          [
            0.01096,
            42.77783
          ],
          [
            0.01101,
            42.77791
          ],
          [
            0.01112,
            42.77805
          ],
          [
            0.01159,
            42.77832
          ],
          [
            0.01158,
            42.77841
          ],
          [
            0.01163,
            42.77846
          ],
          [
            0.01172,
            42.7785
          ],
          [
            0.01179,
            42.77877
          ],
          [
            0.01157,
            42.77897
          ],
          [
            0.01115,
            42.77895
          ],
          [
            0.01093,
            42.77903
          ],
          [
            0.01081,
            42.77901
          ],
          [
            0.01079,
            42.77894
          ],
          [
            0.01084,
            42.77883
          ],
          [
            0.01082,
            42.7787
          ],
          [
            0.01074,
            42.77858
          ],
          [
            0.01045,
            42.77857
          ],
          [
            0.01022,
            42.7782
          ],
          [
            0.00969,
            42.77812
          ],
          [
            0.00959,
            42.77803
          ],
          [
            0.00927,
            42.77805
          ],
          [
            0.00911,
            42.77785
          ],
          [
            0.00859,
            42.77762
          ],
          [
            0.00811,
            42.77745
          ],
          [
            0.00797,
            42.77731
          ],
          [
            0.00754,
            42.77678
          ],
          [
            0.00708,
            42.7763
          ],
          [
            0.00692,
            42.77614
          ],
          [
            0.00667,
            42.776
          ],
          [
            0.0064,
            42.77594
          ],
          [
            0.00608,
            42.77596
          ],
          [
            0.0058,
            42.7759
          ],
          [
            0.00561,
            42.77581
          ],
          [
            0.00546,
            42.77557
          ],
          [
            0.00533,
            42.77553
          ],
          [
            0.0052,
            42.77546
          ],
          [
            0.00513,
            42.77538
          ],
          [
            0.00508,
            42.77528
          ],
          [
            0.0049,
            42.77513
          ],
          [
            0.00476,
            42.77508
          ],
          [
            0.00462,
            42.77506
          ],
          [
            0.00454,
            42.77513
          ],
          [
            0.00456,
            42.7752
          ],
          [
            0.00475,
            42.77535
          ],
          [
            0.00483,
            42.77584
          ],
          [
            0.00497,
            42.77603
          ],
          [
            0.00522,
            42.77627
          ],
          [
            0.00514,
            42.77631
          ],
          [
            0.00504,
            42.77628
          ],
          [
            0.00471,
            42.77601
          ],
          [
            0.00446,
            42.77587
          ],
          [
            0.00429,
            42.77584
          ],
          [
            0.00415,
            42.77564
          ],
          [
            0.00364,
            42.77532
          ],
          [
            0.00345,
            42.77525
          ],
          [
            0.00317,
            42.77508
          ],
          [
            0.00309,
            42.77495
          ],
          [
            0.00298,
            42.77481
          ],
          [
            0.00289,
            42.77484
          ],
          [
            0.00288,
            42.7749
          ],
          [
            0.003,
            42.77513
          ],
          [
            0.00309,
            42.77534
          ],
          [
            0.00319,
            42.77574
          ],
          [
            0.00318,
            42.77581
          ],
          [
            0.00315,
            42.77586
          ],
          [
            0.00306,
            42.77586
          ],
          [
            0.00286,
            42.77553
          ],
          [
            0.00265,
            42.77531
          ],
          [
            0.00255,
            42.77523
          ],
          [
            0.00248,
            42.77515
          ],
          [
            0.00241,
            42.77515
          ],
          [
            0.00237,
            42.7752
          ],
          [
            0.00256,
            42.77545
          ],
          [
            0.00261,
            42.77564
          ],
          [
            0.00261,
            42.77584
          ],
          [
            0.0027,
            42.77608
          ],
          [
            0.00291,
            42.77648
          ],
          [
            0.0031,
            42.77674
          ],
          [
            0.00325,
            42.7769
          ],
          [
            0.00365,
            42.77729
          ],
          [
            0.00381,
            42.77742
          ],
          [
            0.00414,
            42.77776
          ],
          [
            0.00433,
            42.77791
          ],
          [
            0.00441,
            42.77798
          ],
          [
            0.00444,
            42.77813
          ],
          [
            0.00444,
            42.77835
          ],
          [
            0.00429,
            42.77895
          ],
          [
            0.00429,
            42.77905
          ],
          [
            0.00424,
            42.77909
          ],
          [
            0.00417,
            42.77907
          ],
          [
            0.00398,
            42.77873
          ],
          [
            0.00385,
            42.77854
          ],
          [
            0.00366,
            42.77819
          ],
          [
            0.00347,
            42.77806
          ],
          [
            0.0033,
            42.77792
          ],
          [
            0.00312,
            42.77779
          ],
          [
            0.00275,
            42.77754
          ],
          [
            0.00255,
            42.77741
          ],
          [
            0.00212,
            42.77719
          ],
          [
            0.00159,
            42.7771
          ],
          [
            0.00143,
            42.77704
          ],
          [
            0.00132,
            42.77698
          ],
          [
            0.00115,
            42.7768
          ],
          [
            0.00103,
            42.77664
          ],
          [
            0.00077,
            42.77641
          ],
          [
            0.00055,
            42.77634
          ],
          [
            0.00029,
            42.7763
          ],
          [
            3e-05,
            42.77628
          ],
          [
            -0.00022,
            42.7763
          ],
          [
            -0.00047,
            42.77627
          ],
          [
            -0.0012,
            42.77607
          ],
          [
            -0.0014,
            42.77594
          ],
          [
            -0.00167,
            42.77561
          ],
          [
            -0.00176,
            42.77544
          ],
          [
            -0.00183,
            42.77525
          ],
          [
            -0.00194,
            42.77509
          ],
          [
            -0.00218,
            42.77502
          ],
          [
            -0.00267,
            42.77493
          ],
          [
            -0.00316,
            42.77475
          ],
          [
            -0.00392,
            42.77458
          ],
          [
            -0.00444,
            42.77452
          ],
          [
            -0.00554,
            42.77449
          ],
          [
            -0.006,
            42.77429
          ],
          [
            -0.00651,
            42.77418
          ],
          [
            -0.00668,
            42.77403
          ],
          [
            -0.00687,
            42.77391
          ],
          [
            -0.00721,
            42.77376
          ],
          [
            -0.00723,
            42.77368
          ],
          [
            -0.00719,
            42.77361
          ],
          [
            -0.00712,
            42.77352
          ],
          [
            -0.00698,
            42.77346
          ],
          [
            -0.00701,
            42.7734
          ],
          [
            -0.00745,
            42.77321
          ],
          [
            -0.00762,
            42.77306
          ],
          [
            -0.00783,
            42.77294
          ],
          [
            -0.00919,
            42.77262
          ],
          [
            -0.00953,
            42.77256
          ],
          [
            -0.00941,
            42.7725
          ],
          [
            -0.00916,
            42.77254
          ],
          [
            -0.00888,
            42.77255
          ],
          [
            -0.00862,
            42.7725
          ],
          [
            -0.00815,
            42.77229
          ],
          [
            -0.008,
            42.77214
          ],
          [
            -0.00772,
            42.77178
          ],
          [
            -0.00757,
            42.77163
          ],
          [
            -0.00737,
            42.77151
          ],
          [
            -0.00715,
            42.7714
          ],
          [
            -0.00689,
            42.77133
          ],
          [
            -0.00637,
            42.77134
          ],
          [
            -0.00615,
            42.77102
          ],
          [
            -0.00592,
            42.77089
          ],
          [
            -0.00572,
            42.77075
          ],
          [
            -0.00558,
            42.77058
          ],
          [
            -0.0054,
            42.77022
          ],
          [
            -0.00534,
            42.77003
          ],
          [
            -0.00529,
            42.76983
          ],
          [
            -0.0053,
            42.76965
          ],
          [
            -0.00533,
            42.76944
          ],
          [
            -0.00581,
            42.76851
          ],
          [
            -0.00586,
            42.76833
          ],
          [
            -0.00588,
            42.76812
          ],
          [
            -0.00587,
            42.76793
          ],
          [
            -0.00579,
            42.76757
          ],
          [
            -0.00581,
            42.76719
          ],
          [
            -0.00584,
            42.76699
          ],
          [
            -0.00603,
            42.76643
          ],
          [
            -0.00616,
            42.76617
          ],
          [
            -0.00634,
            42.76587
          ],
          [
            -0.00642,
            42.76579
          ],
          [
            -0.00639,
            42.76568
          ],
          [
            -0.00639,
            42.76545
          ],
          [
            -0.00646,
            42.76527
          ],
          [
            -0.00667,
            42.76492
          ],
          [
            -0.0067,
            42.76472
          ],
          [
            -0.00669,
            42.76433
          ],
          [
            -0.00667,
            42.76414
          ],
          [
            -0.00661,
            42.76396
          ],
          [
            -0.00658,
            42.76378
          ],
          [
            -0.00664,
            42.76341
          ],
          [
            -0.0068,
            42.76283
          ],
          [
            -0.00686,
            42.76265
          ],
          [
            -0.00699,
            42.76248
          ],
          [
            -0.00718,
            42.76235
          ],
          [
            -0.00746,
            42.76203
          ],
          [
            -0.00757,
            42.76185
          ],
          [
            -0.00774,
            42.76171
          ],
          [
            -0.00784,
            42.76151
          ],
          [
            -0.00799,
            42.76113
          ],
          [
            -0.00798,
            42.76076
          ],
          [
            -0.00804,
            42.76068
          ],
          [
            -0.00815,
            42.76061
          ],
          [
            -0.00826,
            42.76044
          ],
          [
            -0.0083,
            42.76033
          ],
          [
            -0.00821,
            42.76007
          ],
          [
            -0.00779,
            42.75975
          ],
          [
            -0.0077,
            42.75957
          ],
          [
            -0.00787,
            42.75939
          ],
          [
            -0.00806,
            42.75925
          ],
          [
            -0.0083,
            42.75915
          ],
          [
            -0.00864,
            42.75886
          ],
          [
            -0.00879,
            42.7587
          ],
          [
            -0.00944,
            42.75834
          ],
          [
            -0.0096,
            42.75819
          ],
          [
            -0.00973,
            42.75802
          ],
          [
            -0.01021,
            42.75764
          ],
          [
            -0.01042,
            42.7575
          ],
          [
            -0.01079,
            42.75698
          ],
          [
            -0.01077,
            42.75681
          ],
          [
            -0.01085,
            42.75662
          ],
          [
            -0.01099,
            42.75624
          ],
          [
            -0.01095,
            42.75583
          ],
          [
            -0.01103,
            42.75566
          ],
          [
            -0.01106,
            42.75545
          ],
          [
            -0.01103,
            42.75525
          ],
          [
            -0.01094,
            42.75506
          ],
          [
            -0.01088,
            42.75488
          ],
          [
            -0.01075,
            42.75466
          ],
          [
            -0.01074,
            42.75453
          ],
          [
            -0.01082,
            42.75441
          ],
          [
            -0.01087,
            42.75437
          ],
          [
            -0.01089,
            42.75421
          ],
          [
            -0.01096,
            42.75406
          ],
          [
            -0.01099,
            42.75383
          ],
          [
            -0.01103,
            42.75375
          ],
          [
            -0.0111,
            42.75371
          ],
          [
            -0.01129,
            42.75367
          ],
          [
            -0.01152,
            42.75365
          ],
          [
            -0.01166,
            42.7536
          ],
          [
            -0.01161,
            42.7534
          ],
          [
            -0.01177,
            42.7528
          ],
          [
            -0.01185,
            42.75269
          ],
          [
            -0.01179,
            42.75222
          ],
          [
            -0.01182,
            42.75202
          ],
          [
            -0.01161,
            42.75189
          ],
          [
            -0.01151,
            42.75149
          ],
          [
            -0.01157,
            42.75115
          ],
          [
            -0.01152,
            42.75086
          ],
          [
            -0.01154,
            42.75066
          ],
          [
            -0.01167,
            42.75031
          ],
          [
            -0.01161,
            42.75024
          ],
          [
            -0.01158,
            42.75006
          ],
          [
            -0.01157,
            42.74983
          ],
          [
            -0.01167,
            42.74958
          ],
          [
            -0.01182,
            42.74894
          ],
          [
            -0.01182,
            42.74867
          ],
          [
            -0.01176,
            42.74854
          ],
          [
            -0.01179,
            42.74842
          ],
          [
            -0.01157,
            42.74811
          ],
          [
            -0.0116,
            42.74805
          ],
          [
            -0.0116,
            42.748
          ],
          [
            -0.01181,
            42.74769
          ],
          [
            -0.01171,
            42.74728
          ],
          [
            -0.01177,
            42.74717
          ],
          [
            -0.01178,
            42.74706
          ],
          [
            -0.01171,
            42.74675
          ],
          [
            -0.01173,
            42.74666
          ],
          [
            -0.01182,
            42.74644
          ],
          [
            -0.01238,
            42.74592
          ],
          [
            -0.01244,
            42.74579
          ],
          [
            -0.01227,
            42.74573
          ],
          [
            -0.01214,
            42.74564
          ],
          [
            -0.01196,
            42.74559
          ],
          [
            -0.01179,
            42.74558
          ],
          [
            -0.01177,
            42.7455
          ],
          [
            -0.01191,
            42.74535
          ],
          [
            -0.01196,
            42.74492
          ],
          [
            -0.01207,
            42.74474
          ],
          [
            -0.01248,
            42.7445
          ],
          [
            -0.01303,
            42.74411
          ],
          [
            -0.01337,
            42.74413
          ],
          [
            -0.01411,
            42.74386
          ],
          [
            -0.01435,
            42.7438
          ],
          [
            -0.01492,
            42.7437
          ],
          [
            -0.01546,
            42.74367
          ],
          [
            -0.01573,
            42.74357
          ],
          [
            -0.01597,
            42.74359
          ],
          [
            -0.01626,
            42.74359
          ],
          [
            -0.01661,
            42.74363
          ],
          [
            -0.0169,
            42.74363
          ],
          [
            -0.01721,
            42.74367
          ],
          [
            -0.01776,
            42.74379
          ],
          [
            -0.01805,
            42.74382
          ],
          [
            -0.01835,
            42.74379
          ],
          [
            -0.01896,
            42.74377
          ],
          [
            -0.01927,
            42.74372
          ],
          [
            -0.01958,
            42.7437
          ],
          [
            -0.01992,
            42.74364
          ],
          [
            -0.02009,
            42.74349
          ],
          [
            -0.02024,
            42.74343
          ],
          [
            -0.02056,
            42.74351
          ],
          [
            -0.02103,
            42.74354
          ],
          [
            -0.02126,
            42.74353
          ],
          [
            -0.02163,
            42.74357
          ],
          [
            -0.022,
            42.74365
          ],
          [
            -0.02234,
            42.74373
          ],
          [
            -0.02273,
            42.74398
          ],
          [
            -0.02295,
            42.74405
          ],
          [
            -0.0231,
            42.74404
          ],
          [
            -0.0238,
            42.74393
          ],
          [
            -0.02384,
            42.74382
          ],
          [
            -0.02379,
            42.74376
          ],
          [
            -0.02378,
            42.74365
          ],
          [
            -0.02385,
            42.74361
          ],
          [
            -0.02388,
            42.74353
          ],
          [
            -0.02402,
            42.74367
          ],
          [
            -0.02419,
            42.74379
          ],
          [
            -0.02443,
            42.74389
          ],
          [
            -0.02468,
            42.74396
          ],
          [
            -0.02496,
            42.74401
          ],
          [
            -0.02523,
            42.74397
          ],
          [
            -0.02585,
            42.74378
          ],
          [
            -0.02623,
            42.74376
          ],
          [
            -0.02663,
            42.74386
          ],
          [
            -0.0268,
            42.74395
          ],
          [
            -0.02689,
            42.74405
          ],
          [
            -0.02694,
            42.74427
          ],
          [
            -0.02705,
            42.74432
          ],
          [
            -0.02718,
            42.74434
          ],
          [
            -0.02754,
            42.74427
          ],
          [
            -0.02773,
            42.74427
          ],
          [
            -0.02799,
            42.7442
          ],
          [
            -0.02802,
            42.74399
          ],
          [
            -0.02792,
            42.74382
          ],
          [
            -0.02753,
            42.74347
          ],
          [
            -0.02675,
            42.74314
          ],
          [
            -0.02609,
            42.74289
          ],
          [
            -0.02576,
            42.74272
          ],
          [
            -0.02518,
            42.74248
          ],
          [
            -0.02477,
            42.74224
          ],
          [
            -0.02438,
            42.74207
          ],
          [
            -0.02401,
            42.74188
          ],
          [
            -0.02383,
            42.74168
          ],
          [
            -0.0239,
            42.74143
          ],
          [
            -0.02382,
            42.74127
          ],
          [
            -0.02378,
            42.74109
          ],
          [
            -0.0238,
            42.74098
          ],
          [
            -0.02386,
            42.7409
          ],
          [
            -0.02402,
            42.7408
          ],
          [
            -0.02403,
            42.74072
          ],
          [
            -0.02394,
            42.74058
          ],
          [
            -0.02381,
            42.74048
          ],
          [
            -0.02368,
            42.74045
          ],
          [
            -0.02359,
            42.74039
          ],
          [
            -0.02306,
            42.74037
          ],
          [
            -0.02271,
            42.7403
          ],
          [
            -0.02222,
            42.74012
          ],
          [
            -0.02184,
            42.7399
          ],
          [
            -0.02162,
            42.73952
          ],
          [
            -0.02155,
            42.73936
          ],
          [
            -0.02128,
            42.73942
          ],
          [
            -0.02079,
            42.73931
          ],
          [
            -0.02065,
            42.73934
          ],
          [
            -0.02047,
            42.73932
          ],
          [
            -0.02023,
            42.73927
          ],
          [
            -0.01997,
            42.73926
          ],
          [
            -0.01966,
            42.7391
          ],
          [
            -0.01941,
            42.739
          ],
          [
            -0.01894,
            42.73874
          ],
          [
            -0.01869,
            42.73868
          ],
          [
            -0.01842,
            42.73858
          ],
          [
            -0.01823,
            42.73848
          ],
          [
            -0.01807,
            42.73837
          ],
          [
            -0.01792,
            42.73806
          ],
          [
            -0.01785,
            42.73798
          ],
          [
            -0.01748,
            42.73788
          ],
          [
            -0.0172,
            42.73788
          ],
          [
            -0.01638,
            42.73812
          ],
          [
            -0.01614,
            42.73816
          ],
          [
            -0.01599,
            42.73821
          ],
          [
            -0.0158,
            42.73818
          ],
          [
            -0.01577,
            42.73834
          ],
          [
            -0.01554,
            42.73825
          ],
          [
            -0.01529,
            42.73859
          ],
          [
            -0.01509,
            42.73795
          ],
          [
            -0.01502,
            42.73784
          ],
          [
            -0.01488,
            42.73751
          ],
          [
            -0.01478,
            42.73746
          ],
          [
            -0.01448,
            42.73735
          ],
          [
            -0.01391,
            42.73729
          ],
          [
            -0.01368,
            42.73717
          ],
          [
            -0.01342,
            42.73688
          ],
          [
            -0.01326,
            42.73677
          ],
          [
            -0.01312,
            42.73662
          ],
          [
            -0.01302,
            42.73642
          ],
          [
            -0.01297,
            42.73618
          ],
          [
            -0.01293,
            42.73609
          ],
          [
            -0.01282,
            42.736
          ],
          [
            -0.0125,
            42.73584
          ],
          [
            -0.01242,
            42.73575
          ],
          [
            -0.01213,
            42.7356
          ],
          [
            -0.01187,
            42.73556
          ],
          [
            -0.01158,
            42.73544
          ],
          [
            -0.01128,
            42.73533
          ],
          [
            -0.01044,
            42.73499
          ],
          [
            -0.01027,
            42.73495
          ],
          [
            -0.0102,
            42.73486
          ],
          [
            -0.01014,
            42.73471
          ],
          [
            -0.00981,
            42.7341
          ],
          [
            -0.00968,
            42.73397
          ],
          [
            -0.00927,
            42.73367
          ],
          [
            -0.00917,
            42.73355
          ],
          [
            -0.00917,
            42.7334
          ],
          [
            -0.00921,
            42.73329
          ],
          [
            -0.00974,
            42.73301
          ],
          [
            -0.00997,
            42.73295
          ],
          [
            -0.01014,
            42.73278
          ],
          [
            -0.01045,
            42.7324
          ],
          [
            -0.01055,
            42.7323
          ],
          [
            -0.01065,
            42.73217
          ],
          [
            -0.0107,
            42.73209
          ],
          [
            -0.01071,
            42.7319
          ],
          [
            -0.01075,
            42.73175
          ],
          [
            -0.01075,
            42.73154
          ],
          [
            -0.01067,
            42.73133
          ],
          [
            -0.01062,
            42.7311
          ],
          [
            -0.01056,
            42.73069
          ],
          [
            -0.01056,
            42.73046
          ],
          [
            -0.01048,
            42.73005
          ],
          [
            -0.01026,
            42.72945
          ],
          [
            -0.01001,
            42.72891
          ],
          [
            -0.00998,
            42.72865
          ],
          [
            -0.00992,
            42.72847
          ],
          [
            -0.00987,
            42.72821
          ],
          [
            -0.00972,
            42.72798
          ],
          [
            -0.00965,
            42.72728
          ],
          [
            -0.0096,
            42.72698
          ],
          [
            -0.00967,
            42.72665
          ],
          [
            -0.00984,
            42.7262
          ],
          [
            -0.00983,
            42.72605
          ],
          [
            -0.00985,
            42.72591
          ],
          [
            -0.00999,
            42.72563
          ],
          [
            -0.01016,
            42.72548
          ],
          [
            -0.01011,
            42.72534
          ],
          [
            -0.01017,
            42.72525
          ],
          [
            -0.01016,
            42.72506
          ],
          [
            -0.01028,
            42.72482
          ],
          [
            -0.01038,
            42.72459
          ],
          [
            -0.0105,
            42.72439
          ],
          [
            -0.01064,
            42.72429
          ],
          [
            -0.01073,
            42.72418
          ],
          [
            -0.01083,
            42.724
          ],
          [
            -0.01114,
            42.7238
          ],
          [
            -0.01139,
            42.72367
          ],
          [
            -0.01147,
            42.72359
          ],
          [
            -0.01139,
            42.72338
          ],
          [
            -0.01136,
            42.72284
          ],
          [
            -0.01138,
            42.7227
          ],
          [
            -0.01145,
            42.72249
          ],
          [
            -0.01153,
            42.72236
          ],
          [
            -0.01155,
            42.72203
          ],
          [
            -0.01163,
            42.72202
          ],
          [
            -0.01172,
            42.72213
          ],
          [
            -0.01184,
            42.72221
          ],
          [
            -0.01192,
            42.72244
          ],
          [
            -0.01205,
            42.72231
          ],
          [
            -0.01213,
            42.72234
          ],
          [
            -0.01214,
            42.7225
          ],
          [
            -0.01212,
            42.72262
          ],
          [
            -0.01223,
            42.72262
          ],
          [
            -0.01249,
            42.72255
          ],
          [
            -0.01255,
            42.7226
          ],
          [
            -0.01248,
            42.72273
          ],
          [
            -0.0124,
            42.72283
          ],
          [
            -0.01267,
            42.72278
          ],
          [
            -0.01264,
            42.72291
          ],
          [
            -0.01296,
            42.72285
          ],
          [
            -0.01328,
            42.72276
          ],
          [
            -0.01321,
            42.72241
          ],
          [
            -0.01343,
            42.72212
          ],
          [
            -0.01359,
            42.72153
          ],
          [
            -0.01343,
            42.72114
          ],
          [
            -0.01357,
            42.72107
          ],
          [
            -0.01348,
            42.7208
          ],
          [
            -0.01321,
            42.72052
          ],
          [
            -0.01328,
            42.72034
          ],
          [
            -0.01343,
            42.72028
          ],
          [
            -0.01358,
            42.72008
          ],
          [
            -0.01365,
            42.71997
          ],
          [
            -0.0136,
            42.71989
          ],
          [
            -0.01368,
            42.71985
          ],
          [
            -0.01389,
            42.71981
          ],
          [
            -0.01426,
            42.71949
          ],
          [
            -0.01433,
            42.71954
          ],
          [
            -0.01417,
            42.71992
          ],
          [
            -0.0142,
            42.71997
          ],
          [
            -0.01426,
            42.71995
          ],
          [
            -0.01468,
            42.71965
          ],
          [
            -0.01471,
            42.71972
          ],
          [
            -0.01459,
            42.71993
          ],
          [
            -0.0147,
            42.71989
          ],
          [
            -0.01483,
            42.71982
          ],
          [
            -0.01482,
            42.72005
          ],
          [
            -0.01478,
            42.72023
          ],
          [
            -0.0149,
            42.72007
          ],
          [
            -0.01491,
            42.7202
          ],
          [
            -0.01497,
            42.72042
          ],
          [
            -0.01525,
            42.72014
          ],
          [
            -0.0154,
            42.71993
          ],
          [
            -0.01556,
            42.71984
          ],
          [
            -0.01579,
            42.71958
          ],
          [
            -0.0159,
            42.71951
          ],
          [
            -0.0161,
            42.71937
          ],
          [
            -0.01634,
            42.71925
          ],
          [
            -0.01643,
            42.71919
          ],
          [
            -0.01666,
            42.71917
          ],
          [
            -0.017,
            42.71901
          ],
          [
            -0.0172,
            42.71882
          ],
          [
            -0.01735,
            42.71865
          ],
          [
            -0.01748,
            42.71845
          ],
          [
            -0.01758,
            42.71835
          ],
          [
            -0.0178,
            42.71823
          ],
          [
            -0.01835,
            42.71814
          ],
          [
            -0.01841,
            42.71805
          ],
          [
            -0.01864,
            42.71798
          ],
          [
            -0.01887,
            42.71787
          ],
          [
            -0.0192,
            42.71769
          ],
          [
            -0.01986,
            42.71742
          ],
          [
            -0.02009,
            42.71723
          ],
          [
            -0.02024,
            42.71704
          ],
          [
            -0.02063,
            42.71677
          ],
          [
            -0.02086,
            42.71658
          ],
          [
            -0.02104,
            42.71648
          ],
          [
            -0.02147,
            42.71634
          ],
          [
            -0.02167,
            42.7163
          ],
          [
            -0.02182,
            42.7162
          ],
          [
            -0.02186,
            42.71611
          ],
          [
            -0.02187,
            42.7159
          ],
          [
            -0.02199,
            42.71586
          ],
          [
            -0.02269,
            42.71553
          ],
          [
            -0.02294,
            42.71557
          ],
          [
            -0.023,
            42.71562
          ],
          [
            -0.02317,
            42.71569
          ],
          [
            -0.02332,
            42.71568
          ],
          [
            -0.02343,
            42.71562
          ],
          [
            -0.02369,
            42.71555
          ],
          [
            -0.02398,
            42.71556
          ],
          [
            -0.02425,
            42.71548
          ],
          [
            -0.02449,
            42.71539
          ],
          [
            -0.02463,
            42.71524
          ],
          [
            -0.02462,
            42.71501
          ],
          [
            -0.02481,
            42.71485
          ],
          [
            -0.02503,
            42.71471
          ],
          [
            -0.02527,
            42.71462
          ],
          [
            -0.02547,
            42.71458
          ],
          [
            -0.02587,
            42.71474
          ],
          [
            -0.02615,
            42.7147
          ],
          [
            -0.02669,
            42.71442
          ],
          [
            -0.02693,
            42.71423
          ],
          [
            -0.02711,
            42.71405
          ],
          [
            -0.02731,
            42.71374
          ],
          [
            -0.02745,
            42.71365
          ],
          [
            -0.02769,
            42.71355
          ],
          [
            -0.02789,
            42.71331
          ],
          [
            -0.02829,
            42.713
          ],
          [
            -0.02855,
            42.71283
          ],
          [
            -0.02903,
            42.71265
          ],
          [
            -0.02957,
            42.71236
          ],
          [
            -0.03,
            42.7121
          ],
          [
            -0.03017,
            42.71199
          ],
          [
            -0.03036,
            42.71192
          ],
          [
            -0.0305,
            42.71185
          ],
          [
            -0.0309,
            42.71182
          ],
          [
            -0.03107,
            42.71188
          ],
          [
            -0.03126,
            42.71188
          ],
          [
            -0.03141,
            42.71187
          ],
          [
            -0.03188,
            42.7117
          ],
          [
            -0.03222,
            42.71172
          ],
          [
            -0.03263,
            42.71178
          ],
          [
            -0.0329,
            42.71189
          ],
          [
            -0.03331,
            42.71212
          ],
          [
            -0.03359,
            42.71238
          ],
          [
            -0.03378,
            42.71227
          ],
          [
            -0.03398,
            42.71229
          ],
          [
            -0.03423,
            42.71219
          ],
          [
            -0.03467,
            42.71209
          ],
          [
            -0.03493,
            42.7121
          ],
          [
            -0.03516,
            42.71217
          ],
          [
            -0.03528,
            42.71217
          ],
          [
            -0.03545,
            42.71201
          ],
          [
            -0.0356,
            42.71201
          ],
          [
            -0.0357,
            42.71207
          ],
          [
            -0.03642,
            42.71236
          ],
          [
            -0.03653,
            42.71237
          ],
          [
            -0.03664,
            42.71232
          ],
          [
            -0.03675,
            42.71221
          ],
          [
            -0.03694,
            42.71213
          ],
          [
            -0.03736,
            42.71185
          ],
          [
            -0.03771,
            42.71151
          ],
          [
            -0.03794,
            42.71142
          ],
          [
            -0.03809,
            42.71126
          ],
          [
            -0.03828,
            42.71116
          ],
          [
            -0.03853,
            42.7111
          ],
          [
            -0.03868,
            42.71115
          ],
          [
            -0.0387,
            42.71131
          ],
          [
            -0.03884,
            42.71146
          ],
          [
            -0.03904,
            42.71157
          ],
          [
            -0.0393,
            42.71162
          ],
          [
            -0.03976,
            42.71163
          ],
          [
            -0.03996,
            42.7116
          ],
          [
            -0.04014,
            42.71154
          ],
          [
            -0.04029,
            42.71146
          ],
          [
            -0.04057,
            42.71136
          ],
          [
            -0.04078,
            42.7113
          ],
          [
            -0.04105,
            42.71127
          ],
          [
            -0.04168,
            42.7113
          ],
          [
            -0.04203,
            42.71116
          ],
          [
            -0.04234,
            42.71115
          ],
          [
            -0.04284,
            42.71108
          ],
          [
            -0.04314,
            42.71106
          ],
          [
            -0.04343,
            42.71101
          ],
          [
            -0.04392,
            42.71095
          ],
          [
            -0.04444,
            42.71079
          ],
          [
            -0.0447,
            42.71068
          ],
          [
            -0.04511,
            42.71041
          ],
          [
            -0.04562,
            42.71044
          ],
          [
            -0.04597,
            42.71032
          ],
          [
            -0.04606,
            42.71027
          ],
          [
            -0.0462,
            42.71026
          ],
          [
            -0.04639,
            42.71032
          ],
          [
            -0.04655,
            42.71028
          ],
          [
            -0.04658,
            42.7101
          ],
          [
            -0.0467,
            42.70998
          ],
          [
            -0.04677,
            42.70989
          ],
          [
            -0.047,
            42.70978
          ],
          [
            -0.04704,
            42.70967
          ],
          [
            -0.04752,
            42.7095
          ],
          [
            -0.04774,
            42.70938
          ],
          [
            -0.04801,
            42.7093
          ],
          [
            -0.04836,
            42.70936
          ],
          [
            -0.04857,
            42.70929
          ],
          [
            -0.04866,
            42.70917
          ],
          [
            -0.0488,
            42.70912
          ],
          [
            -0.04904,
            42.70911
          ],
          [
            -0.04943,
            42.70901
          ],
          [
            -0.04969,
            42.70891
          ],
          [
            -0.04991,
            42.70892
          ],
          [
            -0.05043,
            42.70881
          ],
          [
            -0.05052,
            42.70859
          ],
          [
            -0.05077,
            42.70849
          ],
          [
            -0.05111,
            42.70843
          ],
          [
            -0.0514,
            42.70849
          ],
          [
            -0.05168,
            42.70848
          ],
          [
            -0.05192,
            42.70839
          ],
          [
            -0.05221,
            42.70833
          ],
          [
            -0.05244,
            42.70823
          ],
          [
            -0.05273,
            42.70816
          ],
          [
            -0.05292,
            42.70802
          ],
          [
            -0.05319,
            42.70801
          ],
          [
            -0.05346,
            42.70805
          ],
          [
            -0.05376,
            42.70806
          ],
          [
            -0.054,
            42.70797
          ],
          [
            -0.05483,
            42.70779
          ],
          [
            -0.05506,
            42.7077
          ],
          [
            -0.0553,
            42.70765
          ],
          [
            -0.05587,
            42.70744
          ],
          [
            -0.05636,
            42.7073
          ],
          [
            -0.05661,
            42.70724
          ],
          [
            -0.05686,
            42.70714
          ],
          [
            -0.05714,
            42.70709
          ],
          [
            -0.05755,
            42.70721
          ],
          [
            -0.05781,
            42.70715
          ],
          [
            -0.05815,
            42.70704
          ],
          [
            -0.05866,
            42.70674
          ],
          [
            -0.05872,
            42.70665
          ],
          [
            -0.05893,
            42.70658
          ],
          [
            -0.05914,
            42.70655
          ],
          [
            -0.05951,
            42.70644
          ],
          [
            -0.06008,
            42.70646
          ],
          [
            -0.06062,
            42.7067
          ],
          [
            -0.06079,
            42.70661
          ],
          [
            -0.06101,
            42.70657
          ],
          [
            -0.06106,
            42.70639
          ],
          [
            -0.06117,
            42.70633
          ],
          [
            -0.06143,
            42.70627
          ],
          [
            -0.06197,
            42.70594
          ],
          [
            -0.06233,
            42.70545
          ],
          [
            -0.06268,
            42.7051
          ],
          [
            -0.06279,
            42.70485
          ],
          [
            -0.06291,
            42.7045
          ],
          [
            -0.063,
            42.70434
          ],
          [
            -0.06301,
            42.70419
          ],
          [
            -0.06319,
            42.70434
          ],
          [
            -0.0633,
            42.70426
          ],
          [
            -0.06381,
            42.70401
          ],
          [
            -0.06405,
            42.70395
          ],
          [
            -0.06418,
            42.70388
          ],
          [
            -0.06432,
            42.7039
          ],
          [
            -0.06471,
            42.7039
          ],
          [
            -0.06487,
            42.70394
          ],
          [
            -0.06527,
            42.70413
          ],
          [
            -0.06548,
            42.70417
          ],
          [
            -0.06578,
            42.70416
          ],
          [
            -0.06596,
            42.70413
          ],
          [
            -0.06615,
            42.70416
          ],
          [
            -0.06631,
            42.70415
          ],
          [
            -0.06644,
            42.70411
          ],
          [
            -0.06729,
            42.70432
          ],
          [
            -0.06752,
            42.70441
          ],
          [
            -0.06779,
            42.70444
          ],
          [
            -0.06799,
            42.70445
          ],
          [
            -0.06795,
            42.70439
          ],
          [
            -0.06784,
            42.70434
          ],
          [
            -0.06779,
            42.70429
          ],
          [
            -0.06795,
            42.70427
          ],
          [
            -0.06814,
            42.7043
          ],
          [
            -0.06796,
            42.70417
          ],
          [
            -0.0677,
            42.70409
          ],
          [
            -0.06747,
            42.70399
          ],
          [
            -0.06756,
            42.70395
          ],
          [
            -0.06767,
            42.70398
          ],
          [
            -0.06765,
            42.70389
          ],
          [
            -0.06787,
            42.7039
          ],
          [
            -0.06811,
            42.70386
          ],
          [
            -0.06831,
            42.70386
          ],
          [
            -0.06862,
            42.70401
          ],
          [
            -0.0687,
            42.70419
          ],
          [
            -0.06895,
            42.7043
          ],
          [
            -0.06926,
            42.70433
          ],
          [
            -0.06924,
            42.70427
          ],
          [
            -0.06906,
            42.70404
          ],
          [
            -0.06919,
            42.70402
          ],
          [
            -0.06928,
            42.70404
          ],
          [
            -0.06944,
            42.70417
          ],
          [
            -0.06949,
            42.70411
          ],
          [
            -0.06942,
            42.704
          ],
          [
            -0.06953,
            42.70402
          ],
          [
            -0.06976,
            42.70402
          ],
          [
            -0.06991,
            42.70398
          ],
          [
            -0.07002,
            42.70392
          ],
          [
            -0.07041,
            42.70386
          ],
          [
            -0.07034,
            42.70375
          ],
          [
            -0.07045,
            42.70371
          ],
          [
            -0.07076,
            42.70367
          ],
          [
            -0.07105,
            42.70368
          ],
          [
            -0.07121,
            42.70358
          ],
          [
            -0.07138,
            42.70356
          ],
          [
            -0.07162,
            42.70345
          ],
          [
            -0.07177,
            42.7034
          ],
          [
            -0.07226,
            42.70341
          ],
          [
            -0.07243,
            42.70346
          ],
          [
            -0.07255,
            42.70344
          ],
          [
            -0.07265,
            42.70348
          ],
          [
            -0.07271,
            42.70357
          ],
          [
            -0.07293,
            42.70361
          ],
          [
            -0.07325,
            42.7037
          ],
          [
            -0.07363,
            42.70379
          ],
          [
            -0.07411,
            42.7038
          ],
          [
            -0.0748,
            42.70377
          ],
          [
            -0.07631,
            42.70361
          ],
          [
            -0.07642,
            42.70358
          ],
          [
            -0.07661,
            42.70361
          ],
          [
            -0.07689,
            42.70349
          ],
          [
            -0.07704,
            42.70338
          ],
          [
            -0.07751,
            42.70315
          ],
          [
            -0.0782,
            42.70311
          ],
          [
            -0.07908,
            42.70267
          ],
          [
            -0.07949,
            42.70241
          ],
          [
            -0.07971,
            42.70229
          ],
          [
            -0.08042,
            42.70204
          ],
          [
            -0.08068,
            42.70199
          ],
          [
            -0.08125,
            42.70196
          ],
          [
            -0.08148,
            42.70191
          ],
          [
            -0.08178,
            42.70193
          ],
          [
            -0.08208,
            42.70201
          ],
          [
            -0.08271,
            42.70203
          ],
          [
            -0.08299,
            42.70211
          ],
          [
            -0.08327,
            42.7021
          ],
          [
            -0.08358,
            42.70203
          ],
          [
            -0.08413,
            42.70216
          ],
          [
            -0.0844,
            42.70212
          ],
          [
            -0.08455,
            42.70197
          ],
          [
            -0.08447,
            42.70186
          ],
          [
            -0.08434,
            42.70181
          ],
          [
            -0.08427,
            42.70176
          ],
          [
            -0.0843,
            42.70171
          ],
          [
            -0.08445,
            42.70173
          ],
          [
            -0.08479,
            42.70173
          ],
          [
            -0.08546,
            42.70166
          ],
          [
            -0.0858,
            42.70164
          ],
          [
            -0.08613,
            42.70166
          ],
          [
            -0.08645,
            42.70175
          ],
          [
            -0.08662,
            42.70177
          ],
          [
            -0.08683,
            42.70173
          ],
          [
            -0.0871,
            42.70163
          ],
          [
            -0.08729,
            42.7016
          ],
          [
            -0.08742,
            42.70155
          ],
          [
            -0.08766,
            42.70148
          ],
          [
            -0.08798,
            42.70142
          ],
          [
            -0.0882,
            42.70132
          ],
          [
            -0.08836,
            42.70121
          ],
          [
            -0.08838,
            42.70115
          ],
          [
            -0.08836,
            42.70107
          ],
          [
            -0.0886,
            42.70088
          ],
          [
            -0.08863,
            42.70093
          ],
          [
            -0.0886,
            42.70098
          ],
          [
            -0.08883,
            42.70089
          ],
          [
            -0.08883,
            42.70093
          ],
          [
            -0.0888,
            42.7011
          ],
          [
            -0.08883,
            42.70119
          ],
          [
            -0.08889,
            42.70121
          ],
          [
            -0.0891,
            42.70114
          ],
          [
            -0.08951,
            42.70087
          ],
          [
            -0.08969,
            42.70081
          ],
          [
            -0.08979,
            42.70071
          ],
          [
            -0.09049,
            42.70045
          ],
          [
            -0.09061,
            42.70035
          ],
          [
            -0.09077,
            42.7003
          ],
          [
            -0.09106,
            42.70029
          ],
          [
            -0.09225,
            42.69963
          ],
          [
            -0.09258,
            42.69957
          ],
          [
            -0.09282,
            42.69949
          ],
          [
            -0.09284,
            42.69942
          ],
          [
            -0.0936,
            42.69932
          ],
          [
            -0.094,
            42.69921
          ],
          [
            -0.09441,
            42.69928
          ],
          [
            -0.0947,
            42.69935
          ],
          [
            -0.09513,
            42.69943
          ],
          [
            -0.09573,
            42.69947
          ],
          [
            -0.09637,
            42.69935
          ],
          [
            -0.09677,
            42.69931
          ],
          [
            -0.09702,
            42.69913
          ],
          [
            -0.09712,
            42.69927
          ],
          [
            -0.09729,
            42.69925
          ],
          [
            -0.09743,
            42.69919
          ],
          [
            -0.09761,
            42.69919
          ],
          [
            -0.09766,
            42.69911
          ],
          [
            -0.09771,
            42.69907
          ],
          [
            -0.09779,
            42.6991
          ],
          [
            -0.09781,
            42.69917
          ],
          [
            -0.0979,
            42.69923
          ],
          [
            -0.09789,
            42.69935
          ],
          [
            -0.09816,
            42.69927
          ],
          [
            -0.09827,
            42.6992
          ],
          [
            -0.09839,
            42.69918
          ],
          [
            -0.09838,
            42.69932
          ],
          [
            -0.09842,
            42.69939
          ],
          [
            -0.09862,
            42.69942
          ],
          [
            -0.09872,
            42.69941
          ],
          [
            -0.0988,
            42.69948
          ],
          [
            -0.0989,
            42.69952
          ],
          [
            -0.09895,
            42.69941
          ],
          [
            -0.09903,
            42.69947
          ],
          [
            -0.0991,
            42.69945
          ],
          [
            -0.09917,
            42.69939
          ],
          [
            -0.09942,
            42.69931
          ],
          [
            -0.09943,
            42.69936
          ],
          [
            -0.0995,
            42.6996
          ],
          [
            -0.09956,
            42.6996
          ],
          [
            -0.0996,
            42.69956
          ],
          [
            -0.09967,
            42.6996
          ],
          [
            -0.09968,
            42.69968
          ],
          [
            -0.0998,
            42.69962
          ],
          [
            -0.10014,
            42.70002
          ],
          [
            -0.10026,
            42.70004
          ],
          [
            -0.10034,
            42.69989
          ],
          [
            -0.10052,
            42.69989
          ],
          [
            -0.10061,
            42.69994
          ],
          [
            -0.10066,
            42.70006
          ],
          [
            -0.10064,
            42.70017
          ],
          [
            -0.101,
            42.70007
          ],
          [
            -0.10099,
            42.69998
          ],
          [
            -0.10103,
            42.69974
          ],
          [
            -0.10121,
            42.69984
          ],
          [
            -0.1013,
            42.69997
          ],
          [
            -0.10143,
            42.70007
          ],
          [
            -0.10156,
            42.70009
          ],
          [
            -0.10173,
            42.69995
          ],
          [
            -0.10179,
            42.69982
          ],
          [
            -0.10189,
            42.6999
          ],
          [
            -0.10191,
            42.7
          ],
          [
            -0.10208,
            42.70001
          ],
          [
            -0.10217,
            42.69996
          ],
          [
            -0.10225,
            42.69989
          ],
          [
            -0.10224,
            42.69975
          ],
          [
            -0.10228,
            42.69961
          ],
          [
            -0.10218,
            42.69955
          ],
          [
            -0.10218,
            42.69942
          ],
          [
            -0.10232,
            42.69929
          ],
          [
            -0.10269,
            42.69901
          ],
          [
            -0.10287,
            42.69897
          ],
          [
            -0.103,
            42.69891
          ],
          [
            -0.10296,
            42.6991
          ],
          [
            -0.10301,
            42.69919
          ],
          [
            -0.10311,
            42.6992
          ],
          [
            -0.10323,
            42.69912
          ],
          [
            -0.10332,
            42.69902
          ],
          [
            -0.10346,
            42.69912
          ],
          [
            -0.10368,
            42.69918
          ],
          [
            -0.1038,
            42.69911
          ],
          [
            -0.10387,
            42.69897
          ],
          [
            -0.10384,
            42.69879
          ],
          [
            -0.10388,
            42.69857
          ],
          [
            -0.10404,
            42.69877
          ],
          [
            -0.10408,
            42.69871
          ],
          [
            -0.10409,
            42.69858
          ],
          [
            -0.10421,
            42.69866
          ],
          [
            -0.1043,
            42.69874
          ],
          [
            -0.10422,
            42.69828
          ],
          [
            -0.10427,
            42.69788
          ],
          [
            -0.10432,
            42.69794
          ],
          [
            -0.10442,
            42.69795
          ],
          [
            -0.1045,
            42.69789
          ],
          [
            -0.10463,
            42.69817
          ],
          [
            -0.10474,
            42.69802
          ],
          [
            -0.10483,
            42.69809
          ],
          [
            -0.10483,
            42.69818
          ],
          [
            -0.10492,
            42.6983
          ],
          [
            -0.10501,
            42.69833
          ],
          [
            -0.10509,
            42.69821
          ],
          [
            -0.10514,
            42.69795
          ],
          [
            -0.10528,
            42.69758
          ],
          [
            -0.10543,
            42.69734
          ],
          [
            -0.1055,
            42.69714
          ],
          [
            -0.10543,
            42.69701
          ],
          [
            -0.1054,
            42.69684
          ],
          [
            -0.10546,
            42.69667
          ],
          [
            -0.10559,
            42.69645
          ],
          [
            -0.10565,
            42.6963
          ],
          [
            -0.10569,
            42.6961
          ],
          [
            -0.10569,
            42.69587
          ],
          [
            -0.10565,
            42.6957
          ],
          [
            -0.10557,
            42.6956
          ],
          [
            -0.10565,
            42.6956
          ],
          [
            -0.10569,
            42.69551
          ],
          [
            -0.10579,
            42.69558
          ],
          [
            -0.10585,
            42.69554
          ],
          [
            -0.10589,
            42.69526
          ],
          [
            -0.10598,
            42.69518
          ],
          [
            -0.10623,
            42.69502
          ],
          [
            -0.10638,
            42.69495
          ],
          [
            -0.10646,
            42.69487
          ],
          [
            -0.10656,
            42.69472
          ],
          [
            -0.10682,
            42.69451
          ],
          [
            -0.10696,
            42.69443
          ],
          [
            -0.1069,
            42.69438
          ],
          [
            -0.10662,
            42.69459
          ],
          [
            -0.10639,
            42.6949
          ],
          [
            -0.10598,
            42.69513
          ],
          [
            -0.1058,
            42.69498
          ],
          [
            -0.10552,
            42.6947
          ],
          [
            -0.10539,
            42.6945
          ],
          [
            -0.10528,
            42.69438
          ],
          [
            -0.1051,
            42.69405
          ],
          [
            -0.10507,
            42.69379
          ],
          [
            -0.10514,
            42.69359
          ],
          [
            -0.10519,
            42.69324
          ],
          [
            -0.10527,
            42.69305
          ],
          [
            -0.10543,
            42.6925
          ],
          [
            -0.1055,
            42.69214
          ],
          [
            -0.10561,
            42.69191
          ],
          [
            -0.1058,
            42.69139
          ],
          [
            -0.10614,
            42.69081
          ],
          [
            -0.10617,
            42.69059
          ],
          [
            -0.10616,
            42.69035
          ],
          [
            -0.10632,
            42.6894
          ],
          [
            -0.10642,
            42.68924
          ],
          [
            -0.10643,
            42.68908
          ],
          [
            -0.1067,
            42.68868
          ],
          [
            -0.10686,
            42.68839
          ],
          [
            -0.10718,
            42.68792
          ],
          [
            -0.10721,
            42.68758
          ],
          [
            -0.10694,
            42.68701
          ],
          [
            -0.10695,
            42.68682
          ],
          [
            -0.10702,
            42.68663
          ],
          [
            -0.10739,
            42.68612
          ],
          [
            -0.10755,
            42.68595
          ],
          [
            -0.1095,
            42.68481
          ],
          [
            -0.11031,
            42.68401
          ],
          [
            -0.11151,
            42.6835
          ],
          [
            -0.1129,
            42.68313
          ],
          [
            -0.11345,
            42.68293
          ],
          [
            -0.11442,
            42.68251
          ],
          [
            -0.11465,
            42.68233
          ],
          [
            -0.115,
            42.68213
          ],
          [
            -0.11532,
            42.68178
          ],
          [
            -0.11564,
            42.68125
          ],
          [
            -0.11622,
            42.68069
          ],
          [
            -0.11663,
            42.68045
          ],
          [
            -0.11673,
            42.6804
          ],
          [
            -0.11693,
            42.68039
          ],
          [
            -0.11882,
            42.6798
          ],
          [
            -0.11964,
            42.67948
          ],
          [
            -0.12012,
            42.67923
          ],
          [
            -0.12037,
            42.67907
          ],
          [
            -0.12058,
            42.67899
          ],
          [
            -0.12088,
            42.67873
          ],
          [
            -0.12105,
            42.67854
          ],
          [
            -0.12179,
            42.67779
          ],
          [
            -0.12209,
            42.67758
          ],
          [
            -0.12233,
            42.67731
          ],
          [
            -0.12242,
            42.67665
          ],
          [
            -0.12252,
            42.67639
          ],
          [
            -0.12261,
            42.67608
          ],
          [
            -0.12271,
            42.67583
          ],
          [
            -0.12279,
            42.67556
          ],
          [
            -0.12294,
            42.67527
          ],
          [
            -0.12326,
            42.67488
          ],
          [
            -0.12331,
            42.67465
          ],
          [
            -0.12329,
            42.67445
          ],
          [
            -0.12322,
            42.67428
          ],
          [
            -0.12323,
            42.67391
          ],
          [
            -0.12326,
            42.67368
          ],
          [
            -0.12337,
            42.67345
          ],
          [
            -0.12327,
            42.67317
          ],
          [
            -0.12299,
            42.67254
          ],
          [
            -0.12279,
            42.67233
          ],
          [
            -0.12266,
            42.67171
          ],
          [
            -0.12238,
            42.67137
          ],
          [
            -0.12241,
            42.67109
          ],
          [
            -0.1224,
            42.6707
          ],
          [
            -0.12256,
            42.6706
          ],
          [
            -0.12294,
            42.67025
          ],
          [
            -0.12301,
            42.66997
          ],
          [
            -0.1227,
            42.66923
          ],
          [
            -0.1224,
            42.66878
          ],
          [
            -0.12206,
            42.66833
          ],
          [
            -0.12155,
            42.66742
          ],
          [
            -0.12156,
            42.66729
          ],
          [
            -0.12183,
            42.6672
          ],
          [
            -0.12182,
            42.66661
          ],
          [
            -0.12179,
            42.66645
          ],
          [
            -0.12156,
            42.66621
          ],
          [
            -0.12121,
            42.66593
          ],
          [
            -0.12089,
            42.66573
          ],
          [
            -0.12036,
            42.66545
          ],
          [
            -0.11981,
            42.66528
          ],
          [
            -0.11877,
            42.66489
          ],
          [
            -0.11801,
            42.66464
          ],
          [
            -0.11769,
            42.66449
          ],
          [
            -0.1171,
            42.6644
          ],
          [
            -0.11633,
            42.66425
          ],
          [
            -0.11518,
            42.6634
          ],
          [
            -0.11434,
            42.66282
          ],
          [
            -0.11287,
            42.66217
          ],
          [
            -0.11227,
            42.66186
          ],
          [
            -0.11207,
            42.6617
          ],
          [
            -0.11169,
            42.66151
          ],
          [
            -0.11117,
            42.66116
          ],
          [
            -0.11084,
            42.66089
          ],
          [
            -0.11084,
            42.66069
          ],
          [
            -0.11086,
            42.66048
          ],
          [
            -0.11072,
            42.65965
          ],
          [
            -0.1106,
            42.65942
          ],
          [
            -0.10967,
            42.65852
          ],
          [
            -0.10922,
            42.65852
          ],
          [
            -0.10877,
            42.65841
          ],
          [
            -0.10848,
            42.65841
          ],
          [
            -0.10819,
            42.65828
          ],
          [
            -0.10797,
            42.65806
          ],
          [
            -0.1073,
            42.65764
          ],
          [
            -0.10706,
            42.65752
          ],
          [
            -0.1067,
            42.65724
          ],
          [
            -0.10648,
            42.65704
          ],
          [
            -0.10644,
            42.65684
          ],
          [
            -0.10649,
            42.65673
          ],
          [
            -0.10643,
            42.65662
          ],
          [
            -0.10646,
            42.65642
          ],
          [
            -0.10639,
            42.65622
          ],
          [
            -0.10642,
            42.65606
          ],
          [
            -0.10653,
            42.65595
          ],
          [
            -0.10662,
            42.65582
          ],
          [
            -0.10661,
            42.65564
          ],
          [
            -0.10649,
            42.65549
          ],
          [
            -0.10629,
            42.65535
          ],
          [
            -0.10635,
            42.65527
          ],
          [
            -0.10667,
            42.65518
          ],
          [
            -0.10692,
            42.65506
          ],
          [
            -0.10695,
            42.6549
          ],
          [
            -0.10696,
            42.65466
          ],
          [
            -0.107,
            42.6544
          ],
          [
            -0.10706,
            42.6541
          ],
          [
            -0.10705,
            42.6538
          ],
          [
            -0.1069,
            42.65362
          ],
          [
            -0.10655,
            42.65367
          ],
          [
            -0.10628,
            42.65394
          ],
          [
            -0.10616,
            42.65399
          ],
          [
            -0.10598,
            42.65395
          ],
          [
            -0.10558,
            42.65377
          ],
          [
            -0.10514,
            42.65365
          ],
          [
            -0.10497,
            42.6535
          ],
          [
            -0.10499,
            42.6533
          ],
          [
            -0.10521,
            42.65317
          ],
          [
            -0.10542,
            42.65307
          ],
          [
            -0.10555,
            42.65299
          ],
          [
            -0.10556,
            42.65274
          ],
          [
            -0.10549,
            42.65258
          ],
          [
            -0.10546,
            42.65246
          ],
          [
            -0.10549,
            42.65232
          ],
          [
            -0.10546,
            42.6521
          ],
          [
            -0.10581,
            42.65194
          ],
          [
            -0.10589,
            42.65182
          ],
          [
            -0.10581,
            42.65166
          ],
          [
            -0.10536,
            42.6514
          ],
          [
            -0.10531,
            42.65108
          ],
          [
            -0.10524,
            42.65106
          ],
          [
            -0.10509,
            42.65189
          ],
          [
            -0.10497,
            42.65206
          ],
          [
            -0.1048,
            42.65222
          ],
          [
            -0.10386,
            42.65267
          ],
          [
            -0.1036,
            42.65281
          ],
          [
            -0.10334,
            42.65302
          ],
          [
            -0.10284,
            42.65333
          ],
          [
            -0.10266,
            42.65346
          ],
          [
            -0.10255,
            42.65322
          ],
          [
            -0.10253,
            42.65297
          ],
          [
            -0.10249,
            42.65274
          ],
          [
            -0.10256,
            42.65253
          ],
          [
            -0.10269,
            42.65246
          ],
          [
            -0.10291,
            42.65219
          ],
          [
            -0.10293,
            42.65208
          ],
          [
            -0.10291,
            42.65195
          ],
          [
            -0.10321,
            42.65166
          ],
          [
            -0.10327,
            42.65155
          ],
          [
            -0.1035,
            42.65148
          ],
          [
            -0.10364,
            42.65139
          ],
          [
            -0.10364,
            42.65131
          ],
          [
            -0.1035,
            42.65104
          ],
          [
            -0.10382,
            42.65098
          ],
          [
            -0.10392,
            42.65074
          ],
          [
            -0.10398,
            42.65041
          ],
          [
            -0.10399,
            42.64973
          ],
          [
            -0.10394,
            42.64894
          ],
          [
            -0.10392,
            42.64765
          ],
          [
            -0.10399,
            42.64664
          ],
          [
            -0.10422,
            42.64605
          ],
          [
            -0.10444,
            42.64579
          ],
          [
            -0.10462,
            42.64549
          ],
          [
            -0.10458,
            42.64463
          ],
          [
            -0.10468,
            42.64434
          ],
          [
            -0.10465,
            42.64349
          ],
          [
            -0.10473,
            42.64326
          ],
          [
            -0.1049,
            42.64304
          ],
          [
            -0.10505,
            42.64276
          ],
          [
            -0.10515,
            42.64265
          ],
          [
            -0.10526,
            42.64208
          ],
          [
            -0.10523,
            42.64163
          ],
          [
            -0.10506,
            42.64152
          ],
          [
            -0.10499,
            42.64136
          ],
          [
            -0.10498,
            42.64099
          ],
          [
            -0.10491,
            42.64066
          ],
          [
            -0.10471,
            42.64029
          ],
          [
            -0.10459,
            42.64
          ],
          [
            -0.10452,
            42.63977
          ],
          [
            -0.10456,
            42.63966
          ],
          [
            -0.10463,
            42.63962
          ],
          [
            -0.10488,
            42.63944
          ],
          [
            -0.10498,
            42.63929
          ],
          [
            -0.10504,
            42.63925
          ],
          [
            -0.1053,
            42.63908
          ],
          [
            -0.10537,
            42.63891
          ],
          [
            -0.10552,
            42.63875
          ],
          [
            -0.10568,
            42.63834
          ],
          [
            -0.10578,
            42.63814
          ],
          [
            -0.10588,
            42.63797
          ],
          [
            -0.10585,
            42.63731
          ],
          [
            -0.10593,
            42.63699
          ],
          [
            -0.10606,
            42.63668
          ],
          [
            -0.10626,
            42.63645
          ],
          [
            -0.10647,
            42.63629
          ],
          [
            -0.1068,
            42.63594
          ],
          [
            -0.10693,
            42.63574
          ],
          [
            -0.10709,
            42.63556
          ],
          [
            -0.10727,
            42.63538
          ],
          [
            -0.10771,
            42.63504
          ],
          [
            -0.10785,
            42.63485
          ],
          [
            -0.10795,
            42.63468
          ],
          [
            -0.10809,
            42.6345
          ],
          [
            -0.10821,
            42.63439
          ],
          [
            -0.10847,
            42.63406
          ],
          [
            -0.10864,
            42.63389
          ],
          [
            -0.10896,
            42.63352
          ],
          [
            -0.10911,
            42.63333
          ],
          [
            -0.10916,
            42.6332
          ],
          [
            -0.10914,
            42.63307
          ],
          [
            -0.10903,
            42.63295
          ],
          [
            -0.10876,
            42.63278
          ],
          [
            -0.1085,
            42.63257
          ],
          [
            -0.10786,
            42.63183
          ],
          [
            -0.10771,
            42.63151
          ],
          [
            -0.10762,
            42.63121
          ],
          [
            -0.1076,
            42.6309
          ],
          [
            -0.10764,
            42.63042
          ],
          [
            -0.10784,
            42.63031
          ],
          [
            -0.10834,
            42.63027
          ],
          [
            -0.10887,
            42.63035
          ],
          [
            -0.10904,
            42.63023
          ],
          [
            -0.10914,
            42.63008
          ],
          [
            -0.10929,
            42.62994
          ],
          [
            -0.10939,
            42.6299
          ],
          [
            -0.10963,
            42.6299
          ],
          [
            -0.10977,
            42.62992
          ],
          [
            -0.10991,
            42.62989
          ],
          [
            -0.11,
            42.62982
          ],
          [
            -0.11026,
            42.62979
          ],
          [
            -0.1108,
            42.62962
          ],
          [
            -0.11084,
            42.62935
          ],
          [
            -0.11087,
            42.62928
          ],
          [
            -0.11108,
            42.62925
          ],
          [
            -0.11141,
            42.62916
          ],
          [
            -0.11212,
            42.62913
          ],
          [
            -0.11231,
            42.62908
          ],
          [
            -0.11226,
            42.62857
          ],
          [
            -0.11221,
            42.62824
          ],
          [
            -0.11209,
            42.62794
          ],
          [
            -0.11205,
            42.62778
          ],
          [
            -0.1121,
            42.62755
          ],
          [
            -0.11207,
            42.62749
          ],
          [
            -0.11219,
            42.62731
          ],
          [
            -0.11233,
            42.62724
          ],
          [
            -0.11253,
            42.62713
          ],
          [
            -0.11258,
            42.62701
          ],
          [
            -0.11243,
            42.62677
          ],
          [
            -0.11248,
            42.62666
          ],
          [
            -0.1128,
            42.62634
          ],
          [
            -0.11298,
            42.62608
          ],
          [
            -0.113,
            42.62594
          ],
          [
            -0.11299,
            42.62578
          ],
          [
            -0.11294,
            42.62565
          ],
          [
            -0.1126,
            42.62506
          ],
          [
            -0.11253,
            42.62488
          ],
          [
            -0.11248,
            42.62471
          ],
          [
            -0.1126,
            42.62417
          ],
          [
            -0.11278,
            42.62402
          ],
          [
            -0.11308,
            42.62374
          ],
          [
            -0.1131,
            42.62368
          ],
          [
            -0.11273,
            42.62376
          ],
          [
            -0.11267,
            42.62371
          ],
          [
            -0.11274,
            42.62357
          ],
          [
            -0.11291,
            42.6235
          ],
          [
            -0.11295,
            42.6234
          ],
          [
            -0.11289,
            42.62332
          ],
          [
            -0.11272,
            42.62323
          ],
          [
            -0.11253,
            42.62299
          ],
          [
            -0.11245,
            42.62252
          ],
          [
            -0.11228,
            42.62195
          ],
          [
            -0.11242,
            42.62177
          ],
          [
            -0.11264,
            42.62162
          ],
          [
            -0.1131,
            42.62122
          ],
          [
            -0.11321,
            42.62107
          ],
          [
            -0.11336,
            42.62081
          ],
          [
            -0.11354,
            42.62059
          ],
          [
            -0.11375,
            42.62021
          ],
          [
            -0.11389,
            42.62004
          ],
          [
            -0.11413,
            42.61965
          ],
          [
            -0.11437,
            42.61936
          ],
          [
            -0.11456,
            42.61927
          ],
          [
            -0.11467,
            42.61904
          ],
          [
            -0.11488,
            42.61849
          ],
          [
            -0.11492,
            42.61821
          ],
          [
            -0.11497,
            42.61801
          ],
          [
            -0.11496,
            42.6178
          ],
          [
            -0.11498,
            42.61762
          ],
          [
            -0.11506,
            42.6175
          ],
          [
            -0.11533,
            42.6173
          ],
          [
            -0.11547,
            42.61713
          ],
          [
            -0.11555,
            42.61683
          ],
          [
            -0.11572,
            42.61661
          ],
          [
            -0.11591,
            42.61625
          ],
          [
            -0.11615,
            42.61603
          ],
          [
            -0.11612,
            42.61574
          ],
          [
            -0.11612,
            42.61535
          ],
          [
            -0.116,
            42.61486
          ],
          [
            -0.11611,
            42.61467
          ],
          [
            -0.11627,
            42.61449
          ],
          [
            -0.11642,
            42.61422
          ],
          [
            -0.11667,
            42.61402
          ],
          [
            -0.11711,
            42.61377
          ],
          [
            -0.11729,
            42.61362
          ],
          [
            -0.11745,
            42.61344
          ],
          [
            -0.11782,
            42.61319
          ],
          [
            -0.11816,
            42.61273
          ],
          [
            -0.11823,
            42.6124
          ],
          [
            -0.11825,
            42.61213
          ],
          [
            -0.11818,
            42.61219
          ],
          [
            -0.11816,
            42.61226
          ],
          [
            -0.11813,
            42.61217
          ],
          [
            -0.11826,
            42.61145
          ],
          [
            -0.11836,
            42.61103
          ],
          [
            -0.11833,
            42.61039
          ],
          [
            -0.11841,
            42.61028
          ],
          [
            -0.11849,
            42.61029
          ],
          [
            -0.11855,
            42.61024
          ],
          [
            -0.11863,
            42.6101
          ],
          [
            -0.11885,
            42.60991
          ],
          [
            -0.119,
            42.60944
          ],
          [
            -0.11908,
            42.6094
          ],
          [
            -0.11915,
            42.60919
          ],
          [
            -0.11939,
            42.60902
          ],
          [
            -0.11982,
            42.60858
          ],
          [
            -0.12061,
            42.60802
          ],
          [
            -0.12098,
            42.60773
          ],
          [
            -0.12123,
            42.60736
          ],
          [
            -0.1215,
            42.60691
          ],
          [
            -0.12179,
            42.60651
          ],
          [
            -0.12203,
            42.60632
          ],
          [
            -0.12229,
            42.60617
          ],
          [
            -0.12243,
            42.60593
          ],
          [
            -0.12243,
            42.60569
          ],
          [
            -0.123,
            42.60498
          ],
          [
            -0.12308,
            42.60491
          ],
          [
            -0.12293,
            42.6048
          ],
          [
            -0.12313,
            42.60468
          ],
          [
            -0.12318,
            42.6046
          ],
          [
            -0.12325,
            42.60444
          ],
          [
            -0.12348,
            42.60411
          ],
          [
            -0.1237,
            42.60384
          ],
          [
            -0.12399,
            42.60392
          ],
          [
            -0.12415,
            42.60404
          ],
          [
            -0.12432,
            42.60379
          ],
          [
            -0.12431,
            42.60368
          ],
          [
            -0.12424,
            42.60358
          ],
          [
            -0.12413,
            42.60336
          ],
          [
            -0.12424,
            42.60331
          ],
          [
            -0.12436,
            42.60319
          ],
          [
            -0.12445,
            42.60294
          ],
          [
            -0.12458,
            42.60276
          ],
          [
            -0.12463,
            42.60241
          ],
          [
            -0.12462,
            42.60214
          ],
          [
            -0.12462,
            42.60189
          ],
          [
            -0.12465,
            42.60161
          ],
          [
            -0.12472,
            42.60155
          ],
          [
            -0.12505,
            42.60133
          ],
          [
            -0.12545,
            42.60122
          ],
          [
            -0.12561,
            42.60113
          ],
          [
            -0.12584,
            42.6011
          ],
          [
            -0.12632,
            42.60098
          ],
          [
            -0.1266,
            42.60097
          ],
          [
            -0.12679,
            42.60089
          ],
          [
            -0.1271,
            42.60066
          ],
          [
            -0.12718,
            42.60051
          ],
          [
            -0.12743,
            42.59985
          ],
          [
            -0.12749,
            42.59961
          ],
          [
            -0.12742,
            42.59933
          ],
          [
            -0.12751,
            42.5992
          ],
          [
            -0.12766,
            42.59912
          ],
          [
            -0.12786,
            42.59911
          ],
          [
            -0.12794,
            42.59896
          ],
          [
            -0.12799,
            42.59875
          ],
          [
            -0.12814,
            42.59876
          ],
          [
            -0.12832,
            42.59868
          ],
          [
            -0.1284,
            42.59867
          ],
          [
            -0.12875,
            42.59884
          ],
          [
            -0.12872,
            42.5991
          ],
          [
            -0.12945,
            42.59932
          ],
          [
            -0.12968,
            42.59938
          ],
          [
            -0.12976,
            42.59937
          ],
          [
            -0.1298,
            42.59931
          ],
          [
            -0.12972,
            42.59924
          ],
          [
            -0.1306,
            42.59915
          ],
          [
            -0.13117,
            42.5992
          ],
          [
            -0.13141,
            42.5992
          ],
          [
            -0.13165,
            42.59914
          ],
          [
            -0.13274,
            42.59877
          ],
          [
            -0.13309,
            42.59871
          ],
          [
            -0.13333,
            42.59863
          ],
          [
            -0.1338,
            42.59873
          ],
          [
            -0.13425,
            42.59899
          ],
          [
            -0.13445,
            42.59903
          ],
          [
            -0.13545,
            42.59881
          ],
          [
            -0.13596,
            42.59867
          ],
          [
            -0.13631,
            42.59862
          ],
          [
            -0.13677,
            42.59863
          ],
          [
            -0.13747,
            42.59851
          ],
          [
            -0.13789,
            42.59834
          ],
          [
            -0.13814,
            42.5982
          ],
          [
            -0.13883,
            42.59807
          ],
          [
            -0.13936,
            42.59788
          ],
          [
            -0.13967,
            42.59782
          ],
          [
            -0.13997,
            42.59778
          ],
          [
            -0.14022,
            42.59793
          ],
          [
            -0.14045,
            42.59798
          ],
          [
            -0.14121,
            42.59801
          ],
          [
            -0.14123,
            42.59782
          ],
          [
            -0.14136,
            42.59765
          ],
          [
            -0.14157,
            42.59749
          ],
          [
            -0.14176,
            42.59736
          ],
          [
            -0.14211,
            42.59719
          ],
          [
            -0.14242,
            42.59693
          ],
          [
            -0.14265,
            42.5968
          ],
          [
            -0.14289,
            42.59669
          ],
          [
            -0.14319,
            42.59669
          ],
          [
            -0.14347,
            42.59675
          ],
          [
            -0.14372,
            42.59674
          ],
          [
            -0.14458,
            42.59665
          ],
          [
            -0.14481,
            42.59665
          ],
          [
            -0.14554,
            42.59655
          ],
          [
            -0.14592,
            42.59659
          ],
          [
            -0.14613,
            42.59664
          ],
          [
            -0.14634,
            42.59676
          ],
          [
            -0.14655,
            42.59682
          ],
          [
            -0.14677,
            42.59678
          ],
          [
            -0.14711,
            42.59665
          ],
          [
            -0.14734,
            42.59665
          ],
          [
            -0.14752,
            42.59662
          ],
          [
            -0.14788,
            42.59654
          ],
          [
            -0.14821,
            42.59655
          ],
          [
            -0.14835,
            42.59657
          ],
          [
            -0.14875,
            42.59653
          ],
          [
            -0.14894,
            42.59654
          ],
          [
            -0.14927,
            42.59665
          ],
          [
            -0.14953,
            42.59683
          ],
          [
            -0.14978,
            42.59707
          ],
          [
            -0.14984,
            42.59719
          ],
          [
            -0.14999,
            42.59734
          ],
          [
            -0.15082,
            42.59675
          ],
          [
            -0.15105,
            42.59662
          ],
          [
            -0.15176,
            42.59629
          ],
          [
            -0.1522,
            42.59643
          ],
          [
            -0.15236,
            42.59654
          ],
          [
            -0.15245,
            42.59657
          ],
          [
            -0.15258,
            42.59667
          ],
          [
            -0.15267,
            42.59665
          ],
          [
            -0.15275,
            42.59645
          ],
          [
            -0.15304,
            42.5961
          ],
          [
            -0.15321,
            42.59577
          ],
          [
            -0.15342,
            42.59562
          ],
          [
            -0.15366,
            42.59554
          ],
          [
            -0.15393,
            42.5954
          ],
          [
            -0.15423,
            42.59527
          ],
          [
            -0.15463,
            42.59519
          ],
          [
            -0.15488,
            42.59517
          ],
          [
            -0.1552,
            42.59521
          ],
          [
            -0.15556,
            42.59547
          ],
          [
            -0.15581,
            42.59572
          ],
          [
            -0.15595,
            42.5959
          ],
          [
            -0.15622,
            42.5961
          ],
          [
            -0.15646,
            42.59624
          ],
          [
            -0.15683,
            42.5965
          ],
          [
            -0.15716,
            42.59677
          ],
          [
            -0.15767,
            42.59711
          ],
          [
            -0.15778,
            42.59731
          ],
          [
            -0.15793,
            42.59766
          ],
          [
            -0.15798,
            42.59773
          ],
          [
            -0.1581,
            42.59764
          ],
          [
            -0.15838,
            42.59754
          ],
          [
            -0.15871,
            42.59753
          ],
          [
            -0.15928,
            42.59758
          ],
          [
            -0.15975,
            42.59772
          ],
          [
            -0.1598,
            42.59766
          ],
          [
            -0.15957,
            42.59739
          ],
          [
            -0.15951,
            42.59728
          ],
          [
            -0.15923,
            42.59705
          ],
          [
            -0.15914,
            42.59693
          ],
          [
            -0.15911,
            42.59679
          ],
          [
            -0.15915,
            42.59663
          ],
          [
            -0.15917,
            42.59619
          ],
          [
            -0.15932,
            42.59592
          ],
          [
            -0.15965,
            42.59575
          ],
          [
            -0.15965,
            42.59554
          ],
          [
            -0.15968,
            42.59545
          ],
          [
            -0.15949,
            42.59521
          ],
          [
            -0.15952,
            42.59504
          ],
          [
            -0.1596,
            42.59497
          ],
          [
            -0.15965,
            42.59485
          ],
          [
            -0.15974,
            42.59504
          ],
          [
            -0.15984,
            42.59512
          ],
          [
            -0.15994,
            42.59511
          ],
          [
            -0.15996,
            42.59495
          ],
          [
            -0.16014,
            42.59508
          ],
          [
            -0.16025,
            42.59506
          ],
          [
            -0.16028,
            42.595
          ],
          [
            -0.16037,
            42.59503
          ],
          [
            -0.16044,
            42.59521
          ],
          [
            -0.16051,
            42.59518
          ],
          [
            -0.1605,
            42.59508
          ],
          [
            -0.16053,
            42.59502
          ],
          [
            -0.16064,
            42.59502
          ],
          [
            -0.16067,
            42.59512
          ],
          [
            -0.16077,
            42.5952
          ],
          [
            -0.16088,
            42.59519
          ],
          [
            -0.1611,
            42.59537
          ],
          [
            -0.16119,
            42.59535
          ],
          [
            -0.16127,
            42.5953
          ],
          [
            -0.16127,
            42.59522
          ],
          [
            -0.1614,
            42.59508
          ],
          [
            -0.16183,
            42.59483
          ],
          [
            -0.16204,
            42.59476
          ],
          [
            -0.1627,
            42.59481
          ],
          [
            -0.16315,
            42.59486
          ],
          [
            -0.16343,
            42.59484
          ],
          [
            -0.16361,
            42.59481
          ],
          [
            -0.16377,
            42.59471
          ],
          [
            -0.16417,
            42.59443
          ],
          [
            -0.1644,
            42.59424
          ],
          [
            -0.16454,
            42.59426
          ],
          [
            -0.16451,
            42.59435
          ],
          [
            -0.16476,
            42.59456
          ],
          [
            -0.16476,
            42.59485
          ],
          [
            -0.16479,
            42.59495
          ],
          [
            -0.16478,
            42.59503
          ],
          [
            -0.16495,
            42.59502
          ],
          [
            -0.16545,
            42.59535
          ],
          [
            -0.16562,
            42.59553
          ],
          [
            -0.1657,
            42.59577
          ],
          [
            -0.16589,
            42.59595
          ],
          [
            -0.16613,
            42.59626
          ],
          [
            -0.16618,
            42.59638
          ],
          [
            -0.16614,
            42.59653
          ],
          [
            -0.16647,
            42.59702
          ],
          [
            -0.1666,
            42.59714
          ],
          [
            -0.16707,
            42.59737
          ],
          [
            -0.16759,
            42.59772
          ],
          [
            -0.16783,
            42.59774
          ],
          [
            -0.16808,
            42.59791
          ],
          [
            -0.16826,
            42.59796
          ],
          [
            -0.1683,
            42.59791
          ],
          [
            -0.1683,
            42.59768
          ],
          [
            -0.16832,
            42.59764
          ],
          [
            -0.16843,
            42.59768
          ],
          [
            -0.16855,
            42.59764
          ],
          [
            -0.16862,
            42.59769
          ],
          [
            -0.16868,
            42.59765
          ],
          [
            -0.16873,
            42.59768
          ],
          [
            -0.16885,
            42.59763
          ],
          [
            -0.16897,
            42.59765
          ],
          [
            -0.16897,
            42.59775
          ],
          [
            -0.16911,
            42.59772
          ],
          [
            -0.16924,
            42.59766
          ],
          [
            -0.16944,
            42.59768
          ],
          [
            -0.16971,
            42.59764
          ],
          [
            -0.16973,
            42.59769
          ],
          [
            -0.16966,
            42.59773
          ],
          [
            -0.16969,
            42.59784
          ],
          [
            -0.17017,
            42.59781
          ],
          [
            -0.17005,
            42.59795
          ],
          [
            -0.17012,
            42.59802
          ],
          [
            -0.17081,
            42.59798
          ],
          [
            -0.17085,
            42.59802
          ],
          [
            -0.17074,
            42.59807
          ],
          [
            -0.17069,
            42.59818
          ],
          [
            -0.17071,
            42.5983
          ],
          [
            -0.17077,
            42.59837
          ],
          [
            -0.1709,
            42.5984
          ],
          [
            -0.17094,
            42.59847
          ],
          [
            -0.17105,
            42.59848
          ],
          [
            -0.17111,
            42.59863
          ],
          [
            -0.17139,
            42.59887
          ],
          [
            -0.17146,
            42.59899
          ],
          [
            -0.17176,
            42.59904
          ],
          [
            -0.172,
            42.59915
          ],
          [
            -0.17254,
            42.59935
          ],
          [
            -0.17285,
            42.5994
          ],
          [
            -0.17307,
            42.59942
          ],
          [
            -0.17348,
            42.59958
          ],
          [
            -0.17392,
            42.59963
          ],
          [
            -0.17463,
            42.5996
          ],
          [
            -0.17518,
            42.59954
          ],
          [
            -0.176,
            42.59951
          ],
          [
            -0.17629,
            42.59954
          ],
          [
            -0.17682,
            42.59963
          ],
          [
            -0.17762,
            42.59982
          ],
          [
            -0.17823,
            42.59993
          ],
          [
            -0.17848,
            42.59991
          ],
          [
            -0.17941,
            42.59995
          ],
          [
            -0.17967,
            42.59994
          ],
          [
            -0.17989,
            42.59986
          ],
          [
            -0.18039,
            42.59964
          ],
          [
            -0.181,
            42.59921
          ],
          [
            -0.18163,
            42.59882
          ],
          [
            -0.18178,
            42.59864
          ],
          [
            -0.18191,
            42.59844
          ],
          [
            -0.18201,
            42.59823
          ],
          [
            -0.18208,
            42.59805
          ],
          [
            -0.18235,
            42.59772
          ],
          [
            -0.18255,
            42.59756
          ],
          [
            -0.18261,
            42.59737
          ],
          [
            -0.18272,
            42.59719
          ],
          [
            -0.18273,
            42.59698
          ],
          [
            -0.18276,
            42.59681
          ],
          [
            -0.18278,
            42.59662
          ],
          [
            -0.18287,
            42.59619
          ],
          [
            -0.18286,
            42.596
          ],
          [
            -0.18264,
            42.59519
          ],
          [
            -0.18257,
            42.59478
          ],
          [
            -0.18256,
            42.59456
          ],
          [
            -0.18261,
            42.59436
          ],
          [
            -0.1827,
            42.5942
          ],
          [
            -0.18292,
            42.59409
          ],
          [
            -0.18325,
            42.59406
          ],
          [
            -0.1834,
            42.59408
          ],
          [
            -0.18354,
            42.594
          ],
          [
            -0.18388,
            42.59394
          ],
          [
            -0.18404,
            42.59395
          ],
          [
            -0.18419,
            42.59389
          ],
          [
            -0.1843,
            42.59394
          ],
          [
            -0.18471,
            42.59379
          ],
          [
            -0.18522,
            42.59375
          ],
          [
            -0.18551,
            42.59379
          ],
          [
            -0.18581,
            42.5937
          ],
          [
            -0.18605,
            42.59361
          ],
          [
            -0.1861,
            42.59355
          ],
          [
            -0.18607,
            42.59344
          ],
          [
            -0.18611,
            42.5933
          ],
          [
            -0.18621,
            42.59318
          ],
          [
            -0.18633,
            42.59311
          ],
          [
            -0.18639,
            42.59299
          ],
          [
            -0.18659,
            42.59288
          ],
          [
            -0.18688,
            42.59277
          ],
          [
            -0.18717,
            42.59272
          ],
          [
            -0.18745,
            42.59273
          ],
          [
            -0.18772,
            42.5926
          ],
          [
            -0.18788,
            42.59249
          ],
          [
            -0.188,
            42.59248
          ],
          [
            -0.18815,
            42.59239
          ],
          [
            -0.18838,
            42.59238
          ],
          [
            -0.18864,
            42.5923
          ],
          [
            -0.18873,
            42.59224
          ],
          [
            -0.18887,
            42.59222
          ],
          [
            -0.18913,
            42.59213
          ],
          [
            -0.18928,
            42.59192
          ],
          [
            -0.18935,
            42.59178
          ],
          [
            -0.18948,
            42.59167
          ],
          [
            -0.18961,
            42.59153
          ],
          [
            -0.18977,
            42.59143
          ],
          [
            -0.19022,
            42.59122
          ],
          [
            -0.19028,
            42.59101
          ],
          [
            -0.19046,
            42.59082
          ],
          [
            -0.19055,
            42.59065
          ],
          [
            -0.19069,
            42.59049
          ],
          [
            -0.19094,
            42.58995
          ],
          [
            -0.19099,
            42.58975
          ],
          [
            -0.19107,
            42.58956
          ],
          [
            -0.19109,
            42.58936
          ],
          [
            -0.19115,
            42.58929
          ],
          [
            -0.19138,
            42.58941
          ],
          [
            -0.19173,
            42.58946
          ],
          [
            -0.19215,
            42.58963
          ],
          [
            -0.19237,
            42.58966
          ],
          [
            -0.19262,
            42.58962
          ],
          [
            -0.19274,
            42.58957
          ],
          [
            -0.19288,
            42.58941
          ],
          [
            -0.193,
            42.58924
          ],
          [
            -0.19309,
            42.58904
          ],
          [
            -0.19321,
            42.58888
          ],
          [
            -0.19341,
            42.58867
          ],
          [
            -0.19351,
            42.5885
          ],
          [
            -0.19359,
            42.58842
          ],
          [
            -0.19366,
            42.58838
          ],
          [
            -0.19381,
            42.58849
          ],
          [
            -0.19391,
            42.58847
          ],
          [
            -0.19396,
            42.58838
          ],
          [
            -0.19406,
            42.58827
          ],
          [
            -0.19416,
            42.58822
          ],
          [
            -0.19433,
            42.58832
          ],
          [
            -0.19449,
            42.58824
          ],
          [
            -0.19455,
            42.58814
          ],
          [
            -0.19471,
            42.588
          ],
          [
            -0.19478,
            42.58789
          ],
          [
            -0.19505,
            42.58765
          ],
          [
            -0.19518,
            42.58757
          ],
          [
            -0.19532,
            42.58757
          ],
          [
            -0.19568,
            42.58742
          ],
          [
            -0.19632,
            42.58727
          ],
          [
            -0.19645,
            42.58731
          ],
          [
            -0.19672,
            42.58724
          ],
          [
            -0.19685,
            42.58727
          ],
          [
            -0.19728,
            42.58724
          ],
          [
            -0.19751,
            42.58726
          ],
          [
            -0.19779,
            42.58724
          ],
          [
            -0.19802,
            42.58718
          ],
          [
            -0.19841,
            42.58685
          ],
          [
            -0.19856,
            42.58667
          ],
          [
            -0.19865,
            42.58649
          ],
          [
            -0.19914,
            42.58606
          ],
          [
            -0.1994,
            42.58579
          ],
          [
            -0.19961,
            42.5858
          ],
          [
            -0.19982,
            42.58595
          ],
          [
            -0.19997,
            42.58609
          ],
          [
            -0.20019,
            42.58617
          ],
          [
            -0.20044,
            42.58623
          ],
          [
            -0.20058,
            42.58633
          ],
          [
            -0.20106,
            42.58637
          ],
          [
            -0.20123,
            42.58636
          ],
          [
            -0.20153,
            42.5864
          ],
          [
            -0.20171,
            42.58648
          ],
          [
            -0.20185,
            42.58647
          ],
          [
            -0.20231,
            42.58637
          ],
          [
            -0.20249,
            42.58625
          ],
          [
            -0.20298,
            42.58598
          ],
          [
            -0.20306,
            42.58587
          ],
          [
            -0.20367,
            42.58559
          ],
          [
            -0.20428,
            42.58549
          ],
          [
            -0.20458,
            42.58579
          ],
          [
            -0.2047,
            42.58579
          ],
          [
            -0.20484,
            42.58585
          ],
          [
            -0.20506,
            42.58605
          ],
          [
            -0.20513,
            42.58619
          ],
          [
            -0.20523,
            42.58654
          ],
          [
            -0.20493,
            42.58674
          ],
          [
            -0.20489,
            42.58693
          ],
          [
            -0.20492,
            42.5872
          ],
          [
            -0.20487,
            42.5874
          ],
          [
            -0.20481,
            42.5878
          ],
          [
            -0.20458,
            42.58791
          ],
          [
            -0.20462,
            42.58801
          ],
          [
            -0.20489,
            42.5881
          ],
          [
            -0.20482,
            42.58848
          ],
          [
            -0.20474,
            42.5887
          ],
          [
            -0.20495,
            42.58862
          ],
          [
            -0.20519,
            42.58847
          ],
          [
            -0.20546,
            42.58837
          ],
          [
            -0.20572,
            42.58817
          ],
          [
            -0.20616,
            42.58792
          ],
          [
            -0.20641,
            42.5879
          ],
          [
            -0.20663,
            42.58794
          ],
          [
            -0.20685,
            42.58803
          ],
          [
            -0.20709,
            42.58815
          ],
          [
            -0.20724,
            42.58818
          ],
          [
            -0.20731,
            42.58822
          ],
          [
            -0.20736,
            42.58832
          ],
          [
            -0.20754,
            42.5882
          ],
          [
            -0.20777,
            42.58808
          ],
          [
            -0.20819,
            42.58798
          ],
          [
            -0.20862,
            42.58805
          ],
          [
            -0.20892,
            42.58799
          ],
          [
            -0.20922,
            42.58799
          ],
          [
            -0.20947,
            42.58789
          ],
          [
            -0.20974,
            42.58784
          ],
          [
            -0.21043,
            42.58784
          ],
          [
            -0.21106,
            42.58762
          ],
          [
            -0.21131,
            42.5876
          ],
          [
            -0.21153,
            42.58761
          ],
          [
            -0.21161,
            42.58776
          ],
          [
            -0.2117,
            42.5878
          ],
          [
            -0.21176,
            42.58797
          ],
          [
            -0.21161,
            42.58813
          ],
          [
            -0.21175,
            42.58824
          ],
          [
            -0.21177,
            42.58835
          ],
          [
            -0.212,
            42.58849
          ],
          [
            -0.21255,
            42.5887
          ],
          [
            -0.21284,
            42.58884
          ],
          [
            -0.21286,
            42.58893
          ],
          [
            -0.21283,
            42.589
          ],
          [
            -0.21257,
            42.58914
          ],
          [
            -0.21268,
            42.58927
          ],
          [
            -0.21286,
            42.5894
          ],
          [
            -0.21288,
            42.58948
          ],
          [
            -0.21276,
            42.5895
          ],
          [
            -0.21238,
            42.58941
          ],
          [
            -0.2121,
            42.58941
          ],
          [
            -0.21184,
            42.58944
          ],
          [
            -0.21163,
            42.58935
          ],
          [
            -0.21173,
            42.58955
          ],
          [
            -0.21185,
            42.58959
          ],
          [
            -0.212,
            42.5897
          ],
          [
            -0.21206,
            42.58978
          ],
          [
            -0.21212,
            42.58987
          ],
          [
            -0.21212,
            42.58995
          ],
          [
            -0.21207,
            42.59001
          ],
          [
            -0.21217,
            42.59014
          ],
          [
            -0.21214,
            42.5902
          ],
          [
            -0.21226,
            42.59026
          ],
          [
            -0.21245,
            42.59038
          ],
          [
            -0.21257,
            42.59062
          ],
          [
            -0.21261,
            42.59075
          ],
          [
            -0.21262,
            42.59085
          ],
          [
            -0.21244,
            42.59095
          ],
          [
            -0.2124,
            42.59106
          ],
          [
            -0.21232,
            42.59118
          ],
          [
            -0.21228,
            42.59134
          ],
          [
            -0.21228,
            42.59154
          ],
          [
            -0.21225,
            42.59168
          ],
          [
            -0.21227,
            42.59189
          ],
          [
            -0.21226,
            42.59204
          ],
          [
            -0.21221,
            42.59213
          ],
          [
            -0.21222,
            42.59231
          ],
          [
            -0.21246,
            42.59244
          ],
          [
            -0.21251,
            42.59256
          ],
          [
            -0.21246,
            42.59284
          ],
          [
            -0.21248,
            42.59298
          ],
          [
            -0.21267,
            42.5934
          ],
          [
            -0.21269,
            42.59352
          ],
          [
            -0.21267,
            42.5936
          ],
          [
            -0.21257,
            42.59379
          ],
          [
            -0.21253,
            42.59392
          ],
          [
            -0.21265,
            42.5943
          ],
          [
            -0.21266,
            42.59443
          ],
          [
            -0.21259,
            42.59455
          ],
          [
            -0.21234,
            42.59475
          ],
          [
            -0.21239,
            42.59485
          ],
          [
            -0.21242,
            42.59497
          ],
          [
            -0.21238,
            42.59507
          ],
          [
            -0.21242,
            42.59521
          ],
          [
            -0.21257,
            42.59535
          ],
          [
            -0.21254,
            42.59543
          ],
          [
            -0.21234,
            42.59545
          ],
          [
            -0.21232,
            42.59549
          ],
          [
            -0.21233,
            42.59554
          ],
          [
            -0.21284,
            42.59614
          ],
          [
            -0.21308,
            42.59634
          ],
          [
            -0.21303,
            42.59647
          ],
          [
            -0.21314,
            42.59666
          ],
          [
            -0.2134,
            42.59698
          ],
          [
            -0.21368,
            42.59721
          ],
          [
            -0.21377,
            42.59737
          ],
          [
            -0.21386,
            42.59746
          ],
          [
            -0.21397,
            42.59766
          ],
          [
            -0.21397,
            42.59793
          ],
          [
            -0.21403,
            42.59801
          ],
          [
            -0.21399,
            42.5981
          ],
          [
            -0.21409,
            42.59838
          ],
          [
            -0.21404,
            42.59889
          ],
          [
            -0.2141,
            42.59903
          ],
          [
            -0.21414,
            42.59923
          ],
          [
            -0.21415,
            42.59948
          ],
          [
            -0.21414,
            42.59962
          ],
          [
            -0.21414,
            42.59975
          ],
          [
            -0.21423,
            42.59992
          ],
          [
            -0.21434,
            42.60007
          ],
          [
            -0.21469,
            42.60041
          ],
          [
            -0.21534,
            42.6008
          ],
          [
            -0.21553,
            42.60086
          ],
          [
            -0.2157,
            42.6009
          ],
          [
            -0.21624,
            42.60082
          ],
          [
            -0.21641,
            42.60075
          ],
          [
            -0.21684,
            42.60067
          ],
          [
            -0.21689,
            42.60083
          ],
          [
            -0.2167,
            42.60101
          ],
          [
            -0.21659,
            42.60121
          ],
          [
            -0.21659,
            42.60138
          ],
          [
            -0.21695,
            42.60166
          ],
          [
            -0.21776,
            42.60156
          ],
          [
            -0.21805,
            42.60149
          ],
          [
            -0.21872,
            42.60139
          ],
          [
            -0.219,
            42.60132
          ],
          [
            -0.21934,
            42.60114
          ],
          [
            -0.2195,
            42.601
          ],
          [
            -0.21968,
            42.60093
          ],
          [
            -0.22058,
            42.60076
          ],
          [
            -0.22132,
            42.60078
          ],
          [
            -0.22219,
            42.60093
          ],
          [
            -0.22282,
            42.60101
          ],
          [
            -0.2231,
            42.60108
          ],
          [
            -0.22366,
            42.60116
          ],
          [
            -0.2242,
            42.60121
          ],
          [
            -0.22478,
            42.60118
          ],
          [
            -0.2251,
            42.60112
          ],
          [
            -0.22561,
            42.60097
          ],
          [
            -0.22609,
            42.60074
          ],
          [
            -0.22655,
            42.60044
          ],
          [
            -0.22677,
            42.60032
          ],
          [
            -0.22705,
            42.60021
          ],
          [
            -0.22759,
            42.60007
          ],
          [
            -0.2281,
            42.59986
          ],
          [
            -0.22865,
            42.59979
          ],
          [
            -0.2292,
            42.59983
          ],
          [
            -0.22945,
            42.59983
          ],
          [
            -0.22995,
            42.59987
          ],
          [
            -0.23021,
            42.59984
          ],
          [
            -0.23073,
            42.5997
          ],
          [
            -0.2313,
            42.59964
          ],
          [
            -0.23225,
            42.59948
          ],
          [
            -0.23259,
            42.59937
          ],
          [
            -0.23315,
            42.59931
          ],
          [
            -0.23341,
            42.5993
          ],
          [
            -0.23365,
            42.59928
          ],
          [
            -0.23391,
            42.59931
          ],
          [
            -0.23416,
            42.59937
          ],
          [
            -0.23441,
            42.59948
          ],
          [
            -0.23604,
            42.60002
          ],
          [
            -0.23623,
            42.60004
          ],
          [
            -0.23649,
            42.60013
          ],
          [
            -0.2367,
            42.60024
          ],
          [
            -0.23683,
            42.60039
          ],
          [
            -0.23694,
            42.60036
          ],
          [
            -0.23706,
            42.60029
          ],
          [
            -0.23714,
            42.60048
          ],
          [
            -0.23723,
            42.60059
          ],
          [
            -0.23725,
            42.60074
          ],
          [
            -0.23737,
            42.60071
          ],
          [
            -0.23755,
            42.60057
          ],
          [
            -0.23768,
            42.60056
          ],
          [
            -0.23773,
            42.60069
          ],
          [
            -0.23777,
            42.60085
          ],
          [
            -0.23787,
            42.60086
          ],
          [
            -0.23798,
            42.6008
          ],
          [
            -0.23805,
            42.60101
          ],
          [
            -0.23819,
            42.60098
          ],
          [
            -0.23836,
            42.60089
          ],
          [
            -0.2385,
            42.60101
          ],
          [
            -0.23863,
            42.60117
          ],
          [
            -0.23869,
            42.60122
          ],
          [
            -0.23956,
            42.60098
          ],
          [
            -0.23978,
            42.60088
          ],
          [
            -0.24002,
            42.60088
          ],
          [
            -0.24027,
            42.60094
          ],
          [
            -0.2405,
            42.60105
          ],
          [
            -0.24071,
            42.60117
          ],
          [
            -0.24106,
            42.60147
          ],
          [
            -0.24119,
            42.60152
          ],
          [
            -0.24128,
            42.6016
          ],
          [
            -0.24136,
            42.60161
          ],
          [
            -0.24147,
            42.60158
          ],
          [
            -0.2416,
            42.60177
          ],
          [
            -0.24149,
            42.60205
          ],
          [
            -0.24158,
            42.60213
          ],
          [
            -0.2417,
            42.60217
          ],
          [
            -0.24163,
            42.60232
          ],
          [
            -0.24201,
            42.60239
          ],
          [
            -0.24215,
            42.60248
          ],
          [
            -0.24223,
            42.60259
          ],
          [
            -0.24253,
            42.60264
          ],
          [
            -0.24259,
            42.60263
          ],
          [
            -0.24277,
            42.60268
          ],
          [
            -0.24322,
            42.60289
          ],
          [
            -0.24346,
            42.60298
          ],
          [
            -0.24373,
            42.60306
          ],
          [
            -0.24455,
            42.60313
          ],
          [
            -0.24475,
            42.60317
          ],
          [
            -0.245,
            42.60319
          ],
          [
            -0.24539,
            42.60316
          ],
          [
            -0.24555,
            42.60326
          ],
          [
            -0.24567,
            42.60346
          ],
          [
            -0.24604,
            42.60366
          ],
          [
            -0.24582,
            42.60383
          ],
          [
            -0.2453,
            42.60392
          ],
          [
            -0.24506,
            42.60392
          ],
          [
            -0.24454,
            42.60417
          ],
          [
            -0.24462,
            42.60421
          ],
          [
            -0.24491,
            42.60423
          ],
          [
            -0.24516,
            42.6043
          ],
          [
            -0.24581,
            42.60438
          ],
          [
            -0.24707,
            42.60458
          ],
          [
            -0.24752,
            42.60467
          ],
          [
            -0.24818,
            42.60477
          ],
          [
            -0.24879,
            42.60495
          ],
          [
            -0.24895,
            42.60504
          ],
          [
            -0.24916,
            42.60523
          ],
          [
            -0.24973,
            42.60559
          ],
          [
            -0.24991,
            42.60575
          ],
          [
            -0.25025,
            42.60618
          ],
          [
            -0.25059,
            42.60642
          ],
          [
            -0.25081,
            42.60647
          ],
          [
            -0.2515,
            42.60675
          ],
          [
            -0.25175,
            42.60702
          ],
          [
            -0.25211,
            42.6073
          ],
          [
            -0.2518,
            42.60767
          ],
          [
            -0.25162,
            42.60809
          ],
          [
            -0.25132,
            42.60904
          ],
          [
            -0.25122,
            42.60945
          ],
          [
            -0.25126,
            42.60967
          ],
          [
            -0.25119,
            42.61
          ],
          [
            -0.25101,
            42.6104
          ],
          [
            -0.2509,
            42.61059
          ],
          [
            -0.25103,
            42.6108
          ],
          [
            -0.251,
            42.61116
          ],
          [
            -0.25088,
            42.61146
          ],
          [
            -0.25146,
            42.61169
          ],
          [
            -0.25151,
            42.61177
          ],
          [
            -0.25146,
            42.6121
          ],
          [
            -0.25154,
            42.61239
          ],
          [
            -0.25161,
            42.61255
          ],
          [
            -0.25172,
            42.61274
          ],
          [
            -0.2517,
            42.61283
          ],
          [
            -0.25183,
            42.61292
          ],
          [
            -0.25205,
            42.61297
          ],
          [
            -0.25217,
            42.61319
          ],
          [
            -0.25222,
            42.61346
          ],
          [
            -0.25228,
            42.61367
          ],
          [
            -0.25216,
            42.61387
          ],
          [
            -0.25159,
            42.61415
          ],
          [
            -0.2512,
            42.61416
          ],
          [
            -0.25074,
            42.61383
          ],
          [
            -0.25047,
            42.61377
          ],
          [
            -0.25023,
            42.61356
          ],
          [
            -0.25005,
            42.6136
          ],
          [
            -0.2501,
            42.6138
          ],
          [
            -0.25011,
            42.61393
          ],
          [
            -0.25037,
            42.61409
          ],
          [
            -0.25053,
            42.61425
          ],
          [
            -0.25062,
            42.61439
          ],
          [
            -0.25063,
            42.61461
          ],
          [
            -0.2506,
            42.61481
          ],
          [
            -0.25062,
            42.61502
          ],
          [
            -0.25025,
            42.61554
          ],
          [
            -0.2501,
            42.61572
          ],
          [
            -0.25002,
            42.61611
          ],
          [
            -0.24979,
            42.61668
          ],
          [
            -0.24974,
            42.61689
          ],
          [
            -0.24959,
            42.61726
          ],
          [
            -0.24961,
            42.61746
          ],
          [
            -0.24964,
            42.61766
          ],
          [
            -0.24975,
            42.61787
          ],
          [
            -0.24977,
            42.61812
          ],
          [
            -0.24982,
            42.61834
          ],
          [
            -0.24984,
            42.61852
          ],
          [
            -0.25002,
            42.61852
          ],
          [
            -0.25065,
            42.61875
          ],
          [
            -0.25086,
            42.61888
          ],
          [
            -0.25131,
            42.61897
          ],
          [
            -0.25173,
            42.61881
          ],
          [
            -0.25216,
            42.6185
          ],
          [
            -0.25252,
            42.61821
          ],
          [
            -0.25273,
            42.61809
          ],
          [
            -0.25326,
            42.61794
          ],
          [
            -0.25377,
            42.61784
          ],
          [
            -0.25407,
            42.61776
          ],
          [
            -0.25433,
            42.61765
          ],
          [
            -0.25454,
            42.61754
          ],
          [
            -0.25492,
            42.61726
          ],
          [
            -0.25552,
            42.61686
          ],
          [
            -0.25569,
            42.61672
          ],
          [
            -0.25586,
            42.61657
          ],
          [
            -0.25612,
            42.6163
          ],
          [
            -0.25628,
            42.61605
          ],
          [
            -0.25644,
            42.61591
          ],
          [
            -0.25697,
            42.61574
          ],
          [
            -0.2572,
            42.61563
          ],
          [
            -0.25745,
            42.61555
          ],
          [
            -0.258,
            42.61551
          ],
          [
            -0.25826,
            42.61558
          ],
          [
            -0.25837,
            42.61559
          ],
          [
            -0.2586,
            42.6157
          ],
          [
            -0.2587,
            42.61581
          ],
          [
            -0.25882,
            42.61587
          ],
          [
            -0.2591,
            42.61589
          ],
          [
            -0.25973,
            42.61577
          ],
          [
            -0.26022,
            42.61565
          ],
          [
            -0.2605,
            42.61562
          ],
          [
            -0.26127,
            42.61559
          ],
          [
            -0.26241,
            42.61545
          ],
          [
            -0.26303,
            42.61534
          ],
          [
            -0.2633,
            42.61526
          ],
          [
            -0.26341,
            42.61517
          ],
          [
            -0.26365,
            42.61488
          ],
          [
            -0.26389,
            42.6147
          ],
          [
            -0.26414,
            42.6145
          ],
          [
            -0.26427,
            42.61448
          ],
          [
            -0.26444,
            42.61452
          ],
          [
            -0.26458,
            42.61458
          ],
          [
            -0.26469,
            42.61469
          ],
          [
            -0.26475,
            42.61473
          ],
          [
            -0.26524,
            42.61471
          ],
          [
            -0.26553,
            42.61467
          ],
          [
            -0.26583,
            42.61458
          ],
          [
            -0.26611,
            42.61443
          ],
          [
            -0.26634,
            42.6143
          ],
          [
            -0.2665,
            42.61413
          ],
          [
            -0.26668,
            42.61398
          ],
          [
            -0.26685,
            42.61394
          ],
          [
            -0.26699,
            42.61399
          ],
          [
            -0.26706,
            42.61425
          ],
          [
            -0.26717,
            42.6144
          ],
          [
            -0.26717,
            42.61448
          ],
          [
            -0.26724,
            42.61458
          ],
          [
            -0.26734,
            42.61464
          ],
          [
            -0.2676,
            42.61467
          ],
          [
            -0.26785,
            42.61468
          ],
          [
            -0.26864,
            42.6146
          ],
          [
            -0.26981,
            42.61455
          ],
          [
            -0.27096,
            42.61441
          ],
          [
            -0.27153,
            42.61426
          ],
          [
            -0.27178,
            42.61416
          ],
          [
            -0.27214,
            42.61398
          ],
          [
            -0.27222,
            42.6139
          ],
          [
            -0.27233,
            42.6137
          ],
          [
            -0.27248,
            42.61364
          ],
          [
            -0.27269,
            42.61364
          ],
          [
            -0.27324,
            42.61371
          ],
          [
            -0.27354,
            42.6137
          ],
          [
            -0.27444,
            42.61355
          ],
          [
            -0.275,
            42.6135
          ],
          [
            -0.27518,
            42.6135
          ],
          [
            -0.27525,
            42.61354
          ],
          [
            -0.27541,
            42.61377
          ],
          [
            -0.27552,
            42.61397
          ],
          [
            -0.27569,
            42.61414
          ],
          [
            -0.27584,
            42.61431
          ],
          [
            -0.27604,
            42.61445
          ],
          [
            -0.27631,
            42.61456
          ],
          [
            -0.27652,
            42.61468
          ],
          [
            -0.2767,
            42.61476
          ],
          [
            -0.27693,
            42.61502
          ],
          [
            -0.27725,
            42.61566
          ],
          [
            -0.27735,
            42.61572
          ],
          [
            -0.27748,
            42.61577
          ],
          [
            -0.27837,
            42.6159
          ],
          [
            -0.27868,
            42.6159
          ],
          [
            -0.27899,
            42.61589
          ],
          [
            -0.27943,
            42.61583
          ],
          [
            -0.27964,
            42.61586
          ],
          [
            -0.27986,
            42.61571
          ],
          [
            -0.28045,
            42.6155
          ],
          [
            -0.28073,
            42.61544
          ],
          [
            -0.28097,
            42.61544
          ],
          [
            -0.2814,
            42.61538
          ],
          [
            -0.28225,
            42.61536
          ],
          [
            -0.28313,
            42.61529
          ],
          [
            -0.28305,
            42.61542
          ],
          [
            -0.28297,
            42.61565
          ],
          [
            -0.28303,
            42.61575
          ],
          [
            -0.28316,
            42.61581
          ],
          [
            -0.28375,
            42.61575
          ],
          [
            -0.28435,
            42.61576
          ],
          [
            -0.28448,
            42.61589
          ],
          [
            -0.28472,
            42.61596
          ],
          [
            -0.28535,
            42.61597
          ],
          [
            -0.28586,
            42.61602
          ],
          [
            -0.28622,
            42.61616
          ],
          [
            -0.28664,
            42.61635
          ],
          [
            -0.28733,
            42.61699
          ],
          [
            -0.28804,
            42.61703
          ],
          [
            -0.28848,
            42.61704
          ],
          [
            -0.28912,
            42.61709
          ],
          [
            -0.28932,
            42.61718
          ],
          [
            -0.28947,
            42.61722
          ],
          [
            -0.28977,
            42.6174
          ],
          [
            -0.28981,
            42.6175
          ],
          [
            -0.29012,
            42.61776
          ],
          [
            -0.29031,
            42.61789
          ],
          [
            -0.2905,
            42.61793
          ],
          [
            -0.29054,
            42.61801
          ],
          [
            -0.2907,
            42.61819
          ],
          [
            -0.29091,
            42.61835
          ],
          [
            -0.29154,
            42.61844
          ],
          [
            -0.29192,
            42.61842
          ],
          [
            -0.2923,
            42.61844
          ],
          [
            -0.29272,
            42.61853
          ],
          [
            -0.29286,
            42.61861
          ],
          [
            -0.29315,
            42.6186
          ],
          [
            -0.29343,
            42.61861
          ],
          [
            -0.29374,
            42.61855
          ],
          [
            -0.29399,
            42.61845
          ],
          [
            -0.2943,
            42.61849
          ],
          [
            -0.29456,
            42.61855
          ],
          [
            -0.29486,
            42.6186
          ],
          [
            -0.2951,
            42.6186
          ],
          [
            -0.29546,
            42.61879
          ],
          [
            -0.29568,
            42.61888
          ],
          [
            -0.29589,
            42.61892
          ],
          [
            -0.29599,
            42.61884
          ],
          [
            -0.29625,
            42.61874
          ],
          [
            -0.29642,
            42.61876
          ],
          [
            -0.29644,
            42.61864
          ],
          [
            -0.29656,
            42.6185
          ],
          [
            -0.29673,
            42.6184
          ],
          [
            -0.29671,
            42.61822
          ],
          [
            -0.29671,
            42.61816
          ],
          [
            -0.29689,
            42.6182
          ],
          [
            -0.29718,
            42.61816
          ],
          [
            -0.29744,
            42.6181
          ],
          [
            -0.29771,
            42.618
          ],
          [
            -0.29817,
            42.6178
          ],
          [
            -0.29836,
            42.61764
          ],
          [
            -0.29855,
            42.61753
          ],
          [
            -0.2988,
            42.61742
          ],
          [
            -0.29968,
            42.61717
          ],
          [
            -0.29995,
            42.61715
          ],
          [
            -0.30012,
            42.61712
          ],
          [
            -0.30058,
            42.61693
          ],
          [
            -0.3008,
            42.61681
          ],
          [
            -0.30163,
            42.61656
          ],
          [
            -0.3024,
            42.61629
          ],
          [
            -0.30287,
            42.61611
          ],
          [
            -0.30313,
            42.61612
          ],
          [
            -0.30344,
            42.61618
          ],
          [
            -0.30375,
            42.6162
          ],
          [
            -0.30405,
            42.61627
          ],
          [
            -0.30429,
            42.61638
          ],
          [
            -0.30447,
            42.61655
          ],
          [
            -0.30465,
            42.61668
          ],
          [
            -0.30494,
            42.61673
          ],
          [
            -0.30513,
            42.61686
          ],
          [
            -0.3056,
            42.61709
          ],
          [
            -0.30617,
            42.61753
          ],
          [
            -0.30641,
            42.61766
          ],
          [
            -0.3066,
            42.61782
          ],
          [
            -0.30691,
            42.61818
          ],
          [
            -0.30725,
            42.61878
          ],
          [
            -0.30795,
            42.6191
          ],
          [
            -0.30817,
            42.61925
          ],
          [
            -0.30834,
            42.61941
          ],
          [
            -0.30857,
            42.61977
          ],
          [
            -0.30872,
            42.61994
          ],
          [
            -0.30921,
            42.62068
          ],
          [
            -0.30936,
            42.62085
          ],
          [
            -0.30974,
            42.62116
          ],
          [
            -0.31022,
            42.62143
          ],
          [
            -0.31043,
            42.62157
          ],
          [
            -0.3106,
            42.62172
          ],
          [
            -0.3109,
            42.62207
          ],
          [
            -0.3111,
            42.6222
          ],
          [
            -0.31134,
            42.62232
          ],
          [
            -0.31168,
            42.62255
          ],
          [
            -0.31248,
            42.62289
          ],
          [
            -0.31277,
            42.62299
          ],
          [
            -0.31359,
            42.62332
          ],
          [
            -0.31378,
            42.62345
          ],
          [
            -0.31393,
            42.6236
          ],
          [
            -0.31455,
            42.62401
          ],
          [
            -0.3147,
            42.62417
          ],
          [
            -0.31527,
            42.62456
          ],
          [
            -0.31563,
            42.62486
          ],
          [
            -0.31595,
            42.62522
          ],
          [
            -0.31624,
            42.62561
          ],
          [
            -0.3164,
            42.62578
          ],
          [
            -0.31657,
            42.62592
          ],
          [
            -0.31684,
            42.62635
          ],
          [
            -0.31696,
            42.62645
          ],
          [
            -0.31746,
            42.62662
          ],
          [
            -0.3177,
            42.62674
          ],
          [
            -0.31808,
            42.62702
          ],
          [
            -0.31821,
            42.62722
          ],
          [
            -0.31831,
            42.62745
          ],
          [
            -0.31842,
            42.62779
          ],
          [
            -0.31887,
            42.62802
          ],
          [
            -0.31895,
            42.62815
          ],
          [
            -0.31911,
            42.6282
          ],
          [
            -0.31914,
            42.62845
          ],
          [
            -0.31922,
            42.62855
          ],
          [
            -0.31924,
            42.6287
          ],
          [
            -0.31967,
            42.62873
          ],
          [
            -0.3208,
            42.62867
          ],
          [
            -0.32141,
            42.62872
          ],
          [
            -0.32156,
            42.62861
          ],
          [
            -0.32182,
            42.62853
          ],
          [
            -0.32156,
            42.62818
          ],
          [
            -0.32161,
            42.62796
          ],
          [
            -0.32159,
            42.62776
          ],
          [
            -0.32153,
            42.62754
          ],
          [
            -0.32147,
            42.62744
          ],
          [
            -0.32135,
            42.6271
          ],
          [
            -0.3213,
            42.62691
          ],
          [
            -0.32129,
            42.62676
          ],
          [
            -0.32134,
            42.62638
          ],
          [
            -0.32145,
            42.62584
          ],
          [
            -0.32156,
            42.62552
          ],
          [
            -0.32149,
            42.62549
          ],
          [
            -0.32152,
            42.62509
          ],
          [
            -0.3216,
            42.62468
          ],
          [
            -0.32156,
            42.62449
          ],
          [
            -0.3214,
            42.62434
          ],
          [
            -0.32119,
            42.62422
          ],
          [
            -0.32106,
            42.6241
          ],
          [
            -0.32108,
            42.624
          ],
          [
            -0.32141,
            42.62372
          ],
          [
            -0.32153,
            42.62359
          ],
          [
            -0.32161,
            42.62333
          ],
          [
            -0.32194,
            42.62313
          ],
          [
            -0.32211,
            42.62285
          ],
          [
            -0.32218,
            42.62265
          ],
          [
            -0.32255,
            42.62182
          ],
          [
            -0.32259,
            42.62168
          ],
          [
            -0.32269,
            42.62149
          ],
          [
            -0.32276,
            42.62129
          ],
          [
            -0.32286,
            42.62107
          ],
          [
            -0.32296,
            42.62089
          ],
          [
            -0.32314,
            42.62033
          ],
          [
            -0.32331,
            42.61958
          ],
          [
            -0.32344,
            42.61862
          ],
          [
            -0.32363,
            42.61746
          ],
          [
            -0.3237,
            42.61687
          ],
          [
            -0.32384,
            42.6161
          ],
          [
            -0.32385,
            42.61593
          ],
          [
            -0.32393,
            42.61559
          ],
          [
            -0.32401,
            42.61473
          ],
          [
            -0.324,
            42.61453
          ],
          [
            -0.32404,
            42.61393
          ],
          [
            -0.32404,
            42.61373
          ],
          [
            -0.32406,
            42.61331
          ],
          [
            -0.32405,
            42.61291
          ],
          [
            -0.32399,
            42.61272
          ],
          [
            -0.32395,
            42.61232
          ],
          [
            -0.32398,
            42.61171
          ],
          [
            -0.32393,
            42.61152
          ],
          [
            -0.32363,
            42.61098
          ],
          [
            -0.3235,
            42.61082
          ],
          [
            -0.32334,
            42.61078
          ],
          [
            -0.32322,
            42.6108
          ],
          [
            -0.32302,
            42.61091
          ],
          [
            -0.32285,
            42.61106
          ],
          [
            -0.32221,
            42.61145
          ],
          [
            -0.32207,
            42.61149
          ],
          [
            -0.32204,
            42.61135
          ],
          [
            -0.32194,
            42.61116
          ],
          [
            -0.32189,
            42.61098
          ],
          [
            -0.32234,
            42.61069
          ],
          [
            -0.32292,
            42.61028
          ],
          [
            -0.32311,
            42.61018
          ],
          [
            -0.32328,
            42.61
          ],
          [
            -0.32341,
            42.60981
          ],
          [
            -0.32347,
            42.60966
          ],
          [
            -0.32336,
            42.60941
          ],
          [
            -0.32334,
            42.60898
          ],
          [
            -0.3232,
            42.6086
          ],
          [
            -0.32312,
            42.60852
          ],
          [
            -0.32303,
            42.60829
          ],
          [
            -0.32304,
            42.60801
          ],
          [
            -0.32312,
            42.60776
          ],
          [
            -0.32314,
            42.60752
          ],
          [
            -0.32313,
            42.60725
          ],
          [
            -0.32319,
            42.60694
          ],
          [
            -0.32313,
            42.60663
          ],
          [
            -0.32297,
            42.60639
          ],
          [
            -0.32288,
            42.60617
          ],
          [
            -0.3229,
            42.60602
          ],
          [
            -0.32282,
            42.6058
          ],
          [
            -0.32273,
            42.60573
          ],
          [
            -0.32256,
            42.60554
          ],
          [
            -0.32246,
            42.60533
          ],
          [
            -0.3224,
            42.60514
          ],
          [
            -0.32245,
            42.60451
          ],
          [
            -0.32241,
            42.60432
          ],
          [
            -0.32235,
            42.60413
          ],
          [
            -0.32237,
            42.60392
          ],
          [
            -0.32241,
            42.60373
          ],
          [
            -0.32245,
            42.60331
          ],
          [
            -0.32233,
            42.60293
          ],
          [
            -0.32231,
            42.60262
          ],
          [
            -0.32222,
            42.60256
          ],
          [
            -0.32196,
            42.60252
          ],
          [
            -0.3217,
            42.60252
          ],
          [
            -0.32144,
            42.60247
          ],
          [
            -0.32126,
            42.60229
          ],
          [
            -0.32109,
            42.60197
          ],
          [
            -0.32082,
            42.60174
          ],
          [
            -0.3207,
            42.60154
          ],
          [
            -0.32064,
            42.60137
          ],
          [
            -0.32053,
            42.6012
          ],
          [
            -0.3203,
            42.60106
          ],
          [
            -0.32025,
            42.60088
          ],
          [
            -0.32029,
            42.60071
          ],
          [
            -0.32029,
            42.60058
          ],
          [
            -0.32033,
            42.60032
          ],
          [
            -0.32042,
            42.60003
          ],
          [
            -0.32046,
            42.59983
          ],
          [
            -0.32041,
            42.59967
          ],
          [
            -0.32018,
            42.59941
          ],
          [
            -0.3201,
            42.59928
          ],
          [
            -0.3201,
            42.59916
          ],
          [
            -0.32,
            42.59896
          ],
          [
            -0.31998,
            42.59867
          ],
          [
            -0.31988,
            42.59843
          ],
          [
            -0.31978,
            42.59825
          ],
          [
            -0.31965,
            42.5979
          ],
          [
            -0.31905,
            42.5977
          ],
          [
            -0.3189,
            42.59762
          ],
          [
            -0.31876,
            42.59758
          ],
          [
            -0.3186,
            42.59757
          ],
          [
            -0.31847,
            42.59763
          ],
          [
            -0.31792,
            42.59774
          ],
          [
            -0.31758,
            42.59779
          ],
          [
            -0.31741,
            42.59765
          ],
          [
            -0.31731,
            42.59745
          ],
          [
            -0.31742,
            42.59704
          ],
          [
            -0.31739,
            42.59679
          ],
          [
            -0.3174,
            42.59656
          ],
          [
            -0.31736,
            42.59631
          ],
          [
            -0.31737,
            42.59608
          ],
          [
            -0.31743,
            42.59588
          ],
          [
            -0.31757,
            42.59571
          ],
          [
            -0.31777,
            42.59497
          ],
          [
            -0.31782,
            42.59471
          ],
          [
            -0.31785,
            42.59434
          ],
          [
            -0.31798,
            42.59391
          ],
          [
            -0.31809,
            42.59372
          ],
          [
            -0.31782,
            42.59341
          ],
          [
            -0.3173,
            42.59313
          ],
          [
            -0.31633,
            42.59273
          ],
          [
            -0.31552,
            42.59253
          ],
          [
            -0.31524,
            42.59249
          ],
          [
            -0.31499,
            42.59242
          ],
          [
            -0.31474,
            42.59231
          ],
          [
            -0.31418,
            42.59215
          ],
          [
            -0.31338,
            42.59178
          ],
          [
            -0.31311,
            42.59169
          ],
          [
            -0.31255,
            42.5916
          ],
          [
            -0.31229,
            42.59159
          ],
          [
            -0.31203,
            42.59162
          ],
          [
            -0.31161,
            42.59156
          ],
          [
            -0.31138,
            42.59146
          ],
          [
            -0.31086,
            42.59138
          ],
          [
            -0.31054,
            42.59135
          ],
          [
            -0.31056,
            42.59113
          ],
          [
            -0.31065,
            42.59104
          ],
          [
            -0.31036,
            42.59098
          ],
          [
            -0.31046,
            42.59072
          ],
          [
            -0.31045,
            42.59059
          ],
          [
            -0.31048,
            42.59048
          ],
          [
            -0.31043,
            42.59021
          ],
          [
            -0.31036,
            42.58999
          ],
          [
            -0.31035,
            42.58968
          ],
          [
            -0.31031,
            42.58932
          ],
          [
            -0.31042,
            42.5893
          ],
          [
            -0.31045,
            42.58906
          ],
          [
            -0.31046,
            42.58887
          ],
          [
            -0.31041,
            42.58874
          ],
          [
            -0.31106,
            42.58828
          ],
          [
            -0.31113,
            42.58808
          ],
          [
            -0.31107,
            42.58792
          ],
          [
            -0.31116,
            42.58734
          ],
          [
            -0.31113,
            42.58708
          ],
          [
            -0.31114,
            42.58661
          ],
          [
            -0.31108,
            42.58617
          ],
          [
            -0.31097,
            42.58575
          ],
          [
            -0.31095,
            42.58553
          ],
          [
            -0.31106,
            42.5849
          ],
          [
            -0.31103,
            42.58466
          ],
          [
            -0.3109,
            42.58423
          ],
          [
            -0.3109,
            42.58399
          ],
          [
            -0.31092,
            42.58378
          ],
          [
            -0.31088,
            42.58356
          ],
          [
            -0.31076,
            42.58331
          ],
          [
            -0.3107,
            42.58309
          ],
          [
            -0.31066,
            42.58287
          ],
          [
            -0.31058,
            42.58267
          ],
          [
            -0.31051,
            42.58244
          ],
          [
            -0.31028,
            42.58178
          ],
          [
            -0.31017,
            42.58154
          ],
          [
            -0.31004,
            42.58131
          ],
          [
            -0.30961,
            42.58063
          ],
          [
            -0.30951,
            42.58041
          ],
          [
            -0.30939,
            42.5802
          ],
          [
            -0.30924,
            42.58
          ],
          [
            -0.30894,
            42.57987
          ],
          [
            -0.30874,
            42.57971
          ],
          [
            -0.30852,
            42.57949
          ],
          [
            -0.30841,
            42.5793
          ],
          [
            -0.3082,
            42.57912
          ],
          [
            -0.30768,
            42.57882
          ],
          [
            -0.30745,
            42.57866
          ],
          [
            -0.30734,
            42.57856
          ],
          [
            -0.30718,
            42.57854
          ],
          [
            -0.30677,
            42.57835
          ],
          [
            -0.30624,
            42.57819
          ],
          [
            -0.30552,
            42.57785
          ],
          [
            -0.30522,
            42.57761
          ],
          [
            -0.30485,
            42.57748
          ],
          [
            -0.3046,
            42.57737
          ],
          [
            -0.3041,
            42.57709
          ],
          [
            -0.30348,
            42.57662
          ],
          [
            -0.30329,
            42.57638
          ],
          [
            -0.3032,
            42.57616
          ],
          [
            -0.30279,
            42.57592
          ],
          [
            -0.30263,
            42.57589
          ],
          [
            -0.30251,
            42.57584
          ],
          [
            -0.30251,
            42.57577
          ],
          [
            -0.3026,
            42.57559
          ],
          [
            -0.30263,
            42.5754
          ],
          [
            -0.30269,
            42.57533
          ],
          [
            -0.30281,
            42.57527
          ],
          [
            -0.30305,
            42.57535
          ],
          [
            -0.30333,
            42.5751
          ],
          [
            -0.30354,
            42.57494
          ],
          [
            -0.30368,
            42.5748
          ],
          [
            -0.30384,
            42.5747
          ],
          [
            -0.30399,
            42.57455
          ],
          [
            -0.30424,
            42.57433
          ],
          [
            -0.30458,
            42.57417
          ],
          [
            -0.3047,
            42.57406
          ],
          [
            -0.30485,
            42.57364
          ],
          [
            -0.30489,
            42.57344
          ],
          [
            -0.30495,
            42.57335
          ],
          [
            -0.30507,
            42.57323
          ],
          [
            -0.30524,
            42.57312
          ],
          [
            -0.30549,
            42.57279
          ],
          [
            -0.30565,
            42.57263
          ],
          [
            -0.30616,
            42.57214
          ],
          [
            -0.30665,
            42.57163
          ],
          [
            -0.30678,
            42.57151
          ],
          [
            -0.30693,
            42.57128
          ],
          [
            -0.30689,
            42.57114
          ],
          [
            -0.30681,
            42.57107
          ],
          [
            -0.30674,
            42.57109
          ],
          [
            -0.30662,
            42.571
          ],
          [
            -0.30668,
            42.57077
          ],
          [
            -0.30665,
            42.57067
          ],
          [
            -0.30679,
            42.57047
          ],
          [
            -0.30723,
            42.57011
          ],
          [
            -0.30743,
            42.56993
          ],
          [
            -0.30759,
            42.56973
          ],
          [
            -0.30771,
            42.56952
          ],
          [
            -0.30774,
            42.5693
          ],
          [
            -0.308,
            42.56862
          ],
          [
            -0.30802,
            42.56839
          ],
          [
            -0.30829,
            42.56787
          ],
          [
            -0.3083,
            42.56771
          ],
          [
            -0.30835,
            42.56749
          ],
          [
            -0.30934,
            42.56603
          ],
          [
            -0.30957,
            42.56586
          ],
          [
            -0.3101,
            42.56562
          ],
          [
            -0.31017,
            42.56555
          ],
          [
            -0.31019,
            42.56544
          ],
          [
            -0.31018,
            42.56474
          ],
          [
            -0.31027,
            42.56454
          ],
          [
            -0.31076,
            42.5643
          ],
          [
            -0.31096,
            42.56413
          ],
          [
            -0.31217,
            42.56294
          ],
          [
            -0.31226,
            42.56274
          ],
          [
            -0.31233,
            42.56233
          ],
          [
            -0.31245,
            42.56187
          ],
          [
            -0.31246,
            42.56165
          ],
          [
            -0.31253,
            42.56141
          ],
          [
            -0.31256,
            42.56119
          ],
          [
            -0.31274,
            42.56079
          ],
          [
            -0.31284,
            42.5607
          ],
          [
            -0.31387,
            42.56003
          ],
          [
            -0.31421,
            42.55978
          ],
          [
            -0.31435,
            42.55953
          ],
          [
            -0.31463,
            42.55917
          ],
          [
            -0.31486,
            42.55903
          ],
          [
            -0.31512,
            42.55893
          ],
          [
            -0.31538,
            42.5588
          ],
          [
            -0.31554,
            42.55866
          ],
          [
            -0.31586,
            42.55833
          ],
          [
            -0.31648,
            42.55763
          ],
          [
            -0.3166,
            42.55745
          ],
          [
            -0.31688,
            42.55709
          ],
          [
            -0.31724,
            42.55657
          ],
          [
            -0.31783,
            42.55553
          ],
          [
            -0.31792,
            42.55529
          ],
          [
            -0.31795,
            42.55509
          ],
          [
            -0.31784,
            42.55473
          ],
          [
            -0.31777,
            42.55454
          ],
          [
            -0.31776,
            42.5543
          ],
          [
            -0.31769,
            42.55407
          ],
          [
            -0.31777,
            42.55388
          ],
          [
            -0.31798,
            42.55353
          ],
          [
            -0.31812,
            42.55299
          ],
          [
            -0.31812,
            42.55282
          ],
          [
            -0.31816,
            42.55264
          ],
          [
            -0.31816,
            42.55255
          ],
          [
            -0.31814,
            42.55235
          ],
          [
            -0.31808,
            42.55224
          ],
          [
            -0.31784,
            42.55203
          ],
          [
            -0.31771,
            42.55186
          ],
          [
            -0.31787,
            42.55171
          ],
          [
            -0.31968,
            42.55085
          ],
          [
            -0.32021,
            42.5507
          ],
          [
            -0.32122,
            42.55037
          ],
          [
            -0.32147,
            42.5503
          ],
          [
            -0.32195,
            42.55012
          ],
          [
            -0.32272,
            42.54987
          ],
          [
            -0.323,
            42.54982
          ],
          [
            -0.32331,
            42.54977
          ],
          [
            -0.3236,
            42.54976
          ],
          [
            -0.32437,
            42.54983
          ],
          [
            -0.32514,
            42.54973
          ],
          [
            -0.32602,
            42.54963
          ],
          [
            -0.32615,
            42.54969
          ],
          [
            -0.32622,
            42.5498
          ],
          [
            -0.32642,
            42.54991
          ],
          [
            -0.32668,
            42.54993
          ],
          [
            -0.32902,
            42.54994
          ],
          [
            -0.32983,
            42.54998
          ],
          [
            -0.33002,
            42.54996
          ],
          [
            -0.33043,
            42.54964
          ],
          [
            -0.33039,
            42.54953
          ],
          [
            -0.33028,
            42.54944
          ],
          [
            -0.33022,
            42.54932
          ],
          [
            -0.33026,
            42.54915
          ],
          [
            -0.33036,
            42.54893
          ],
          [
            -0.33036,
            42.54876
          ],
          [
            -0.3304,
            42.54862
          ],
          [
            -0.33053,
            42.54849
          ],
          [
            -0.33107,
            42.5482
          ],
          [
            -0.33154,
            42.54798
          ],
          [
            -0.33178,
            42.5479
          ],
          [
            -0.33231,
            42.54781
          ],
          [
            -0.33255,
            42.54773
          ],
          [
            -0.33281,
            42.5477
          ],
          [
            -0.33336,
            42.54768
          ],
          [
            -0.33365,
            42.54764
          ],
          [
            -0.33445,
            42.54765
          ],
          [
            -0.3346,
            42.54768
          ],
          [
            -0.33459,
            42.54762
          ],
          [
            -0.33453,
            42.5475
          ],
          [
            -0.33426,
            42.54715
          ],
          [
            -0.33419,
            42.54697
          ],
          [
            -0.3342,
            42.54676
          ],
          [
            -0.33417,
            42.54658
          ],
          [
            -0.33427,
            42.5458
          ],
          [
            -0.3343,
            42.54572
          ],
          [
            -0.33432,
            42.54538
          ],
          [
            -0.33443,
            42.54499
          ],
          [
            -0.33452,
            42.54482
          ],
          [
            -0.33475,
            42.5445
          ],
          [
            -0.33489,
            42.54435
          ],
          [
            -0.33506,
            42.54421
          ],
          [
            -0.33521,
            42.54405
          ],
          [
            -0.33539,
            42.54391
          ],
          [
            -0.33576,
            42.54357
          ],
          [
            -0.33652,
            42.54298
          ],
          [
            -0.33711,
            42.54233
          ],
          [
            -0.33795,
            42.54181
          ],
          [
            -0.33834,
            42.54154
          ],
          [
            -0.33857,
            42.54141
          ],
          [
            -0.34035,
            42.54047
          ],
          [
            -0.34083,
            42.54028
          ],
          [
            -0.34177,
            42.53987
          ],
          [
            -0.34218,
            42.53962
          ],
          [
            -0.34238,
            42.53948
          ],
          [
            -0.34257,
            42.53933
          ],
          [
            -0.34279,
            42.5392
          ],
          [
            -0.34298,
            42.53906
          ],
          [
            -0.34335,
            42.53876
          ],
          [
            -0.34347,
            42.53857
          ],
          [
            -0.34364,
            42.53821
          ],
          [
            -0.34378,
            42.5378
          ],
          [
            -0.34389,
            42.53761
          ],
          [
            -0.34397,
            42.53742
          ],
          [
            -0.34435,
            42.53666
          ],
          [
            -0.34486,
            42.53572
          ],
          [
            -0.34501,
            42.53556
          ],
          [
            -0.34554,
            42.53506
          ],
          [
            -0.34567,
            42.53487
          ],
          [
            -0.34584,
            42.53471
          ],
          [
            -0.34618,
            42.53443
          ],
          [
            -0.34638,
            42.53431
          ],
          [
            -0.34652,
            42.53415
          ],
          [
            -0.34691,
            42.53387
          ],
          [
            -0.34705,
            42.53369
          ],
          [
            -0.3474,
            42.53338
          ],
          [
            -0.34745,
            42.53317
          ],
          [
            -0.34745,
            42.53296
          ],
          [
            -0.34742,
            42.53276
          ],
          [
            -0.34738,
            42.5324
          ],
          [
            -0.34729,
            42.53203
          ],
          [
            -0.34723,
            42.53165
          ],
          [
            -0.34731,
            42.53126
          ],
          [
            -0.34733,
            42.53069
          ],
          [
            -0.34726,
            42.53049
          ],
          [
            -0.34726,
            42.5303
          ],
          [
            -0.34731,
            42.53012
          ],
          [
            -0.34733,
            42.52992
          ],
          [
            -0.3474,
            42.52975
          ],
          [
            -0.34742,
            42.52955
          ],
          [
            -0.34747,
            42.52937
          ],
          [
            -0.34753,
            42.52896
          ],
          [
            -0.34766,
            42.52859
          ],
          [
            -0.34782,
            42.52843
          ],
          [
            -0.34791,
            42.52825
          ],
          [
            -0.34807,
            42.52786
          ],
          [
            -0.34812,
            42.52766
          ],
          [
            -0.34819,
            42.52747
          ],
          [
            -0.34825,
            42.52706
          ],
          [
            -0.3483,
            42.52686
          ],
          [
            -0.34832,
            42.52666
          ],
          [
            -0.3484,
            42.52624
          ],
          [
            -0.34846,
            42.52563
          ],
          [
            -0.34837,
            42.52548
          ],
          [
            -0.34832,
            42.5253
          ],
          [
            -0.34846,
            42.52516
          ],
          [
            -0.34854,
            42.52496
          ],
          [
            -0.34866,
            42.52479
          ],
          [
            -0.34876,
            42.52458
          ],
          [
            -0.34887,
            42.52452
          ],
          [
            -0.34951,
            42.52447
          ],
          [
            -0.34963,
            42.52444
          ],
          [
            -0.34977,
            42.52428
          ],
          [
            -0.35003,
            42.5242
          ],
          [
            -0.35002,
            42.52397
          ],
          [
            -0.35008,
            42.52384
          ],
          [
            -0.35013,
            42.52354
          ],
          [
            -0.35022,
            42.52338
          ],
          [
            -0.35046,
            42.52305
          ],
          [
            -0.35055,
            42.52288
          ],
          [
            -0.35092,
            42.52238
          ],
          [
            -0.35121,
            42.52205
          ],
          [
            -0.35177,
            42.52136
          ],
          [
            -0.352,
            42.52099
          ],
          [
            -0.35215,
            42.52082
          ],
          [
            -0.35234,
            42.52069
          ],
          [
            -0.35257,
            42.52059
          ],
          [
            -0.35263,
            42.52041
          ],
          [
            -0.35262,
            42.52024
          ],
          [
            -0.3531,
            42.51958
          ],
          [
            -0.35326,
            42.51941
          ],
          [
            -0.35352,
            42.51905
          ],
          [
            -0.35383,
            42.51871
          ],
          [
            -0.35435,
            42.51825
          ],
          [
            -0.35451,
            42.51808
          ],
          [
            -0.35553,
            42.51718
          ],
          [
            -0.35568,
            42.51702
          ],
          [
            -0.35582,
            42.51685
          ],
          [
            -0.35631,
            42.5164
          ],
          [
            -0.35701,
            42.51578
          ],
          [
            -0.35724,
            42.51565
          ],
          [
            -0.35817,
            42.51526
          ],
          [
            -0.35895,
            42.51488
          ],
          [
            -0.3596,
            42.51445
          ],
          [
            -0.36,
            42.51415
          ],
          [
            -0.36017,
            42.51417
          ],
          [
            -0.36038,
            42.51431
          ],
          [
            -0.36259,
            42.51598
          ],
          [
            -0.3628,
            42.51616
          ],
          [
            -0.36342,
            42.51665
          ],
          [
            -0.36361,
            42.51682
          ],
          [
            -0.36372,
            42.51701
          ],
          [
            -0.36381,
            42.51727
          ],
          [
            -0.36385,
            42.51749
          ],
          [
            -0.36403,
            42.51799
          ],
          [
            -0.36414,
            42.51808
          ],
          [
            -0.36417,
            42.51815
          ],
          [
            -0.36452,
            42.51837
          ],
          [
            -0.36481,
            42.51835
          ],
          [
            -0.36517,
            42.51835
          ],
          [
            -0.3666,
            42.51826
          ],
          [
            -0.36697,
            42.51825
          ],
          [
            -0.36768,
            42.51844
          ],
          [
            -0.37033,
            42.51943
          ],
          [
            -0.37046,
            42.5194
          ],
          [
            -0.37028,
            42.5193
          ],
          [
            -0.36981,
            42.51908
          ],
          [
            -0.36991,
            42.51885
          ],
          [
            -0.37002,
            42.51867
          ],
          [
            -0.37014,
            42.51849
          ],
          [
            -0.37039,
            42.51819
          ],
          [
            -0.3705,
            42.51818
          ],
          [
            -0.37131,
            42.51833
          ],
          [
            -0.37212,
            42.51842
          ],
          [
            -0.3728,
            42.51855
          ],
          [
            -0.37304,
            42.51861
          ],
          [
            -0.37318,
            42.51853
          ],
          [
            -0.37307,
            42.51826
          ],
          [
            -0.37317,
            42.51818
          ],
          [
            -0.37369,
            42.51815
          ],
          [
            -0.37393,
            42.51807
          ],
          [
            -0.37418,
            42.51782
          ],
          [
            -0.37426,
            42.51766
          ],
          [
            -0.37418,
            42.51735
          ],
          [
            -0.3743,
            42.51714
          ],
          [
            -0.37468,
            42.51663
          ],
          [
            -0.37498,
            42.51615
          ],
          [
            -0.37482,
            42.51578
          ],
          [
            -0.37477,
            42.51562
          ],
          [
            -0.37461,
            42.51547
          ],
          [
            -0.37435,
            42.51537
          ],
          [
            -0.37409,
            42.51529
          ],
          [
            -0.37365,
            42.51521
          ],
          [
            -0.37356,
            42.51512
          ],
          [
            -0.37359,
            42.51497
          ],
          [
            -0.37378,
            42.51489
          ],
          [
            -0.37398,
            42.5149
          ],
          [
            -0.37412,
            42.51483
          ],
          [
            -0.37445,
            42.51464
          ],
          [
            -0.37472,
            42.51447
          ],
          [
            -0.37498,
            42.51425
          ],
          [
            -0.37547,
            42.51444
          ],
          [
            -0.37572,
            42.51449
          ],
          [
            -0.37607,
            42.51452
          ],
          [
            -0.37664,
            42.51463
          ],
          [
            -0.37686,
            42.51463
          ],
          [
            -0.3775,
            42.51464
          ],
          [
            -0.37781,
            42.51462
          ],
          [
            -0.37809,
            42.51465
          ],
          [
            -0.37831,
            42.51478
          ],
          [
            -0.37846,
            42.51496
          ],
          [
            -0.37865,
            42.51534
          ],
          [
            -0.37885,
            42.51546
          ],
          [
            -0.37959,
            42.51566
          ],
          [
            -0.37986,
            42.51571
          ],
          [
            -0.38014,
            42.51573
          ],
          [
            -0.3804,
            42.51573
          ],
          [
            -0.38087,
            42.51588
          ],
          [
            -0.38131,
            42.51608
          ],
          [
            -0.38153,
            42.51616
          ],
          [
            -0.38224,
            42.5163
          ],
          [
            -0.38275,
            42.51636
          ],
          [
            -0.383,
            42.51643
          ],
          [
            -0.38344,
            42.51663
          ],
          [
            -0.38368,
            42.51672
          ],
          [
            -0.38394,
            42.51676
          ],
          [
            -0.3845,
            42.51675
          ],
          [
            -0.38477,
            42.51677
          ],
          [
            -0.38503,
            42.51683
          ],
          [
            -0.38533,
            42.51694
          ],
          [
            -0.38592,
            42.51711
          ],
          [
            -0.38638,
            42.51726
          ],
          [
            -0.3871,
            42.51754
          ],
          [
            -0.38732,
            42.51768
          ],
          [
            -0.38754,
            42.51779
          ],
          [
            -0.38824,
            42.51809
          ],
          [
            -0.38849,
            42.51818
          ],
          [
            -0.38923,
            42.51836
          ],
          [
            -0.3899,
            42.51867
          ],
          [
            -0.39027,
            42.51896
          ],
          [
            -0.39046,
            42.51909
          ],
          [
            -0.39069,
            42.5192
          ],
          [
            -0.39166,
            42.51953
          ],
          [
            -0.39188,
            42.51966
          ],
          [
            -0.39265,
            42.51993
          ],
          [
            -0.39315,
            42.52019
          ],
          [
            -0.39365,
            42.52048
          ],
          [
            -0.39393,
            42.5206
          ],
          [
            -0.39418,
            42.52077
          ],
          [
            -0.39444,
            42.52083
          ],
          [
            -0.3947,
            42.52085
          ],
          [
            -0.39519,
            42.52081
          ],
          [
            -0.39544,
            42.52082
          ],
          [
            -0.39597,
            42.5209
          ],
          [
            -0.39623,
            42.52093
          ],
          [
            -0.3965,
            42.52092
          ],
          [
            -0.39704,
            42.52095
          ],
          [
            -0.39756,
            42.52103
          ],
          [
            -0.39903,
            42.52158
          ],
          [
            -0.40026,
            42.52197
          ],
          [
            -0.40071,
            42.52219
          ],
          [
            -0.40091,
            42.52233
          ],
          [
            -0.40114,
            42.52243
          ],
          [
            -0.4019,
            42.5226
          ],
          [
            -0.40216,
            42.52264
          ],
          [
            -0.40242,
            42.52273
          ],
          [
            -0.40306,
            42.52301
          ],
          [
            -0.40346,
            42.52323
          ],
          [
            -0.40387,
            42.52348
          ],
          [
            -0.40444,
            42.52389
          ],
          [
            -0.40476,
            42.52422
          ],
          [
            -0.40485,
            42.52442
          ],
          [
            -0.40513,
            42.5248
          ],
          [
            -0.40523,
            42.52506
          ],
          [
            -0.40544,
            42.52512
          ],
          [
            -0.40599,
            42.52518
          ],
          [
            -0.40699,
            42.52548
          ],
          [
            -0.40725,
            42.52551
          ],
          [
            -0.40774,
            42.52563
          ],
          [
            -0.40799,
            42.52567
          ],
          [
            -0.40979,
            42.52611
          ],
          [
            -0.41037,
            42.52628
          ],
          [
            -0.41063,
            42.52637
          ],
          [
            -0.41141,
            42.52658
          ],
          [
            -0.41194,
            42.52669
          ],
          [
            -0.41325,
            42.52701
          ],
          [
            -0.41441,
            42.52726
          ],
          [
            -0.41779,
            42.52807
          ],
          [
            -0.41855,
            42.52827
          ],
          [
            -0.42107,
            42.52884
          ],
          [
            -0.42133,
            42.52888
          ],
          [
            -0.42376,
            42.52947
          ],
          [
            -0.42487,
            42.52977
          ],
          [
            -0.4259,
            42.53012
          ],
          [
            -0.42618,
            42.53019
          ],
          [
            -0.42697,
            42.53046
          ],
          [
            -0.4283,
            42.53087
          ],
          [
            -0.42929,
            42.53114
          ],
          [
            -0.43024,
            42.53138
          ],
          [
            -0.43153,
            42.53165
          ],
          [
            -0.43284,
            42.53188
          ],
          [
            -0.4334,
            42.53196
          ],
          [
            -0.43366,
            42.53195
          ],
          [
            -0.43488,
            42.53202
          ],
          [
            -0.43526,
            42.53211
          ],
          [
            -0.4355,
            42.5322
          ],
          [
            -0.43577,
            42.53226
          ],
          [
            -0.43603,
            42.53236
          ],
          [
            -0.4366,
            42.53253
          ],
          [
            -0.43678,
            42.53262
          ],
          [
            -0.4373,
            42.53282
          ],
          [
            -0.43782,
            42.53304
          ],
          [
            -0.43841,
            42.5332
          ],
          [
            -0.43866,
            42.53325
          ],
          [
            -0.44079,
            42.53349
          ],
          [
            -0.44241,
            42.53374
          ],
          [
            -0.44346,
            42.53397
          ],
          [
            -0.44432,
            42.53419
          ],
          [
            -0.44551,
            42.53441
          ],
          [
            -0.44602,
            42.53453
          ],
          [
            -0.44629,
            42.53461
          ],
          [
            -0.44682,
            42.53471
          ],
          [
            -0.44805,
            42.53499
          ],
          [
            -0.44883,
            42.53514
          ],
          [
            -0.44933,
            42.53527
          ],
          [
            -0.45007,
            42.53542
          ],
          [
            -0.45058,
            42.53554
          ],
          [
            -0.45259,
            42.53613
          ],
          [
            -0.45333,
            42.53629
          ],
          [
            -0.45433,
            42.53646
          ],
          [
            -0.45532,
            42.53668
          ],
          [
            -0.45584,
            42.53676
          ],
          [
            -0.45635,
            42.53687
          ],
          [
            -0.45714,
            42.53705
          ],
          [
            -0.45789,
            42.53725
          ],
          [
            -0.45917,
            42.53754
          ],
          [
            -0.46023,
            42.53771
          ],
          [
            -0.461,
            42.53788
          ],
          [
            -0.4615,
            42.53795
          ],
          [
            -0.46251,
            42.53818
          ],
          [
            -0.46406,
            42.53847
          ],
          [
            -0.46431,
            42.53853
          ],
          [
            -0.4666,
            42.53895
          ],
          [
            -0.46759,
            42.53912
          ],
          [
            -0.46832,
            42.53928
          ],
          [
            -0.47005,
            42.53962
          ],
          [
            -0.4703,
            42.53966
          ],
          [
            -0.47109,
            42.53982
          ],
          [
            -0.47158,
            42.5399
          ],
          [
            -0.4728,
            42.54014
          ],
          [
            -0.47305,
            42.54015
          ],
          [
            -0.47319,
            42.54014
          ],
          [
            -0.47317,
            42.53999
          ],
          [
            -0.47318,
            42.53989
          ],
          [
            -0.47323,
            42.53971
          ],
          [
            -0.47331,
            42.53954
          ],
          [
            -0.47345,
            42.53937
          ],
          [
            -0.47372,
            42.53885
          ],
          [
            -0.47382,
            42.53868
          ],
          [
            -0.47444,
            42.53789
          ],
          [
            -0.47453,
            42.53771
          ],
          [
            -0.47465,
            42.53735
          ],
          [
            -0.4747,
            42.53716
          ],
          [
            -0.47479,
            42.53698
          ],
          [
            -0.47505,
            42.53666
          ],
          [
            -0.47571,
            42.53608
          ],
          [
            -0.476,
            42.53577
          ],
          [
            -0.47631,
            42.53549
          ],
          [
            -0.47863,
            42.53381
          ],
          [
            -0.479,
            42.53356
          ],
          [
            -0.48008,
            42.53304
          ],
          [
            -0.48033,
            42.53296
          ],
          [
            -0.48059,
            42.53291
          ],
          [
            -0.48087,
            42.53284
          ],
          [
            -0.48129,
            42.53261
          ],
          [
            -0.48159,
            42.53249
          ],
          [
            -0.48208,
            42.5324
          ],
          [
            -0.4822,
            42.53255
          ],
          [
            -0.48233,
            42.53263
          ],
          [
            -0.48238,
            42.53267
          ],
          [
            -0.48257,
            42.53273
          ],
          [
            -0.48272,
            42.53275
          ],
          [
            -0.48276,
            42.5329
          ],
          [
            -0.48283,
            42.53298
          ],
          [
            -0.48288,
            42.53305
          ],
          [
            -0.48304,
            42.53314
          ],
          [
            -0.48306,
            42.53334
          ],
          [
            -0.48303,
            42.53354
          ],
          [
            -0.48284,
            42.53397
          ],
          [
            -0.48279,
            42.53417
          ],
          [
            -0.48276,
            42.53439
          ],
          [
            -0.48276,
            42.5346
          ],
          [
            -0.48273,
            42.5348
          ],
          [
            -0.48262,
            42.53543
          ],
          [
            -0.4826,
            42.53564
          ],
          [
            -0.48259,
            42.53605
          ],
          [
            -0.48264,
            42.53624
          ],
          [
            -0.48306,
            42.5365
          ],
          [
            -0.48319,
            42.53665
          ],
          [
            -0.4835,
            42.53695
          ],
          [
            -0.48375,
            42.53731
          ],
          [
            -0.48394,
            42.53742
          ],
          [
            -0.48403,
            42.53741
          ],
          [
            -0.48405,
            42.53737
          ],
          [
            -0.48397,
            42.53724
          ],
          [
            -0.48391,
            42.53706
          ],
          [
            -0.48395,
            42.53695
          ],
          [
            -0.48404,
            42.53692
          ],
          [
            -0.48415,
            42.5369
          ],
          [
            -0.4843,
            42.537
          ],
          [
            -0.48456,
            42.5371
          ],
          [
            -0.48475,
            42.53722
          ],
          [
            -0.48527,
            42.53766
          ],
          [
            -0.48541,
            42.53782
          ],
          [
            -0.48561,
            42.53794
          ],
          [
            -0.48587,
            42.53795
          ],
          [
            -0.48669,
            42.53807
          ],
          [
            -0.48696,
            42.53809
          ],
          [
            -0.48738,
            42.53817
          ],
          [
            -0.48764,
            42.53841
          ],
          [
            -0.48777,
            42.53858
          ],
          [
            -0.48784,
            42.53877
          ],
          [
            -0.48785,
            42.53916
          ],
          [
            -0.48775,
            42.53955
          ],
          [
            -0.48775,
            42.53965
          ],
          [
            -0.48786,
            42.53975
          ],
          [
            -0.48833,
            42.53992
          ],
          [
            -0.48849,
            42.54007
          ],
          [
            -0.48873,
            42.54013
          ],
          [
            -0.48922,
            42.5402
          ],
          [
            -0.48946,
            42.54025
          ],
          [
            -0.48943,
            42.54044
          ],
          [
            -0.48917,
            42.54119
          ],
          [
            -0.48909,
            42.54137
          ],
          [
            -0.48897,
            42.54154
          ],
          [
            -0.48834,
            42.5419
          ],
          [
            -0.48794,
            42.54216
          ],
          [
            -0.48716,
            42.54264
          ],
          [
            -0.48696,
            42.5428
          ],
          [
            -0.48682,
            42.54287
          ],
          [
            -0.48663,
            42.54315
          ],
          [
            -0.48661,
            42.54323
          ],
          [
            -0.48665,
            42.54334
          ],
          [
            -0.48679,
            42.54351
          ],
          [
            -0.48689,
            42.5437
          ],
          [
            -0.4869,
            42.5439
          ],
          [
            -0.48684,
            42.54417
          ],
          [
            -0.48727,
            42.54427
          ],
          [
            -0.48753,
            42.54431
          ],
          [
            -0.48779,
            42.54432
          ],
          [
            -0.48793,
            42.54429
          ],
          [
            -0.48805,
            42.54426
          ],
          [
            -0.48825,
            42.54411
          ],
          [
            -0.48842,
            42.54397
          ],
          [
            -0.48856,
            42.54381
          ],
          [
            -0.48874,
            42.54366
          ],
          [
            -0.489,
            42.54363
          ],
          [
            -0.49051,
            42.54389
          ],
          [
            -0.4929,
            42.54418
          ],
          [
            -0.49345,
            42.54427
          ],
          [
            -0.49373,
            42.5443
          ],
          [
            -0.49427,
            42.54431
          ],
          [
            -0.49507,
            42.54431
          ],
          [
            -0.49531,
            42.54436
          ],
          [
            -0.49688,
            42.54437
          ],
          [
            -0.49769,
            42.5444
          ],
          [
            -0.49873,
            42.54447
          ],
          [
            -0.49899,
            42.54452
          ],
          [
            -0.49925,
            42.5446
          ],
          [
            -0.49996,
            42.54505
          ],
          [
            -0.50013,
            42.54507
          ],
          [
            -0.50037,
            42.54506
          ],
          [
            -0.50212,
            42.54457
          ],
          [
            -0.50245,
            42.54459
          ],
          [
            -0.50306,
            42.54492
          ],
          [
            -0.50414,
            42.54534
          ],
          [
            -0.50438,
            42.54541
          ],
          [
            -0.50487,
            42.5456
          ],
          [
            -0.50562,
            42.54585
          ],
          [
            -0.50611,
            42.54601
          ],
          [
            -0.50679,
            42.54626
          ],
          [
            -0.50754,
            42.5465
          ],
          [
            -0.50783,
            42.54658
          ],
          [
            -0.50864,
            42.54676
          ],
          [
            -0.50902,
            42.54682
          ],
          [
            -0.50916,
            42.54682
          ],
          [
            -0.50969,
            42.54675
          ],
          [
            -0.51019,
            42.54674
          ],
          [
            -0.51101,
            42.54681
          ],
          [
            -0.51241,
            42.54707
          ],
          [
            -0.51293,
            42.54721
          ],
          [
            -0.51317,
            42.54729
          ],
          [
            -0.51395,
            42.54761
          ],
          [
            -0.51417,
            42.54774
          ],
          [
            -0.51444,
            42.54787
          ],
          [
            -0.5151,
            42.54824
          ],
          [
            -0.51577,
            42.54865
          ],
          [
            -0.51626,
            42.54883
          ],
          [
            -0.51726,
            42.54907
          ],
          [
            -0.51869,
            42.54949
          ],
          [
            -0.51951,
            42.54969
          ],
          [
            -0.52002,
            42.54985
          ],
          [
            -0.52023,
            42.55
          ],
          [
            -0.52038,
            42.55017
          ],
          [
            -0.52056,
            42.55053
          ],
          [
            -0.52063,
            42.55073
          ],
          [
            -0.52076,
            42.55098
          ],
          [
            -0.52148,
            42.55146
          ],
          [
            -0.52194,
            42.55169
          ],
          [
            -0.52242,
            42.55182
          ],
          [
            -0.52499,
            42.55215
          ],
          [
            -0.52524,
            42.55216
          ],
          [
            -0.52624,
            42.55231
          ],
          [
            -0.52758,
            42.55246
          ],
          [
            -0.52807,
            42.55247
          ],
          [
            -0.52834,
            42.55245
          ],
          [
            -0.52859,
            42.55241
          ],
          [
            -0.5291,
            42.55238
          ],
          [
            -0.52935,
            42.55237
          ],
          [
            -0.52959,
            42.55238
          ],
          [
            -0.52983,
            42.55243
          ],
          [
            -0.53007,
            42.5525
          ],
          [
            -0.53027,
            42.5526
          ],
          [
            -0.53059,
            42.5529
          ],
          [
            -0.53073,
            42.55306
          ],
          [
            -0.53107,
            42.55337
          ],
          [
            -0.53123,
            42.55358
          ],
          [
            -0.53153,
            42.55383
          ],
          [
            -0.53216,
            42.55444
          ],
          [
            -0.53246,
            42.55476
          ],
          [
            -0.53326,
            42.55552
          ],
          [
            -0.53363,
            42.55578
          ],
          [
            -0.53425,
            42.55615
          ],
          [
            -0.53444,
            42.55629
          ],
          [
            -0.53461,
            42.55645
          ],
          [
            -0.53476,
            42.55662
          ],
          [
            -0.53488,
            42.5568
          ],
          [
            -0.5352,
            42.55755
          ],
          [
            -0.53542,
            42.55793
          ],
          [
            -0.5356,
            42.55808
          ],
          [
            -0.53619,
            42.55845
          ],
          [
            -0.53639,
            42.55855
          ],
          [
            -0.53755,
            42.55933
          ],
          [
            -0.53772,
            42.5595
          ],
          [
            -0.53792,
            42.55965
          ],
          [
            -0.53824,
            42.55995
          ],
          [
            -0.53859,
            42.56024
          ],
          [
            -0.53908,
            42.56071
          ],
          [
            -0.5394,
            42.56105
          ],
          [
            -0.53951,
            42.56124
          ],
          [
            -0.53957,
            42.56145
          ],
          [
            -0.53965,
            42.56187
          ],
          [
            -0.53972,
            42.56205
          ],
          [
            -0.53982,
            42.56225
          ],
          [
            -0.54028,
            42.56295
          ],
          [
            -0.54043,
            42.56312
          ],
          [
            -0.5406,
            42.56327
          ],
          [
            -0.5408,
            42.5634
          ],
          [
            -0.54213,
            42.56412
          ],
          [
            -0.54235,
            42.56427
          ],
          [
            -0.54255,
            42.56445
          ],
          [
            -0.54268,
            42.56465
          ],
          [
            -0.54273,
            42.56484
          ],
          [
            -0.54286,
            42.5651
          ],
          [
            -0.54305,
            42.56519
          ],
          [
            -0.54321,
            42.56531
          ],
          [
            -0.54342,
            42.56551
          ],
          [
            -0.54349,
            42.56566
          ],
          [
            -0.5437,
            42.56589
          ],
          [
            -0.54414,
            42.56631
          ],
          [
            -0.5443,
            42.5664
          ],
          [
            -0.54453,
            42.56644
          ],
          [
            -0.54469,
            42.56651
          ],
          [
            -0.54478,
            42.56661
          ],
          [
            -0.54473,
            42.56671
          ],
          [
            -0.54467,
            42.56676
          ],
          [
            -0.5447,
            42.56685
          ],
          [
            -0.54494,
            42.56708
          ],
          [
            -0.54515,
            42.56721
          ],
          [
            -0.54531,
            42.56741
          ],
          [
            -0.54565,
            42.56763
          ],
          [
            -0.54576,
            42.56768
          ],
          [
            -0.54597,
            42.56809
          ],
          [
            -0.54632,
            42.56868
          ],
          [
            -0.54634,
            42.56902
          ],
          [
            -0.54659,
            42.56878
          ],
          [
            -0.54755,
            42.56875
          ],
          [
            -0.54787,
            42.56881
          ],
          [
            -0.54835,
            42.56897
          ],
          [
            -0.54896,
            42.56914
          ],
          [
            -0.54977,
            42.56944
          ],
          [
            -0.54933,
            42.57005
          ],
          [
            -0.54913,
            42.5704
          ],
          [
            -0.54925,
            42.57056
          ]
        ]
      }
    }
  ]
}