{
"type": "FeatureCollection",
"name": "nao-oficiais-2",
"crs": { "type": "name", "properties": { "name": "urn:ogc:def:crs:OGC:1.3:CRS84" } },
"features": [
{ "type": "Feature", "properties": { "Name": "Lillo-lago-Isoba", "description": null, "timestamp": null, "begin": null, "end": null, "altitudeMode": null, "tessellate": 1, "extrude": 0, "visibility": -1, "drawOrder": null, "icon": null, "cmt": null, "desc": null, "src": null, "link1_href": null, "link1_text": null, "link1_type": null, "link2_href": null, "link2_text": null, "link2_type": null, "number": null, "type": null, "layer": "camino San Isidro-Braña (Allerano).kml", "path": "D:/edicao/design/mapas-sta-comba/igrejas/202601-04/camino San Isidro-Braña (Allerano).kml|layername=camino San Isidro-Braña (Allerano).kml|geometrytype=LineString25D|uniqueGeometryType=yes" }, "geometry": { "type": "MultiLineString", "coordinates": [ [ [ -5.267174615724912, 43.004493775562459, 0.0 ], [ -5.267388319561009, 43.004537362382187, 0.0 ], [ -5.267763551145763, 43.004675271847617, 0.0 ], [ -5.268216468291981, 43.004837558899077, 0.0 ], [ -5.268912100121669, 43.004971477274147, 0.0 ], [ -5.269221160003516, 43.005150768386457, 0.0 ], [ -5.269715909199588, 43.005499460896729, 0.0 ], [ -5.271243272420227, 43.005697619638603, 0.0 ], [ -5.271375289587585, 43.005739611620747, 0.0 ], [ -5.271823574934748, 43.006049833724802, 0.0 ], [ -5.272424567835844, 43.006402574748037, 0.0 ], [ -5.272830441756387, 43.006622261390049, 0.0 ], [ -5.273137215814723, 43.006855073491998, 0.0 ], [ -5.273347418065458, 43.006884126433107, 0.0 ], [ -5.273383681347395, 43.006930118133837, 0.0 ], [ -5.273675816757898, 43.007093209224863, 0.0 ], [ -5.27383508402814, 43.007238193329087, 0.0 ], [ -5.273898283829752, 43.007325740891659, 0.0 ], [ -5.273833684969691, 43.007448099801259, 0.0 ], [ -5.273929929326595, 43.007712462103818, 0.0 ], [ -5.274079064521668, 43.008207488350052, 0.0 ], [ -5.274134518783391, 43.00832892878686, 0.0 ], [ -5.274263380602836, 43.008526468024613, 0.0 ], [ -5.274415418070192, 43.008673450021533, 0.0 ], [ -5.274605914864131, 43.008858141232828, 0.0 ], [ -5.274771026211676, 43.008988714529252, 0.0 ], [ -5.274905675679701, 43.009041450648482, 0.0 ], [ -5.274990599928904, 43.009079414628367, 0.0 ], [ -5.275042740745368, 43.009347120199223, 0.0 ], [ -5.275115939204832, 43.009534881716043, 0.0 ], [ -5.275185960673915, 43.009779987584643, 0.0 ], [ -5.275302705615779, 43.009993761948337, 0.0 ], [ -5.275490268320706, 43.010313713800613, 0.0 ], [ -5.275591278886198, 43.010524816075169, 0.0 ], [ -5.275808460332035, 43.011110207850088, 0.0 ], [ -5.275953166670647, 43.011442193694968, 0.0 ], [ -5.276195454732441, 43.011926298932899, 0.0 ], [ -5.276456754235955, 43.012602402299407, 0.0 ], [ -5.276553903078725, 43.01291908843735, 0.0 ], [ -5.27664818491953, 43.013314541760927, 0.0 ], [ -5.276829831711199, 43.014128785127539, 0.0 ], [ -5.277046036794295, 43.015201887119773, 0.0 ], [ -5.277081042484592, 43.01546666859295, 0.0 ], [ -5.277164766689351, 43.015671214548547, 0.0 ], [ -5.277225747219036, 43.015782589879308, 0.0 ], [ -5.277367012422961, 43.015939263122803, 0.0 ], [ -5.278248479364748, 43.016708058102758, 0.0 ], [ -5.279119631221171, 43.01741702979993, 0.0 ], [ -5.279919708243304, 43.018079321830491, 0.0 ], [ -5.280079443623638, 43.018145428106997, 0.0 ], [ -5.28038420380316, 43.018281260083263, 0.0 ], [ -5.280544009398836, 43.018387032834752, 0.0 ], [ -5.280692690687447, 43.018532023922873, 0.0 ], [ -5.280831814331822, 43.018710702190774, 0.0 ], [ -5.280920201315804, 43.018837880402778, 0.0 ], [ -5.281054528277688, 43.018922041115637, 0.0 ], [ -5.281224307646672, 43.019041097083708, 0.0 ], [ -5.281464690188333, 43.019189562179967, 0.0 ], [ -5.281802874200157, 43.019398692816367, 0.0 ], [ -5.282396694835501, 43.019556015280287, 0.0 ], [ -5.282861618756823, 43.019687620886472, 0.0 ], [ -5.283307234231353, 43.019770114644508, 0.0 ], [ -5.283706263616708, 43.019864560851609, 0.0 ], [ -5.284092223409623, 43.019963494945827, 0.0 ], [ -5.284205626045005, 43.020029185074307, 0.0 ], [ -5.284665366578388, 43.020182581023157, 0.0 ], [ -5.285196362975011, 43.020336358994157, 0.0 ], [ -5.285490209932718, 43.020415734012651, 0.0 ], [ -5.285852235869386, 43.020629725479203, 0.0 ], [ -5.28620527363127, 43.020791775866797, 0.0 ], [ -5.286645785509445, 43.020932700426258, 0.0 ], [ -5.287194930740783, 43.021025726544337, 0.0 ], [ -5.287586663320187, 43.021064001781717, 0.0 ], [ -5.287862489865861, 43.02100393284357, 0.0 ], [ -5.288142018316558, 43.020970247692901, 0.0 ], [ -5.28874780470446, 43.020952343713738, 0.0 ], [ -5.289439716739327, 43.020948836245829, 0.0 ], [ -5.289908242129592, 43.020956043819133, 0.0 ], [ -5.290684855531089, 43.02098164342182, 0.0 ], [ -5.291533294774821, 43.02098179602568, 0.0 ], [ -5.292056950039751, 43.020948060452866, 0.0 ], [ -5.292615678901847, 43.020909405951038, 0.0 ], [ -5.293051458493469, 43.020895061656432, 0.0 ], [ -5.293453751531151, 43.020921193948787, 0.0 ], [ -5.293818097730933, 43.020895265140297, 0.0 ], [ -5.294016502889755, 43.020866795444917, 0.0 ], [ -5.294317420354661, 43.020845338527359, 0.0 ], [ -5.294697324210574, 43.020773472847168, 0.0 ], [ -5.294956883505502, 43.020679772490737, 0.0 ], [ -5.295296375618563, 43.020545177520447, 0.0 ], [ -5.295675733281446, 43.020370593151362, 0.0 ], [ -5.296022389062967, 43.020205332350507, 0.0 ], [ -5.296331081671931, 43.020024769416118, 0.0 ], [ -5.29674875355643, 43.019769712945383, 0.0 ], [ -5.297046890277261, 43.019616183463, 0.0 ], [ -5.297342880598833, 43.019447359355702, 0.0 ], [ -5.297808713943351, 43.019328276895052, 0.0 ], [ -5.29824777684188, 43.019215974835717, 0.0 ], [ -5.298736216832983, 43.019039076180754, 0.0 ], [ -5.299122391023249, 43.018839966965537, 0.0 ], [ -5.299600806260255, 43.018547484691297, 0.0 ], [ -5.299766113015719, 43.018437656773557, 0.0 ], [ -5.299928783644416, 43.018379871725067, 0.0 ], [ -5.300299285460134, 43.018334552833053, 0.0 ], [ -5.300584495451988, 43.01833997508102, 0.0 ], [ -5.300839930858924, 43.018357383789031, 0.0 ], [ -5.301037809637677, 43.018395338274694, 0.0 ], [ -5.301176469244223, 43.018500157836101, 0.0 ], [ -5.301233632312591, 43.018654792767038, 0.0 ], [ -5.301199586847865, 43.018785693907503, 0.0 ], [ -5.301266007198924, 43.018902088071343, 0.0 ], [ -5.302488912111258, 43.020179311241428, 0.0 ], [ -5.302701606989438, 43.020364046591737, 0.0 ], [ -5.302854974095413, 43.020453999951243, 0.0 ], [ -5.303154813297271, 43.020549637526372, 0.0 ], [ -5.304369174551304, 43.020898831432064, 0.0 ], [ -5.305891351347654, 43.021331115248067, 0.0 ], [ -5.306055783776756, 43.021337168332913, 0.0 ], [ -5.306220215751413, 43.021290782828103, 0.0 ], [ -5.306414432947238, 43.021207397035298, 0.0 ], [ -5.30662097648661, 43.021173384610627, 0.0 ], [ -5.30707024700305, 43.021339647057466, 0.0 ], [ -5.307561164696986, 43.021547922013887, 0.0 ], [ -5.308286534037649, 43.021725952413867, 0.0 ], [ -5.308673200749428, 43.021802620814228, 0.0 ], [ -5.309439132683185, 43.022024368687333, 0.0 ], [ -5.310168474545859, 43.022225947784037, 0.0 ], [ -5.310523909657712, 43.022397518260277, 0.0 ], [ -5.310754090504815, 43.022555303484268, 0.0 ], [ -5.311282865023705, 43.022713411928891, 0.0 ], [ -5.311704683344228, 43.022837084554958, 0.0 ], [ -5.31216190240539, 43.022962054820667, 0.0 ], [ -5.312560702783871, 43.023079903109753, 0.0 ], [ -5.312874990324563, 43.023174377335039, 0.0 ], [ -5.313225361040094, 43.023295847079233, 0.0 ], [ -5.313378030340555, 43.023444303644823, 0.0 ], [ -5.31340405847941, 43.023626509618794, 0.0 ], [ -5.313357130186978, 43.023813264010691, 0.0 ], [ -5.313300338453222, 43.023922033953482, 0.0 ], [ -5.313267896940586, 43.024089418290593, 0.0 ], [ -5.313287937339975, 43.024267299290713, 0.0 ], [ -5.313329259255965, 43.024632751836478, 0.0 ], [ -5.313410145299917, 43.024795373141281, 0.0 ], [ -5.31360731799336, 43.024969689264402, 0.0 ], [ -5.313886764349965, 43.025135826512972, 0.0 ], [ -5.314203089514747, 43.025279807067349, 0.0 ], [ -5.314771901375889, 43.025549493992109, 0.0 ], [ -5.314992676200001, 43.025728464494968, 0.0 ], [ -5.315204077579713, 43.025964033959838, 0.0 ], [ -5.315430333959824, 43.026296175536302, 0.0 ], [ -5.315587873730832, 43.026553946636348, 0.0 ], [ -5.315617539969408, 43.026739013614502, 0.0 ], [ -5.315599790572207, 43.026891895402741, 0.0 ], [ -5.31554642548132, 43.027164055473712, 0.0 ], [ -5.315450857090939, 43.027430691838127, 0.0 ], [ -5.315321539029539, 43.027653476579538, 0.0 ], [ -5.315184834829489, 43.027809651534319, 0.0 ], [ -5.314933641211193, 43.028067114332558, 0.0 ], [ -5.314790599077046, 43.028179262751493, 0.0 ], [ -5.314662299680998, 43.028270630352431, 0.0 ], [ -5.314543207949073, 43.028353377312747, 0.0 ], [ -5.314300390208798, 43.028468623271678, 0.0 ], [ -5.314118236109634, 43.028516266199993, 0.0 ], [ -5.314037074906296, 43.028553692930203, 0.0 ], [ -5.314041096509786, 43.028639039325341, 0.0 ], [ -5.314118620681858, 43.028777840461068, 0.0 ], [ -5.314207266406888, 43.02889143973691, 0.0 ], [ -5.314203154934716, 43.02894059550318, 0.0 ], [ -5.314147534888637, 43.028994602278168, 0.0 ], [ -5.314017614929416, 43.02903776694999, 0.0 ], [ -5.313941694855169, 43.029066820932407, 0.0 ], [ -5.313853522734014, 43.029110797302948, 0.0 ], [ -5.313800018408934, 43.029157939509851, 0.0 ], [ -5.313878922401454, 43.029245944715257, 0.0 ], [ -5.31414926535139, 43.029358454303107, 0.0 ], [ -5.314384753175791, 43.029462612222332, 0.0 ], [ -5.314549029128841, 43.02956115740573, 0.0 ], [ -5.314708098606421, 43.029802640805592, 0.0 ], [ -5.314849738728272, 43.030034856382777, 0.0 ], [ -5.314980830661921, 43.030322549744341, 0.0 ], [ -5.315030251057127, 43.030652101633599, 0.0 ], [ -5.315074099363603, 43.030829271209853, 0.0 ], [ -5.315077129185975, 43.031000962926271, 0.0 ], [ -5.315090169633797, 43.03116050508784, 0.0 ], [ -5.315053881908693, 43.031366447646121, 0.0 ], [ -5.314987427713875, 43.031581368384622, 0.0 ], [ -5.314875063767288, 43.031769882921353, 0.0 ], [ -5.314782095730669, 43.031967604695453, 0.0 ], [ -5.314733268571763, 43.032109132028417, 0.0 ], [ -5.314717337580786, 43.032309075495547, 0.0 ], [ -5.314748095430963, 43.032479482281019, 0.0 ], [ -5.31476861250872, 43.032605039625487, 0.0 ], [ -5.314797882028278, 43.032715771973692, 0.0 ], [ -5.314864702485096, 43.032865048831091, 0.0 ], [ -5.314960024843333, 43.032993029565368, 0.0 ], [ -5.31508364301649, 43.033163722741968, 0.0 ], [ -5.315250179195878, 43.033367958904464, 0.0 ], [ -5.315314148252189, 43.033500199276112, 0.0 ], [ -5.315382443350276, 43.033606147149719, 0.0 ], [ -5.31541691586305, 43.033740184724159, 0.0 ], [ -5.315435526815389, 43.033884100646198, 0.0 ], [ -5.315439628312002, 43.034009771302969, 0.0 ], [ -5.315454264771916, 43.034118468929599, 0.0 ], [ -5.31547303689743, 43.034217625638007, 0.0 ], [ -5.315514849914829, 43.034368183699641, 0.0 ], [ -5.315518952919534, 43.034484642941223, 0.0 ], [ -5.315499782207437, 43.034680953779727, 0.0 ], [ -5.315485889148144, 43.034882357345133, 0.0 ], [ -5.315530163216206, 43.035058553726792, 0.0 ], [ -5.315610224294023, 43.035139933313879, 0.0 ], [ -5.315817489317118, 43.035218920805448, 0.0 ], [ -5.316078824907235, 43.03536699347746, 0.0 ], [ -5.316324371218459, 43.035444446342353, 0.0 ], [ -5.316553803979439, 43.03550870222815, 0.0 ], [ -5.316784213394526, 43.035571743974877, 0.0 ], [ -5.317046282557207, 43.03567183140089, 0.0 ], [ -5.317275451011801, 43.035814099552617, 0.0 ], [ -5.317503237343168, 43.035968338753747, 0.0 ], [ -5.317662449958279, 43.036226479982531, 0.0 ], [ -5.3176914989149, 43.036418224195963, 0.0 ], [ -5.31769927365686, 43.036561147847131, 0.0 ], [ -5.317760207960703, 43.036692332349133, 0.0 ], [ -5.317857971543502, 43.036821596615951, 0.0 ], [ -5.318068787226652, 43.037030616041157, 0.0 ], [ -5.3183825350172, 43.037329855819223, 0.0 ], [ -5.318550470940697, 43.037450841597717, 0.0 ], [ -5.318668838430098, 43.037530274482918, 0.0 ], [ -5.31887414911639, 43.037621749615973, 0.0 ], [ -5.319086199986392, 43.037710740801877, 0.0 ], [ -5.319283849105494, 43.037803996344351, 0.0 ], [ -5.31943348367421, 43.037874692102392, 0.0 ], [ -5.319579083147388, 43.037927716860388, 0.0 ], [ -5.319722163127381, 43.037979542545969, 0.0 ], [ -5.319926517798157, 43.038003913689273, 0.0 ], [ -5.320077940102802, 43.038022441046323, 0.0 ], [ -5.320191581821008, 43.038067116215217, 0.0 ], [ -5.320320078135746, 43.038100658633667, 0.0 ], [ -5.320472938061734, 43.038162693792522, 0.0 ], [ -5.320631157262394, 43.038243138062072, 0.0 ], [ -5.320821241633478, 43.038367744894892, 0.0 ], [ -5.320989909600411, 43.038498117487002, 0.0 ], [ -5.321128838720059, 43.03859563251261, 0.0 ], [ -5.321313576660494, 43.038725179953573, 0.0 ], [ -5.321450440655892, 43.038849180598078, 0.0 ], [ -5.321574980035251, 43.038986160523173, 0.0 ], [ -5.321704458940818, 43.039124607831518, 0.0 ], [ -5.321751347669838, 43.039155588061767, 0.0 ], [ -5.321882323663409, 43.039271925054713, 0.0 ], [ -5.321996096904536, 43.039380184665887, 0.0 ], [ -5.322120548439424, 43.039470620491109, 0.0 ], [ -5.322259130077329, 43.039551740987243, 0.0 ], [ -5.322453411605444, 43.039639968659479, 0.0 ], [ -5.322596955714144, 43.039683428328473, 0.0 ], [ -5.322799133904283, 43.039740689898551, 0.0 ], [ -5.322985701131061, 43.039782140690548, 0.0 ], [ -5.323160899740621, 43.039822632923737, 0.0 ], [ -5.323378916052405, 43.039894411841153, 0.0 ], [ -5.323601303186313, 43.039959395360533, 0.0 ], [ -5.323845253216729, 43.040014551013272, 0.0 ], [ -5.324084878722267, 43.040087365517742, 0.0 ], [ -5.324286351576477, 43.040164868414188, 0.0 ], [ -5.324467383442625, 43.040281236789347, 0.0 ], [ -5.324537446841497, 43.040373557062019, 0.0 ], [ -5.324577834802433, 43.040459134432282, 0.0 ], [ -5.324565768547588, 43.040514744590823, 0.0 ], [ -5.324458704683633, 43.04056185434618, 0.0 ], [ -5.324379575769132, 43.040587365498133, 0.0 ], [ -5.324307277128928, 43.040609885190129, 0.0 ], [ -5.324186911846397, 43.040652869030758, 0.0 ], [ -5.324085247680451, 43.040698833890531, 0.0 ], [ -5.323937354744903, 43.040764245765033, 0.0 ], [ -5.323731985521116, 43.040875988581838, 0.0 ], [ -5.323513209745551, 43.040989141005667, 0.0 ], [ -5.323328967227829, 43.041080270230147, 0.0 ], [ -5.323156861058402, 43.041148280063211, 0.0 ], [ -5.32297133549514, 43.041224822439659, 0.0 ], [ -5.322775359711599, 43.041297357365927, 0.0 ], [ -5.322565520280518, 43.041363109504132, 0.0 ], [ -5.322274389779621, 43.041462764239483, 0.0 ], [ -5.322029234961205, 43.041539267616272, 0.0 ], [ -5.321721047273876, 43.041689906443679, 0.0 ], [ -5.321586991896146, 43.04176340544754, 0.0 ], [ -5.321415024083876, 43.041839014117883, 0.0 ], [ -5.320881084504256, 43.042131614042553, 0.0 ], [ -5.320300827660712, 43.042435207588163, 0.0 ], [ -5.319905499355521, 43.042677855599138, 0.0 ], [ -5.319661632679198, 43.042818133112071, 0.0 ], [ -5.319589051956326, 43.042856898694822, 0.0 ], [ -5.319509311570761, 43.042875005114979, 0.0 ], [ -5.319420615054899, 43.04289479235009, 0.0 ], [ -5.319334750853431, 43.042902738752673, 0.0 ], [ -5.319268617300646, 43.042887845611737, 0.0 ], [ -5.319206073570582, 43.042852538668981, 0.0 ], [ -5.319136991521231, 43.042786734168068, 0.0 ], [ -5.319056226046812, 43.042718221018163, 0.0 ], [ -5.318974200741494, 43.0426511130362, 0.0 ], [ -5.318898736565416, 43.042603735580308, 0.0 ], [ -5.318730497398128, 43.042547157510498, 0.0 ], [ -5.318603944179524, 43.042489902174133, 0.0 ], [ -5.318522615262813, 43.042449987355148, 0.0 ], [ -5.318459566059895, 43.04238765669151, 0.0 ], [ -5.318459896331564, 43.04235661159926, 0.0 ], [ -5.318495937450204, 43.042344223531877, 0.0 ], [ -5.318568037463914, 43.042355471471403, 0.0 ], [ -5.318624753133214, 43.042360076767473, 0.0 ], [ -5.318681473862588, 43.042345815977889, 0.0 ], [ -5.318739451997281, 43.04231576765001, 0.0 ], [ -5.318773208706209, 43.042288584287071, 0.0 ], [ -5.318782348247213, 43.042261975164102, 0.0 ], [ -5.318754510552673, 43.042247920286748, 0.0 ], [ -5.318708823242159, 43.042243107878569, 0.0 ], [ -5.318650214616466, 43.042235196249223, 0.0 ], [ -5.318578714844523, 43.042234064946101, 0.0 ], [ -5.31852135129817, 43.042222137973901, 0.0 ], [ -5.318462370909097, 43.042198073062977, 0.0 ], [ -5.318387734365012, 43.0421694347515, 0.0 ], [ -5.318331049874391, 43.042141577662868, 0.0 ], [ -5.318229902878622, 43.042084545812862, 0.0 ], [ -5.318091002820067, 43.042069839853667, 0.0 ], [ -5.317990650791629, 43.042110034299093, 0.0 ], [ -5.317866353227338, 43.042204022369248, 0.0 ], [ -5.317768215699115, 43.042317280611357, 0.0 ], [ -5.317538523812994, 43.042498436685463, 0.0 ], [ -5.317261897944412, 43.042746725644669, 0.0 ], [ -5.317184553243858, 43.042845457219741, 0.0 ], [ -5.317149643072375, 43.042940438371552, 0.0 ], [ -5.317085178222536, 43.043145701760153, 0.0 ], [ -5.317039290084686, 43.043293339364823, 0.0 ], [ -5.317023553570255, 43.043369947258327, 0.0 ], [ -5.317009404417195, 43.043438457344067, 0.0 ], [ -5.316972319049898, 43.043505183993723, 0.0 ], [ -5.31688056590051, 43.043576052254487, 0.0 ], [ -5.316818741102939, 43.043629803975712, 0.0 ], [ -5.316728739539377, 43.043700411883627, 0.0 ], [ -5.316678200472476, 43.043737469078252, 0.0 ], [ -5.31659072237455, 43.043799038278152, 0.0 ], [ -5.316514428367418, 43.043859995115163, 0.0 ], [ -5.316442768251637, 43.043919408935913, 0.0 ], [ -5.316352393585746, 43.044040037991927, 0.0 ], [ -5.316273292196257, 43.044238866581338, 0.0 ], [ -5.316238595923343, 43.044362357611121, 0.0 ], [ -5.316221991928154, 43.044518780846637, 0.0 ], [ -5.316260030343511, 43.044640869153831, 0.0 ], [ -5.31630629719643, 43.044746024401341, 0.0 ], [ -5.316334267906868, 43.044871371881378, 0.0 ], [ -5.316349418918693, 43.044997661192141, 0.0 ], [ -5.316391225984033, 43.045166087649697, 0.0 ], [ -5.316381552350319, 43.045296335057088, 0.0 ], [ -5.316367249159667, 43.045395970580209, 0.0 ], [ -5.316321854116462, 43.045452144573908, 0.0 ], [ -5.316315658793288, 43.045499103573647, 0.0 ], [ -5.316323711410801, 43.045556065703977, 0.0 ], [ -5.316354230684199, 43.045616804376749, 0.0 ], [ -5.316373526892111, 43.045690394888389, 0.0 ], [ -5.316405362561142, 43.04576763124436, 0.0 ], [ -5.316454454443741, 43.045870349955443, 0.0 ], [ -5.316479766666419, 43.045961307280912, 0.0 ], [ -5.316516800965906, 43.04605735547436, 0.0 ], [ -5.316633865859145, 43.046306259333832, 0.0 ], [ -5.316684441807784, 43.046397511381478, 0.0 ], [ -5.316745206525642, 43.046485161417777, 0.0 ], [ -5.316795892843704, 43.046546773030947, 0.0 ], [ -5.316841363148836, 43.046625022971313, 0.0 ], [ -5.316885415391559, 43.046696086008097, 0.0 ], [ -5.31693542517975, 43.046753690095073, 0.0 ], [ -5.317005757923329, 43.046813715571183, 0.0 ], [ -5.3170962968556, 43.04687850699603, 0.0 ], [ -5.31722866592005, 43.046958270582238, 0.0 ], [ -5.317340014209928, 43.047026835095743, 0.0 ], [ -5.31742198267946, 43.047080961507433, 0.0 ], [ -5.317469006702096, 43.047153112986337, 0.0 ], [ -5.317547725723787, 43.047201137137762, 0.0 ], [ -5.317659089344112, 43.047255536729381, 0.0 ], [ -5.317698200636027, 43.047303833719411, 0.0 ], [ -5.31772392229516, 43.047371511582647, 0.0 ], [ -5.317735311091925, 43.047512304528048, 0.0 ], [ -5.317763970937952, 43.047656917359177, 0.0 ], [ -5.317830929430503, 43.047776392386261, 0.0 ], [ -5.317871975185787, 43.047868384637709, 0.0 ], [ -5.317918332263433, 43.047965432522297, 0.0 ], [ -5.317964829388224, 43.048049557946086, 0.0 ], [ -5.318054064814612, 43.048105761697492, 0.0 ], [ -5.318195755989645, 43.048137175296453, 0.0 ], [ -5.318295085459834, 43.048153244518701, 0.0 ], [ -5.31840270061621, 43.048193796515058, 0.0 ], [ -5.318520015631113, 43.048205927056053, 0.0 ], [ -5.318618641804362, 43.04820366204688, 0.0 ], [ -5.318661952337871, 43.048200553503712, 0.0 ], [ -5.318744057702059, 43.04819267979682, 0.0 ], [ -5.318786596776071, 43.048194338448717, 0.0 ], [ -5.318843730768149, 43.048208171220608, 0.0 ], [ -5.3188481109952, 43.04820898058005, 0.0 ], [ -5.318886166425328, 43.048227627605421, 0.0 ], [ -5.318914561000778, 43.048262085767632, 0.0 ], [ -5.318946326151648, 43.048312736924423, 0.0 ], [ -5.31898952728212, 43.048375380063888, 0.0 ], [ -5.319055718161568, 43.048416658153009, 0.0 ], [ -5.319139997798768, 43.048442897559177, 0.0 ], [ -5.319208865126567, 43.04845963271768, 0.0 ], [ -5.319296309657874, 43.048569530725942, 0.0 ], [ -5.319354732558831, 43.048644817320337, 0.0 ], [ -5.319457721083969, 43.048727771996369, 0.0 ], [ -5.319598398884057, 43.04885620050522, 0.0 ], [ -5.319762935242196, 43.049002534046117, 0.0 ], [ -5.319936690137348, 43.049105706207008, 0.0 ], [ -5.320105658814278, 43.049212561371171, 0.0 ], [ -5.320346881412035, 43.049355612215422, 0.0 ], [ -5.320476312470955, 43.049497812135677, 0.0 ], [ -5.320609078996618, 43.049671238663493, 0.0 ], [ -5.320755723553376, 43.049776425354807, 0.0 ], [ -5.321005694213248, 43.049935400564983, 0.0 ], [ -5.321221225757959, 43.050074906315068, 0.0 ], [ -5.321347663916242, 43.050184080729323, 0.0 ], [ -5.321509279109601, 43.050376195333619, 0.0 ], [ -5.321639036630119, 43.050649083286153, 0.0 ], [ -5.321757491545275, 43.050869811350879, 0.0 ], [ -5.321782687862578, 43.050934156812531, 0.0 ], [ -5.321805110565883, 43.051086670492637, 0.0 ], [ -5.321868025214613, 43.051208017866777, 0.0 ], [ -5.322026332565342, 43.051412310848093, 0.0 ], [ -5.322285592609385, 43.051666150328117, 0.0 ], [ -5.322397647821574, 43.051797254467758, 0.0 ], [ -5.322546555297144, 43.051888075820159, 0.0 ], [ -5.322655667038027, 43.052000399221342, 0.0 ], [ -5.322777730612774, 43.052077899669783, 0.0 ], [ -5.322925552195109, 43.052139559208698, 0.0 ], [ -5.323028055642379, 43.052252227393602, 0.0 ], [ -5.323121668735237, 43.052432188840953, 0.0 ], [ -5.323171300717091, 43.052587435152788, 0.0 ], [ -5.323196441049837, 43.052764208775152, 0.0 ], [ -5.323270645006525, 43.052876963607851, 0.0 ], [ -5.323396486170805, 43.053007046402037, 0.0 ], [ -5.3235355648855, 43.05311641875408, 0.0 ], [ -5.323705823266804, 43.053306972534394, 0.0 ], [ -5.323844160129278, 43.053411431462521, 0.0 ], [ -5.324232386051609, 43.053751562022207, 0.0 ], [ -5.324622034298726, 43.054064181994242, 0.0 ], [ -5.324940910946014, 43.054311075267307, 0.0 ], [ -5.325042705981934, 43.054410296054783, 0.0 ], [ -5.325156197576137, 43.054569434328961, 0.0 ], [ -5.325265440586584, 43.054698483167883, 0.0 ], [ -5.325363439147121, 43.054784149868048, 0.0 ], [ -5.32548843040952, 43.054893910850943, 0.0 ], [ -5.325565294073854, 43.054993735778567, 0.0 ], [ -5.325610198808535, 43.054992524648704, 0.0 ], [ -5.325693115778525, 43.055060921767037, 0.0 ], [ -5.325743978116247, 43.055122803123453, 0.0 ], [ -5.325948141635907, 43.055271705685861, 0.0 ], [ -5.326132917851005, 43.05536667247182, 0.0 ], [ -5.326166688759814, 43.055434955652267, 0.0 ], [ -5.326120209723705, 43.05554061451285, 0.0 ], [ -5.32609648643578, 43.055673690045417, 0.0 ], [ -5.32608742718705, 43.055777947689748, 0.0 ], [ -5.326095221210537, 43.055882939671037, 0.0 ] ] ] } },
{ "type": "Feature", "properties": { "Name": "Basílica de San Martiño - Fonte viloalle - Puente San Lázaro...", "description": null, "timestamp": null, "begin": null, "end": null, "altitudeMode": null, "tessellate": null, "extrude": null, "visibility": null, "drawOrder": null, "icon": null, "cmt": null, "desc": null, "src": null, "link1_href": null, "link1_text": null, "link1_type": null, "link2_href": null, "link2_text": null, "link2_type": null, "number": null, "type": null, "layer": "nao-oficiais-2", "path": "D:\\edicao\\design\\mapas-sta-comba\\igrejas\\nao-oficiais-2.geojson" }, "geometry": { "type": "MultiLineString", "coordinates": [ [ [ -7.302926, 43.561331, 71.879 ], [ -7.30284, 43.560662, 68.905 ], [ -7.302775, 43.559683, 59.525 ], [ -7.304556, 43.558236, 59.009 ], [ -7.304878, 43.556806, 56.649 ], [ -7.305307, 43.555577, 63.071 ], [ -7.305822, 43.554582, 60.593 ], [ -7.308054, 43.553773, 63.196 ], [ -7.309427, 43.552156, 72.651 ], [ -7.309813, 43.551021, 74.355 ], [ -7.310157, 43.550243, 75.616 ], [ -7.310371, 43.548844, 71.686 ], [ -7.311144, 43.547739, 69.128 ], [ -7.311187, 43.546775, 71.649 ], [ -7.310972, 43.545391, 81.702 ], [ -7.311316, 43.545049, 78.422 ], [ -7.311981, 43.544567, 77.009 ], [ -7.312839, 43.543602, 96.256 ], [ -7.313998, 43.543073, 98.968 ], [ -7.313912, 43.541627, 110.36 ], [ -7.314813, 43.540725, 110.583 ], [ -7.315199, 43.54032, 110.658 ], [ -7.316873, 43.54074, 121.112 ], [ -7.318847, 43.539387, 141.723 ], [ -7.319856, 43.53892, 152.413 ], [ -7.321959, 43.538485, 165.395 ], [ -7.32286, 43.537474, 175.152 ], [ -7.322795, 43.536369, 183.853 ], [ -7.322881, 43.534907, 199.908 ], [ -7.323246, 43.533834, 216.809 ], [ -7.324255, 43.533523, 218.627 ], [ -7.325306, 43.533398, 222.279 ], [ -7.325864, 43.532185, 221.871 ], [ -7.32537, 43.531516, 219.614 ], [ -7.325177, 43.530209, 204.259 ], [ -7.326336, 43.529556, 210.053 ], [ -7.327495, 43.528902, 217.754 ], [ -7.328696, 43.528389, 211.394 ], [ -7.330778, 43.527222, 222.896 ], [ -7.331614, 43.526958, 230.666 ], [ -7.333589, 43.525557, 242.429 ], [ -7.335305, 43.524437, 271.021 ], [ -7.336915, 43.522726, 290.909 ], [ -7.337387, 43.521341, 309.118 ], [ -7.337172, 43.520905, 306.24 ], [ -7.336764, 43.520003, 289.462 ], [ -7.337859, 43.519396, 265.825 ], [ -7.338288, 43.518711, 248.52 ], [ -7.337987, 43.517996, 235.544 ], [ -7.339554, 43.51742, 210.485 ], [ -7.339211, 43.51686, 199.215 ], [ -7.341378, 43.516953, 174.337 ], [ -7.341957, 43.51644, 157.755 ], [ -7.343588, 43.515802, 142.707 ], [ -7.34406, 43.51465, 135.417 ], [ -7.343867, 43.513016, 131.109 ], [ -7.34391, 43.512191, 130.757 ], [ -7.345562, 43.510962, 118.069 ], [ -7.347622, 43.509717, 126.011 ], [ -7.347364, 43.508099, 139.424 ], [ -7.345133, 43.507663, 152.239 ], [ -7.343073, 43.505982, 181.393 ], [ -7.341099, 43.505173, 178.024 ], [ -7.340069, 43.504114, 165.394 ], [ -7.338266, 43.503803, 152.076 ], [ -7.339125, 43.502247, 135.812 ], [ -7.337837, 43.500566, 142.732 ], [ -7.338781, 43.499445, 123.805 ], [ -7.335863, 43.499134, 145.109 ], [ -7.337837, 43.497826, 161.223 ], [ -7.339468, 43.49739, 181.935 ], [ -7.33788, 43.496628, 195.657 ], [ -7.336271, 43.496814, 196.42 ], [ -7.335734, 43.496659, 199.075 ], [ -7.336936, 43.495694, 218.019 ], [ -7.336915, 43.494511, 205.39 ], [ -7.336121, 43.494122, 194.05 ], [ -7.335005, 43.492222, 180.992 ], [ -7.334275, 43.491646, 176.453 ], [ -7.332602, 43.491755, 173.804 ], [ -7.330971, 43.49244, 164.114 ], [ -7.329104, 43.49244, 142.109 ], [ -7.32964, 43.491693, 128.387 ], [ -7.329061, 43.491133, 118.839 ], [ -7.32904, 43.490821, 115.791 ], [ -7.327688, 43.490105, 105.594 ], [ -7.326229, 43.489467, 106.549 ], [ -7.32507, 43.488953, 91.373 ], [ -7.325478, 43.488346, 87.534 ], [ -7.326701, 43.487614, 78.424 ], [ -7.328074, 43.486494, 63.326 ], [ -7.329834, 43.485668, 61.243 ], [ -7.32964, 43.484968, 52.964 ], [ -7.330821, 43.483209, 51.61 ], [ -7.332001, 43.482695, 55.409 ], [ -7.331142, 43.481449, 64.596 ], [ -7.330542, 43.480017, 49.098 ], [ -7.332516, 43.478833, 57.79 ], [ -7.334232, 43.477837, 61.083 ], [ -7.335606, 43.476654, 56.628 ], [ -7.335992, 43.476513, 56.952 ], [ -7.336078, 43.475968, 50.383 ], [ -7.336593, 43.474567, 78.343 ], [ -7.337108, 43.474832, 91.025 ], [ -7.337902, 43.474147, 93.999 ], [ -7.338567, 43.473306, 94.307 ], [ -7.340305, 43.472434, 87.327 ], [ -7.34112, 43.471951, 80.409 ], [ -7.342343, 43.471764, 83.551 ], [ -7.343309, 43.471484, 76.843 ], [ -7.343974, 43.471344, 80.515 ], [ -7.345026, 43.470472, 95.028 ], [ -7.345841, 43.469818, 90.763 ], [ -7.345819, 43.468447, 82.417 ], [ -7.346613, 43.467731, 84.338 ], [ -7.348781, 43.468432, 83.048 ], [ -7.351377, 43.467746, 71.72 ], [ -7.353888, 43.466781, 65.611 ], [ -7.356226, 43.465769, 58.221 ], [ -7.357686, 43.463993, 62.003 ], [ -7.359295, 43.462264, 70.509 ], [ -7.36011, 43.461517, 69.563 ], [ -7.360947, 43.46066, 65.495 ], [ -7.361741, 43.459913, 62.017 ], [ -7.362556, 43.459632, 70.61 ], [ -7.362127, 43.458931, 87.965 ], [ -7.360668, 43.458526, 68.559 ], [ -7.360518, 43.457654, 79.99 ], [ -7.361591, 43.456159, 94.62 ], [ -7.361677, 43.454757, 90.652 ], [ -7.361462, 43.453994, 78.272 ], [ -7.35996, 43.452732, 83.113 ], [ -7.358909, 43.451953, 75.314 ], [ -7.358372, 43.451423, 78.309 ], [ -7.358758, 43.44985, 93.729 ], [ -7.357557, 43.44837, 100.931 ], [ -7.357922, 43.447015, 95.563 ], [ -7.358329, 43.445628, 88.286 ], [ -7.358265, 43.444678, 89.631 ], [ -7.357643, 43.44351, 84.935 ], [ -7.356441, 43.443588, 86.286 ], [ -7.355926, 43.442045, 88.396 ], [ -7.355196, 43.440596, 85.738 ], [ -7.355261, 43.439739, 87.085 ], [ -7.357707, 43.438773, 93.689 ], [ -7.35893, 43.436904, 97.417 ], [ -7.359896, 43.435595, 105.609 ], [ -7.359982, 43.435346, 106.15 ] ] ] } },
{ "type": "Feature", "properties": { "Name": "Camino Santiago Vía Aquitania, Catedral de Burgos - Villalcá...", "description": null, "timestamp": null, "begin": null, "end": null, "altitudeMode": null, "tessellate": null, "extrude": null, "visibility": null, "drawOrder": null, "icon": null, "cmt": null, "desc": null, "src": null, "link1_href": null, "link1_text": null, "link1_type": null, "link2_href": null, "link2_text": null, "link2_type": null, "number": null, "type": null, "layer": "tracks", "path": "D:/edicao/design/mapas-sta-comba/igrejas/202601-04/catedral-de-burgos-villalcazar-de-sirga.gpx|layername=tracks" }, "geometry": { "type": "MultiLineString", "coordinates": [ [ [ -3.705421, 42.34054, 867.838 ], [ -3.706226, 42.340417, 873.87 ], [ -3.706709, 42.340259, 873.917 ], [ -3.708104, 42.340592, 876.409 ], [ -3.71051, 42.341145, 876.365 ], [ -3.711638, 42.341588, 864.883 ], [ -3.713357, 42.341857, 854.925 ], [ -3.714601, 42.342936, 852.614 ], [ -3.715137, 42.343649, 854.166 ], [ -3.717776, 42.344316, 850.531 ], [ -3.720393, 42.344919, 849.435 ], [ -3.722645, 42.345617, 849.18 ], [ -3.725151, 42.34648, 852.384 ], [ -3.727425, 42.347321, 850.112 ], [ -3.729227, 42.348368, 851.132 ], [ -3.731372, 42.348971, 850.305 ], [ -3.733603, 42.349209, 848.309 ], [ -3.736048, 42.349954, 847.993 ], [ -3.738322, 42.350668, 847.361 ], [ -3.740274, 42.35143, 845.273 ], [ -3.742956, 42.352001, 844.642 ], [ -3.744758, 42.352524, 843.094 ], [ -3.747002, 42.353295, 842.719 ], [ -3.749662, 42.353977, 840.423 ], [ -3.752429, 42.354453, 838.098 ], [ -3.755132, 42.355008, 837.082 ], [ -3.757813, 42.355928, 836.076 ], [ -3.760195, 42.356925, 835.39 ], [ -3.762898, 42.357702, 834.419 ], [ -3.765558, 42.358447, 834.009 ], [ -3.76826, 42.359399, 833.289 ], [ -3.769548, 42.36016, 832.887 ], [ -3.772328, 42.36096, 832.059 ], [ -3.773679, 42.36096, 831.038 ], [ -3.77576, 42.361991, 830.95 ], [ -3.776897, 42.363371, 831.185 ], [ -3.777305, 42.364195, 838.159 ], [ -3.776039, 42.36464, 840.124 ], [ -3.774722, 42.366086, 859.638 ], [ -3.772319, 42.366641, 864.825 ], [ -3.771761, 42.367244, 872.426 ], [ -3.773485, 42.367269, 882.208 ], [ -3.776317, 42.367332, 916.709 ], [ -3.777089, 42.367332, 922.994 ], [ -3.779577, 42.366317, 931.382 ], [ -3.781165, 42.365175, 924.774 ], [ -3.782924, 42.363779, 924.583 ], [ -3.784812, 42.362637, 923.865 ], [ -3.786699, 42.362003, 922.43 ], [ -3.789145, 42.361432, 913.594 ], [ -3.791419, 42.360861, 916.539 ], [ -3.793221, 42.359973, 920.623 ], [ -3.795023, 42.358704, 921.032 ], [ -3.797039, 42.357784, 915.792 ], [ -3.798455, 42.357054, 909.211 ], [ -3.799227, 42.355912, 885.609 ], [ -3.801801, 42.356642, 875.185 ], [ -3.804118, 42.357816, 863.613 ], [ -3.805534, 42.359085, 857.575 ], [ -3.808151, 42.359719, 844.744 ], [ -3.809068, 42.360244, 842.226 ], [ -3.81162, 42.360529, 840.191 ], [ -3.814216, 42.360402, 843.295 ], [ -3.816683, 42.360307, 842.45 ], [ -3.818978, 42.360244, 836.894 ], [ -3.82151, 42.360022, 830.189 ], [ -3.821724, 42.361069, 829.706 ], [ -3.821853, 42.362639, 831.826 ], [ -3.823912, 42.363717, 826.909 ], [ -3.825392, 42.365081, 826.01 ], [ -3.827795, 42.365795, 826.058 ], [ -3.829425, 42.366525, 827.06 ], [ -3.831995, 42.367686, 827.059 ], [ -3.83457, 42.368907, 830.691 ], [ -3.836886, 42.369954, 832.826 ], [ -3.839546, 42.370636, 834.06 ], [ -3.841734, 42.371111, 835.265 ], [ -3.844416, 42.371698, 839.939 ], [ -3.84572, 42.371866, 841.098 ], [ -3.847329, 42.371486, 846.415 ], [ -3.850375, 42.371771, 851.526 ], [ -3.852456, 42.371755, 855.809 ], [ -3.855137, 42.372469, 862.521 ], [ -3.857583, 42.37239, 874.499 ], [ -3.859128, 42.372326, 886.441 ], [ -3.861736, 42.37198, 889.64 ], [ -3.863366, 42.371822, 882.462 ], [ -3.86564, 42.371552, 883.767 ], [ -3.868365, 42.371457, 886.891 ], [ -3.870488, 42.371172, 891.516 ], [ -3.87244, 42.370299, 896.17 ], [ -3.87495, 42.369728, 910.819 ], [ -3.876521, 42.369341, 915.809 ], [ -3.879073, 42.369024, 922.019 ], [ -3.881819, 42.368723, 927.609 ], [ -3.883621, 42.368834, 924.493 ], [ -3.886453, 42.368771, 922.831 ], [ -3.888212, 42.369563, 917.963 ], [ -3.889629, 42.370669, 911.312 ], [ -3.891839, 42.370891, 904.284 ], [ -3.894284, 42.371399, 896.649 ], [ -3.896837, 42.372334, 890.313 ], [ -3.899025, 42.373397, 883.028 ], [ -3.901192, 42.374475, 878.962 ], [ -3.903264, 42.37582, 876.278 ], [ -3.905838, 42.376708, 870.433 ], [ -3.907705, 42.378294, 867.426 ], [ -3.909219, 42.379828, 860.509 ], [ -3.911429, 42.380383, 857.189 ], [ -3.914024, 42.380447, 846.527 ], [ -3.916727, 42.380019, 838.999 ], [ -3.918817, 42.379603, 837.688 ], [ -3.921391, 42.379128, 838.68 ], [ -3.923407, 42.378795, 839.555 ], [ -3.926239, 42.378826, 838.949 ], [ -3.927419, 42.379365, 835.844 ], [ -3.930135, 42.38032, 834.118 ], [ -3.932301, 42.381414, 836.377 ], [ -3.93391, 42.38124, 840.161 ], [ -3.936441, 42.382207, 844.427 ], [ -3.938535, 42.382074, 847.109 ], [ -3.940702, 42.381979, 847.189 ], [ -3.942075, 42.38201, 849.947 ], [ -3.944649, 42.381788, 853.239 ], [ -3.947094, 42.381582, 854.538 ], [ -3.949561, 42.381582, 860.29 ], [ -3.952393, 42.381566, 861.855 ], [ -3.95498, 42.381931, 868.889 ], [ -3.956524, 42.382153, 870.824 ], [ -3.959163, 42.382756, 871.858 ], [ -3.961716, 42.383231, 875.238 ], [ -3.963175, 42.383485, 879.77 ], [ -3.965826, 42.384027, 879.017 ], [ -3.96855, 42.384979, 883.109 ], [ -3.971039, 42.386199, 892.555 ], [ -3.972197, 42.386738, 898.783 ], [ -3.973978, 42.388546, 914.375 ], [ -3.975325, 42.390211, 931.334 ], [ -3.977341, 42.391653, 937.656 ], [ -3.979508, 42.392969, 936.211 ], [ -3.981786, 42.394155, 932.095 ], [ -3.983803, 42.394678, 933.77 ], [ -3.98291, 42.393267, 933.694 ], [ -3.982417, 42.391333, 933.856 ], [ -3.98231, 42.389621, 932.859 ], [ -3.982953, 42.387845, 925.914 ], [ -3.98379, 42.387385, 931.009 ], [ -3.98527, 42.388226, 928.347 ], [ -3.988037, 42.388765, 931.195 ], [ -3.990461, 42.389367, 933.727 ], [ -3.9931, 42.390271, 932.256 ], [ -3.995399, 42.390994, 915.898 ], [ -3.995979, 42.391485, 903.133 ], [ -3.998596, 42.392532, 889.847 ], [ -4.001178, 42.393229, 883.522 ], [ -4.004032, 42.393768, 872.516 ], [ -4.00667, 42.394196, 862.792 ], [ -4.009144, 42.394163, 854.073 ], [ -4.011171, 42.394179, 851.12 ], [ -4.013797, 42.39404, 847.309 ], [ -4.016671, 42.394087, 843.461 ], [ -4.018913, 42.394396, 841.779 ], [ -4.021459, 42.394972, 837.321 ], [ -4.023229, 42.395685, 838.18 ], [ -4.026029, 42.395733, 833.792 ], [ -4.028785, 42.396036, 829.297 ], [ -4.02944, 42.395631, 829.521 ], [ -4.031939, 42.395996, 830.296 ], [ -4.034017, 42.396338, 830.25 ], [ -4.035948, 42.396957, 826.567 ], [ -4.037128, 42.398814, 820.181 ], [ -4.038373, 42.400589, 816.119 ], [ -4.038544, 42.402792, 820.009 ], [ -4.039055, 42.404894, 822.258 ], [ -4.039484, 42.406844, 823.096 ], [ -4.040106, 42.40892, 821.958 ], [ -4.040621, 42.411018, 815.077 ], [ -4.041264, 42.413015, 811.199 ], [ -4.041835, 42.415079, 811.564 ], [ -4.043101, 42.416315, 818.238 ], [ -4.044559, 42.41744, 821.573 ], [ -4.046408, 42.4179, 817.477 ], [ -4.048854, 42.418993, 815.729 ], [ -4.051063, 42.420118, 807.6 ], [ -4.053329, 42.421376, 807.02 ], [ -4.05423, 42.421646, 805.709 ], [ -4.056182, 42.421741, 805.044 ], [ -4.05837, 42.422517, 805.042 ], [ -4.060665, 42.423325, 805.034 ], [ -4.062961, 42.424137, 805.993 ], [ -4.065041, 42.423059, 806.055 ], [ -4.066286, 42.42241, 809.46 ], [ -4.069031, 42.422758, 809.564 ], [ -4.071649, 42.423186, 811.069 ], [ -4.074025, 42.423541, 809.763 ], [ -4.076771, 42.423858, 810.076 ], [ -4.079388, 42.424016, 809.19 ], [ -4.081705, 42.423921, 808.019 ], [ -4.084451, 42.423969, 809.009 ], [ -4.086785, 42.423834, 809.839 ], [ -4.088716, 42.423739, 811.067 ], [ -4.090904, 42.423391, 811.059 ], [ -4.092663, 42.423296, 813.588 ], [ -4.095452, 42.423929, 816.56 ], [ -4.098155, 42.423993, 812.215 ], [ -4.100557, 42.42431, 809.579 ], [ -4.103303, 42.424088, 808.684 ], [ -4.105062, 42.423803, 810.518 ], [ -4.107679, 42.423866, 806.692 ], [ -4.109438, 42.424183, 802.073 ], [ -4.11124, 42.425451, 803.72 ], [ -4.113171, 42.426591, 804.709 ], [ -4.115145, 42.428239, 805.211 ], [ -4.117032, 42.429127, 806.369 ], [ -4.118663, 42.429469, 814.141 ], [ -4.120851, 42.429754, 816.14 ], [ -4.1229, 42.429333, 820.882 ], [ -4.124015, 42.428192, 821.267 ], [ -4.12453, 42.427114, 821.651 ], [ -4.125989, 42.426417, 818.446 ], [ -4.127621, 42.426064, 816.05 ], [ -4.130066, 42.425288, 815.821 ], [ -4.13249, 42.424543, 813.041 ], [ -4.135086, 42.42383, 810.205 ], [ -4.136939, 42.422467, 810.009 ], [ -4.138891, 42.420962, 810.544 ], [ -4.140749, 42.419992, 808.712 ], [ -4.142959, 42.419263, 809.264 ], [ -4.144975, 42.418027, 811.123 ], [ -4.146962, 42.416813, 813.535 ], [ -4.149257, 42.415799, 815.06 ], [ -4.151509, 42.414896, 816.334 ], [ -4.154054, 42.414189, 818.059 ], [ -4.156435, 42.413444, 818.153 ], [ -4.158601, 42.412889, 819.432 ], [ -4.160811, 42.411907, 818.792 ], [ -4.162686, 42.411032, 814.011 ], [ -4.164681, 42.410208, 813.009 ], [ -4.167083, 42.409907, 813.715 ], [ -4.169615, 42.409019, 809.953 ], [ -4.172103, 42.408448, 802.045 ], [ -4.17472, 42.407894, 798.034 ], [ -4.17775, 42.408141, 800.356 ], [ -4.179638, 42.408172, 800.491 ], [ -4.182427, 42.408553, 805.735 ], [ -4.184443, 42.408965, 810.73 ], [ -4.186975, 42.409535, 812.964 ], [ -4.189245, 42.40967, 811.437 ], [ -4.190875, 42.40948, 812.349 ], [ -4.193278, 42.409654, 806.013 ], [ -4.195745, 42.409638, 804.509 ], [ -4.198255, 42.409512, 803.585 ], [ -4.200142, 42.409512, 803.093 ], [ -4.202356, 42.408951, 805.055 ], [ -4.204544, 42.408253, 802.374 ], [ -4.206861, 42.407508, 805.056 ], [ -4.209264, 42.406858, 806.091 ], [ -4.211778, 42.406215, 804.465 ], [ -4.214309, 42.405834, 804.01 ], [ -4.21654, 42.405216, 804.984 ], [ -4.219028, 42.40463, 807.379 ], [ -4.220358, 42.404503, 807.705 ], [ -4.222971, 42.405207, 800.325 ], [ -4.225503, 42.406015, 804.709 ], [ -4.228012, 42.40676, 802.259 ], [ -4.230415, 42.407489, 798.597 ], [ -4.23241, 42.407965, 797.329 ], [ -4.234577, 42.406744, 799.148 ], [ -4.236593, 42.405666, 805.94 ], [ -4.238781, 42.405128, 811.715 ], [ -4.240956, 42.405007, 809.099 ], [ -4.24205, 42.404738, 808.014 ], [ -4.242743, 42.404776, 807.078 ], [ -4.243408, 42.405204, 806.717 ], [ -4.243568, 42.404982, 806.287 ], [ -4.245263, 42.405172, 805.015 ], [ -4.245812, 42.404595, 805.009 ], [ -4.246445, 42.404056, 803.353 ], [ -4.247882, 42.403042, 803.011 ], [ -4.248794, 42.402338, 802.313 ], [ -4.250199, 42.402496, 801.342 ], [ -4.250993, 42.401736, 797.124 ], [ -4.251808, 42.401656, 793.069 ], [ -4.253563, 42.402609, 789.993 ], [ -4.256137, 42.403449, 790.938 ], [ -4.256485, 42.405487, 791.062 ], [ -4.256657, 42.406565, 791.096 ], [ -4.259124, 42.407152, 791.031 ], [ -4.261226, 42.407881, 792.024 ], [ -4.26359, 42.408404, 792.109 ], [ -4.266228, 42.408974, 792.361 ], [ -4.267215, 42.408958, 792.749 ], [ -4.269746, 42.408626, 793.141 ], [ -4.272342, 42.408372, 793.39 ], [ -4.275195, 42.408324, 794.982 ], [ -4.276826, 42.408277, 795.837 ], [ -4.277872, 42.407259, 796.311 ], [ -4.280318, 42.408242, 800.476 ], [ -4.281112, 42.408828, 803.35 ], [ -4.281433, 42.408797, 803.323 ], [ -4.282558, 42.409801, 805.383 ], [ -4.282751, 42.409361, 803.411 ], [ -4.283336, 42.409381, 802.509 ], [ -4.285393, 42.409414, 802.824 ], [ -4.286509, 42.409366, 802.452 ], [ -4.288361, 42.409414, 801.844 ], [ -4.289317, 42.409666, 800.883 ], [ -4.290057, 42.409325, 801.085 ], [ -4.291998, 42.409281, 801.49 ], [ -4.294156, 42.409163, 802.074 ], [ -4.295583, 42.408945, 802.479 ], [ -4.297637, 42.407684, 796.433 ], [ -4.298439, 42.407241, 795.726 ], [ -4.299647, 42.406567, 797.547 ], [ -4.299456, 42.40682, 795.611 ], [ -4.300242, 42.40659, 795.109 ], [ -4.302189, 42.406257, 796.044 ], [ -4.303631, 42.406562, 793.842 ], [ -4.305477, 42.407376, 794.374 ], [ -4.307732, 42.408505, 796.013 ], [ -4.310221, 42.409345, 795.025 ], [ -4.312173, 42.409852, 795.52 ], [ -4.314769, 42.409788, 795.034 ], [ -4.316622, 42.410082, 795.049 ], [ -4.319089, 42.410859, 795.943 ], [ -4.321707, 42.411879, 796.156 ], [ -4.323208, 42.412418, 797.359 ], [ -4.325975, 42.412085, 797.014 ], [ -4.328249, 42.411721, 797.409 ], [ -4.330888, 42.411626, 798.057 ], [ -4.333441, 42.411737, 799.095 ], [ -4.335908, 42.411848, 799.797 ], [ -4.338182, 42.411974, 800.016 ], [ -4.34037, 42.411974, 800.938 ], [ -4.342982, 42.411955, 801.053 ], [ -4.3456, 42.412225, 802.027 ], [ -4.348195, 42.412383, 803.032 ], [ -4.350812, 42.41232, 803.026 ], [ -4.353622, 42.412272, 803.234 ], [ -4.35624, 42.412653, 804.655 ], [ -4.357141, 42.412954, 805.61 ], [ -4.357797, 42.413081, 805.109 ], [ -4.359685, 42.412177, 805.085 ], [ -4.361105, 42.411207, 808.763 ], [ -4.361427, 42.410098, 808.085 ], [ -4.362542, 42.408862, 811.024 ], [ -4.3634, 42.408038, 812.316 ], [ -4.363859, 42.407182, 814.211 ], [ -4.362701, 42.406754, 816.055 ], [ -4.364138, 42.406373, 815.03 ], [ -4.364674, 42.404725, 811.814 ], [ -4.364825, 42.404043, 810.742 ], [ -4.362358, 42.403679, 808.922 ], [ -4.361371, 42.403489, 810.614 ], [ -4.3615, 42.402791, 809.709 ], [ -4.362872, 42.402918, 812.586 ], [ -4.365061, 42.402363, 811.934 ], [ -4.364782, 42.400477, 806.096 ], [ -4.364031, 42.398606, 803.095 ], [ -4.362443, 42.397037, 805.857 ], [ -4.36328, 42.396926, 804.292 ], [ -4.363246, 42.39529, 801.736 ], [ -4.363117, 42.393419, 800.071 ], [ -4.363633, 42.391805, 800.045 ], [ -4.363633, 42.390245, 800.043 ], [ -4.36359, 42.38847, 798.964 ], [ -4.363976, 42.386967, 798.01 ], [ -4.363976, 42.385444, 798.009 ], [ -4.362431, 42.385349, 799.046 ], [ -4.361959, 42.384874, 799.134 ], [ -4.36117, 42.383161, 797.186 ], [ -4.360698, 42.381385, 797.055 ], [ -4.360441, 42.3798, 796.677 ], [ -4.359926, 42.378056, 797.012 ], [ -4.359583, 42.376501, 797.276 ], [ -4.359754, 42.375569, 797.041 ], [ -4.361213, 42.374078, 795.845 ], [ -4.3628, 42.372651, 795.779 ], [ -4.364559, 42.371256, 796.205 ], [ -4.365761, 42.370082, 796.625 ], [ -4.366095, 42.369613, 796.509 ], [ -4.364765, 42.368249, 794.479 ], [ -4.363607, 42.366663, 797.067 ], [ -4.361805, 42.365362, 795.389 ], [ -4.359986, 42.363827, 794.688 ], [ -4.358055, 42.362526, 796.94 ], [ -4.356082, 42.361353, 796.235 ], [ -4.354365, 42.360052, 796.959 ], [ -4.353464, 42.358307, 797.624 ], [ -4.353086, 42.3579, 798.618 ], [ -4.355231, 42.357741, 800.095 ], [ -4.357762, 42.357297, 800.049 ], [ -4.360122, 42.356599, 799.223 ], [ -4.360842, 42.355741, 801.709 ], [ -4.362387, 42.354695, 803.471 ], [ -4.364575, 42.353584, 804.629 ], [ -4.365862, 42.355424, 806.111 ], [ -4.367106, 42.357169, 803.79 ], [ -4.368479, 42.358692, 804.082 ], [ -4.370367, 42.359897, 805.047 ], [ -4.372684, 42.361046, 805.271 ], [ -4.375001, 42.362093, 799.946 ], [ -4.376331, 42.36352, 805.54 ], [ -4.378433, 42.364535, 806.235 ], [ -4.380063, 42.36517, 807.086 ], [ -4.381479, 42.364662, 808.014 ], [ -4.383822, 42.365969, 808.009 ], [ -4.385366, 42.367428, 810.345 ], [ -4.387425, 42.367904, 809.453 ], [ -4.389562, 42.369033, 808.135 ], [ -4.392016, 42.369893, 803.354 ], [ -4.393861, 42.371463, 811.046 ], [ -4.396049, 42.372747, 812.011 ], [ -4.396692, 42.372985, 812.055 ], [ -4.398706, 42.372409, 818.63 ], [ -4.399907, 42.371774, 820.494 ], [ -4.402395, 42.37133, 823.799 ], [ -4.404712, 42.370759, 832.007 ], [ -4.406943, 42.370347, 832.027 ], [ -4.409389, 42.369554, 834.909 ], [ -4.411577, 42.368888, 841.761 ], [ -4.414323, 42.368856, 846.949 ], [ -4.416682, 42.369047, 845.861 ], [ -4.419171, 42.368951, 845.83 ], [ -4.421487, 42.368539, 846.442 ], [ -4.423504, 42.368133, 846.957 ], [ -4.424147, 42.36642, 838.021 ], [ -4.42419, 42.36512, 834.786 ], [ -4.423933, 42.363819, 829.09 ], [ -4.425984, 42.362652, 824.396 ], [ -4.427914, 42.361637, 828.731 ], [ -4.429459, 42.360653, 827.324 ], [ -4.43169, 42.359511, 833.209 ], [ -4.434092, 42.358718, 831.091 ], [ -4.435852, 42.357417, 824.739 ], [ -4.437568, 42.356244, 827.531 ], [ -4.439241, 42.35533, 830.93 ], [ -4.4407, 42.353997, 832.492 ], [ -4.442201, 42.35276, 831.987 ], [ -4.444003, 42.351301, 831.841 ], [ -4.446063, 42.350127, 832.546 ], [ -4.447779, 42.349016, 834.09 ], [ -4.449452, 42.347779, 835.015 ], [ -4.450868, 42.349302, 838.065 ], [ -4.451683, 42.35111, 840.011 ], [ -4.452369, 42.352348, 842.809 ], [ -4.453313, 42.353617, 840.033 ], [ -4.454729, 42.353236, 842.071 ], [ -4.457003, 42.352792, 842.013 ], [ -4.458848, 42.352062, 843.612 ], [ -4.460967, 42.351383, 843.514 ], [ -4.46234, 42.350717, 841.039 ], [ -4.46397, 42.34986, 840.773 ], [ -4.465601, 42.34875, 840.288 ], [ -4.467188, 42.347734, 838.612 ], [ -4.469342, 42.34696, 836.989 ], [ -4.471358, 42.345976, 837.506 ], [ -4.473118, 42.345025, 833.826 ], [ -4.474919, 42.343882, 832.009 ], [ -4.477365, 42.343311, 824.58 ], [ -4.479253, 42.342708, 821.798 ], [ -4.481355, 42.342067, 816.57 ], [ -4.483414, 42.341306, 815.859 ], [ -4.484573, 42.340544, 814.611 ], [ -4.485216, 42.338989, 807.976 ], [ -4.487018, 42.338005, 804.05 ], [ -4.488494, 42.337421, 804.685 ], [ -4.489824, 42.335866, 807.529 ], [ -4.491583, 42.334502, 808.168 ], [ -4.493214, 42.333454, 810.642 ], [ -4.494458, 42.331931, 811.026 ], [ -4.495916, 42.330503, 810.909 ], [ -4.4965, 42.329436, 807.488 ], [ -4.496757, 42.3275, 807.396 ], [ -4.496843, 42.326453, 806.988 ], [ -4.499117, 42.325913, 811.377 ], [ -4.501262, 42.325564, 814.639 ], [ -4.504094, 42.325342, 815.584 ], [ -4.506196, 42.324929, 809.818 ], [ -4.508427, 42.324612, 812.873 ], [ -4.511302, 42.324294, 814.447 ], [ -4.514005, 42.32385, 806.761 ], [ -4.516321, 42.323406, 806.721 ], [ -4.518467, 42.323025, 795.513 ], [ -4.520809, 42.322745, 795.009 ], [ -4.522997, 42.322492, 795.038 ], [ -4.524327, 42.322269, 795.016 ], [ -4.526215, 42.322079, 800.098 ], [ -4.528444, 42.321762, 803.567 ], [ -4.530246, 42.32135, 802.599 ], [ -4.53222, 42.320397, 806.294 ], [ -4.534279, 42.319858, 806.378 ], [ -4.536253, 42.319001, 806.543 ], [ -4.538355, 42.318112, 810.167 ] ] ] } },
{ "type": "Feature", "properties": { "Name": "Sotresgudo - San Mamés de Campos - Wikiloc", "description": null, "timestamp": null, "begin": null, "end": null, "altitudeMode": null, "tessellate": null, "extrude": null, "visibility": null, "drawOrder": null, "icon": null, "cmt": null, "desc": null, "src": null, "link1_href": null, "link1_text": null, "link1_type": null, "link2_href": null, "link2_text": null, "link2_type": null, "number": null, "type": null, "layer": "tracks", "path": "D:/edicao/design/mapas-sta-comba/igrejas/202601-04/sotresgudo-san-mames-de-campos.gpx|layername=tracks" }, "geometry": { "type": "MultiLineString", "coordinates": [ [ [ -4.175406, 42.578872, 865.453 ], [ -4.176028, 42.578445, 865.804 ], [ -4.177058, 42.577876, 865.814 ], [ -4.179397, 42.577529, 859.809 ], [ -4.180062, 42.577418, 860.297 ], [ -4.180405, 42.577213, 861.479 ], [ -4.182057, 42.575901, 871.664 ], [ -4.182701, 42.574005, 872.08 ], [ -4.183302, 42.571919, 863.843 ], [ -4.184289, 42.570244, 855.929 ], [ -4.186778, 42.569201, 857.667 ], [ -4.189095, 42.568253, 854.885 ], [ -4.190726, 42.56702, 855.416 ], [ -4.193087, 42.566041, 850.534 ], [ -4.194546, 42.56495, 849.155 ], [ -4.196198, 42.564286, 848.31 ], [ -4.197721, 42.563322, 848.709 ], [ -4.198601, 42.562485, 848.965 ], [ -4.199309, 42.561252, 850.647 ], [ -4.200318, 42.560335, 850.382 ], [ -4.200618, 42.558992, 849.058 ], [ -4.201412, 42.558107, 846.571 ], [ -4.202131, 42.557688, 847.267 ], [ -4.202839, 42.556977, 852.325 ], [ -4.203923, 42.555064, 848.383 ], [ -4.204878, 42.553847, 843.424 ], [ -4.205747, 42.552867, 847.291 ], [ -4.206165, 42.552337, 847.781 ], [ -4.206583, 42.55127, 847.719 ], [ -4.206991, 42.550243, 847.009 ], [ -4.207528, 42.549279, 844.991 ], [ -4.208236, 42.547903, 842.593 ], [ -4.208375, 42.546852, 840.168 ], [ -4.208461, 42.545698, 842.734 ], [ -4.208547, 42.544576, 843.377 ], [ -4.208622, 42.543801, 844.043 ], [ -4.209105, 42.542694, 843.531 ], [ -4.209437, 42.541098, 843.089 ], [ -4.209437, 42.539011, 843.03 ], [ -4.209266, 42.53705, 833.656 ], [ -4.210725, 42.535501, 833.959 ], [ -4.211798, 42.534046, 837.714 ], [ -4.212184, 42.532022, 836.909 ], [ -4.212742, 42.529966, 837.677 ], [ -4.213729, 42.528037, 830.069 ], [ -4.214544, 42.526329, 830.444 ], [ -4.215488, 42.524369, 830.02 ], [ -4.217076, 42.522787, 837.563 ], [ -4.218793, 42.521364, 840.879 ], [ -4.220767, 42.520573, 839.397 ], [ -4.223428, 42.520415, 835.855 ], [ -4.226346, 42.520099, 830.096 ], [ -4.22935, 42.520193, 830.742 ], [ -4.231968, 42.519877, 835.522 ], [ -4.234414, 42.518644, 840.014 ], [ -4.236174, 42.51741, 835.109 ], [ -4.236817, 42.516429, 831.466 ], [ -4.238073, 42.516247, 831.638 ], [ -4.238555, 42.515639, 831.913 ], [ -4.239682, 42.516073, 830.319 ], [ -4.242246, 42.515994, 829.542 ], [ -4.24437, 42.515892, 835.738 ], [ -4.24554, 42.515971, 834.156 ], [ -4.24687, 42.516224, 830.854 ], [ -4.2479, 42.516184, 828.075 ], [ -4.249434, 42.515971, 820.651 ], [ -4.251301, 42.516414, 822.801 ], [ -4.251881, 42.515797, 822.311 ], [ -4.252396, 42.51499, 818.009 ], [ -4.252589, 42.513835, 817.417 ], [ -4.254091, 42.512554, 810.419 ], [ -4.254563, 42.511463, 809.664 ], [ -4.255571, 42.510672, 810.05 ], [ -4.257374, 42.51015, 810.453 ], [ -4.259541, 42.510087, 811.449 ], [ -4.261107, 42.51034, 812.097 ], [ -4.262867, 42.511637, 812.435 ], [ -4.265592, 42.511621, 813.096 ], [ -4.268339, 42.511321, 813.867 ], [ -4.270763, 42.510799, 814.981 ], [ -4.271622, 42.510656, 815.419 ], [ -4.272437, 42.511178, 815.609 ], [ -4.273059, 42.511479, 818.078 ], [ -4.274583, 42.511036, 819.18 ], [ -4.273853, 42.509154, 818.915 ], [ -4.272823, 42.507224, 818.081 ], [ -4.271944, 42.505373, 818.054 ], [ -4.270935, 42.50368, 820.28 ], [ -4.27057, 42.501576, 823.188 ], [ -4.270527, 42.499472, 824.066 ], [ -4.271214, 42.497352, 825.897 ], [ -4.271321, 42.49558, 825.872 ], [ -4.270742, 42.493887, 825.713 ], [ -4.270012, 42.492099, 824.514 ], [ -4.270077, 42.490675, 825.309 ], [ -4.269991, 42.488603, 826.959 ], [ -4.270055, 42.487242, 828.261 ], [ -4.269819, 42.485375, 831.246 ], [ -4.269047, 42.483998, 830.062 ], [ -4.269991, 42.48308, 831.095 ], [ -4.271708, 42.483159, 836.291 ], [ -4.27351, 42.481624, 826.829 ], [ -4.274755, 42.480152, 835.647 ], [ -4.275699, 42.478428, 840.078 ], [ -4.276557, 42.47732, 856.773 ], [ -4.276836, 42.475721, 862.685 ], [ -4.276836, 42.474059, 860.213 ], [ -4.277179, 42.472239, 855.909 ], [ -4.277244, 42.471559, 854.889 ], [ -4.278145, 42.469754, 830.741 ], [ -4.276857, 42.469501, 851.946 ], [ -4.274797, 42.469691, 853.072 ], [ -4.272394, 42.468441, 853.075 ], [ -4.270227, 42.467222, 848.031 ], [ -4.270291, 42.46556, 843.259 ], [ -4.270763, 42.464373, 829.947 ], [ -4.271965, 42.462948, 820.568 ], [ -4.273832, 42.46184, 816.069 ], [ -4.275012, 42.461397, 822.004 ], [ -4.277201, 42.460637, 829.624 ], [ -4.279304, 42.459149, 838.709 ], [ -4.280956, 42.457803, 853.028 ], [ -4.282758, 42.456173, 853.25 ], [ -4.28441, 42.454558, 851.455 ], [ -4.285913, 42.453165, 851.321 ], [ -4.288359, 42.452167, 849.254 ], [ -4.289947, 42.451423, 853.98 ], [ -4.292285, 42.450315, 857.098 ], [ -4.294732, 42.449096, 857.046 ], [ -4.297006, 42.448082, 861.227 ], [ -4.299431, 42.446958, 866.041 ], [ -4.301941, 42.445818, 866.081 ], [ -4.304044, 42.444852, 865.009 ], [ -4.305203, 42.444298, 865.009 ], [ -4.304388, 42.442667, 864.586 ], [ -4.305825, 42.44083, 864.098 ], [ -4.307091, 42.438962, 864.033 ], [ -4.308958, 42.437774, 864.019 ], [ -4.309709, 42.437568, 860.152 ], [ -4.311876, 42.437758, 838.628 ], [ -4.313743, 42.437742, 830.156 ], [ -4.314784, 42.437821, 828.754 ], [ -4.315878, 42.438922, 835.145 ], [ -4.317101, 42.438399, 833.754 ], [ -4.318131, 42.43775, 834.956 ], [ -4.319354, 42.437053, 838.811 ], [ -4.320341, 42.436578, 836.609 ], [ -4.321736, 42.436151, 834.577 ], [ -4.323313, 42.435525, 837.859 ], [ -4.325223, 42.4341, 827.814 ], [ -4.327068, 42.432516, 825.06 ], [ -4.329085, 42.430806, 823.093 ], [ -4.330544, 42.429119, 815.829 ], [ -4.331875, 42.427598, 811.257 ], [ -4.332722, 42.427076, 809.935 ], [ -4.333903, 42.426403, 810.156 ], [ -4.334986, 42.425722, 809.417 ], [ -4.335759, 42.425167, 809.287 ], [ -4.337926, 42.42352, 810.315 ], [ -4.339557, 42.422728, 811.309 ], [ -4.340458, 42.422506, 809.023 ], [ -4.341273, 42.421873, 802.765 ], [ -4.343805, 42.422443, 803.03 ], [ -4.346552, 42.42295, 803.266 ], [ -4.348955, 42.42333, 803.289 ], [ -4.349899, 42.421429, 799.965 ], [ -4.350672, 42.419687, 803.063 ], [ -4.35153, 42.417849, 803.711 ], [ -4.352303, 42.41598, 804.022 ], [ -4.353204, 42.41411, 804.064 ], [ -4.353805, 42.412558, 804.006 ], [ -4.354491, 42.410625, 804.016 ], [ -4.355392, 42.408946, 804.709 ], [ -4.356508, 42.40752, 812.368 ], [ -4.358268, 42.407108, 815.15 ], [ -4.360199, 42.407266, 816.085 ], [ -4.362173, 42.407742, 814.391 ], [ -4.364276, 42.40828, 813.114 ], [ -4.367108, 42.408439, 815.87 ], [ -4.369769, 42.408249, 815.218 ], [ -4.372687, 42.407552, 817.736 ], [ -4.375305, 42.406538, 815.527 ], [ -4.377966, 42.405935, 814.065 ], [ -4.380412, 42.405238, 814.968 ], [ -4.382644, 42.404446, 818.014 ], [ -4.385004, 42.40321, 819.109 ], [ -4.387364, 42.402323, 820.738 ], [ -4.390068, 42.401531, 823.04 ], [ -4.392686, 42.401087, 822.285 ], [ -4.395304, 42.400675, 822.031 ], [ -4.397492, 42.400073, 823.044 ], [ -4.399981, 42.399439, 824.06 ], [ -4.402428, 42.398678, 824.298 ], [ -4.404359, 42.398425, 826.846 ], [ -4.406848, 42.398552, 827.487 ], [ -4.40938, 42.398774, 826.695 ], [ -4.411397, 42.398362, 824.149 ], [ -4.414272, 42.397854, 814.323 ], [ -4.416761, 42.397252, 812.109 ], [ -4.419529, 42.396745, 809.541 ], [ -4.422233, 42.396183, 813.553 ], [ -4.424636, 42.395612, 809.418 ], [ -4.427297, 42.395002, 808.074 ], [ -4.429915, 42.394455, 808.077 ], [ -4.432275, 42.393885, 809.093 ], [ -4.434571, 42.393378, 813.521 ], [ -4.437243, 42.392776, 814.179 ], [ -4.439903, 42.392134, 821.03 ], [ -4.442478, 42.391516, 822.066 ], [ -4.445204, 42.390874, 823.029 ], [ -4.447778, 42.390327, 824.021 ], [ -4.450536, 42.389733, 825.009 ], [ -4.452531, 42.389234, 825.028 ], [ -4.453926, 42.388885, 825.15 ], [ -4.455471, 42.388552, 826.045 ], [ -4.456415, 42.388338, 822.811 ], [ -4.457864, 42.388283, 818.824 ], [ -4.45987, 42.38833, 823.05 ], [ -4.462187, 42.387982, 827.268 ], [ -4.464505, 42.387617, 829.266 ], [ -4.465899, 42.387522, 831.057 ], [ -4.468453, 42.387126, 832.048 ], [ -4.4712, 42.386444, 834.361 ], [ -4.473356, 42.385834, 839.017 ], [ -4.475448, 42.385232, 841.709 ], [ -4.477959, 42.384606, 847.966 ], [ -4.480362, 42.383908, 851.098 ], [ -4.483001, 42.383148, 853.783 ], [ -4.485179, 42.382577, 855.949 ], [ -4.487572, 42.38188, 847.752 ], [ -4.489278, 42.38142, 844.868 ], [ -4.491509, 42.380786, 843.566 ], [ -4.493945, 42.380199, 841.154 ], [ -4.496369, 42.379629, 845.625 ], [ -4.499116, 42.378836, 848.278 ], [ -4.501648, 42.378012, 849.933 ], [ -4.504266, 42.37741, 854.826 ], [ -4.506927, 42.376617, 856.009 ], [ -4.509577, 42.375928, 858.339 ], [ -4.512312, 42.375254, 854.941 ], [ -4.514941, 42.374533, 856.936 ], [ -4.517205, 42.37355, 849.392 ], [ -4.518825, 42.373122, 842.285 ], [ -4.52126, 42.372472, 835.761 ], [ -4.523878, 42.371719, 834.589 ], [ -4.526474, 42.370902, 828.877 ], [ -4.527987, 42.370466, 825.678 ], [ -4.529897, 42.369904, 824.132 ], [ -4.531453, 42.36942, 819.892 ], [ -4.533963, 42.368786, 815.211 ], [ -4.536324, 42.368057, 819.009 ], [ -4.538813, 42.367296, 818.075 ], [ -4.541173, 42.366598, 820.067 ], [ -4.543962, 42.365901, 822.052 ], [ -4.546366, 42.365203, 824.678 ], [ -4.548125, 42.364823, 826.541 ], [ -4.550614, 42.364062, 829.927 ], [ -4.552331, 42.363618, 823.725 ], [ -4.552846, 42.363427, 822.963 ] ] ] } },
{ "type": "Feature", "properties": { "Name": "Petín - Ponte Bibei - Ponte Cabalar - Pobra de Trives - Wiki...", "description": null, "timestamp": null, "begin": null, "end": null, "altitudeMode": null, "tessellate": null, "extrude": null, "visibility": null, "drawOrder": null, "icon": null, "cmt": null, "desc": null, "src": null, "link1_href": null, "link1_text": null, "link1_type": null, "link2_href": null, "link2_text": null, "link2_type": null, "number": null, "type": null, "layer": "tracks", "path": "D:/edicao/design/mapas-sta-comba/igrejas/202601-04/petin-ponte-bibei-ponte-cabalar-pobra-de-trives.gpx|layername=tracks" }, "geometry": { "type": "MultiLineString", "coordinates": [ [ [ -7.125256, 42.389487, 301.513 ], [ -7.126737, 42.388901, 293.443 ], [ -7.127895, 42.388758, 300.207 ], [ -7.128625, 42.388457, 290.809 ], [ -7.128925, 42.387538, 295.563 ], [ -7.131135, 42.386555, 296.235 ], [ -7.132616, 42.38581, 293.91 ], [ -7.134268, 42.385319, 303.32 ], [ -7.135727, 42.384336, 301.656 ], [ -7.136371, 42.382973, 297.078 ], [ -7.136393, 42.381816, 300.666 ], [ -7.136242, 42.380485, 301.557 ], [ -7.136178, 42.379185, 308.08 ], [ -7.1365, 42.377965, 308.868 ], [ -7.136672, 42.376173, 321.542 ], [ -7.137101, 42.374255, 317.126 ], [ -7.137809, 42.37332, 335.009 ], [ -7.138989, 42.371766, 327.368 ], [ -7.140534, 42.371148, 347.52 ], [ -7.140512, 42.369563, 353.895 ], [ -7.140169, 42.36793, 364.575 ], [ -7.140298, 42.366392, 374.661 ], [ -7.140834, 42.364727, 384.023 ], [ -7.141349, 42.363427, 391.651 ], [ -7.141864, 42.362603, 395.712 ], [ -7.142015, 42.361113, 403.065 ], [ -7.14283, 42.359353, 415.877 ], [ -7.143645, 42.358274, 417.161 ], [ -7.144697, 42.357418, 423.327 ], [ -7.146864, 42.356356, 441.509 ], [ -7.147958, 42.355166, 445.819 ], [ -7.149761, 42.354199, 455.571 ], [ -7.150233, 42.352835, 467.216 ], [ -7.15034, 42.351836, 469.446 ], [ -7.152379, 42.350964, 479.862 ], [ -7.154202, 42.350219, 489.294 ], [ -7.156155, 42.349141, 495.872 ], [ -7.157636, 42.349363, 507.023 ], [ -7.158344, 42.349474, 509.576 ], [ -7.15888, 42.349156, 511.127 ], [ -7.158623, 42.348379, 521.368 ], [ -7.158408, 42.347016, 521.814 ], [ -7.159288, 42.346143, 529.109 ], [ -7.161841, 42.346445, 538.694 ], [ -7.164438, 42.34646, 533.546 ], [ -7.16639, 42.346318, 528.511 ], [ -7.167506, 42.346349, 525.621 ], [ -7.167914, 42.346429, 525.777 ], [ -7.168472, 42.346397, 525.169 ], [ -7.170167, 42.345541, 532.867 ], [ -7.170939, 42.344716, 532.048 ], [ -7.172592, 42.34424, 531.711 ], [ -7.17375, 42.34424, 525.544 ], [ -7.174973, 42.345414, 525.605 ], [ -7.176304, 42.346032, 522.315 ], [ -7.177033, 42.346698, 526.909 ], [ -7.176991, 42.345636, 530.246 ], [ -7.176132, 42.344827, 526.088 ], [ -7.176111, 42.343812, 524.643 ], [ -7.176239, 42.343749, 524.223 ], [ -7.177055, 42.343622, 517.989 ], [ -7.178986, 42.34451, 524.421 ], [ -7.17948, 42.344811, 527.649 ], [ -7.178986, 42.343479, 533.56 ], [ -7.17845, 42.343051, 528.423 ], [ -7.178235, 42.342226, 534.599 ], [ -7.177184, 42.341829, 531.407 ], [ -7.176411, 42.341259, 537.027 ], [ -7.176025, 42.340354, 541.209 ], [ -7.175896, 42.339577, 543.341 ], [ -7.176239, 42.339086, 544.163 ], [ -7.176647, 42.338277, 553.158 ], [ -7.176626, 42.337166, 556.918 ], [ -7.176819, 42.336722, 561.654 ], [ -7.177205, 42.336357, 560.716 ], [ -7.177441, 42.336357, 562.344 ], [ -7.178471, 42.336326, 562.025 ], [ -7.178943, 42.335802, 553.148 ], [ -7.179673, 42.335755, 561.551 ], [ -7.180209, 42.335993, 563.601 ], [ -7.180467, 42.336342, 560.811 ], [ -7.181325, 42.336453, 554.109 ], [ -7.181625, 42.336373, 551.847 ], [ -7.182012, 42.336215, 551.659 ], [ -7.182784, 42.336754, 551.674 ], [ -7.183814, 42.336564, 543.554 ], [ -7.18478, 42.337071, 544.88 ], [ -7.185981, 42.336564, 540.482 ], [ -7.187912, 42.336944, 528.65 ], [ -7.189071, 42.337246, 532.321 ], [ -7.1892, 42.3365, 518.554 ], [ -7.189608, 42.335485, 517.132 ], [ -7.191839, 42.334676, 508.292 ], [ -7.193406, 42.336135, 499.811 ], [ -7.193856, 42.336881, 508.509 ], [ -7.195809, 42.337357, 498.185 ], [ -7.197118, 42.33788, 501.237 ], [ -7.197955, 42.337151, 509.772 ], [ -7.198427, 42.336278, 490.112 ], [ -7.200379, 42.336897, 493.358 ], [ -7.200916, 42.337674, 489.77 ], [ -7.201946, 42.338356, 483.338 ], [ -7.202396, 42.339339, 481.779 ], [ -7.203276, 42.341354, 489.312 ], [ -7.20392, 42.340069, 478.058 ], [ -7.203963, 42.339054, 485.452 ], [ -7.203641, 42.337817, 462.317 ], [ -7.203298, 42.33612, 455.309 ], [ -7.203319, 42.335009, 464.067 ], [ -7.201624, 42.333867, 434.589 ], [ -7.201431, 42.333106, 423.134 ], [ -7.202847, 42.331805, 425.294 ], [ -7.20422, 42.330155, 420.71 ], [ -7.204435, 42.328521, 412.552 ], [ -7.204499, 42.326887, 388.51 ], [ -7.205508, 42.326427, 368.671 ], [ -7.207611, 42.327094, 359.484 ], [ -7.208619, 42.327696, 355.253 ], [ -7.209327, 42.329029, 359.204 ], [ -7.210357, 42.329505, 348.014 ], [ -7.211001, 42.329933, 358.809 ], [ -7.212031, 42.330028, 334.577 ], [ -7.213082, 42.331472, 336.239 ], [ -7.213361, 42.332598, 323.224 ], [ -7.213898, 42.333772, 313.624 ], [ -7.214885, 42.333724, 305.32 ], [ -7.21555, 42.333946, 323.582 ], [ -7.215486, 42.333645, 333.08 ], [ -7.215765, 42.33382, 338.821 ], [ -7.215786, 42.333613, 347.934 ], [ -7.216301, 42.333867, 355.669 ], [ -7.216022, 42.332947, 387.004 ], [ -7.218339, 42.334057, 422.424 ], [ -7.21982, 42.334946, 444.509 ], [ -7.218983, 42.333185, 482.868 ], [ -7.220399, 42.334216, 495.39 ], [ -7.221451, 42.334549, 502.755 ], [ -7.222502, 42.336342, 509.235 ], [ -7.22306, 42.337563, 517.791 ], [ -7.223597, 42.338007, 518.943 ], [ -7.22379, 42.339355, 524.471 ], [ -7.224991, 42.340212, 531.242 ], [ -7.227051, 42.34045, 538.445 ], [ -7.22851, 42.339958, 542.837 ], [ -7.229133, 42.338388, 554.349 ], [ -7.230077, 42.338118, 555.613 ], [ -7.23175, 42.336817, 567.509 ], [ -7.23263, 42.336437, 566.935 ], [ -7.233274, 42.335422, 577.397 ], [ -7.233703, 42.334343, 591.182 ], [ -7.235076, 42.334438, 585.532 ], [ -7.237501, 42.334073, 601.498 ], [ -7.239089, 42.334232, 609.49 ], [ -7.240934, 42.333566, 617.558 ], [ -7.241471, 42.33309, 629.629 ], [ -7.242479, 42.333597, 630.512 ], [ -7.244539, 42.333233, 649.976 ], [ -7.246428, 42.333137, 653.89 ], [ -7.247629, 42.333137, 658.919 ], [ -7.249324, 42.332789, 664.709 ], [ -7.249324, 42.333375, 674.649 ], [ -7.246857, 42.334248, 673.371 ], [ -7.246213, 42.334565, 675.276 ], [ -7.247479, 42.335628, 692.956 ], [ -7.248445, 42.33604, 699.992 ], [ -7.248595, 42.337087, 703.844 ], [ -7.247415, 42.33723, 705.212 ], [ -7.24632, 42.337341, 704.843 ], [ -7.246449, 42.338229, 713.666 ], [ -7.246985, 42.338832, 716.261 ], [ -7.247565, 42.338562, 716.521 ], [ -7.248359, 42.338975, 721.913 ], [ -7.249281, 42.338864, 727.609 ], [ -7.250226, 42.339403, 730.948 ], [ -7.25147, 42.339561, 742.03 ], [ -7.252393, 42.339688, 748.015 ], [ -7.252715, 42.339799, 747.585 ], [ -7.253766, 42.339324, 746.681 ], [ -7.25426, 42.339244, 745.593 ] ] ] } },
{ "type": "Feature", "properties": { "Name": "Nájera - Iglesia de San Martín de Tours - Cueva de la Virgen... - Wikiloc", "description": null, "timestamp": null, "begin": null, "end": null, "altitudeMode": null, "tessellate": null, "extrude": null, "visibility": null, "drawOrder": null, "icon": null, "cmt": null, "desc": null, "src": null, "link1_href": null, "link1_text": null, "link1_type": null, "link2_href": null, "link2_text": null, "link2_type": null, "number": null, "type": null, "layer": "tracks", "path": "D:/edicao/design/mapas-sta-comba/igrejas/202601-04/najera-iglesia-de-san-martin-de-tours-cueva-de-la-virgen-mon.gpx|layername=tracks" }, "geometry": { "type": "MultiLineString", "coordinates": [ [ [ -2.734265, 42.416217, 486.151 ], [ -2.733407, 42.41758, 485.501 ], [ -2.733407, 42.41853, 484.011 ], [ -2.7336, 42.420384, 483.009 ], [ -2.734308, 42.42089, 483.017 ], [ -2.734931, 42.423552, 489.619 ], [ -2.744029, 42.42645, 514.024 ], [ -2.7442, 42.427464, 521.43 ], [ -2.751796, 42.429729, 534.089 ], [ -2.757332, 42.430679, 522.58 ], [ -2.759199, 42.431693, 516.079 ], [ -2.762847, 42.431819, 511.093 ], [ -2.767417, 42.433197, 511.768 ], [ -2.769241, 42.433926, 510.145 ], [ -2.773619, 42.437362, 504.047 ], [ -2.777889, 42.43722, 509.611 ], [ -2.779391, 42.437521, 510.609 ], [ -2.792737, 42.443617, 523.956 ], [ -2.803531, 42.447291, 566.038 ], [ -2.80617, 42.4487, 587.463 ], [ -2.806127, 42.449634, 600.089 ], [ -2.807779, 42.44946, 613.398 ], [ -2.807114, 42.450536, 620.469 ], [ -2.808101, 42.451534, 632.178 ], [ -2.818487, 42.455017, 628.542 ], [ -2.825482, 42.457993, 627.847 ], [ -2.829731, 42.460542, 630.022 ], [ -2.837219, 42.466557, 629.062 ], [ -2.854922, 42.475167, 622.408 ], [ -2.868118, 42.478253, 622.009 ], [ -2.876787, 42.479456, 620.064 ], [ -2.878118, 42.480311, 608.756 ], [ -2.887495, 42.483555, 599.841 ], [ -2.899125, 42.489204, 572.077 ], [ -2.904081, 42.492321, 568.376 ], [ -2.908909, 42.492922, 564.997 ], [ -2.911205, 42.492811, 561.646 ], [ -2.918222, 42.491229, 564.61 ], [ -2.929101, 42.490169, 569.475 ], [ -2.940602, 42.489742, 573.015 ], [ -2.948456, 42.488777, 574.465 ], [ -2.953691, 42.490043, 572.011 ], [ -2.958713, 42.492748, 574.909 ], [ -2.971416, 42.488175, 582.533 ], [ -2.972896, 42.488571, 580.155 ], [ -2.977982, 42.488555, 582.04 ], [ -2.982187, 42.488239, 582.036 ], [ -2.984676, 42.487495, 583.095 ], [ -2.994354, 42.486625, 593.946 ], [ -3.002787, 42.488935, 600.025 ], [ -3.00504, 42.490201, 601.049 ], [ -3.010147, 42.494457, 616.094 ], [ -3.016627, 42.497764, 607.232 ], [ -3.019631, 42.500263, 575.492 ], [ -3.020296, 42.501339, 569.111 ], [ -3.024995, 42.500833, 574.009 ], [ -3.027635, 42.501007, 575.475 ], [ -3.039308, 42.503079, 583.057 ], [ -3.046689, 42.502209, 589.112 ], [ -3.060851, 42.497147, 599.378 ], [ -3.069091, 42.495833, 605.047 ], [ -3.073275, 42.493618, 608.258 ], [ -3.078039, 42.492574, 612.097 ], [ -3.088596, 42.488982, 621.971 ], [ -3.091235, 42.488634, 625.816 ], [ -3.098831, 42.488286, 636.486 ], [ -3.102694, 42.487495, 641.06 ], [ -3.111041, 42.489663, 641.626 ], [ -3.117821, 42.488381, 647.709 ], [ -3.122048, 42.488967, 648.78 ], [ -3.123679, 42.489505, 643.612 ], [ -3.125739, 42.491103, 642.067 ], [ -3.128464, 42.491482, 637.333 ], [ -3.13149, 42.490438, 642.672 ], [ -3.133078, 42.489425, 642.543 ], [ -3.13458, 42.490976, 640.812 ], [ -3.135931, 42.491103, 641.996 ], [ -3.140094, 42.489963, 647.541 ], [ -3.141425, 42.490834, 655.895 ], [ -3.141081, 42.493618, 664.249 ], [ -3.142133, 42.494916, 664.123 ], [ -3.143098, 42.495121, 661.709 ], [ -3.148935, 42.494283, 669.141 ], [ -3.151102, 42.495137, 665.523 ], [ -3.153055, 42.496973, 691.128 ], [ -3.157647, 42.498238, 700.564 ], [ -3.168129, 42.498626, 687.983 ], [ -3.177356, 42.500232, 690.654 ], [ -3.177581, 42.501908, 691.263 ], [ -3.17904, 42.501647, 693.487 ], [ -3.182001, 42.50614, 749.842 ], [ -3.182935, 42.506884, 758.665 ], [ -3.184447, 42.507129, 757.768 ], [ -3.185477, 42.507936, 761.314 ], [ -3.185349, 42.508481, 763.409 ], [ -3.185853, 42.509272, 766.078 ], [ -3.187065, 42.510031, 768.03 ], [ -3.191561, 42.51068, 781.645 ], [ -3.194103, 42.509929, 781.761 ], [ -3.197322, 42.510308, 784.95 ], [ -3.201571, 42.511495, 793.251 ], [ -3.225453, 42.511431, 833.91 ], [ -3.233285, 42.513393, 838.864 ], [ -3.236868, 42.515124, 829.949 ], [ -3.244228, 42.515733, 821.776 ], [ -3.246632, 42.518541, 804.19 ], [ -3.249582, 42.518177, 776.719 ], [ -3.249958, 42.518351, 770.209 ], [ -3.249722, 42.51911, 753.229 ], [ -3.25176, 42.51771, 753.511 ], [ -3.256845, 42.517916, 774.626 ], [ -3.259206, 42.516746, 802.972 ], [ -3.266137, 42.517473, 840.951 ], [ -3.27222, 42.517592, 836.792 ], [ -3.273582, 42.517995, 835.941 ], [ -3.278668, 42.52187, 850.595 ], [ -3.284183, 42.522384, 854.91 ], [ -3.28635, 42.523008, 869.727 ], [ -3.294203, 42.525752, 854.568 ], [ -3.295823, 42.527017, 854.314 ], [ -3.301488, 42.526891, 824.309 ], [ -3.3024, 42.527389, 818.374 ], [ -3.305619, 42.530805, 797.986 ], [ -3.309964, 42.531888, 774.191 ], [ -3.310039, 42.532844, 768.617 ], [ -3.310747, 42.533848, 766.436 ], [ -3.312281, 42.534837, 764.197 ], [ -3.315479, 42.535619, 742.856 ], [ -3.318193, 42.535564, 739.99 ], [ -3.320661, 42.536347, 732.035 ], [ -3.320811, 42.53773, 728.377 ], [ -3.319952, 42.539145, 724.261 ], [ -3.320349, 42.542481, 723.027 ], [ -3.322935, 42.544678, 720.909 ], [ -3.324416, 42.546757, 722.069 ], [ -3.324695, 42.552448, 717.041 ], [ -3.326175, 42.553728, 722.656 ], [ -3.327066, 42.555507, 722.912 ], [ -3.329673, 42.558676, 741.581 ], [ -3.330413, 42.56137, 743.522 ], [ -3.333482, 42.562224, 747.151 ], [ -3.338256, 42.562248, 745.535 ], [ -3.339897, 42.562888, 753.06 ], [ -3.346657, 42.561742, 751.849 ], [ -3.349886, 42.562271, 741.002 ], [ -3.353609, 42.561378, 741.022 ], [ -3.355047, 42.561631, 745.909 ], [ -3.354746, 42.561884, 749.366 ], [ -3.362246, 42.561536, 793.598 ], [ -3.364348, 42.560351, 780.933 ], [ -3.369155, 42.55444, 768.949 ], [ -3.370357, 42.553523, 769.858 ], [ -3.374455, 42.552432, 777.549 ], [ -3.374906, 42.552733, 780.938 ], [ -3.381729, 42.552385, 830.352 ], [ -3.384497, 42.554139, 830.017 ], [ -3.385441, 42.554013, 838.381 ], [ -3.385291, 42.553523, 840.161 ], [ -3.385806, 42.552685, 850.517 ], [ -3.3869, 42.552369, 868.409 ], [ -3.38851, 42.55278, 893.06 ], [ -3.390033, 42.554266, 911.232 ], [ -3.392179, 42.555341, 935.747 ], [ -3.395011, 42.554661, 930.333 ], [ -3.395612, 42.555483, 919.522 ], [ -3.397372, 42.556242, 876.413 ], [ -3.398252, 42.557427, 863.692 ], [ -3.399088, 42.556732, 856.026 ], [ -3.403316, 42.556494, 851.671 ], [ -3.404582, 42.555356, 852.839 ], [ -3.405118, 42.555957, 854.701 ], [ -3.407092, 42.555957, 853.521 ], [ -3.407865, 42.557506, 850.909 ], [ -3.410718, 42.557743, 831.355 ], [ -3.413422, 42.558976, 827.327 ], [ -3.415568, 42.5616, 806.652 ], [ -3.416104, 42.563449, 787.388 ], [ -3.417435, 42.564508, 782.927 ], [ -3.418915, 42.564824, 780.018 ], [ -3.419559, 42.566167, 778.227 ], [ -3.42458, 42.569359, 778.561 ], [ -3.427305, 42.572267, 769.056 ], [ -3.432519, 42.57342, 752.243 ], [ -3.435116, 42.57549, 750.164 ], [ -3.439043, 42.577592, 724.21 ], [ -3.445222, 42.579488, 714.709 ], [ -3.450093, 42.579741, 710.296 ], [ -3.451831, 42.580815, 719.828 ], [ -3.452969, 42.583185, 712.113 ], [ -3.454084, 42.583327, 719.859 ], [ -3.458161, 42.581716, 731.088 ], [ -3.463912, 42.582032, 741.899 ], [ -3.466187, 42.580736, 752.628 ], [ -3.467345, 42.579077, 758.312 ], [ -3.468654, 42.57805, 767.247 ], [ -3.474405, 42.576201, 780.233 ], [ -3.475692, 42.574795, 787.423 ], [ -3.477752, 42.573736, 792.515 ], [ -3.48228, 42.572567, 795.409 ], [ -3.485584, 42.572393, 802.215 ], [ -3.487945, 42.573057, 779.667 ], [ -3.491786, 42.575016, 788.762 ], [ -3.49215, 42.576059, 794.128 ], [ -3.494747, 42.576596, 780.687 ], [ -3.495369, 42.577371, 770.528 ], [ -3.496957, 42.577213, 755.087 ], [ -3.499703, 42.579077, 756.861 ], [ -3.502922, 42.578824, 764.266 ], [ -3.508587, 42.577307, 813.243 ], [ -3.511355, 42.578413, 810.464 ], [ -3.513265, 42.578666, 787.61 ], [ -3.514659, 42.578556, 773.009 ], [ -3.517191, 42.577355, 737.256 ], [ -3.522406, 42.578682, 720.818 ], [ -3.524959, 42.575174, 715.673 ], [ -3.525989, 42.574732, 718.799 ], [ -3.526804, 42.574858, 724.728 ], [ -3.527963, 42.5738, 722.029 ], [ -3.530881, 42.572472, 726.958 ], [ -3.535709, 42.571271, 733.042 ], [ -3.537233, 42.57154, 732.017 ], [ -3.539572, 42.572662, 737.011 ], [ -3.541203, 42.572535, 738.621 ], [ -3.544056, 42.57312, 746.703 ], [ -3.548541, 42.571508, 758.609 ], [ -3.556159, 42.570671, 773.253 ], [ -3.56324, 42.569328, 793.335 ], [ -3.566823, 42.5677, 810.52 ], [ -3.569162, 42.567336, 828.676 ], [ -3.570707, 42.56819, 807.945 ], [ -3.574033, 42.567969, 795.346 ], [ -3.579118, 42.566056, 799.215 ], [ -3.581865, 42.566578, 798.739 ], [ -3.590512, 42.564555, 767.054 ], [ -3.592079, 42.567115, 777.398 ], [ -3.595147, 42.567131, 776.115 ], [ -3.596563, 42.567605, 775.926 ], [ -3.597765, 42.567194, 780.709 ], [ -3.600619, 42.564697, 790.241 ], [ -3.601992, 42.564128, 794.053 ], [ -3.607228, 42.563828, 801.438 ], [ -3.616219, 42.564081, 832.864 ], [ -3.61933, 42.562137, 862.943 ], [ -3.620317, 42.563164, 874.584 ], [ -3.62066, 42.562184, 891.023 ], [ -3.624866, 42.561394, 902.487 ], [ -3.629694, 42.56269, 906.052 ], [ -3.634973, 42.562959, 890.961 ], [ -3.636024, 42.56348, 902.221 ], [ -3.637097, 42.565519, 917.913 ], [ -3.637676, 42.565408, 931.409 ], [ -3.637269, 42.571888, 922.288 ], [ -3.639994, 42.572551, 926.07 ], [ -3.64922, 42.572757, 941.155 ], [ -3.652976, 42.572235, 947.041 ], [ -3.660185, 42.572314, 968.88 ], [ -3.664777, 42.570402, 969.681 ], [ -3.670828, 42.569754, 959.16 ], [ -3.673124, 42.568458, 956.754 ], [ -3.67763, 42.568079, 967.479 ], [ -3.684947, 42.570023, 992.999 ], [ -3.687415, 42.57105, 1003.607 ], [ -3.712617, 42.572298, 952.827 ], [ -3.713744, 42.572851, 959.409 ], [ -3.715836, 42.57293, 953.551 ], [ -3.717542, 42.574163, 953.893 ], [ -3.718314, 42.576028, 956.728 ], [ -3.722563, 42.576691, 958.464 ], [ -3.725127, 42.579053, 965.433 ], [ -3.733882, 42.58076, 995.084 ], [ -3.737422, 42.582332, 1006.973 ], [ -3.740909, 42.582237, 1004.367 ], [ -3.743495, 42.58354, 1009.592 ], [ -3.75034, 42.58595, 1028.923 ], [ -3.752947, 42.585989, 1019.083 ], [ -3.758236, 42.584544, 975.011 ], [ -3.757786, 42.585452, 964.809 ], [ -3.759073, 42.585294, 952.834 ], [ -3.761015, 42.586068, 941.716 ], [ -3.770585, 42.586519, 953.091 ], [ -3.772377, 42.585547, 944.577 ], [ -3.773428, 42.583801, 931.936 ], [ -3.774158, 42.583477, 932.517 ], [ -3.777076, 42.583809, 943.786 ], [ -3.777602, 42.584883, 951.35 ], [ -3.780241, 42.587119, 960.115 ], [ -3.782376, 42.588312, 955.794 ], [ -3.782859, 42.590026, 942.257 ], [ -3.78243, 42.591195, 935.122 ], [ -3.783803, 42.593059, 927.009 ], [ -3.787086, 42.594544, 936.691 ], [ -3.795444, 42.602473, 926.093 ], [ -3.804574, 42.6071, 935.078 ], [ -3.80908, 42.611349, 936.254 ], [ -3.809938, 42.612754, 942.923 ], [ -3.810132, 42.614523, 937.364 ], [ -3.80923, 42.616149, 933.763 ], [ -3.814337, 42.615991, 937.277 ], [ -3.820302, 42.619434, 934.612 ], [ -3.820539, 42.620097, 932.227 ], [ -3.822448, 42.619497, 927.268 ], [ -3.826118, 42.62046, 934.014 ], [ -3.834336, 42.619378, 928.909 ], [ -3.835527, 42.618699, 930.024 ], [ -3.839561, 42.61881, 941.276 ], [ -3.841374, 42.61956, 942.441 ], [ -3.84559, 42.619986, 951.587 ], [ -3.849088, 42.621226, 946.346 ], [ -3.856351, 42.621486, 949.887 ], [ -3.860149, 42.623034, 935.166 ], [ -3.875062, 42.631575, 940.59 ], [ -3.87605, 42.632033, 941.795 ], [ -3.877594, 42.631796, 942.412 ], [ -3.877358, 42.634148, 949.932 ], [ -3.876586, 42.635032, 946.805 ], [ -3.877144, 42.635253, 947.409 ], [ -3.878238, 42.634495, 950.663 ], [ -3.877873, 42.635458, 944.465 ], [ -3.880148, 42.637937, 945.07 ], [ -3.879869, 42.638963, 950.026 ], [ -3.883839, 42.640099, 963.065 ], [ -3.887959, 42.642451, 953.446 ], [ -3.892679, 42.642293, 954.995 ], [ -3.898172, 42.643177, 960.749 ], [ -3.90255, 42.644629, 963.114 ], [ -3.906219, 42.646113, 967.865 ], [ -3.907206, 42.647013, 969.968 ], [ -3.910639, 42.648165, 967.514 ], [ -3.917828, 42.648102, 986.309 ], [ -3.922269, 42.649159, 1003.428 ], [ -3.926604, 42.651069, 1022.66 ], [ -3.928406, 42.650895, 1020.885 ], [ -3.930852, 42.651448, 1003.751 ], [ -3.933406, 42.651258, 976.86 ], [ -3.937054, 42.652584, 967.971 ], [ -3.937558, 42.653894, 967.21 ], [ -3.943319, 42.651921, 972.094 ], [ -3.949982, 42.65069, 975.569 ], [ -3.957052, 42.651511, 979.472 ], [ -3.96173, 42.650611, 985.713 ], [ -3.964487, 42.652371, 990.314 ], [ -3.965292, 42.651203, 987.109 ], [ -3.966794, 42.651006, 991.149 ], [ -3.981997, 42.654201, 995.711 ], [ -4.003336, 42.659488, 1013.526 ], [ -4.004463, 42.659141, 1012.112 ], [ -4.006233, 42.655614, 1020.491 ], [ -4.009366, 42.65271, 1019.552 ], [ -4.021983, 42.65432, 993.571 ], [ -4.045372, 42.659322, 970.645 ], [ -4.048001, 42.660206, 971.75 ], [ -4.052678, 42.663228, 976.019 ], [ -4.057506, 42.665224, 966.409 ], [ -4.060757, 42.66587, 965.419 ], [ -4.067345, 42.665618, 965.409 ], [ -4.073417, 42.670028, 949.853 ], [ -4.075627, 42.669515, 951.015 ], [ -4.08052, 42.669255, 948.81 ], [ -4.091334, 42.665302, 942.346 ], [ -4.098887, 42.663756, 942.115 ], [ -4.106526, 42.66464, 941.156 ], [ -4.116054, 42.664924, 952.525 ], [ -4.119701, 42.664829, 958.289 ], [ -4.125667, 42.663725, 967.934 ], [ -4.126611, 42.66221, 975.731 ], [ -4.12601, 42.659117, 982.661 ], [ -4.126997, 42.657318, 989.807 ], [ -4.130945, 42.65473, 1014.109 ], [ -4.133348, 42.653909, 1023.445 ], [ -4.141502, 42.648133, 1046.367 ], [ -4.145193, 42.64605, 1036.972 ], [ -4.157724, 42.644503, 972.498 ], [ -4.159913, 42.643114, 966.367 ], [ -4.160428, 42.641125, 957.728 ], [ -4.166479, 42.630107, 943.457 ], [ -4.169912, 42.627265, 934.591 ], [ -4.169912, 42.625181, 928.496 ], [ -4.169354, 42.624013, 924.338 ], [ -4.165235, 42.618486, 913.57 ], [ -4.16575, 42.617318, 909.217 ], [ -4.165664, 42.604147, 887.609 ], [ -4.166522, 42.600767, 886.955 ], [ -4.172058, 42.591226, 877.857 ], [ -4.175534, 42.588572, 871.612 ], [ -4.177122, 42.584749, 871.058 ], [ -4.17841, 42.583043, 868.697 ], [ -4.17768, 42.578682, 871.998 ], [ -4.17871, 42.58023, 865.227 ], [ -4.17901, 42.581968, 863.551 ], [ -4.179997, 42.58358, 865.966 ], [ -4.213986, 42.612549, 912.935 ], [ -4.215403, 42.61416, 917.986 ], [ -4.217119, 42.617665, 914.214 ], [ -4.218364, 42.620823, 921.109 ], [ -4.218321, 42.622592, 926.275 ], [ -4.223514, 42.627107, 943.627 ], [ -4.226089, 42.628528, 948.212 ], [ -4.227376, 42.630044, 955.198 ], [ -4.237161, 42.632601, 962.927 ], [ -4.238534, 42.634559, 950.438 ], [ -4.240079, 42.635885, 946.187 ], [ -4.239049, 42.639831, 963.671 ], [ -4.240723, 42.642135, 960.736 ], [ -4.245615, 42.643935, 981.551 ], [ -4.249306, 42.646681, 1005.301 ], [ -4.258704, 42.650785, 1008.411 ], [ -4.26055, 42.654193, 1019.409 ], [ -4.261322, 42.658076, 1009.977 ], [ -4.260292, 42.659117, 1008.089 ], [ -4.256215, 42.659906, 990.164 ], [ -4.256043, 42.661295, 982.16 ], [ -4.257073, 42.662904, 980.319 ], [ -4.258833, 42.664387, 967.87 ], [ -4.267588, 42.668237, 941.229 ], [ -4.270077, 42.668742, 928.063 ], [ -4.269733, 42.67013, 936.028 ], [ -4.271922, 42.67398, 932.687 ], [ -4.272652, 42.677293, 913.042 ], [ -4.277759, 42.681584, 900.226 ], [ -4.280419, 42.684738, 864.909 ], [ -4.276042, 42.687167, 884.24 ], [ -4.275656, 42.688524, 908.212 ], [ -4.276128, 42.689502, 930.197 ], [ -4.271278, 42.691931, 953.993 ], [ -4.268231, 42.695495, 970.562 ], [ -4.267631, 42.698807, 975.193 ], [ -4.266858, 42.7001, 980.212 ], [ -4.266644, 42.703758, 991.276 ], [ -4.266944, 42.705777, 991.821 ], [ -4.269691, 42.713156, 940.759 ], [ -4.273252, 42.715331, 878.103 ], [ -4.27381, 42.719462, 871.623 ], [ -4.275441, 42.722993, 871.309 ], [ -4.274712, 42.723655, 873.887 ], [ -4.274583, 42.72747, 874.059 ], [ -4.274926, 42.734594, 880.564 ], [ -4.275699, 42.737683, 880.85 ], [ -4.276986, 42.739322, 878.339 ], [ -4.281535, 42.741087, 875.11 ], [ -4.283552, 42.742285, 874.369 ], [ -4.278016, 42.745562, 895.343 ], [ -4.279947, 42.747926, 913.338 ], [ -4.283209, 42.754954, 948.437 ], [ -4.282351, 42.756781, 943.249 ], [ -4.280849, 42.758262, 928.213 ], [ -4.275055, 42.761728, 900.909 ], [ -4.275827, 42.762831, 895.615 ], [ -4.27454, 42.766423, 889.357 ], [ -4.275323, 42.767446, 894.862 ], [ -4.275216, 42.769022, 906.358 ], [ -4.274508, 42.769447, 910.067 ], [ -4.272566, 42.769219, 908.028 ], [ -4.271536, 42.769549, 907.177 ], [ -4.271933, 42.77062, 907.031 ], [ -4.273639, 42.772377, 914.676 ], [ -4.274154, 42.774235, 919.224 ], [ -4.273982, 42.77622, 926.604 ], [ -4.272008, 42.77959, 917.214 ], [ -4.267244, 42.783528, 905.709 ], [ -4.265528, 42.792598, 899.284 ], [ -4.264712, 42.793921, 901.016 ] ] ] } },
{ "type": "Feature", "properties": { "Name": "2A Etapa Torrevelilla-Alcañiz CAMINO BAJO ARAGON POR ALCAÑIZ...", "description": null, "timestamp": null, "begin": null, "end": null, "altitudeMode": null, "tessellate": null, "extrude": null, "visibility": null, "drawOrder": null, "icon": null, "cmt": null, "desc": null, "src": null, "link1_href": null, "link1_text": null, "link1_type": null, "link2_href": null, "link2_text": null, "link2_type": null, "number": null, "type": null, "layer": "tracks", "path": "D:/edicao/design/mapas-sta-comba/igrejas/202601-04/2a-etapa-torrevelilla-alcaniz-camino-bajo-aragon-por-alcaniz.gpx|layername=tracks" }, "geometry": { "type": "MultiLineString", "coordinates": [ [ [ -0.108433, 40.901795, 599.599 ], [ -0.112887, 40.90252, 598.507 ], [ -0.112701, 40.902531, 600.027 ], [ -0.112415, 40.90229, 597.508 ], [ -0.1121, 40.902471, 598.573 ], [ -0.111897, 40.902742, 596.192 ], [ -0.111723, 40.902752, 594.253 ], [ -0.109789, 40.901945, 598.086 ], [ -0.109316, 40.902167, 595.163 ], [ -0.109122, 40.902108, 594.238 ], [ -0.109139, 40.902054, 594.233 ], [ -0.108634, 40.902425, 592.779 ], [ -0.106799, 40.90308, 587.081 ], [ -0.106307, 40.903084, 587.961 ], [ -0.106302, 40.903108, 582.217 ], [ -0.10629, 40.903103, 586.508 ], [ -0.104451, 40.902628, 585.542 ], [ -0.10327, 40.903264, 583.151 ], [ -0.102159, 40.904365, 579.352 ], [ -0.101839, 40.904504, 578.395 ], [ -0.101311, 40.904528, 575.492 ], [ -0.100608, 40.904717, 573.087 ], [ -0.09971, 40.905222, 566.312 ], [ -0.099275, 40.905187, 565.358 ], [ -0.098395, 40.905248, 567.346 ], [ -0.096554, 40.905895, 563.988 ], [ -0.095769, 40.906097, 559.616 ], [ -0.095493, 40.906152, 558.108 ], [ -0.09535, 40.906129, 556.758 ], [ -0.095179, 40.905942, 556.267 ], [ -0.094969, 40.905987, 556.258 ], [ -0.094465, 40.90653, 555.761 ], [ -0.093438, 40.906931, 558.638 ], [ -0.09356, 40.907241, 557.233 ], [ -0.093649, 40.908086, 556.288 ], [ -0.093408, 40.908476, 553.884 ], [ -0.093127, 40.908623, 553.816 ], [ -0.092147, 40.908737, 551.476 ], [ -0.091525, 40.909478, 552.413 ], [ -0.091376, 40.909549, 552.808 ], [ -0.090439, 40.909736, 548.555 ], [ -0.090346, 40.909715, 548.044 ], [ -0.090413, 40.909631, 548.595 ], [ -0.08953, 40.91049, 537.058 ], [ -0.089173, 40.910606, 536.015 ], [ -0.088975, 40.910793, 538.96 ], [ -0.088856, 40.911471, 538.925 ], [ -0.088908, 40.911875, 537.931 ], [ -0.088812, 40.912093, 537.945 ], [ -0.088924, 40.911949, 536.547 ], [ -0.089096, 40.912154, 536.011 ], [ -0.089191, 40.912433, 537.008 ], [ -0.089701, 40.913028, 532.718 ], [ -0.089762, 40.91377, 532.297 ], [ -0.089935, 40.914266, 528.388 ], [ -0.090134, 40.914541, 522.691 ], [ -0.090185, 40.914846, 518.298 ], [ -0.090176, 40.914897, 522.663 ], [ -0.090132, 40.915113, 518.718 ], [ -0.090373, 40.915538, 505.784 ], [ -0.090375, 40.915758, 506.791 ], [ -0.090151, 40.916114, 500.081 ], [ -0.090201, 40.916326, 495.619 ], [ -0.090003, 40.916307, 492.808 ], [ -0.089868, 40.916754, 486.073 ], [ -0.08957, 40.917312, 476.462 ], [ -0.089613, 40.917279, 478.353 ], [ -0.089653, 40.917403, 478.386 ], [ -0.08934, 40.917883, 472.133 ], [ -0.08925, 40.918602, 461.558 ], [ -0.089082, 40.919048, 457.763 ], [ -0.088951, 40.919075, 454.869 ], [ -0.088335, 40.918958, 455.389 ], [ -0.087806, 40.918718, 459.606 ], [ -0.087587, 40.918856, 460.626 ], [ -0.08738, 40.918723, 463.008 ], [ -0.08705, 40.918221, 473.562 ], [ -0.086946, 40.918222, 475.951 ], [ -0.086967, 40.918424, 480.322 ], [ -0.086831, 40.918776, 483.195 ], [ -0.086952, 40.919095, 484.612 ], [ -0.086716, 40.919209, 489.497 ], [ -0.086782, 40.919242, 489.932 ], [ -0.086638, 40.919557, 496.148 ], [ -0.086757, 40.919984, 501.472 ], [ -0.086622, 40.920767, 504.813 ], [ -0.086678, 40.921332, 503.814 ], [ -0.086384, 40.921659, 504.308 ], [ -0.085307, 40.922414, 502.441 ], [ -0.085206, 40.922624, 501.43 ], [ -0.085258, 40.922871, 500.931 ], [ -0.085165, 40.923188, 502.444 ], [ -0.08516, 40.923814, 500.981 ], [ -0.085083, 40.924102, 499.566 ], [ -0.085272, 40.924363, 499.071 ], [ -0.085786, 40.924653, 499.047 ], [ -0.086083, 40.924921, 499.053 ], [ -0.086197, 40.925162, 498.104 ], [ -0.086146, 40.925521, 498.114 ], [ -0.08565, 40.926326, 496.108 ], [ -0.085658, 40.926559, 495.229 ], [ -0.086025, 40.927822, 491.848 ], [ -0.086025, 40.928099, 489.439 ], [ -0.085966, 40.92825, 487.032 ], [ -0.085392, 40.928618, 483.629 ], [ -0.085297, 40.92897, 484.134 ], [ -0.084545, 40.92909, 477.929 ], [ -0.084353, 40.929214, 476.445 ], [ -0.084638, 40.929588, 474.059 ], [ -0.085652, 40.930378, 474.003 ], [ -0.085865, 40.930837, 470.723 ], [ -0.085626, 40.931236, 465.808 ], [ -0.085163, 40.931749, 466.399 ], [ -0.085363, 40.932066, 470.248 ], [ -0.085157, 40.932115, 473.169 ], [ -0.084968, 40.932371, 476.992 ], [ -0.085353, 40.932768, 481.779 ], [ -0.085199, 40.932888, 482.264 ], [ -0.085389, 40.932893, 482.249 ], [ -0.085302, 40.932996, 481.725 ], [ -0.085404, 40.932953, 481.753 ], [ -0.085427, 40.932847, 481.204 ], [ -0.085159, 40.932912, 481.214 ], [ -0.085217, 40.932987, 482.208 ], [ -0.085254, 40.932892, 482.759 ], [ -0.085148, 40.932849, 482.788 ], [ -0.085187, 40.932807, 483.659 ], [ -0.085186, 40.933019, 485.142 ], [ -0.085126, 40.932943, 484.699 ], [ -0.085389, 40.933643, 480.794 ], [ -0.085755, 40.934169, 477.949 ], [ -0.086018, 40.934259, 477.955 ], [ -0.086251, 40.934776, 475.581 ], [ -0.08642, 40.935886, 467.861 ], [ -0.086487, 40.935909, 469.217 ], [ -0.086601, 40.93651, 466.308 ], [ -0.086852, 40.93711, 468.792 ], [ -0.08686, 40.937338, 467.851 ], [ -0.087072, 40.937952, 473.142 ], [ -0.087052, 40.938319, 473.565 ], [ -0.08667, 40.939631, 476.962 ], [ -0.086393, 40.940014, 476.937 ], [ -0.086143, 40.94103, 478.812 ], [ -0.086302, 40.94212, 467.818 ], [ -0.086479, 40.942428, 466.854 ], [ -0.086627, 40.943675, 461.056 ], [ -0.08644, 40.94395, 458.611 ], [ -0.086312, 40.944492, 456.708 ], [ -0.08601, 40.944733, 457.229 ], [ -0.085239, 40.944971, 456.258 ], [ -0.085087, 40.945221, 457.279 ], [ -0.085133, 40.945338, 457.752 ], [ -0.084965, 40.94582, 455.389 ], [ -0.084479, 40.946312, 457.264 ], [ -0.08333, 40.946889, 458.239 ], [ -0.083157, 40.947209, 458.255 ], [ -0.081576, 40.947893, 455.363 ], [ -0.081084, 40.948018, 451.444 ], [ -0.081059, 40.948475, 449.018 ], [ -0.08092, 40.948587, 447.108 ], [ -0.080739, 40.948987, 450.56 ], [ -0.080768, 40.949187, 451.929 ], [ -0.08103, 40.949501, 451.48 ], [ -0.081482, 40.949817, 446.693 ], [ -0.082223, 40.94991, 441.37 ], [ -0.083611, 40.950788, 438.075 ], [ -0.084197, 40.951048, 437.55 ], [ -0.08453, 40.951056, 435.626 ], [ -0.084636, 40.951159, 437.549 ], [ -0.084643, 40.951379, 435.602 ], [ -0.085355, 40.951892, 435.122 ], [ -0.08591, 40.952706, 432.708 ], [ -0.086601, 40.953948, 429.318 ], [ -0.086924, 40.954207, 427.917 ], [ -0.087225, 40.954717, 428.898 ], [ -0.087443, 40.954899, 428.871 ], [ -0.089224, 40.955412, 426.498 ], [ -0.089952, 40.955471, 424.523 ], [ -0.090317, 40.95588, 418.718 ], [ -0.090655, 40.956217, 422.664 ], [ -0.090798, 40.956543, 429.838 ], [ -0.090735, 40.956768, 435.67 ], [ -0.090799, 40.956736, 434.117 ], [ -0.090619, 40.956936, 435.608 ], [ -0.090129, 40.957171, 436.537 ], [ -0.090034, 40.95739, 435.166 ], [ -0.090134, 40.957818, 439.447 ], [ -0.090403, 40.958298, 434.61 ], [ -0.090609, 40.958506, 433.217 ], [ -0.091181, 40.958543, 429.882 ], [ -0.090875, 40.95885, 425.077 ], [ -0.091031, 40.958922, 421.683 ], [ -0.091051, 40.959511, 417.885 ], [ -0.091558, 40.959841, 425.089 ], [ -0.091358, 40.960249, 434.117 ], [ -0.090603, 40.960777, 432.708 ], [ -0.090614, 40.960916, 432.222 ], [ -0.090495, 40.96108, 432.751 ], [ -0.090054, 40.961474, 433.642 ], [ -0.089963, 40.961719, 434.665 ], [ -0.089632, 40.962076, 436.092 ], [ -0.089618, 40.962299, 436.047 ], [ -0.089498, 40.962382, 437.012 ], [ -0.089361, 40.962759, 436.538 ], [ -0.091854, 40.963029, 435.657 ], [ -0.091909, 40.96306, 436.5 ], [ -0.091826, 40.963187, 436.52 ], [ -0.09194, 40.96307, 437.508 ], [ -0.092028, 40.963078, 436.539 ], [ -0.091865, 40.963097, 438.038 ], [ -0.091538, 40.962377, 434.679 ], [ -0.091421, 40.96201, 433.622 ], [ -0.091635, 40.961921, 434.179 ], [ -0.091436, 40.961984, 429.354 ], [ -0.091518, 40.962051, 429.339 ], [ -0.091518, 40.962268, 429.895 ], [ -0.091885, 40.96309, 432.786 ], [ -0.092755, 40.963173, 437.06 ], [ -0.093467, 40.963383, 438.026 ], [ -0.094083, 40.963737, 440.908 ], [ -0.094502, 40.964363, 442.372 ], [ -0.094657, 40.965294, 445.221 ], [ -0.095535, 40.966012, 446.622 ], [ -0.096155, 40.966416, 442.395 ], [ -0.096368, 40.967458, 438.952 ], [ -0.097085, 40.967837, 439.417 ], [ -0.097488, 40.968673, 435.162 ], [ -0.097973, 40.969148, 434.678 ], [ -0.099262, 40.969454, 436.595 ], [ -0.099906, 40.96978, 437.049 ], [ -0.100577, 40.969988, 436.023 ], [ -0.101152, 40.970311, 434.108 ], [ -0.101537, 40.970277, 433.693 ], [ -0.102121, 40.970099, 430.862 ], [ -0.102869, 40.970428, 426.463 ], [ -0.103654, 40.97065, 426.086 ], [ -0.103879, 40.970802, 426.913 ], [ -0.104226, 40.971305, 429.388 ], [ -0.104572, 40.97153, 427.973 ], [ -0.104712, 40.972047, 428.489 ], [ -0.104623, 40.972393, 427.967 ], [ -0.104683, 40.972416, 426.481 ], [ -0.104789, 40.972775, 422.119 ], [ -0.105092, 40.972969, 419.208 ], [ -0.106178, 40.973054, 419.73 ], [ -0.107224, 40.972991, 415.499 ], [ -0.107674, 40.973139, 414.49 ], [ -0.108552, 40.973187, 413.913 ], [ -0.109344, 40.97344, 412.09 ], [ -0.10999, 40.973836, 410.695 ], [ -0.110282, 40.97421, 411.51 ], [ -0.111319, 40.975141, 410.686 ], [ -0.112464, 40.97581, 406.745 ], [ -0.112982, 40.976306, 404.847 ], [ -0.113406, 40.976484, 403.811 ], [ -0.113758, 40.976324, 401.908 ], [ -0.114088, 40.976297, 399.518 ], [ -0.115519, 40.976942, 392.397 ], [ -0.115628, 40.977112, 390.948 ], [ -0.115492, 40.977621, 384.121 ], [ -0.115552, 40.977738, 382.778 ], [ -0.116044, 40.978066, 379.893 ], [ -0.116709, 40.978091, 374.578 ], [ -0.117019, 40.978242, 373.174 ], [ -0.117161, 40.978557, 372.686 ], [ -0.117285, 40.979771, 369.76 ], [ -0.117522, 40.980071, 367.826 ], [ -0.118409, 40.980507, 369.708 ], [ -0.118451, 40.980595, 367.852 ], [ -0.118956, 40.980748, 366.391 ], [ -0.119874, 40.980872, 366.352 ], [ -0.12163, 40.981569, 368.815 ], [ -0.123455, 40.98186, 367.352 ], [ -0.123971, 40.982053, 365.977 ], [ -0.124337, 40.982343, 364.922 ], [ -0.125015, 40.98268, 363.588 ], [ -0.125916, 40.983012, 362.513 ], [ -0.127152, 40.98301, 363.543 ], [ -0.127348, 40.982929, 364.407 ], [ -0.127299, 40.982881, 363.908 ], [ -0.127798, 40.983067, 365.975 ], [ -0.129999, 40.983078, 360.174 ], [ -0.13039, 40.983118, 361.185 ], [ -0.131146, 40.983408, 359.158 ], [ -0.131786, 40.983235, 358.735 ], [ -0.13307, 40.983067, 354.85 ], [ -0.134013, 40.98303, 350.585 ], [ -0.134643, 40.983237, 349.561 ], [ -0.135399, 40.983315, 349.515 ], [ -0.135924, 40.983724, 349.065 ], [ -0.137111, 40.984364, 350.011 ], [ -0.13741, 40.984447, 349.508 ], [ -0.137728, 40.984469, 349.015 ], [ -0.138455, 40.984357, 350.554 ], [ -0.139773, 40.98408, 342.855 ], [ -0.139709, 40.984082, 343.328 ], [ -0.140119, 40.983609, 339.055 ], [ -0.140392, 40.982951, 338.54 ], [ -0.140703, 40.982901, 338.555 ], [ -0.141633, 40.983529, 337.041 ], [ -0.142745, 40.984113, 337.552 ], [ -0.143635, 40.984213, 335.153 ], [ -0.144356, 40.984428, 332.708 ], [ -0.144619, 40.984427, 331.308 ], [ -0.145395, 40.984122, 330.389 ], [ -0.145701, 40.983926, 330.888 ], [ -0.146219, 40.9834, 330.869 ], [ -0.147302, 40.982962, 331.392 ], [ -0.147056, 40.983025, 331.379 ], [ -0.147111, 40.982941, 334.184 ], [ -0.147584, 40.982683, 334.139 ], [ -0.147853, 40.98266, 335.115 ], [ -0.148402, 40.983028, 335.689 ], [ -0.148575, 40.983065, 336.106 ], [ -0.148531, 40.983229, 331.726 ], [ -0.148595, 40.983328, 333.708 ], [ -0.147591, 40.984334, 333.292 ], [ -0.146435, 40.985058, 332.761 ], [ -0.145984, 40.985206, 332.292 ], [ -0.144952, 40.9861, 332.795 ], [ -0.146455, 40.987388, 337.032 ], [ -0.14651, 40.987699, 339.467 ], [ -0.146406, 40.98799, 342.362 ], [ -0.146418, 40.988049, 343.368 ], [ -0.146573, 40.988052, 343.878 ], [ -0.146042, 40.988262, 345.233 ], [ -0.146135, 40.988305, 345.226 ], [ -0.145946, 40.988455, 345.708 ], [ -0.146308, 40.990271, 348.651 ], [ -0.146282, 40.990713, 347.14 ], [ -0.145931, 40.992134, 343.841 ], [ -0.146048, 40.992861, 342.384 ], [ -0.145825, 40.993383, 344.231 ], [ -0.147716, 40.994752, 340.476 ], [ -0.14789, 40.994977, 340.961 ], [ -0.147866, 40.995398, 340.447 ], [ -0.147629, 40.996035, 339.991 ], [ -0.147637, 40.996568, 340.981 ], [ -0.148413, 40.99825, 345.219 ], [ -0.148523, 40.999274, 345.708 ], [ -0.149058, 41.000242, 347.663 ], [ -0.148927, 41.001032, 345.782 ], [ -0.148877, 41.00214, 345.263 ], [ -0.148397, 41.00294, 345.296 ], [ -0.148055, 41.003708, 349.543 ], [ -0.147916, 41.004338, 354.318 ], [ -0.147602, 41.004893, 356.353 ], [ -0.147785, 41.005336, 357.769 ], [ -0.147751, 41.00544, 359.148 ], [ -0.147828, 41.005428, 359.161 ], [ -0.148082, 41.005703, 360.617 ], [ -0.148327, 41.006157, 364.908 ], [ -0.147844, 41.007702, 367.368 ], [ -0.147836, 41.008575, 365.917 ], [ -0.14761, 41.009257, 363.578 ], [ -0.147361, 41.009494, 363.011 ], [ -0.146423, 41.00989, 358.218 ], [ -0.14633, 41.010032, 357.263 ], [ -0.14632, 41.010505, 352.948 ], [ -0.145919, 41.010918, 349.594 ], [ -0.145587, 41.011094, 348.159 ], [ -0.145236, 41.011173, 347.603 ], [ -0.14507, 41.011698, 341.823 ], [ -0.146148, 41.012393, 339.008 ], [ -0.146185, 41.012742, 338.079 ], [ -0.146318, 41.012878, 337.548 ], [ -0.146978, 41.012969, 337.599 ], [ -0.14731, 41.01307, 337.522 ], [ -0.147553, 41.013252, 337.529 ], [ -0.148545, 41.014325, 332.224 ], [ -0.148427, 41.014321, 331.739 ], [ -0.148517, 41.014392, 331.335 ], [ -0.148956, 41.014397, 331.327 ], [ -0.149457, 41.01467, 327.968 ], [ -0.14956, 41.014652, 328.414 ], [ -0.150216, 41.015461, 335.108 ], [ -0.150827, 41.015801, 338.036 ], [ -0.151373, 41.016432, 334.685 ], [ -0.151866, 41.016762, 334.636 ], [ -0.152103, 41.017195, 335.649 ], [ -0.152598, 41.017692, 335.616 ], [ -0.153125, 41.018503, 335.611 ], [ -0.152403, 41.018621, 333.726 ], [ -0.151903, 41.018874, 331.372 ], [ -0.149458, 41.019502, 323.169 ], [ -0.14851, 41.02008, 320.204 ], [ -0.147782, 41.020419, 320.224 ], [ -0.147644, 41.020614, 319.708 ], [ -0.147847, 41.021386, 323.66 ], [ -0.146998, 41.021932, 326.029 ], [ -0.146336, 41.022186, 328.99 ], [ -0.146283, 41.022633, 327.913 ], [ -0.146148, 41.022827, 327.45 ], [ -0.145941, 41.023008, 330.835 ], [ -0.145801, 41.022915, 331.71 ], [ -0.145111, 41.023889, 330.336 ], [ -0.144345, 41.024317, 329.866 ], [ -0.144197, 41.024479, 329.329 ], [ -0.142713, 41.025098, 328.421 ], [ -0.142065, 41.025677, 328.908 ], [ -0.141462, 41.025481, 330.89 ], [ -0.140622, 41.025541, 337.019 ], [ -0.139597, 41.024976, 340.41 ], [ -0.139291, 41.024605, 339.963 ], [ -0.139062, 41.024694, 338.01 ], [ -0.138881, 41.024886, 336.155 ], [ -0.138592, 41.024987, 336.14 ], [ -0.138432, 41.025288, 336.566 ], [ -0.138642, 41.025489, 336.191 ], [ -0.139646, 41.025983, 335.681 ], [ -0.139822, 41.026195, 335.619 ], [ -0.139821, 41.026661, 335.108 ], [ -0.139693, 41.026812, 334.693 ], [ -0.138323, 41.026987, 334.142 ], [ -0.137667, 41.026799, 333.773 ], [ -0.137159, 41.026766, 333.716 ], [ -0.136947, 41.026593, 333.263 ], [ -0.136489, 41.026656, 333.298 ], [ -0.135955, 41.02633, 332.283 ], [ -0.135613, 41.026008, 331.749 ], [ -0.134791, 41.025581, 336.147 ], [ -0.134583, 41.025318, 337.029 ], [ -0.134301, 41.025526, 335.121 ], [ -0.133794, 41.026785, 335.608 ], [ -0.133805, 41.026716, 335.138 ], [ -0.133732, 41.026753, 334.647 ], [ -0.133801, 41.027901, 342.838 ], [ -0.133668, 41.028302, 341.811 ], [ -0.133147, 41.028531, 340.998 ], [ -0.132951, 41.02877, 340.433 ], [ -0.132926, 41.029193, 340.488 ], [ -0.133191, 41.0301, 342.354 ], [ -0.133215, 41.030701, 342.848 ], [ -0.133058, 41.031467, 343.361 ], [ -0.132551, 41.032281, 344.717 ], [ -0.132649, 41.032617, 344.708 ], [ -0.132996, 41.032826, 345.248 ], [ -0.133267, 41.033272, 345.237 ], [ -0.132172, 41.034819, 338.538 ], [ -0.13176, 41.035091, 331.321 ], [ -0.131334, 41.035652, 323.188 ], [ -0.131126, 41.035826, 323.153 ], [ -0.130484, 41.036016, 323.138 ], [ -0.13018, 41.03622, 325.084 ], [ -0.130096, 41.036512, 326.992 ], [ -0.130122, 41.03678, 328.973 ], [ -0.130311, 41.037305, 330.32 ], [ -0.130921, 41.038092, 329.808 ], [ -0.130881, 41.038421, 330.373 ], [ -0.130205, 41.039012, 327.442 ], [ -0.128499, 41.040504, 336.113 ], [ -0.128565, 41.040598, 337.056 ], [ -0.129728, 41.041075, 335.663 ], [ -0.130788, 41.041319, 326.958 ], [ -0.130754, 41.04126, 327.473 ], [ -0.13094, 41.041277, 326.939 ], [ -0.131109, 41.041443, 327.416 ], [ -0.131239, 41.041905, 327.476 ], [ -0.131443, 41.042269, 327.913 ], [ -0.132062, 41.042858, 328.408 ], [ -0.132031, 41.043516, 327.485 ], [ -0.131832, 41.043818, 324.524 ], [ -0.131443, 41.044236, 323.135 ], [ -0.131189, 41.044334, 324.138 ], [ -0.130966, 41.044723, 324.525 ], [ -0.130746, 41.044884, 324.53 ], [ -0.130846, 41.044954, 325.065 ], [ -0.13081, 41.045157, 324.571 ], [ -0.129787, 41.046307, 323.134 ], [ -0.130053, 41.046671, 323.655 ], [ -0.130215, 41.046762, 324.11 ], [ -0.130416, 41.046643, 323.608 ], [ -0.130815, 41.046753, 322.197 ], [ -0.131021, 41.046711, 321.666 ], [ -0.131162, 41.046994, 319.797 ], [ -0.131198, 41.047215, 318.86 ], [ -0.130751, 41.048167, 320.737 ], [ -0.130823, 41.048558, 321.622 ], [ -0.130815, 41.049479, 324.177 ], [ -0.13102, 41.049872, 322.123 ], [ -0.131258, 41.050138, 320.754 ], [ -0.131424, 41.050188, 320.756 ], [ -0.131501, 41.050336, 321.211 ], [ -0.132091, 41.050716, 324.108 ], [ -0.132154, 41.050608, 324.519 ], [ -0.132223, 41.050671, 324.528 ], [ -0.132529, 41.05044, 322.619 ], [ -0.132537, 41.050354, 321.242 ], [ -0.132432, 41.050572, 317.899 ], [ -0.132526, 41.050712, 316.894 ], [ -0.132636, 41.050682, 314.469 ], [ -0.13276, 41.050727, 312.085 ], [ -0.1328, 41.050838, 309.638 ], [ -0.133399, 41.051035, 302.47 ], [ -0.133556, 41.050675, 302.417 ], [ -0.134034, 41.050511, 296.208 ], [ -0.133989, 41.050568, 292.867 ], [ -0.134074, 41.050751, 290.496 ], [ -0.134471, 41.050836, 287.587 ], [ -0.134695, 41.050785, 288.06 ] ] ] } },
{ "type": "Feature", "properties": { "Name": "3 Etapa Alcañiz-Samper de Calanda CAMINO DEL BAJO ARAGÓN POR...", "description": null, "timestamp": null, "begin": null, "end": null, "altitudeMode": null, "tessellate": null, "extrude": null, "visibility": null, "drawOrder": null, "icon": null, "cmt": null, "desc": null, "src": null, "link1_href": null, "link1_text": null, "link1_type": null, "link2_href": null, "link2_text": null, "link2_type": null, "number": null, "type": null, "layer": "tracks", "path": "D:/edicao/design/mapas-sta-comba/igrejas/202601-04/3-etapa-alcaniz-samper-de-calanda-camino-del-bajo-aragon-por.gpx|layername=tracks" }, "geometry": { "type": "MultiLineString", "coordinates": [ [ [ -0.137907, 41.051214, 581.789 ], [ -0.137922, 41.051195, 581.706 ], [ -0.137939, 41.051265, 580.226 ], [ -0.138082, 41.05144, 580.708 ], [ -0.138127, 41.051674, 580.792 ], [ -0.137663, 41.051832, 581.271 ], [ -0.137887, 41.051862, 581.212 ], [ -0.138068, 41.05196, 582.685 ], [ -0.138459, 41.051994, 584.654 ], [ -0.138527, 41.052084, 584.692 ], [ -0.138899, 41.052105, 582.231 ], [ -0.139382, 41.052052, 576.969 ], [ -0.139812, 41.05185, 572.663 ], [ -0.140267, 41.051844, 570.144 ], [ -0.140462, 41.051766, 568.718 ], [ -0.140658, 41.051745, 567.308 ], [ -0.140915, 41.051777, 565.34 ], [ -0.141251, 41.051713, 562.579 ], [ -0.141666, 41.051744, 560.14 ], [ -0.141965, 41.052022, 558.673 ], [ -0.142043, 41.052031, 558.142 ], [ -0.142317, 41.051878, 555.27 ], [ -0.142527, 41.051848, 553.869 ], [ -0.14274, 41.051964, 552.477 ], [ -0.142843, 41.052093, 551.985 ], [ -0.143029, 41.052171, 550.989 ], [ -0.143136, 41.052114, 549.517 ], [ -0.143791, 41.052182, 545.208 ], [ -0.144208, 41.052278, 541.832 ], [ -0.144474, 41.052386, 539.971 ], [ -0.145382, 41.05248, 533.622 ], [ -0.145927, 41.052584, 531.765 ], [ -0.146327, 41.052624, 527.494 ], [ -0.14663, 41.052716, 525.432 ], [ -0.147019, 41.052906, 522.671 ], [ -0.14741, 41.053212, 517.869 ], [ -0.147605, 41.053419, 514.968 ], [ -0.148675, 41.054845, 497.642 ], [ -0.148844, 41.055015, 495.226 ], [ -0.149162, 41.055274, 492.808 ], [ -0.150071, 41.055885, 483.62 ], [ -0.150938, 41.056549, 476.959 ], [ -0.151374, 41.057013, 472.67 ], [ -0.151889, 41.05767, 467.873 ], [ -0.152198, 41.057991, 465.472 ], [ -0.153204, 41.058769, 456.71 ], [ -0.153612, 41.059007, 452.929 ], [ -0.154337, 41.059302, 450.547 ], [ -0.155389, 41.060004, 445.723 ], [ -0.155466, 41.060096, 444.783 ], [ -0.155643, 41.060176, 442.311 ], [ -0.155849, 41.060166, 439.408 ], [ -0.156469, 41.059946, 435.636 ], [ -0.156935, 41.059863, 432.245 ], [ -0.15801, 41.059765, 427.936 ], [ -0.158376, 41.059833, 426.449 ], [ -0.159248, 41.060246, 421.698 ], [ -0.160368, 41.060455, 417.336 ], [ -0.161392, 41.060539, 413.925 ], [ -0.161726, 41.060462, 412.533 ], [ -0.161833, 41.060402, 412.081 ], [ -0.162021, 41.060159, 411.161 ], [ -0.162107, 41.060109, 410.117 ], [ -0.163024, 41.059847, 404.808 ], [ -0.163827, 41.059719, 402.472 ], [ -0.164517, 41.05957, 401.921 ], [ -0.165235, 41.059373, 400.092 ], [ -0.166303, 41.059387, 396.635 ], [ -0.16704, 41.059321, 394.214 ], [ -0.167883, 41.059099, 390.972 ], [ -0.168474, 41.058837, 389.971 ], [ -0.169783, 41.058631, 388.069 ], [ -0.169867, 41.058572, 388.036 ], [ -0.170477, 41.058526, 387.517 ], [ -0.171254, 41.058733, 383.218 ], [ -0.171447, 41.058732, 379.308 ], [ -0.172156, 41.058708, 377.457 ], [ -0.173289, 41.058825, 374.576 ], [ -0.173651, 41.058973, 374.097 ], [ -0.175298, 41.059861, 371.24 ], [ -0.176879, 41.060627, 371.279 ], [ -0.177055, 41.060769, 371.237 ], [ -0.177224, 41.061041, 371.246 ], [ -0.177661, 41.061434, 370.724 ], [ -0.177787, 41.061637, 370.267 ], [ -0.178235, 41.061941, 369.781 ], [ -0.178662, 41.062648, 370.719 ], [ -0.179281, 41.063114, 371.608 ], [ -0.179853, 41.063398, 372.66 ], [ -0.180805, 41.063608, 370.269 ], [ -0.181148, 41.063728, 369.71 ], [ -0.181875, 41.064061, 370.253 ], [ -0.182244, 41.064041, 369.252 ], [ -0.182527, 41.063957, 368.83 ], [ -0.182578, 41.064014, 368.879 ], [ -0.182548, 41.063987, 368.347 ], [ -0.182563, 41.063948, 367.853 ], [ -0.182627, 41.063883, 367.304 ], [ -0.182663, 41.0639, 366.814 ], [ -0.182515, 41.06386, 366.308 ], [ -0.182511, 41.063843, 363.529 ], [ -0.182231, 41.06403, 363.978 ], [ -0.181863, 41.064053, 363.979 ], [ -0.181322, 41.063898, 362.062 ], [ -0.181055, 41.063753, 361.571 ], [ -0.180672, 41.063641, 360.199 ], [ -0.180342, 41.063587, 359.628 ], [ -0.18017, 41.063598, 359.186 ], [ -0.179879, 41.063695, 358.721 ], [ -0.179661, 41.06394, 358.241 ], [ -0.178712, 41.065635, 354.305 ], [ -0.178226, 41.066433, 355.808 ], [ -0.177781, 41.067231, 356.366 ], [ -0.177589, 41.067501, 356.795 ], [ -0.17744, 41.067866, 358.746 ], [ -0.177566, 41.068025, 360.169 ], [ -0.177576, 41.068092, 361.548 ], [ -0.177692, 41.068162, 361.566 ], [ -0.17764, 41.068247, 361.185 ], [ -0.177323, 41.068231, 361.123 ], [ -0.177795, 41.068382, 361.139 ], [ -0.178085, 41.068386, 361.501 ], [ -0.178592, 41.068557, 361.521 ], [ -0.178688, 41.068567, 361.508 ], [ -0.178887, 41.068471, 362.097 ], [ -0.178978, 41.068495, 361.566 ], [ -0.178976, 41.068531, 361.157 ], [ -0.179064, 41.068582, 360.63 ], [ -0.179075, 41.068916, 359.169 ], [ -0.179091, 41.068542, 360.687 ], [ -0.179235, 41.068529, 360.626 ], [ -0.183578, 41.069668, 363.594 ], [ -0.187175, 41.070659, 361.526 ], [ -0.188646, 41.071035, 363.547 ], [ -0.188706, 41.071082, 363.011 ], [ -0.189738, 41.071293, 361.108 ], [ -0.191162, 41.071694, 359.126 ], [ -0.191754, 41.071906, 359.655 ], [ -0.191833, 41.072088, 362.016 ], [ -0.191937, 41.072168, 363.029 ], [ -0.192273, 41.072178, 360.158 ], [ -0.192551, 41.072132, 356.326 ], [ -0.192601, 41.072099, 359.615 ], [ -0.192604, 41.072096, 358.293 ], [ -0.193321, 41.072282, 357.292 ], [ -0.193515, 41.072295, 356.773 ], [ -0.193538, 41.072341, 359.62 ], [ -0.194094, 41.072508, 358.708 ], [ -0.195646, 41.072899, 357.273 ], [ -0.197419, 41.073388, 356.342 ], [ -0.202275, 41.074651, 363.033 ], [ -0.203445, 41.075, 363.966 ], [ -0.204662, 41.075314, 365.435 ], [ -0.204722, 41.075302, 364.413 ], [ -0.204771, 41.075238, 364.942 ], [ -0.204815, 41.075236, 367.86 ], [ -0.20473, 41.075198, 364.993 ], [ -0.204745, 41.075177, 365.965 ], [ -0.204735, 41.075226, 365.921 ], [ -0.204886, 41.075331, 365.908 ], [ -0.20534, 41.075461, 365.923 ], [ -0.205647, 41.075587, 365.972 ], [ -0.206181, 41.0757, 366.323 ], [ -0.206642, 41.075843, 367.826 ], [ -0.208969, 41.07642, 371.695 ], [ -0.209039, 41.076456, 371.243 ], [ -0.212237, 41.077299, 372.132 ], [ -0.21244, 41.077415, 373.68 ], [ -0.212841, 41.07759, 369.739 ], [ -0.213708, 41.07804, 367.301 ], [ -0.213888, 41.07815, 370.721 ], [ -0.21439, 41.078476, 369.208 ], [ -0.21663, 41.080107, 369.757 ], [ -0.217433, 41.080582, 369.296 ], [ -0.217519, 41.080725, 368.827 ], [ -0.217728, 41.080876, 368.83 ], [ -0.218043, 41.081049, 367.349 ], [ -0.218171, 41.081166, 366.897 ], [ -0.21843, 41.081308, 368.856 ], [ -0.218773, 41.081605, 366.834 ], [ -0.219412, 41.08198, 366.397 ], [ -0.219699, 41.082201, 365.923 ], [ -0.219892, 41.082389, 364.925 ], [ -0.219999, 41.082451, 364.908 ], [ -0.220067, 41.082563, 363.523 ], [ -0.220201, 41.082608, 363.512 ], [ -0.220472, 41.082807, 363.543 ], [ -0.220608, 41.082879, 362.016 ], [ -0.222679, 41.084368, 357.765 ], [ -0.223119, 41.084633, 356.723 ], [ -0.225179, 41.086076, 351.492 ], [ -0.226129, 41.086746, 349.06 ], [ -0.226475, 41.087044, 348.699 ], [ -0.22681, 41.087234, 347.107 ], [ -0.227293, 41.087596, 347.627 ], [ -0.228488, 41.088365, 343.808 ], [ -0.229383, 41.089039, 341.843 ], [ -0.229772, 41.089249, 341.462 ], [ -0.229849, 41.089319, 341.823 ], [ -0.230102, 41.089422, 340.986 ], [ -0.230327, 41.08962, 339.985 ], [ -0.230348, 41.089726, 339.983 ], [ -0.230443, 41.089744, 339.082 ], [ -0.230709, 41.089931, 338.54 ], [ -0.231187, 41.090204, 337.596 ], [ -0.23263, 41.091222, 334.631 ], [ -0.235623, 41.093222, 330.324 ], [ -0.235649, 41.093282, 330.808 ], [ -0.236029, 41.093542, 329.363 ], [ -0.236925, 41.094075, 328.422 ], [ -0.23762, 41.094583, 326.953 ], [ -0.237841, 41.094816, 327.926 ], [ -0.238007, 41.094931, 327.475 ], [ -0.239119, 41.095643, 324.583 ], [ -0.23924, 41.095673, 325.052 ], [ -0.239977, 41.096253, 324.15 ], [ -0.240288, 41.096425, 323.697 ], [ -0.241068, 41.096963, 321.223 ], [ -0.242536, 41.098, 319.725 ], [ -0.243975, 41.098935, 317.308 ], [ -0.244693, 41.099446, 317.813 ], [ -0.245025, 41.099636, 316.492 ], [ -0.245818, 41.10017, 315.493 ], [ -0.24606, 41.100288, 314.976 ], [ -0.246838, 41.100843, 315.455 ], [ -0.24697, 41.100894, 314.043 ], [ -0.248866, 41.102182, 313.522 ], [ -0.24886, 41.102275, 313.02 ], [ -0.248975, 41.102282, 314.012 ], [ -0.249478, 41.102601, 315.432 ], [ -0.2529, 41.104851, 314.905 ], [ -0.253153, 41.105034, 315.408 ], [ -0.253652, 41.105595, 317.885 ], [ -0.253964, 41.105757, 318.354 ], [ -0.254052, 41.105856, 320.215 ], [ -0.254067, 41.105948, 319.778 ], [ -0.254256, 41.105887, 319.777 ], [ -0.254502, 41.105961, 316.485 ], [ -0.255056, 41.106336, 315.414 ], [ -0.255728, 41.106907, 316.892 ], [ -0.256108, 41.107063, 317.313 ], [ -0.256259, 41.107238, 317.843 ], [ -0.256434, 41.107362, 318.307 ], [ -0.256995, 41.107639, 318.308 ], [ -0.257719, 41.108151, 319.245 ], [ -0.257782, 41.1082, 371.654 ], [ -0.258303, 41.108546, 370.715 ], [ -0.258581, 41.108682, 370.218 ], [ -0.258865, 41.108873, 370.227 ], [ -0.2596, 41.109506, 367.355 ], [ -0.259743, 41.109566, 366.824 ], [ -0.259809, 41.109561, 367.352 ], [ -0.260029, 41.10968, 366.868 ], [ -0.260274, 41.109879, 365.942 ], [ -0.260528, 41.110003, 365.426 ], [ -0.262086, 41.11099, 360.108 ], [ -0.262364, 41.111106, 359.65 ], [ -0.262385, 41.111137, 358.719 ], [ -0.262402, 41.111148, 334.16 ], [ -0.262367, 41.111197, 331.723 ], [ -0.26241, 41.111241, 331.322 ], [ -0.262457, 41.111306, 331.34 ], [ -0.265072, 41.113006, 326.969 ], [ -0.26945, 41.115995, 323.117 ], [ -0.269556, 41.116061, 321.679 ], [ -0.269662, 41.116011, 322.105 ], [ -0.269664, 41.115987, 322.625 ], [ -0.269615, 41.116017, 322.608 ], [ -0.269613, 41.116097, 322.131 ], [ -0.272753, 41.118204, 323.63 ], [ -0.272852, 41.118308, 323.151 ], [ -0.274314, 41.11923, 323.154 ], [ -0.274659, 41.119462, 326.573 ], [ -0.274794, 41.119546, 323.611 ], [ -0.275624, 41.120165, 324.18 ], [ -0.276932, 41.121005, 323.158 ], [ -0.277247, 41.121163, 323.688 ], [ -0.27826, 41.121852, 324.124 ], [ -0.278324, 41.121879, 322.126 ], [ -0.278321, 41.121877, 325.508 ], [ -0.278373, 41.121922, 321.242 ], [ -0.278397, 41.121926, 323.671 ], [ -0.278657, 41.122129, 323.612 ], [ -0.278896, 41.122266, 323.635 ], [ -0.279062, 41.122412, 323.654 ], [ -0.280343, 41.123239, 324.542 ], [ -0.280889, 41.123599, 321.231 ], [ -0.281686, 41.124135, 323.189 ], [ -0.281691, 41.124137, 319.773 ], [ -0.281691, 41.124136, 323.185 ], [ -0.281872, 41.12427, 324.513 ], [ -0.282034, 41.124391, 322.108 ], [ -0.282056, 41.1244, 324.181 ], [ -0.283504, 41.125354, 322.68 ], [ -0.283721, 41.125546, 324.141 ], [ -0.28374, 41.125565, 320.714 ], [ -0.283812, 41.125591, 322.133 ], [ -0.28438, 41.125983, 322.151 ], [ -0.284589, 41.1262, 321.62 ], [ -0.284704, 41.126229, 322.618 ], [ -0.284731, 41.126246, 319.717 ], [ -0.285412, 41.126662, 323.187 ], [ -0.286096, 41.127108, 319.215 ], [ -0.288496, 41.128752, 316.408 ], [ -0.289077, 41.12914, 317.885 ], [ -0.289767, 41.12963, 316.844 ], [ -0.289782, 41.129662, 314.475 ], [ -0.289798, 41.129666, 316.828 ], [ -0.289931, 41.129724, 316.897 ], [ -0.29046, 41.130102, 317.845 ], [ -0.290737, 41.130289, 315.464 ], [ -0.290908, 41.130417, 316.852 ], [ -0.291018, 41.130449, 312.063 ], [ -0.291019, 41.130457, 315.944 ], [ -0.291039, 41.130519, 316.418 ], [ -0.291429, 41.130737, 314.908 ], [ -0.29305, 41.131807, 314.45 ], [ -0.293213, 41.131929, 314.049 ], [ -0.293141, 41.131889, 313.58 ], [ -0.293155, 41.131929, 310.633 ], [ -0.294419, 41.132741, 312.592 ], [ -0.295916, 41.133791, 310.69 ], [ -0.296674, 41.134277, 312.019 ], [ -0.296962, 41.134478, 312.017 ], [ -0.296998, 41.134551, 313.049 ], [ -0.297276, 41.134677, 313.502 ], [ -0.297812, 41.135028, 312.022 ], [ -0.299499, 41.136194, 311.608 ], [ -0.300108, 41.136578, 311.188 ], [ -0.300635, 41.136965, 311.677 ], [ -0.302071, 41.137902, 313.038 ], [ -0.303208, 41.138686, 309.271 ], [ -0.303465, 41.138853, 312.01 ], [ -0.304325, 41.139404, 310.128 ], [ -0.30467, 41.13963, 312.527 ], [ -0.306802, 41.141132, 314.015 ], [ -0.306833, 41.141138, 310.114 ], [ -0.306857, 41.141154, 313.054 ], [ -0.307163, 41.141365, 311.609 ], [ -0.3073, 41.141419, 312.508 ], [ -0.309493, 41.142948, 307.755 ], [ -0.309924, 41.143198, 308.294 ], [ -0.310706, 41.143723, 309.625 ], [ -0.310833, 41.143819, 307.258 ], [ -0.311895, 41.144533, 309.657 ], [ -0.317741, 41.148453, 305.845 ], [ -0.318904, 41.149277, 307.214 ], [ -0.32009, 41.150012, 306.712 ], [ -0.321401, 41.150935, 308.228 ], [ -0.322261, 41.151451, 308.789 ], [ -0.322352, 41.15156, 305.317 ], [ -0.322407, 41.1516, 308.708 ], [ -0.322839, 41.151835, 308.236 ], [ -0.323081, 41.152048, 308.275 ], [ -0.323602, 41.152364, 308.246 ], [ -0.324508, 41.153021, 308.799 ], [ -0.325588, 41.153703, 307.728 ], [ -0.326919, 41.154613, 305.876 ], [ -0.327012, 41.154702, 305.385 ], [ -0.327585, 41.155064, 304.323 ], [ -0.328717, 41.155984, 302.955 ], [ -0.329303, 41.156593, 301.507 ], [ -0.330028, 41.157231, 301.017 ], [ -0.330112, 41.157339, 302.908 ], [ -0.330661, 41.157822, 299.199 ], [ -0.3321, 41.159207, 295.788 ], [ -0.332684, 41.159743, 295.259 ], [ -0.332844, 41.159865, 291.492 ], [ -0.332865, 41.159872, 293.821 ], [ -0.333609, 41.160494, 291.869 ], [ -0.334438, 41.161277, 289.938 ], [ -0.334678, 41.1615, 289.486 ], [ -0.334714, 41.161516, 286.179 ], [ -0.334724, 41.16152, 289.905 ], [ -0.335029, 41.161809, 291.425 ], [ -0.335613, 41.162305, 287.508 ], [ -0.335717, 41.162481, 287.581 ], [ -0.336106, 41.162766, 286.68 ], [ -0.336204, 41.162904, 286.681 ], [ -0.336184, 41.16292, 286.184 ], [ -0.336195, 41.162906, 282.263 ], [ -0.336226, 41.16289, 286.661 ], [ -0.336231, 41.162873, 284.22 ], [ -0.336254, 41.162858, 285.148 ], [ -0.336217, 41.16284, 285.685 ], [ -0.336205, 41.162858, 284.289 ], [ -0.33624, 41.162915, 284.617 ], [ -0.336877, 41.163521, 285.108 ], [ -0.339569, 41.165951, 275.082 ], [ -0.339861, 41.166288, 274.131 ], [ -0.340349, 41.166753, 273.652 ], [ -0.340751, 41.167099, 272.155 ], [ -0.340872, 41.167134, 273.164 ], [ -0.341465, 41.167688, 270.782 ], [ -0.342624, 41.168681, 266.421 ], [ -0.343193, 41.16931, 265.469 ], [ -0.343262, 41.169511, 268.351 ], [ -0.343566, 41.169898, 265.401 ], [ -0.344018, 41.17054, 268.311 ], [ -0.344034, 41.170563, 271.208 ], [ -0.34404, 41.170574, 267.389 ], [ -0.344275, 41.170892, 268.378 ], [ -0.34443, 41.171091, 265.469 ], [ -0.346281, 41.173657, 265.442 ], [ -0.34655, 41.174122, 265.961 ], [ -0.346767, 41.174345, 265.459 ], [ -0.346799, 41.174449, 265.958 ], [ -0.346988, 41.174624, 265.916 ], [ -0.347284, 41.175052, 265.498 ], [ -0.347449, 41.174975, 264.015 ], [ -0.348044, 41.174826, 265.426 ], [ -0.350097, 41.175696, 266.908 ], [ -0.350471, 41.175826, 265.993 ], [ -0.351424, 41.175897, 269.792 ], [ -0.351746, 41.175963, 268.323 ], [ -0.353259, 41.176359, 271.786 ], [ -0.354677, 41.176787, 274.135 ], [ -0.35545, 41.176952, 276.953 ], [ -0.355875, 41.177013, 277.942 ], [ -0.356354, 41.177239, 276.03 ], [ -0.356347, 41.177242, 280.312 ], [ -0.356385, 41.177253, 280.832 ], [ -0.356691, 41.177385, 277.905 ], [ -0.357037, 41.177584, 274.108 ], [ -0.357628, 41.17789, 273.165 ], [ -0.358826, 41.17861, 272.184 ], [ -0.359213, 41.178797, 272.125 ], [ -0.359754, 41.179088, 275.098 ], [ -0.359907, 41.179235, 276.587 ], [ -0.361927, 41.180345, 290.455 ], [ -0.362222, 41.180501, 289.484 ], [ -0.362301, 41.180474, 289.052 ], [ -0.362713, 41.180643, 289.475 ], [ -0.363032, 41.180818, 289.428 ], [ -0.363699, 41.181307, 290.42 ], [ -0.364687, 41.18184, 289.008 ], [ -0.364879, 41.181974, 289.981 ], [ -0.364667, 41.181998, 289.98 ], [ -0.364895, 41.182001, 289.431 ], [ -0.365065, 41.182098, 291.444 ], [ -0.365018, 41.182056, 290.923 ], [ -0.365054, 41.182105, 290.971 ], [ -0.365695, 41.182434, 290.93 ], [ -0.365721, 41.182431, 287.538 ], [ -0.365864, 41.182521, 289.414 ], [ -0.366964, 41.182821, 289.454 ], [ -0.367874, 41.183022, 289.409 ], [ -0.368178, 41.183122, 288.508 ], [ -0.369914, 41.183504, 288.015 ], [ -0.3713, 41.183897, 287.054 ], [ -0.371572, 41.183945, 287.075 ], [ -0.372033, 41.184133, 286.638 ], [ -0.372521, 41.184421, 286.157 ], [ -0.373672, 41.184733, 286.165 ], [ -0.374295, 41.184888, 288.564 ], [ -0.374987, 41.184984, 289.932 ], [ -0.375788, 41.185222, 287.515 ], [ -0.37751, 41.185541, 288.065 ], [ -0.377545, 41.185547, 285.111 ], [ -0.377664, 41.185652, 287.008 ], [ -0.377669, 41.185728, 287.545 ], [ -0.377646, 41.185629, 286.694 ], [ -0.377633, 41.185666, 286.155 ], [ -0.378125, 41.185491, 284.298 ], [ -0.379031, 41.185469, 281.887 ], [ -0.379624, 41.185735, 278.495 ], [ -0.380557, 41.186217, 276.014 ], [ -0.381138, 41.186334, 275.082 ], [ -0.381428, 41.186515, 275.013 ], [ -0.381524, 41.186567, 278.443 ], [ -0.381722, 41.186679, 272.607 ], [ -0.382044, 41.18685, 271.208 ], [ -0.382337, 41.18694, 270.785 ], [ -0.383178, 41.18737, 267.814 ], [ -0.38338, 41.187427, 266.955 ], [ -0.383777, 41.18767, 266.418 ], [ -0.385113, 41.187825, 261.677 ], [ -0.385603, 41.187937, 259.695 ], [ -0.385663, 41.188002, 259.684 ], [ -0.385666, 41.187973, 258.232 ], [ -0.385738, 41.187918, 258.713 ], [ -0.38587, 41.187955, 257.743 ], [ -0.385995, 41.188045, 257.707 ], [ -0.386079, 41.188059, 255.808 ], [ -0.386278, 41.187986, 255.385 ], [ -0.386529, 41.187938, 255.394 ], [ -0.386724, 41.187954, 255.815 ], [ -0.386913, 41.188022, 255.878 ], [ -0.387083, 41.188092, 255.817 ], [ -0.387312, 41.188298, 256.315 ], [ -0.387603, 41.188473, 256.374 ], [ -0.387936, 41.188764, 254.482 ], [ -0.388174, 41.188888, 255.888 ], [ -0.388348, 41.189025, 257.724 ], [ -0.388336, 41.189096, 257.226 ], [ -0.388838, 41.189397, 255.808 ], [ -0.389108, 41.189669, 256.312 ], [ -0.389329, 41.18977, 255.391 ], [ -0.389301, 41.18979, 255.342 ], [ -0.389293, 41.189677, 256.335 ] ] ] } },
{ "type": "Feature", "properties": { "Name": "1 etapa Aguaviva-Torrevelilla CAMINO BAJO ARAGON POR ALCAÑIZ...", "description": null, "timestamp": null, "begin": null, "end": null, "altitudeMode": null, "tessellate": null, "extrude": null, "visibility": null, "drawOrder": null, "icon": null, "cmt": null, "desc": null, "src": null, "link1_href": null, "link1_text": null, "link1_type": null, "link2_href": null, "link2_text": null, "link2_type": null, "number": null, "type": null, "layer": "tracks", "path": "D:/edicao/design/mapas-sta-comba/igrejas/202601-04/1-etapa-aguaviva-torrevelilla-camino-bajo-aragon-por-alcaniz.gpx|layername=tracks" }, "geometry": { "type": "MultiLineString", "coordinates": [ [ [ -0.196677, 40.822617, 554.337 ], [ -0.196524, 40.822591, 554.349 ], [ -0.196518, 40.822544, 553.313 ], [ -0.196443, 40.822464, 553.308 ], [ -0.195726, 40.822588, 550.917 ], [ -0.195487, 40.822572, 548.596 ], [ -0.195214, 40.822608, 546.677 ], [ -0.194972, 40.822675, 545.29 ], [ -0.194615, 40.822734, 542.327 ], [ -0.194327, 40.822833, 542.346 ], [ -0.194248, 40.822885, 541.327 ], [ -0.193988, 40.82295, 540.879 ], [ -0.193402, 40.823334, 538.931 ], [ -0.193329, 40.823418, 537.961 ], [ -0.193142, 40.823807, 535.507 ], [ -0.192792, 40.824285, 535.108 ], [ -0.191843, 40.825003, 532.727 ], [ -0.191367, 40.825265, 534.146 ], [ -0.191022, 40.825316, 536.037 ], [ -0.190913, 40.825543, 534.14 ], [ -0.190927, 40.825765, 531.217 ], [ -0.190432, 40.826687, 528.326 ], [ -0.189975, 40.82751, 531.257 ], [ -0.189996, 40.827564, 531.779 ], [ -0.190059, 40.827606, 531.753 ], [ -0.190853, 40.82797, 535.504 ], [ -0.190979, 40.828138, 537.914 ], [ -0.190771, 40.828341, 541.308 ], [ -0.190481, 40.828426, 541.869 ], [ -0.190207, 40.828425, 540.318 ], [ -0.189487, 40.828458, 541.819 ], [ -0.189137, 40.82845, 540.322 ], [ -0.189018, 40.828424, 540.349 ], [ -0.188626, 40.828441, 539.438 ], [ -0.188021, 40.828552, 537.099 ], [ -0.187677, 40.828681, 533.171 ], [ -0.187301, 40.828889, 529.856 ], [ -0.186568, 40.829056, 526.459 ], [ -0.186291, 40.829201, 523.514 ], [ -0.186277, 40.829309, 523.008 ], [ -0.186379, 40.829998, 521.169 ], [ -0.186355, 40.830338, 521.638 ], [ -0.186254, 40.830447, 521.649 ], [ -0.185798, 40.830465, 520.212 ], [ -0.182628, 40.830331, 512.589 ], [ -0.182027, 40.830167, 509.178 ], [ -0.181578, 40.830099, 508.129 ], [ -0.181231, 40.83021, 507.751 ], [ -0.180932, 40.83022, 505.343 ], [ -0.180708, 40.830345, 503.364 ], [ -0.18044, 40.830551, 501.91 ], [ -0.180133, 40.83086, 500.908 ], [ -0.180195, 40.831057, 500.578 ], [ -0.180169, 40.831308, 499.567 ], [ -0.180012, 40.831593, 499.028 ], [ -0.179811, 40.831853, 497.691 ], [ -0.179805, 40.832094, 497.648 ], [ -0.179631, 40.8326, 495.257 ], [ -0.179795, 40.832818, 494.778 ], [ -0.17991, 40.833055, 493.71 ], [ -0.179908, 40.833325, 493.261 ], [ -0.179667, 40.833489, 491.821 ], [ -0.179627, 40.833467, 491.813 ], [ -0.179579, 40.833574, 490.808 ], [ -0.179618, 40.833704, 490.49 ], [ -0.179753, 40.833786, 488.949 ], [ -0.180155, 40.833891, 488.48 ], [ -0.180589, 40.833963, 485.143 ], [ -0.180988, 40.834112, 483.15 ], [ -0.181338, 40.83441, 481.729 ], [ -0.181385, 40.834491, 481.21 ], [ -0.181572, 40.834858, 481.272 ], [ -0.18157, 40.835091, 481.281 ], [ -0.181438, 40.835251, 482.261 ], [ -0.181489, 40.835428, 484.617 ], [ -0.181441, 40.835482, 484.608 ], [ -0.181289, 40.835511, 483.642 ], [ -0.180638, 40.835539, 482.291 ], [ -0.180593, 40.835503, 482.272 ], [ -0.179973, 40.835631, 482.245 ], [ -0.179861, 40.835795, 481.742 ], [ -0.179837, 40.835996, 481.791 ], [ -0.179882, 40.836395, 481.762 ], [ -0.179946, 40.836628, 482.224 ], [ -0.179903, 40.836705, 482.761 ], [ -0.17984, 40.836735, 483.121 ], [ -0.179563, 40.83673, 484.613 ], [ -0.179341, 40.836677, 485.608 ], [ -0.179262, 40.836616, 485.62 ], [ -0.178925, 40.836479, 486.029 ], [ -0.17868, 40.836419, 484.61 ], [ -0.178081, 40.836089, 483.153 ], [ -0.177706, 40.835944, 483.62 ], [ -0.176161, 40.835407, 485.129 ], [ -0.175436, 40.835224, 488.09 ], [ -0.174866, 40.835178, 492.832 ], [ -0.174173, 40.83529, 495.241 ], [ -0.174177, 40.835309, 495.681 ], [ -0.173643, 40.835348, 497.109 ], [ -0.173421, 40.835333, 498.508 ], [ -0.173341, 40.835296, 499.038 ], [ -0.173096, 40.83508, 501.927 ], [ -0.173038, 40.834927, 502.998 ], [ -0.173049, 40.834697, 503.341 ], [ -0.172562, 40.834528, 500.088 ], [ -0.172423, 40.83432, 499.577 ], [ -0.172375, 40.834089, 502.458 ], [ -0.172086, 40.833974, 503.33 ], [ -0.171418, 40.833865, 500.584 ], [ -0.171247, 40.833643, 502.907 ], [ -0.170941, 40.833487, 503.317 ], [ -0.170691, 40.833434, 503.808 ], [ -0.170207, 40.833388, 502.942 ], [ -0.168928, 40.832967, 503.391 ], [ -0.168645, 40.8329, 503.372 ], [ -0.167727, 40.832458, 504.335 ], [ -0.166627, 40.832012, 506.282 ], [ -0.16627, 40.831918, 506.761 ], [ -0.166092, 40.83191, 507.292 ], [ -0.16604, 40.831942, 507.274 ], [ -0.165995, 40.832081, 507.773 ], [ -0.165968, 40.832352, 509.185 ], [ -0.165668, 40.832895, 511.013 ], [ -0.165392, 40.833309, 513.408 ], [ -0.164936, 40.833766, 516.321 ], [ -0.164716, 40.833939, 517.87 ], [ -0.164249, 40.834414, 520.611 ], [ -0.164058, 40.834684, 522.184 ], [ -0.163734, 40.835022, 524.021 ], [ -0.163339, 40.835592, 525.98 ], [ -0.163136, 40.835753, 527.441 ], [ -0.163015, 40.836027, 528.313 ], [ -0.162568, 40.836624, 532.738 ], [ -0.162409, 40.836721, 533.17 ], [ -0.161739, 40.837495, 538.917 ], [ -0.161484, 40.8377, 541.808 ], [ -0.161337, 40.838066, 542.877 ], [ -0.161426, 40.838422, 547.136 ], [ -0.161458, 40.838439, 548.047 ], [ -0.161455, 40.838592, 549.59 ], [ -0.161481, 40.838706, 550.467 ], [ -0.161377, 40.838915, 553.366 ], [ -0.161243, 40.839046, 556.237 ], [ -0.160635, 40.839183, 560.569 ], [ -0.160193, 40.839384, 564.938 ], [ -0.159998, 40.839517, 566.87 ], [ -0.15988, 40.839645, 568.217 ], [ -0.159832, 40.839825, 570.108 ], [ -0.159851, 40.840176, 573.527 ], [ -0.159833, 40.840166, 573.076 ], [ -0.159808, 40.840588, 572.127 ], [ -0.159792, 40.840619, 572.61 ], [ -0.159575, 40.840662, 574.547 ], [ -0.158981, 40.840664, 576.926 ], [ -0.158594, 40.840811, 576.417 ], [ -0.158236, 40.841095, 573.059 ], [ -0.157906, 40.841458, 572.629 ], [ -0.157798, 40.841674, 573.0 ], [ -0.157889, 40.842294, 577.82 ], [ -0.157734, 40.842617, 582.208 ], [ -0.157634, 40.843141, 584.666 ], [ -0.157486, 40.843373, 585.065 ], [ -0.157313, 40.84354, 586.026 ], [ -0.157246, 40.843723, 587.099 ], [ -0.157411, 40.844485, 590.836 ], [ -0.157419, 40.844931, 594.225 ], [ -0.157459, 40.845299, 597.576 ], [ -0.157381, 40.845742, 600.468 ], [ -0.157453, 40.846041, 603.369 ], [ -0.157272, 40.84655, 605.704 ], [ -0.157311, 40.846589, 604.824 ], [ -0.15728, 40.846614, 606.208 ], [ -0.157342, 40.846781, 605.76 ], [ -0.158079, 40.847419, 607.229 ], [ -0.158217, 40.84775, 607.28 ], [ -0.158498, 40.848022, 607.223 ], [ -0.158561, 40.848235, 606.75 ], [ -0.158569, 40.848479, 606.769 ], [ -0.158534, 40.84867, 606.24 ], [ -0.158588, 40.849392, 602.842 ], [ -0.158505, 40.849827, 600.069 ], [ -0.158498, 40.850076, 599.004 ], [ -0.158602, 40.850329, 598.524 ], [ -0.158572, 40.850498, 598.008 ], [ -0.158177, 40.851322, 596.67 ], [ -0.15774, 40.851939, 594.779 ], [ -0.157588, 40.852091, 593.27 ], [ -0.157096, 40.852406, 589.923 ], [ -0.156896, 40.85246, 588.95 ], [ -0.155925, 40.852872, 587.979 ], [ -0.155618, 40.853122, 588.44 ], [ -0.15548, 40.853284, 587.952 ], [ -0.154801, 40.853835, 584.621 ], [ -0.153092, 40.854846, 582.641 ], [ -0.152641, 40.855043, 582.205 ], [ -0.150735, 40.856042, 584.108 ], [ -0.150401, 40.856176, 585.036 ], [ -0.150099, 40.856336, 586.575 ], [ -0.149925, 40.856461, 587.046 ], [ -0.149609, 40.856584, 588.429 ], [ -0.149266, 40.856749, 590.336 ], [ -0.14911, 40.856873, 590.885 ], [ -0.14904, 40.856863, 591.316 ], [ -0.148925, 40.856916, 592.318 ], [ -0.148187, 40.857337, 597.179 ], [ -0.147904, 40.857578, 598.505 ], [ -0.147851, 40.857695, 599.525 ], [ -0.147887, 40.858065, 601.408 ], [ -0.147831, 40.858297, 602.871 ], [ -0.147906, 40.858336, 602.86 ], [ -0.148004, 40.858546, 603.381 ], [ -0.148124, 40.858929, 604.874 ], [ -0.148142, 40.859162, 605.781 ], [ -0.148092, 40.859606, 606.23 ], [ -0.148116, 40.859745, 606.741 ], [ -0.148078, 40.859831, 607.273 ], [ -0.147948, 40.859981, 608.634 ], [ -0.146341, 40.860829, 613.955 ], [ -0.146015, 40.861013, 614.91 ], [ -0.145696, 40.861243, 615.308 ], [ -0.145389, 40.861589, 615.317 ], [ -0.145209, 40.861902, 615.396 ], [ -0.144957, 40.862178, 615.867 ], [ -0.144635, 40.86226, 615.88 ], [ -0.144211, 40.862287, 615.867 ], [ -0.143874, 40.862457, 616.346 ], [ -0.143647, 40.862718, 616.327 ], [ -0.143318, 40.862783, 616.329 ], [ -0.14296, 40.86281, 616.868 ], [ -0.142272, 40.862994, 617.742 ], [ -0.142094, 40.863129, 617.326 ], [ -0.141934, 40.863348, 619.208 ], [ -0.141579, 40.863739, 622.11 ], [ -0.141303, 40.863867, 623.519 ], [ -0.14112, 40.863885, 624.52 ], [ -0.140837, 40.863861, 625.433 ], [ -0.14049, 40.863949, 627.33 ], [ -0.140399, 40.864002, 627.389 ], [ -0.140519, 40.863992, 626.93 ], [ -0.140218, 40.864087, 628.392 ], [ -0.140018, 40.864099, 628.393 ], [ -0.13975, 40.86406, 627.865 ], [ -0.139467, 40.864063, 627.821 ], [ -0.139217, 40.864181, 627.808 ], [ -0.139002, 40.864565, 627.323 ], [ -0.138743, 40.865152, 626.932 ], [ -0.138724, 40.865242, 627.313 ], [ -0.138442, 40.865468, 629.396 ], [ -0.138251, 40.86543, 629.843 ], [ -0.138151, 40.865111, 631.262 ], [ -0.138004, 40.86486, 634.113 ], [ -0.137585, 40.864838, 637.075 ], [ -0.137248, 40.864875, 638.454 ], [ -0.136842, 40.864889, 640.856 ], [ -0.136432, 40.86499, 643.211 ], [ -0.136107, 40.865025, 645.108 ], [ -0.135698, 40.865112, 648.529 ], [ -0.135459, 40.865387, 650.978 ], [ -0.135338, 40.86543, 650.949 ], [ -0.135396, 40.865448, 650.962 ], [ -0.135447, 40.865585, 651.979 ], [ -0.135445, 40.86587, 653.848 ], [ -0.135495, 40.866117, 655.779 ], [ -0.135285, 40.86725, 663.961 ], [ -0.135342, 40.8675, 666.382 ], [ -0.135825, 40.86798, 670.643 ], [ -0.136036, 40.868306, 672.517 ], [ -0.136097, 40.868517, 674.008 ], [ -0.136012, 40.868654, 674.972 ], [ -0.135802, 40.868771, 676.431 ], [ -0.135584, 40.86886, 677.842 ], [ -0.135414, 40.868849, 680.765 ], [ -0.135247, 40.868878, 682.672 ], [ -0.135005, 40.868987, 686.991 ], [ -0.134832, 40.869088, 688.422 ], [ -0.134812, 40.869302, 689.884 ], [ -0.134416, 40.869572, 691.384 ], [ -0.134108, 40.869662, 691.307 ], [ -0.133936, 40.869646, 690.817 ], [ -0.133643, 40.869711, 696.608 ], [ -0.133702, 40.869664, 697.062 ], [ -0.133653, 40.869691, 696.191 ], [ -0.133681, 40.869695, 696.162 ], [ -0.13362, 40.86968, 696.635 ], [ -0.133444, 40.869501, 696.182 ], [ -0.133372, 40.869501, 695.661 ], [ -0.133176, 40.869673, 693.712 ], [ -0.133159, 40.869847, 692.764 ], [ -0.133025, 40.869549, 690.837 ], [ -0.132993, 40.869618, 689.849 ], [ -0.13278, 40.869757, 689.413 ], [ -0.132614, 40.869982, 693.208 ], [ -0.132584, 40.869979, 693.227 ], [ -0.132535, 40.86991, 692.746 ], [ -0.13276, 40.869785, 692.297 ], [ -0.133054, 40.869673, 694.24 ], [ -0.133158, 40.870098, 697.567 ], [ -0.13306, 40.870253, 697.046 ], [ -0.13268, 40.870481, 695.677 ], [ -0.132635, 40.870562, 695.689 ], [ -0.132451, 40.870703, 694.699 ], [ -0.132368, 40.870853, 693.707 ], [ -0.132106, 40.87103, 691.827 ], [ -0.132014, 40.871191, 689.808 ], [ -0.131868, 40.871311, 688.973 ], [ -0.131835, 40.871861, 687.462 ], [ -0.131763, 40.872122, 686.073 ], [ -0.13156, 40.872505, 684.186 ], [ -0.131527, 40.87285, 683.173 ], [ -0.131479, 40.873064, 684.172 ], [ -0.131407, 40.873729, 685.523 ], [ -0.131284, 40.874206, 684.535 ], [ -0.130836, 40.875523, 686.922 ], [ -0.130833, 40.875775, 688.462 ], [ -0.13079, 40.876121, 690.808 ], [ -0.130598, 40.877178, 698.008 ], [ -0.130624, 40.87721, 698.056 ], [ -0.130557, 40.877498, 699.995 ], [ -0.130807, 40.877709, 700.416 ], [ -0.130812, 40.87774, 700.489 ], [ -0.130864, 40.877765, 699.916 ], [ -0.131463, 40.877981, 699.455 ], [ -0.132317, 40.878182, 700.946 ], [ -0.133313, 40.878294, 700.478 ], [ -0.133574, 40.878312, 700.999 ], [ -0.134088, 40.878303, 701.407 ], [ -0.13477, 40.878212, 702.827 ], [ -0.134692, 40.878242, 702.808 ], [ -0.1347, 40.87831, 703.863 ], [ -0.134566, 40.878588, 707.112 ], [ -0.134276, 40.879102, 711.963 ], [ -0.133911, 40.879968, 716.356 ], [ -0.133937, 40.880012, 716.843 ], [ -0.133907, 40.880189, 718.262 ], [ -0.133777, 40.880626, 723.023 ], [ -0.133746, 40.880879, 727.895 ], [ -0.13368, 40.881213, 731.738 ], [ -0.133631, 40.881305, 734.17 ], [ -0.133518, 40.881373, 735.517 ], [ -0.13324, 40.88141, 740.308 ], [ -0.1327, 40.88153, 747.097 ], [ -0.132676, 40.881596, 749.076 ], [ -0.132994, 40.881691, 752.347 ], [ -0.133067, 40.881791, 755.26 ], [ -0.132546, 40.881919, 760.537 ], [ -0.1324, 40.882028, 762.926 ], [ -0.132291, 40.882182, 764.887 ], [ -0.132148, 40.882291, 767.269 ], [ -0.131837, 40.882426, 771.548 ], [ -0.131339, 40.882369, 779.761 ], [ -0.130911, 40.882335, 783.617 ], [ -0.130647, 40.882453, 785.508 ], [ -0.130608, 40.882594, 787.438 ], [ -0.130614, 40.882567, 788.427 ], [ -0.13061, 40.882678, 789.328 ], [ -0.130697, 40.883353, 797.531 ], [ -0.130747, 40.883531, 798.978 ], [ -0.130733, 40.883687, 800.957 ], [ -0.130627, 40.883976, 803.788 ], [ -0.130485, 40.88413, 806.28 ], [ -0.130309, 40.884249, 808.144 ], [ -0.129364, 40.884768, 823.505 ], [ -0.12937, 40.88485, 823.515 ], [ -0.129288, 40.884844, 823.508 ], [ -0.129312, 40.884844, 823.018 ], [ -0.129301, 40.8848, 823.597 ], [ -0.129327, 40.884828, 823.048 ], [ -0.129639, 40.884927, 820.641 ], [ -0.129895, 40.885097, 817.278 ], [ -0.130023, 40.885301, 814.377 ], [ -0.130041, 40.88544, 812.428 ], [ -0.129756, 40.885301, 807.64 ], [ -0.129486, 40.885278, 806.288 ], [ -0.129314, 40.88527, 806.224 ], [ -0.129027, 40.885324, 803.326 ], [ -0.128609, 40.885344, 799.408 ], [ -0.128409, 40.88545, 798.972 ], [ -0.128069, 40.88578, 794.111 ], [ -0.127757, 40.885949, 788.882 ], [ -0.12743, 40.886202, 784.565 ], [ -0.127279, 40.886398, 784.062 ], [ -0.126977, 40.886504, 783.651 ], [ -0.126593, 40.886599, 781.622 ], [ -0.126192, 40.886862, 777.354 ], [ -0.126146, 40.886942, 776.881 ], [ -0.126212, 40.88707, 777.361 ], [ -0.12654, 40.887234, 782.117 ], [ -0.126685, 40.887354, 784.508 ], [ -0.12656, 40.887428, 785.562 ], [ -0.126466, 40.887584, 787.431 ], [ -0.126502, 40.887751, 788.862 ], [ -0.126163, 40.88797, 789.375 ], [ -0.126038, 40.88813, 790.872 ], [ -0.126053, 40.888275, 791.311 ], [ -0.126012, 40.888409, 791.772 ], [ -0.125642, 40.888842, 798.594 ], [ -0.125633, 40.88902, 799.929 ], [ -0.125717, 40.889194, 801.8 ], [ -0.12579, 40.889534, 807.12 ], [ -0.125714, 40.889624, 806.208 ], [ -0.125786, 40.889881, 804.716 ], [ -0.125775, 40.890042, 802.325 ], [ -0.125389, 40.889754, 793.276 ], [ -0.124857, 40.889616, 784.039 ], [ -0.124612, 40.889462, 778.876 ], [ -0.12408, 40.889451, 771.555 ], [ -0.12391, 40.889502, 769.666 ], [ -0.123664, 40.889652, 765.368 ], [ -0.123222, 40.889716, 760.086 ], [ -0.123077, 40.8898, 758.16 ], [ -0.123151, 40.890162, 754.226 ], [ -0.123092, 40.890267, 752.808 ], [ -0.122886, 40.890419, 751.452 ], [ -0.122761, 40.890429, 749.491 ], [ -0.122361, 40.890308, 744.182 ], [ -0.122203, 40.89027, 743.215 ], [ -0.12207, 40.890286, 742.712 ], [ -0.121599, 40.890527, 736.941 ], [ -0.121415, 40.890867, 732.162 ], [ -0.121238, 40.890941, 729.264 ], [ -0.121079, 40.891207, 723.096 ], [ -0.120893, 40.891432, 719.231 ], [ -0.120635, 40.891601, 715.324 ], [ -0.120505, 40.891638, 713.408 ], [ -0.120281, 40.891804, 709.133 ], [ -0.120238, 40.891907, 708.172 ], [ -0.119981, 40.892249, 702.823 ], [ -0.11976, 40.892352, 699.936 ], [ -0.119214, 40.892735, 691.823 ], [ -0.119045, 40.892803, 690.342 ], [ -0.118848, 40.892995, 687.913 ], [ -0.118085, 40.893424, 683.685 ], [ -0.117897, 40.89361, 682.177 ], [ -0.117755, 40.893899, 680.261 ], [ -0.117626, 40.894014, 678.827 ], [ -0.117399, 40.894335, 678.308 ], [ -0.117288, 40.894612, 676.411 ], [ -0.117338, 40.89506, 674.92 ], [ -0.117211, 40.895327, 674.521 ], [ -0.117208, 40.895389, 674.024 ], [ -0.117148, 40.895451, 673.071 ], [ -0.117126, 40.895546, 673.54 ], [ -0.116998, 40.895755, 672.511 ], [ -0.116829, 40.895935, 671.163 ], [ -0.116804, 40.896209, 670.112 ], [ -0.116967, 40.896579, 668.732 ], [ -0.116984, 40.897135, 666.805 ], [ -0.116912, 40.897457, 664.408 ], [ -0.116937, 40.89758, 663.435 ], [ -0.116824, 40.897844, 661.524 ], [ -0.116753, 40.898292, 658.685 ], [ -0.116614, 40.898631, 656.258 ], [ -0.116468, 40.899207, 654.325 ], [ -0.116464, 40.899392, 654.784 ], [ -0.116529, 40.899584, 653.325 ], [ -0.116519, 40.899674, 651.947 ], [ -0.11614, 40.900341, 645.189 ], [ -0.116114, 40.900351, 645.106 ], [ -0.116001, 40.900695, 639.826 ], [ -0.115893, 40.900943, 636.508 ], [ -0.115875, 40.901082, 635.072 ], [ -0.115692, 40.901099, 632.221 ], [ -0.115487, 40.900924, 629.382 ], [ -0.115157, 40.900538, 629.345 ], [ -0.115006, 40.900559, 627.312 ], [ -0.114869, 40.900894, 622.541 ], [ -0.114696, 40.901052, 620.152 ], [ -0.114376, 40.901255, 617.344 ], [ -0.113987, 40.901397, 615.328 ], [ -0.113736, 40.901521, 614.989 ], [ -0.113662, 40.901602, 614.917 ], [ -0.113583, 40.901757, 614.408 ], [ -0.113238, 40.902004, 614.976 ], [ -0.112902, 40.902049, 612.455 ], [ -0.112602, 40.90206, 611.516 ], [ -0.112416, 40.902052, 610.539 ], [ -0.11235, 40.902011, 610.066 ], [ -0.112519, 40.902138, 610.595 ], [ -0.112497, 40.902179, 612.076 ], [ -0.112504, 40.902159, 611.038 ], [ -0.112447, 40.902099, 609.661 ], [ -0.112124, 40.902039, 608.621 ], [ -0.111742, 40.902014, 607.613 ], [ -0.111144, 40.901923, 607.208 ], [ -0.110741, 40.901923, 607.63 ], [ -0.110371, 40.902075, 611.599 ], [ -0.110002, 40.90218, 609.62 ], [ -0.109977, 40.902185, 608.133 ], [ -0.109535, 40.902154, 605.73 ], [ -0.10937, 40.902213, 604.389 ], [ -0.109196, 40.902381, 604.36 ], [ -0.108978, 40.902532, 604.842 ], [ -0.108946, 40.902647, 604.371 ], [ -0.108835, 40.902611, 602.841 ], [ -0.108685, 40.902429, 600.915 ], [ -0.108809, 40.902302, 600.008 ], [ -0.10896, 40.902221, 600.061 ], [ -0.108913, 40.902136, 599.52 ], [ -0.108583, 40.901877, 598.031 ], [ -0.108488, 40.901837, 599.084 ] ] ] } },
{ "type": "Feature", "properties": { "Name": "Monasterio de Santa Clara - Nuestra Señora Allende de Rio - ...", "description": null, "timestamp": null, "begin": null, "end": null, "altitudeMode": null, "tessellate": null, "extrude": null, "visibility": null, "drawOrder": null, "icon": null, "cmt": null, "desc": null, "src": null, "link1_href": null, "link1_text": null, "link1_type": null, "link2_href": null, "link2_text": null, "link2_type": null, "number": null, "type": null, "layer": "tracks", "path": "D:/edicao/design/mapas-sta-comba/igrejas/202601-04/monasterio-de-santa-clara-nuestra-senora-allende-de-rio-igle.gpx|layername=tracks" }, "geometry": { "type": "MultiLineString", "coordinates": [ [ [ -4.531517, 42.009701, 737.971 ], [ -4.532955, 42.009525, 736.041 ], [ -4.534178, 42.009621, 737.015 ], [ -4.535036, 42.009908, 737.709 ], [ -4.536409, 42.008792, 733.059 ], [ -4.538233, 42.00825, 732.252 ], [ -4.539499, 42.008553, 732.048 ], [ -4.541259, 42.008346, 731.046 ], [ -4.543233, 42.009573, 731.739 ], [ -4.545336, 42.010514, 731.35 ], [ -4.5454, 42.012586, 731.369 ], [ -4.545722, 42.014595, 731.481 ], [ -4.546216, 42.016413, 732.047 ], [ -4.547718, 42.018007, 732.092 ], [ -4.54967, 42.019569, 731.973 ], [ -4.551473, 42.021259, 732.02 ], [ -4.552824, 42.022454, 732.809 ], [ -4.553897, 42.023108, 732.041 ], [ -4.555496, 42.023403, 733.034 ], [ -4.557374, 42.023865, 733.02 ], [ -4.558339, 42.024311, 733.518 ], [ -4.559498, 42.025021, 733.941 ], [ -4.56056, 42.025802, 734.022 ], [ -4.562201, 42.0273, 732.971 ], [ -4.563532, 42.029053, 734.313 ], [ -4.564047, 42.030424, 734.039 ], [ -4.562373, 42.031859, 734.641 ], [ -4.560356, 42.032879, 735.081 ], [ -4.559112, 42.033452, 734.909 ], [ -4.558811, 42.035046, 736.009 ], [ -4.559455, 42.036066, 738.056 ], [ -4.560356, 42.036226, 736.099 ], [ -4.561901, 42.037182, 735.955 ], [ -4.563575, 42.038265, 737.083 ], [ -4.565206, 42.039636, 737.046 ], [ -4.566783, 42.041222, 737.337 ], [ -4.56778, 42.042042, 737.046 ], [ -4.568768, 42.042847, 737.538 ], [ -4.570023, 42.043971, 738.024 ], [ -4.57072, 42.044504, 738.044 ], [ -4.571793, 42.045397, 738.305 ], [ -4.572791, 42.046273, 738.415 ], [ -4.574003, 42.047253, 738.409 ], [ -4.57454, 42.047699, 738.676 ], [ -4.575688, 42.049093, 740.299 ], [ -4.57616, 42.049962, 742.415 ], [ -4.577222, 42.051715, 749.553 ], [ -4.578756, 42.052607, 750.426 ], [ -4.579475, 42.053387, 750.877 ], [ -4.5797, 42.05428, 750.016 ], [ -4.579947, 42.055244, 750.148 ], [ -4.580934, 42.0571, 750.234 ], [ -4.582007, 42.058996, 750.313 ], [ -4.582973, 42.060812, 750.343 ], [ -4.583895, 42.06258, 751.007 ], [ -4.584839, 42.064093, 750.609 ], [ -4.585869, 42.065925, 750.943 ], [ -4.586298, 42.066626, 750.986 ], [ -4.588208, 42.068267, 753.452 ], [ -4.589839, 42.069493, 759.17 ], [ -4.591684, 42.070959, 758.933 ], [ -4.593379, 42.072631, 756.264 ], [ -4.594967, 42.074256, 751.453 ], [ -4.596362, 42.075737, 749.895 ], [ -4.597628, 42.077187, 750.021 ], [ -4.599302, 42.078763, 752.818 ], [ -4.600804, 42.080388, 757.098 ], [ -4.602242, 42.082012, 761.717 ], [ -4.603915, 42.083573, 759.809 ], [ -4.60546, 42.085197, 757.463 ], [ -4.606876, 42.08663, 757.366 ], [ -4.608293, 42.08808, 758.932 ], [ -4.609172, 42.089051, 763.13 ], [ -4.609945, 42.089688, 762.213 ], [ -4.609773, 42.090357, 764.124 ], [ -4.610846, 42.090978, 762.093 ], [ -4.612391, 42.091806, 762.555 ], [ -4.613829, 42.092713, 763.051 ], [ -4.615717, 42.093716, 762.664 ], [ -4.617219, 42.094385, 762.806 ], [ -4.619408, 42.095197, 766.016 ], [ -4.621682, 42.096041, 764.709 ], [ -4.623399, 42.096662, 766.058 ], [ -4.625888, 42.097633, 767.961 ], [ -4.627926, 42.09878, 765.527 ], [ -4.629622, 42.099655, 766.075 ], [ -4.631724, 42.100881, 762.248 ], [ -4.633956, 42.102075, 767.259 ], [ -4.635394, 42.103413, 767.798 ], [ -4.636896, 42.104973, 768.24 ], [ -4.638183, 42.10639, 769.536 ], [ -4.639428, 42.106724, 769.222 ], [ -4.64093, 42.10639, 765.762 ], [ -4.641724, 42.107186, 765.908 ], [ -4.642668, 42.107679, 766.209 ], [ -4.643462, 42.107711, 765.534 ], [ -4.644191, 42.107695, 765.387 ], [ -4.644535, 42.108825, 764.173 ], [ -4.643204, 42.110067, 762.141 ], [ -4.64138, 42.111229, 763.074 ], [ -4.639921, 42.112184, 765.435 ], [ -4.63887, 42.112614, 770.094 ], [ -4.640801, 42.113935, 764.196 ], [ -4.642797, 42.115463, 763.092 ], [ -4.644942, 42.116896, 763.014 ], [ -4.646852, 42.118328, 762.054 ], [ -4.648569, 42.119617, 764.909 ], [ -4.650607, 42.121066, 770.009 ], [ -4.652517, 42.122625, 774.023 ], [ -4.654534, 42.123994, 776.146 ], [ -4.656422, 42.125331, 780.212 ], [ -4.658482, 42.126843, 782.72 ], [ -4.66037, 42.128259, 789.193 ], [ -4.662473, 42.129389, 788.634 ], [ -4.664361, 42.130503, 792.713 ], [ -4.666293, 42.131585, 796.065 ], [ -4.667516, 42.133129, 797.261 ], [ -4.66876, 42.134863, 796.796 ], [ -4.670026, 42.136709, 794.931 ], [ -4.671314, 42.138412, 793.124 ], [ -4.672751, 42.140257, 794.909 ], [ -4.673696, 42.141514, 799.171 ], [ -4.675112, 42.14328, 799.474 ], [ -4.676871, 42.14468, 794.91 ], [ -4.678588, 42.14581, 791.178 ], [ -4.680777, 42.147051, 790.381 ], [ -4.682579, 42.148133, 791.182 ], [ -4.684553, 42.14923, 790.111 ], [ -4.685926, 42.150026, 788.763 ], [ -4.687665, 42.151012, 789.269 ], [ -4.689338, 42.152555, 786.022 ], [ -4.689939, 42.153844, 783.162 ], [ -4.690862, 42.155005, 784.108 ], [ -4.691162, 42.155864, 781.609 ], [ -4.691184, 42.156484, 778.744 ], [ -4.69363, 42.156962, 776.167 ], [ -4.695926, 42.15798, 773.983 ], [ -4.69775, 42.158711, 776.241 ], [ -4.699788, 42.159379, 777.914 ], [ -4.702063, 42.160047, 775.565 ], [ -4.704273, 42.161002, 771.944 ], [ -4.705303, 42.161447, 772.096 ], [ -4.707663, 42.162433, 768.272 ], [ -4.710066, 42.163372, 768.821 ], [ -4.712405, 42.164374, 767.041 ], [ -4.714766, 42.16536, 768.905 ], [ -4.717062, 42.166362, 768.909 ], [ -4.719229, 42.167411, 772.884 ], [ -4.721503, 42.168636, 775.667 ], [ -4.723692, 42.169813, 780.153 ], [ -4.725881, 42.17099, 783.041 ], [ -4.728048, 42.172151, 784.054 ], [ -4.730365, 42.173375, 779.635 ], [ -4.732533, 42.1746, 774.984 ], [ -4.734635, 42.175745, 769.946 ], [ -4.736781, 42.176937, 770.072 ], [ -4.739077, 42.178146, 768.092 ], [ -4.741395, 42.179386, 770.673 ], [ -4.743347, 42.180515, 774.42 ], [ -4.745321, 42.181596, 778.609 ], [ -4.747617, 42.182852, 779.141 ], [ -4.749849, 42.184013, 775.524 ], [ -4.75193, 42.185126, 773.59 ], [ -4.753861, 42.186223, 775.978 ], [ -4.756029, 42.187368, 774.811 ], [ -4.758046, 42.188417, 776.032 ], [ -4.760063, 42.189546, 776.161 ], [ -4.761329, 42.190134, 774.683 ], [ -4.76371, 42.190659, 771.839 ], [ -4.765685, 42.190802, 771.942 ], [ -4.767852, 42.191025, 772.722 ], [ -4.770513, 42.191247, 773.014 ], [ -4.771607, 42.191597, 773.809 ], [ -4.77283, 42.192599, 775.066 ], [ -4.774225, 42.193298, 776.059 ], [ -4.776864, 42.194061, 777.015 ], [ -4.779482, 42.19492, 779.343 ], [ -4.7821, 42.19554, 781.066 ], [ -4.784482, 42.196303, 783.757 ], [ -4.787056, 42.197082, 783.556 ], [ -4.789438, 42.197765, 784.998 ], [ -4.791327, 42.198337, 787.074 ], [ -4.79373, 42.198973, 787.059 ], [ -4.79594, 42.199641, 789.303 ], [ -4.798558, 42.200467, 792.323 ], [ -4.801004, 42.201135, 795.509 ], [ -4.803665, 42.201882, 800.087 ], [ -4.806046, 42.202597, 803.81 ], [ -4.808514, 42.20336, 807.756 ], [ -4.81111, 42.204123, 808.334 ], [ -4.813471, 42.204839, 809.557 ], [ -4.815638, 42.205474, 812.638 ], [ -4.817129, 42.205919, 816.247 ], [ -4.819114, 42.206484, 816.739 ], [ -4.820327, 42.20681, 814.945 ], [ -4.822408, 42.207421, 816.954 ], [ -4.823974, 42.207882, 816.956 ], [ -4.826034, 42.208486, 808.311 ], [ -4.827247, 42.208844, 806.409 ], [ -4.829607, 42.209535, 805.467 ], [ -4.831592, 42.210084, 804.16 ], [ -4.833695, 42.210759, 796.716 ], [ -4.835798, 42.211387, 794.094 ], [ -4.837514, 42.211872, 793.597 ], [ -4.839242, 42.212356, 795.278 ], [ -4.841473, 42.213087, 795.857 ], [ -4.843941, 42.213834, 788.219 ], [ -4.846473, 42.214438, 785.725 ], [ -4.84879, 42.21536, 786.098 ], [ -4.850721, 42.215741, 786.415 ], [ -4.852824, 42.216345, 788.026 ], [ -4.855442, 42.21714, 787.009 ], [ -4.856687, 42.218284, 788.141 ], [ -4.859605, 42.218634, 788.134 ], [ -4.861879, 42.219619, 789.98 ], [ -4.862351, 42.220763, 790.028 ], [ -4.864798, 42.220731, 790.761 ], [ -4.866815, 42.220763, 791.872 ], [ -4.869003, 42.221367, 793.971 ], [ -4.870892, 42.221971, 796.343 ], [ -4.873381, 42.222757, 797.179 ], [ -4.875591, 42.223472, 798.619 ], [ -4.877318, 42.224029, 801.509 ], [ -4.879271, 42.224648, 803.619 ], [ -4.880633, 42.225069, 802.809 ], [ -4.882146, 42.22557, 800.793 ], [ -4.884539, 42.226325, 804.846 ], [ -4.886727, 42.227056, 809.582 ], [ -4.889216, 42.227834, 811.85 ], [ -4.891716, 42.228589, 816.093 ], [ -4.894109, 42.229391, 816.874 ], [ -4.896587, 42.230186, 814.263 ], [ -4.898636, 42.230821, 815.945 ], [ -4.900922, 42.23152, 821.251 ], [ -4.903196, 42.232291, 824.551 ], [ -4.905449, 42.23299, 823.201 ], [ -4.908024, 42.233808, 821.611 ], [ -4.910438, 42.234626, 823.109 ], [ -4.91268, 42.235349, 824.497 ], [ -4.914869, 42.236088, 827.94 ], [ -4.917412, 42.236843, 829.586 ], [ -4.919826, 42.237645, 834.064 ], [ -4.922111, 42.238368, 835.177 ], [ -4.924772, 42.239225, 832.148 ], [ -4.927282, 42.24002, 829.677 ], [ -4.929879, 42.240806, 829.769 ], [ -4.932024, 42.241505, 825.125 ], [ -4.934503, 42.242268, 819.349 ], [ -4.937153, 42.243094, 820.202 ], [ -4.939835, 42.243967, 824.422 ], [ -4.942539, 42.244769, 818.309 ], [ -4.945006, 42.245556, 815.026 ], [ -4.94756, 42.246326, 811.519 ], [ -4.950081, 42.247112, 802.925 ], [ -4.952238, 42.247795, 801.113 ], [ -4.953986, 42.248351, 801.046 ], [ -4.955531, 42.248796, 798.397 ], [ -4.956669, 42.249146, 797.146 ], [ -4.958557, 42.249733, 793.018 ], [ -4.959909, 42.250099, 790.094 ], [ -4.961786, 42.250329, 790.451 ], [ -4.9639, 42.250639, 790.001 ], [ -4.966164, 42.251647, 791.011 ], [ -4.966893, 42.252632, 791.809 ], [ -4.967666, 42.254601, 795.487 ], [ -4.968653, 42.256094, 794.95 ], [ -4.970198, 42.257905, 802.366 ], [ -4.97141, 42.259326, 801.014 ], [ -4.972547, 42.26066, 800.557 ], [ -4.973556, 42.261899, 801.038 ], [ -4.974189, 42.263233, 800.637 ], [ -4.975433, 42.265019, 800.519 ], [ -4.976442, 42.26675, 807.375 ], [ -4.977643, 42.268592, 809.039 ], [ -4.97877, 42.270291, 809.501 ], [ -4.979886, 42.27195, 809.021 ], [ -4.981012, 42.273697, 811.309 ], [ -4.981924, 42.275078, 814.015 ], [ -4.98275, 42.27615, 817.018 ], [ -4.983974, 42.277253, 815.674 ], [ -4.98569, 42.278738, 816.272 ], [ -4.986892, 42.279952, 816.475 ], [ -4.987686, 42.281302, 817.576 ], [ -4.988437, 42.282683, 817.055 ], [ -4.989359, 42.28435, 819.827 ], [ -4.990271, 42.28608, 824.973 ], [ -4.990861, 42.287413, 826.085 ], [ -4.991333, 42.288905, 826.089 ], [ -4.991859, 42.290453, 826.417 ], [ -4.992363, 42.291921, 828.509 ], [ -4.992889, 42.293469, 828.52 ], [ -4.993587, 42.295374, 827.943 ], [ -4.994198, 42.297191, 830.059 ], [ -4.994777, 42.298984, 832.157 ], [ -4.995325, 42.300444, 833.29 ], [ -4.996247, 42.302143, 833.951 ], [ -4.997159, 42.303738, 834.07 ], [ -4.998189, 42.305325, 834.982 ], [ -4.999627, 42.307094, 830.678 ], [ -5.001075, 42.308705, 824.264 ], [ -5.00247, 42.31026, 817.106 ], [ -5.003897, 42.31195, 815.016 ], [ -5.00542, 42.313647, 812.609 ], [ -5.00674, 42.315155, 816.048 ], [ -5.007824, 42.316067, 817.811 ], [ -5.009894, 42.316924, 821.017 ], [ -5.011997, 42.317749, 818.355 ], [ -5.014014, 42.318923, 815.668 ], [ -5.015055, 42.32047, 811.039 ], [ -5.01586, 42.321668, 808.128 ], [ -5.016342, 42.322184, 808.39 ], [ -5.017329, 42.322572, 804.246 ], [ -5.018306, 42.322913, 799.142 ], [ -5.019861, 42.323548, 792.922 ], [ -5.020376, 42.323833, 791.914 ] ] ] } },
{ "type": "Feature", "properties": { "Name": "CAMINO DEL SEGRE-CAMÍ DEL SEGRE-CAMÍ DE SANT JAUME DEL SEGRE... - Wikiloc", "description": null, "timestamp": null, "begin": null, "end": null, "altitudeMode": null, "tessellate": null, "extrude": null, "visibility": null, "drawOrder": null, "icon": null, "cmt": null, "desc": null, "src": null, "link1_href": null, "link1_text": null, "link1_type": null, "link2_href": null, "link2_text": null, "link2_type": null, "number": null, "type": null, "layer": "tracks", "path": "D:/edicao/design/mapas-sta-comba/igrejas/202601-04/camino-del-segre-cami-del-segre-cami-de-sant-jaume-del-segre.gpx|layername=tracks" }, "geometry": { "type": "MultiLineString", "coordinates": [ [ [ 2.078234, 42.502529, 1606.323 ], [ 2.07825, 42.500803, 1610.883 ], [ 2.066182, 42.494366, 1556.911 ], [ 2.050155, 42.4926, 1545.008 ], [ 2.042901, 42.488671, 1514.244 ], [ 2.040345, 42.488713, 1507.123 ], [ 2.043094, 42.484644, 1451.563000000000102 ], [ 2.0469, 42.48339, 1381.558 ], [ 2.046498, 42.482271, 1393.044 ], [ 2.039261, 42.482632, 1380.472 ], [ 2.0333, 42.485478, 1375.129 ], [ 2.025568, 42.486767, 1367.113 ], [ 2.021871, 42.485715, 1364.755000000000109 ], [ 2.015602, 42.478582, 1362.507 ], [ 2.010466, 42.477811, 1361.817 ], [ 2.008006, 42.475448, 1360.908 ], [ 2.008477, 42.472202, 1359.317 ], [ 2.0134, 42.472317, 1359.476000000000113 ], [ 2.015056, 42.470411, 1331.826 ], [ 2.012022, 42.468734, 1284.271 ], [ 1.995929, 42.467941, 1216.977 ], [ 1.987378, 42.470791, 1230.494999999999891 ], [ 1.981287, 42.469049, 1231.692 ], [ 1.979154, 42.465368, 1209.336 ], [ 1.982815, 42.464016, 1206.726000000000113 ], [ 1.978188, 42.464804, 1207.547 ], [ 1.951991, 42.46023, 1214.011 ], [ 1.938256, 42.461882, 1201.108 ], [ 1.936321, 42.450124, 1224.864 ], [ 1.939008, 42.446058, 1214.123 ], [ 1.931362, 42.439445, 1217.143 ], [ 1.926444, 42.437567, 1213.548 ], [ 1.927471, 42.431476, 1201.394 ], [ 1.925114, 42.429568, 1148.272 ], [ 1.921473, 42.43269, 1152.219 ], [ 1.918003, 42.432862, 1147.743 ], [ 1.909276, 42.43023, 1154.811 ], [ 1.90349, 42.425261, 1150.821 ], [ 1.891191, 42.419983, 1151.703 ], [ 1.881097, 42.41813, 1109.608 ], [ 1.881238, 42.419166, 1115.663 ], [ 1.870581, 42.412112, 1089.622 ], [ 1.86741, 42.407672, 1074.071999999999889 ], [ 1.859015, 42.400846, 1064.067 ], [ 1.829511, 42.381061, 1038.243 ], [ 1.82266, 42.379814, 1034.571 ], [ 1.823456, 42.377872, 1031.478 ], [ 1.821421, 42.375463, 1028.682 ], [ 1.814016, 42.372885, 1028.654 ], [ 1.811584, 42.370244, 1037.756 ], [ 1.806446, 42.370017, 1029.511 ], [ 1.801901, 42.367967, 1029.108 ], [ 1.790095, 42.368348, 1026.737 ], [ 1.780768, 42.363101, 1057.876 ], [ 1.776816, 42.364807, 1047.866 ], [ 1.775504, 42.369282, 1038.881 ], [ 1.771797, 42.369653, 1025.186999999999898 ], [ 1.763258, 42.367278, 1010.035 ], [ 1.75985, 42.363257, 1025.692 ], [ 1.754991, 42.360951, 1027.136 ], [ 1.735904, 42.358226, 1053.557 ], [ 1.729246, 42.359228, 1046.6 ], [ 1.727144, 42.361785, 1047.32 ], [ 1.722364, 42.362485, 1034.308 ], [ 1.721582, 42.363764, 1045.177 ], [ 1.715095, 42.362629, 1014.736 ], [ 1.712007, 42.364343, 980.356 ], [ 1.706294, 42.362842, 979.031 ], [ 1.703034, 42.358112, 976.527 ], [ 1.696324, 42.35974, 961.385 ], [ 1.689379, 42.359508, 965.372 ], [ 1.684981, 42.356694, 949.816 ], [ 1.68028, 42.358709, 944.639 ], [ 1.679368, 42.362967, 937.001 ], [ 1.676951, 42.364599, 940.721 ], [ 1.67382, 42.364157, 926.708 ], [ 1.668681, 42.360682, 933.085 ], [ 1.663819, 42.363058, 922.924 ], [ 1.658808, 42.359476, 923.284 ], [ 1.659167, 42.361208, 937.989 ], [ 1.65755, 42.362035, 954.645 ], [ 1.650953, 42.362223, 910.673 ], [ 1.644655, 42.366074, 907.06 ], [ 1.644451, 42.37024, 908.394 ], [ 1.64182, 42.372, 888.914 ], [ 1.631732, 42.372858, 928.254 ], [ 1.613064, 42.370513, 849.409 ], [ 1.606329, 42.372041, 856.408 ], [ 1.604518, 42.371399, 836.533 ], [ 1.606941, 42.370787, 836.372 ], [ 1.605805, 42.370205, 836.532 ], [ 1.602145, 42.370477, 818.837 ], [ 1.597244, 42.367056, 804.543 ], [ 1.592998, 42.367261, 800.741 ], [ 1.589803, 42.365386, 800.278 ], [ 1.588034, 42.358799, 793.512 ], [ 1.582246, 42.355548, 889.624 ], [ 1.581636, 42.350699, 920.304 ], [ 1.583677, 42.349329, 915.714 ], [ 1.583131, 42.346973, 890.108 ], [ 1.575495, 42.347508, 990.044 ], [ 1.573594, 42.348907, 1048.723 ], [ 1.569576, 42.34449, 1107.013 ], [ 1.568784, 42.341561, 1148.278 ], [ 1.570141, 42.339612, 1151.834 ], [ 1.563797, 42.33512, 1096.022 ], [ 1.564028, 42.339525, 1001.659 ], [ 1.560579, 42.338167, 916.933 ], [ 1.561141, 42.341197, 913.366 ], [ 1.564394, 42.343754, 875.129 ], [ 1.564143, 42.346983, 855.721 ], [ 1.558652, 42.350239, 844.308 ], [ 1.554616, 42.356345, 840.748 ], [ 1.544865, 42.356308, 857.347 ], [ 1.541603, 42.352888, 874.587 ], [ 1.536458, 42.35338, 885.552 ], [ 1.536529, 42.350492, 898.128 ], [ 1.534227, 42.352073, 910.046 ], [ 1.530209, 42.351821, 930.593 ], [ 1.524601, 42.349069, 947.467 ], [ 1.519831, 42.34983, 924.699 ], [ 1.514183, 42.352941, 830.507 ], [ 1.512863, 42.350668, 808.127 ], [ 1.509099, 42.350767, 773.108 ], [ 1.505256, 42.354433, 708.241 ], [ 1.505183, 42.35678, 707.87 ], [ 1.500685, 42.356351, 700.77 ], [ 1.491381, 42.358723, 694.695 ], [ 1.484302, 42.358032, 689.351 ], [ 1.476433, 42.360027, 685.189 ], [ 1.466774, 42.357202, 678.036 ], [ 1.465672, 42.358563, 679.85 ], [ 1.461568, 42.358112, 691.414 ], [ 1.460021, 42.352131, 674.154 ], [ 1.454692, 42.347885, 670.909 ], [ 1.440826, 42.344582, 657.508 ], [ 1.437816, 42.341083, 654.583 ], [ 1.422732, 42.332327, 648.932 ], [ 1.414975, 42.332189, 653.722 ], [ 1.411198, 42.326669, 649.547 ], [ 1.402989, 42.323094, 632.213 ], [ 1.395603, 42.322805, 633.051 ], [ 1.388903, 42.316794, 673.278 ], [ 1.383441, 42.314035, 674.542 ], [ 1.384566, 42.312968, 687.065 ], [ 1.380779, 42.30507, 665.768 ], [ 1.381487, 42.301432, 702.614 ], [ 1.378935, 42.300248, 700.208 ], [ 1.373546, 42.302339, 656.068 ], [ 1.375664, 42.300439, 647.067 ], [ 1.372946, 42.300611, 686.447 ], [ 1.377135, 42.297838, 729.822 ], [ 1.368547, 42.29657, 626.838 ], [ 1.366434, 42.294841, 598.116 ], [ 1.368136, 42.292547, 590.513 ], [ 1.367646, 42.289909, 588.047 ], [ 1.360594, 42.287336, 607.217 ], [ 1.361533, 42.285631, 579.487 ], [ 1.35891, 42.279465, 573.815 ], [ 1.355875, 42.276371, 572.408 ], [ 1.359487, 42.268518, 564.763 ], [ 1.35441, 42.263011, 566.232 ], [ 1.354747, 42.259844, 570.472 ], [ 1.347582, 42.25475, 585.537 ], [ 1.347613, 42.247478, 566.553 ], [ 1.344235, 42.245834, 553.821 ], [ 1.345733, 42.232722, 552.318 ], [ 1.341244, 42.227911, 557.952 ], [ 1.334246, 42.224124, 548.445 ], [ 1.332487, 42.219336, 544.347 ], [ 1.328916, 42.215476, 568.711 ], [ 1.328733, 42.212261, 561.108 ], [ 1.325486, 42.209013, 564.176 ], [ 1.325616, 42.206636, 565.375 ], [ 1.321917, 42.203743, 558.935 ], [ 1.322399, 42.198939, 555.12 ], [ 1.316226, 42.195121, 601.036 ], [ 1.32343, 42.192118, 564.454 ], [ 1.32428, 42.189103, 614.671 ], [ 1.319507, 42.187315, 699.775 ], [ 1.320617, 42.185108, 707.382 ], [ 1.318481, 42.18275, 635.643 ], [ 1.314024, 42.181906, 602.717 ], [ 1.312281, 42.18016, 565.208 ], [ 1.31612, 42.176309, 576.85 ], [ 1.315568, 42.172862, 553.399 ], [ 1.286532, 42.160519, 650.139 ], [ 1.284204, 42.1564, 692.094 ], [ 1.279562, 42.154662, 738.03 ], [ 1.277733, 42.1512, 772.498 ], [ 1.273886, 42.150128, 839.555 ], [ 1.27447, 42.146443, 880.689 ], [ 1.265972, 42.144657, 941.957 ], [ 1.26479, 42.142346, 964.8 ], [ 1.261016, 42.140924, 974.92 ], [ 1.25817, 42.137829, 990.608 ], [ 1.254805, 42.139825, 1012.017 ], [ 1.254157, 42.133366, 986.126 ], [ 1.250106, 42.136665, 1030.086 ], [ 1.250683, 42.135244, 1048.611000000000104 ], [ 1.246169, 42.132383, 1107.887 ], [ 1.247744, 42.129213, 1159.055 ], [ 1.245804, 42.127964, 1185.612 ], [ 1.241011, 42.127498, 1180.926 ], [ 1.239162, 42.125383, 1161.976000000000113 ], [ 1.231284, 42.125434, 1165.69 ], [ 1.23205, 42.124093, 1164.819 ], [ 1.229688, 42.122328, 1147.808 ], [ 1.219593, 42.117801, 1118.959 ], [ 1.215204, 42.111714, 1077.888 ], [ 1.216542, 42.107984, 1067.428000000000111 ], [ 1.213807, 42.104232, 1108.643 ], [ 1.21131, 42.103358, 1125.019 ], [ 1.214579, 42.101047, 1199.757 ], [ 1.219332, 42.101547, 1212.754 ], [ 1.221748, 42.098757, 1259.498 ], [ 1.22766, 42.097855, 1261.911 ], [ 1.22628, 42.096331, 1227.921 ], [ 1.228485, 42.095682, 1161.103 ], [ 1.226552, 42.093929, 1112.808 ], [ 1.231141, 42.092719, 1033.773 ], [ 1.233458, 42.088833, 978.962 ], [ 1.239366, 42.091381, 966.162 ], [ 1.24184, 42.087312, 985.997 ], [ 1.253452, 42.078525, 912.223 ], [ 1.259278, 42.078924, 906.561 ], [ 1.259919, 42.076959, 895.048 ], [ 1.263983, 42.077234, 880.152 ], [ 1.262361, 42.075577, 895.737 ], [ 1.264273, 42.07405, 865.049 ], [ 1.263159, 42.072243, 843.313 ], [ 1.264179, 42.06965, 802.708 ], [ 1.259562, 42.070118, 757.085 ], [ 1.262405, 42.069645, 753.754 ], [ 1.262013, 42.06687, 722.834 ], [ 1.258659, 42.065175, 663.459 ], [ 1.259308, 42.063455, 649.925 ], [ 1.258236, 42.062763, 645.223 ], [ 1.262751, 42.058088, 594.36 ], [ 1.266724, 42.05877, 573.334 ], [ 1.273397, 42.05629, 519.588 ], [ 1.276726, 42.058624, 514.624 ], [ 1.282208, 42.057114, 488.726 ], [ 1.291835, 42.064221, 485.808 ], [ 1.296937, 42.060725, 455.13 ], [ 1.296076, 42.064259, 443.659 ], [ 1.297657, 42.065321, 434.469 ], [ 1.313335, 42.068175, 450.064 ], [ 1.31405, 42.06563, 456.22 ], [ 1.311837, 42.056581, 502.428 ], [ 1.313028, 42.054844, 510.495 ], [ 1.306303, 42.049471, 439.769 ], [ 1.31312, 42.04332, 583.651 ], [ 1.315812, 42.04318, 607.001 ], [ 1.313387, 42.039479, 619.811 ], [ 1.316517, 42.034677, 553.508 ], [ 1.316674, 42.031491, 543.817 ], [ 1.319797, 42.029322, 536.456 ], [ 1.31823, 42.02725, 516.366 ], [ 1.321528, 42.021649, 448.091 ], [ 1.318164, 42.018982, 455.777 ], [ 1.319646, 42.018821, 478.045 ], [ 1.318471, 42.016612, 484.722 ], [ 1.316712, 42.017235, 480.546 ], [ 1.313301, 42.014949, 483.247 ], [ 1.310793, 42.016043, 479.829 ], [ 1.300275, 42.011892, 472.821 ], [ 1.29757, 42.009914, 477.408 ], [ 1.297371, 42.008402, 472.576 ], [ 1.299082, 42.007573, 436.735 ], [ 1.29401, 42.008174, 446.895 ], [ 1.294301, 42.002767, 501.87 ], [ 1.302977, 41.997614, 549.466 ], [ 1.301079, 41.993723, 557.864 ], [ 1.295184, 41.99158, 512.241 ], [ 1.292881, 41.987626, 538.745 ], [ 1.293494, 41.985287, 508.515 ], [ 1.290663, 41.982846, 488.865 ], [ 1.292575, 41.982282, 461.411 ], [ 1.291191, 41.977735, 490.208 ], [ 1.29505, 41.976226, 481.323 ], [ 1.294828, 41.974788, 460.022 ], [ 1.291835, 41.973841, 460.772 ], [ 1.29488, 41.972451, 462.117 ], [ 1.29289, 41.967387, 531.723 ], [ 1.28335, 41.960848, 632.851 ], [ 1.277525, 41.958656, 667.098 ], [ 1.273989, 41.960313, 683.632 ], [ 1.268231, 41.968278, 678.215 ], [ 1.264117, 41.96878, 662.465 ], [ 1.261914, 41.9727, 664.511 ], [ 1.256038, 41.975053, 647.408 ], [ 1.255736, 41.972568, 641.973 ], [ 1.257231, 41.971212, 629.952 ], [ 1.253451, 41.96663, 616.172 ], [ 1.248361, 41.96506, 611.727 ], [ 1.243409, 41.960228, 512.623 ], [ 1.243704, 41.958954, 497.911 ], [ 1.240831, 41.959022, 461.438 ], [ 1.238739, 41.962374, 442.332 ], [ 1.233824, 41.961309, 440.199 ], [ 1.23127, 41.957608, 441.007 ], [ 1.232025, 41.955246, 468.827 ], [ 1.229032, 41.953329, 465.608 ], [ 1.228418, 41.950526, 440.951 ], [ 1.226961, 41.952819, 455.78 ], [ 1.228058, 41.954992, 449.87 ], [ 1.226982, 41.957421, 444.515 ], [ 1.211807, 41.953074, 449.621 ], [ 1.210176, 41.951274, 449.639 ], [ 1.211244, 41.949737, 440.016 ], [ 1.208253, 41.947431, 437.64 ], [ 1.212122, 41.947079, 447.393 ], [ 1.212167, 41.945584, 444.765 ], [ 1.198863, 41.941957, 457.721 ], [ 1.201444, 41.937449, 404.608 ], [ 1.204199, 41.937085, 384.481 ], [ 1.202662, 41.935856, 374.24 ], [ 1.203254, 41.933231, 370.24 ], [ 1.200647, 41.928123, 366.755 ], [ 1.195644, 41.924192, 361.541 ], [ 1.192273, 41.924032, 354.959 ], [ 1.191949, 41.921084, 360.076 ], [ 1.185076, 41.915384, 366.01 ], [ 1.187749, 41.913323, 370.125 ], [ 1.185471, 41.904132, 355.526 ], [ 1.187665, 41.901579, 362.508 ], [ 1.189646, 41.894331, 373.508 ], [ 1.18138, 41.883503, 390.654 ], [ 1.180934, 41.880025, 401.363 ], [ 1.175777, 41.875124, 414.953 ], [ 1.166277, 41.874279, 429.088 ], [ 1.158535, 41.87548, 433.314 ], [ 1.14791, 41.873302, 457.192 ], [ 1.137042, 41.874641, 474.659 ], [ 1.131797, 41.87153, 508.353 ], [ 1.125429, 41.870886, 517.642 ], [ 1.124241, 41.869953, 493.222 ], [ 1.124837, 41.867695, 456.214 ], [ 1.113502, 41.869396, 431.808 ], [ 1.107345, 41.874981, 436.936 ], [ 1.104253, 41.873577, 413.875 ], [ 1.097275, 41.876452, 389.125 ], [ 1.089143, 41.876892, 368.62 ], [ 1.056324, 41.88586, 343.946 ], [ 1.050837, 41.88599, 342.364 ], [ 1.050503, 41.890965, 328.531 ], [ 1.046756, 41.893961, 331.185 ], [ 1.049803, 41.896834, 316.835 ], [ 1.040668, 41.903517, 309.186 ], [ 1.026281, 41.897332, 309.714 ], [ 1.019929, 41.897811, 342.508 ], [ 1.0195, 41.899613, 334.845 ], [ 1.020698, 41.899612, 335.564 ], [ 1.017089, 41.901998, 309.014 ], [ 1.015837, 41.906403, 309.129 ], [ 1.015597, 41.90901, 310.485 ], [ 1.017524, 41.911997, 304.643 ], [ 1.014942, 41.913369, 311.45 ], [ 1.015116, 41.919059, 340.564 ], [ 1.003848, 41.920945, 412.758 ], [ 1.000493, 41.923751, 443.752 ], [ 0.992675, 41.923571, 484.117 ], [ 0.990884, 41.925406, 524.708 ], [ 0.990687, 41.922287, 534.287 ], [ 0.98721, 41.918741, 524.846 ], [ 0.985358, 41.920787, 480.936 ], [ 0.982339, 41.914972, 404.211 ], [ 0.977239, 41.913578, 370.237 ], [ 0.979626, 41.917254, 344.215 ], [ 0.97654, 41.917255, 380.262 ], [ 0.970274, 41.914071, 349.686 ], [ 0.96655, 41.915909, 314.431 ], [ 0.961548, 41.913994, 323.061 ], [ 0.957422, 41.916888, 323.107 ], [ 0.960755, 41.912214, 307.708 ], [ 0.959715, 41.911756, 291.025 ], [ 0.947534, 41.913121, 288.524 ], [ 0.936512, 41.909939, 282.724 ], [ 0.93231, 41.911014, 289.179 ], [ 0.921308, 41.909732, 303.355 ], [ 0.913101, 41.911136, 325.363 ], [ 0.90249, 41.909102, 331.45 ], [ 0.89742, 41.909915, 343.774 ], [ 0.89763, 41.908878, 298.014 ], [ 0.889957, 41.904907, 275.154 ], [ 0.887489, 41.901188, 278.709 ], [ 0.881225, 41.898034, 270.608 ], [ 0.881724, 41.892161, 271.223 ], [ 0.879957, 41.892476, 261.962 ], [ 0.879019, 41.888663, 257.692 ], [ 0.875361, 41.883775, 260.467 ], [ 0.874174, 41.876685, 263.323 ], [ 0.867026, 41.873368, 258.231 ], [ 0.859279, 41.873149, 270.178 ], [ 0.854343, 41.870796, 280.432 ], [ 0.847937, 41.87305, 259.162 ], [ 0.845774, 41.871735, 256.083 ], [ 0.843778, 41.86759, 257.111 ], [ 0.845911, 41.865464, 276.908 ], [ 0.844916, 41.86148, 269.568 ], [ 0.846337, 41.860127, 282.397 ], [ 0.841881, 41.856657, 260.137 ], [ 0.841091, 41.853339, 269.452 ], [ 0.836492, 41.851978, 250.498 ], [ 0.828138, 41.844332, 245.756 ], [ 0.831351, 41.840172, 251.033 ], [ 0.831791, 41.835711, 245.727 ], [ 0.83439, 41.833377, 239.623 ], [ 0.832054, 41.832373, 237.883 ], [ 0.830178, 41.819371, 228.611 ], [ 0.828404, 41.820831, 231.008 ], [ 0.824955, 41.820704, 224.334 ], [ 0.818925, 41.817293, 225.373 ], [ 0.815471, 41.814431, 224.083 ], [ 0.814279, 41.810704, 222.538 ], [ 0.81131, 41.811284, 216.994 ], [ 0.808789, 41.807166, 218.652 ], [ 0.810526, 41.797989, 215.519 ], [ 0.808672, 41.793872, 221.543 ], [ 0.806925, 41.794014, 227.163 ], [ 0.806676, 41.791859, 221.244 ], [ 0.804269, 41.790724, 238.718 ], [ 0.805854, 41.789839, 222.308 ], [ 0.804644, 41.784652, 212.768 ], [ 0.805857, 41.773324, 210.927 ], [ 0.796963, 41.755913, 204.377 ], [ 0.792586, 41.754817, 204.342 ], [ 0.786312, 41.76103, 209.398 ], [ 0.769781, 41.745485, 200.756 ], [ 0.764137, 41.732089, 194.583 ], [ 0.752746, 41.737828, 205.587 ], [ 0.735653, 41.721798, 194.168 ], [ 0.730932, 41.714624, 189.342 ], [ 0.723517, 41.712037, 194.226 ], [ 0.711818, 41.702084, 199.008 ], [ 0.702519, 41.703918, 203.978 ], [ 0.702757, 41.696115, 182.867 ], [ 0.697213, 41.690587, 201.187 ], [ 0.694613, 41.689834, 208.272 ], [ 0.694132, 41.686239, 199.588 ], [ 0.69616, 41.683362, 179.936 ], [ 0.692183, 41.68206, 181.153 ], [ 0.685278, 41.675905, 179.567 ], [ 0.66564, 41.663941, 174.012 ], [ 0.659889, 41.658699, 163.232 ], [ 0.656213, 41.660178, 172.305 ], [ 0.650061, 41.656266, 174.308 ], [ 0.646143, 41.656028, 171.373 ], [ 0.638375, 41.642135, 164.772 ], [ 0.635721, 41.632744, 162.892 ], [ 0.632468, 41.628065, 168.077 ], [ 0.633902, 41.627163, 156.043 ], [ 0.624596, 41.621323, 183.261 ], [ 0.624104, 41.619134, 191.428 ] ] ] } },
{ "type": "Feature", "properties": { "Name": "4 Etapa SAMPER DE CALANDA-ESCATRON-MONASTERIO RUEDA CAMINO B...", "description": null, "timestamp": null, "begin": null, "end": null, "altitudeMode": null, "tessellate": null, "extrude": null, "visibility": null, "drawOrder": null, "icon": null, "cmt": null, "desc": null, "src": null, "link1_href": null, "link1_text": null, "link1_type": null, "link2_href": null, "link2_text": null, "link2_type": null, "number": null, "type": null, "layer": "tracks", "path": "D:/edicao/design/mapas-sta-comba/igrejas/202601-04/4-etapa-samper-de-calanda-escatron-monasterio-rueda-camino-b.gpx|layername=tracks" }, "geometry": { "type": "MultiLineString", "coordinates": [ [ [ -0.389292, 41.189681, 245.762 ], [ -0.389283, 41.189681, 280.883 ], [ -0.389311, 41.189666, 295.711 ], [ -0.389374, 41.189689, 298.608 ], [ -0.389427, 41.189766, 299.16 ], [ -0.389526, 41.189808, 299.519 ], [ -0.389627, 41.189901, 299.19 ], [ -0.389657, 41.190051, 298.193 ], [ -0.389557, 41.190191, 293.843 ], [ -0.38955, 41.190278, 290.437 ], [ -0.390269, 41.190551, 285.655 ], [ -0.390539, 41.190925, 282.229 ], [ -0.390609, 41.191111, 278.971 ], [ -0.390639, 41.191295, 277.941 ], [ -0.390619, 41.191316, 277.415 ], [ -0.390794, 41.191449, 273.108 ], [ -0.391069, 41.191692, 271.731 ], [ -0.391673, 41.192119, 268.81 ], [ -0.391982, 41.192378, 268.871 ], [ -0.391935, 41.192518, 268.344 ], [ -0.391502, 41.192631, 268.364 ], [ -0.391599, 41.192653, 268.828 ], [ -0.3916, 41.192654, 267.356 ], [ -0.391653, 41.192689, 267.36 ], [ -0.392169, 41.193101, 264.943 ], [ -0.392421, 41.193356, 264.464 ], [ -0.392491, 41.193584, 263.51 ], [ -0.392427, 41.193805, 263.008 ], [ -0.392438, 41.194048, 261.638 ], [ -0.392525, 41.194282, 260.677 ], [ -0.392413, 41.194593, 261.158 ], [ -0.392235, 41.194828, 259.631 ], [ -0.392768, 41.195469, 256.841 ], [ -0.392835, 41.19569, 256.835 ], [ -0.392789, 41.195822, 256.333 ], [ -0.392811, 41.195817, 256.377 ], [ -0.392479, 41.195943, 255.395 ], [ -0.391459, 41.196221, 252.449 ], [ -0.391125, 41.196557, 252.023 ], [ -0.390952, 41.196653, 251.008 ], [ -0.39049, 41.197045, 250.013 ], [ -0.390578, 41.197128, 249.562 ], [ -0.390913, 41.19731, 251.043 ], [ -0.39107, 41.197443, 250.576 ], [ -0.391723, 41.19813, 250.026 ], [ -0.391941, 41.198273, 249.19 ], [ -0.392291, 41.198609, 249.528 ], [ -0.392508, 41.198795, 246.782 ], [ -0.392543, 41.198812, 250.018 ], [ -0.3931, 41.199342, 250.098 ], [ -0.393097, 41.19937, 249.517 ], [ -0.393139, 41.199372, 248.608 ], [ -0.394012, 41.200141, 247.695 ], [ -0.394485, 41.200495, 248.654 ], [ -0.394835, 41.200722, 247.145 ], [ -0.395157, 41.200915, 248.638 ], [ -0.39532, 41.201126, 248.688 ], [ -0.395291, 41.201391, 247.122 ], [ -0.395196, 41.201698, 249.51 ], [ -0.395111, 41.202227, 253.984 ], [ -0.394971, 41.202871, 257.229 ], [ -0.394927, 41.203187, 255.8 ], [ -0.394942, 41.203231, 255.32 ], [ -0.394794, 41.203983, 253.408 ], [ -0.3947, 41.20429, 253.976 ], [ -0.394422, 41.204502, 254.435 ], [ -0.394151, 41.204541, 254.496 ], [ -0.393376, 41.204503, 251.519 ], [ -0.39265, 41.204513, 246.759 ], [ -0.39244, 41.204655, 247.663 ], [ -0.392349, 41.204694, 245.231 ], [ -0.392027, 41.204903, 244.385 ], [ -0.391674, 41.205218, 242.343 ], [ -0.391517, 41.205625, 240.964 ], [ -0.39125, 41.205936, 240.91 ], [ -0.390661, 41.206397, 238.008 ], [ -0.390046, 41.206945, 233.788 ], [ -0.389739, 41.20712, 232.267 ], [ -0.389361, 41.207244, 230.898 ], [ -0.388847, 41.207283, 229.881 ], [ -0.388577, 41.207384, 228.991 ], [ -0.38831, 41.207442, 228.955 ], [ -0.387759, 41.207733, 225.073 ], [ -0.387439, 41.20782, 224.647 ], [ -0.38734, 41.208035, 221.787 ], [ -0.387441, 41.208291, 221.242 ], [ -0.387538, 41.208414, 221.226 ], [ -0.387744, 41.208791, 220.708 ], [ -0.387825, 41.209012, 220.742 ], [ -0.387678, 41.209218, 220.281 ], [ -0.387296, 41.209368, 218.382 ], [ -0.386989, 41.209535, 218.395 ], [ -0.386719, 41.209592, 215.975 ], [ -0.386594, 41.209786, 215.469 ], [ -0.386513, 41.210384, 214.027 ], [ -0.386517, 41.210829, 214.931 ], [ -0.386427, 41.211064, 213.526 ], [ -0.385893, 41.211695, 212.547 ], [ -0.3854, 41.212038, 212.511 ], [ -0.385173, 41.212241, 212.108 ], [ -0.384835, 41.21265, 212.166 ], [ -0.384599, 41.212856, 211.125 ], [ -0.384457, 41.213229, 211.626 ], [ -0.38431, 41.214054, 211.129 ], [ -0.38409, 41.214667, 211.179 ], [ -0.384019, 41.214941, 211.633 ], [ -0.383887, 41.215192, 210.621 ], [ -0.383767, 41.215477, 211.675 ], [ -0.383655, 41.215856, 211.126 ], [ -0.383527, 41.216111, 211.647 ], [ -0.383407, 41.216544, 211.611 ], [ -0.38338, 41.216821, 211.108 ], [ -0.383291, 41.216929, 210.676 ], [ -0.382789, 41.217178, 211.175 ], [ -0.382438, 41.217433, 210.686 ], [ -0.382283, 41.217595, 210.639 ], [ -0.382141, 41.217986, 211.149 ], [ -0.381918, 41.218079, 212.113 ], [ -0.381827, 41.218082, 212.191 ], [ -0.381542, 41.21821, 212.195 ], [ -0.381199, 41.218494, 207.728 ], [ -0.381088, 41.218505, 205.389 ], [ -0.380799, 41.218264, 200.517 ], [ -0.380724, 41.218275, 200.008 ], [ -0.38041, 41.218469, 199.696 ], [ -0.380019, 41.218582, 196.245 ], [ -0.379984, 41.218627, 196.216 ], [ -0.379866, 41.220219, 198.189 ], [ -0.379729, 41.220758, 200.079 ], [ -0.379646, 41.220833, 201.053 ], [ -0.379594, 41.220943, 197.661 ], [ -0.379377, 41.221045, 195.265 ], [ -0.378617, 41.221159, 192.416 ], [ -0.378445, 41.221142, 191.476 ], [ -0.378343, 41.220985, 191.413 ], [ -0.378276, 41.220975, 190.408 ], [ -0.377965, 41.221231, 189.995 ], [ -0.377894, 41.221459, 189.544 ], [ -0.377636, 41.221696, 189.595 ], [ -0.377249, 41.22185, 189.548 ], [ -0.376967, 41.222068, 189.558 ], [ -0.376772, 41.222182, 188.562 ], [ -0.376698, 41.222217, 191.91 ], [ -0.376623, 41.222256, 189.054 ], [ -0.376543, 41.222321, 190.993 ], [ -0.376111, 41.222456, 189.965 ], [ -0.376036, 41.222501, 188.521 ], [ -0.375986, 41.222622, 189.508 ], [ -0.375895, 41.222667, 189.943 ], [ -0.375492, 41.222729, 189.032 ], [ -0.375053, 41.222844, 189.553 ], [ -0.374734, 41.222868, 189.936 ], [ -0.37351, 41.223141, 190.466 ], [ -0.373311, 41.223232, 188.05 ], [ -0.372979, 41.223287, 186.648 ], [ -0.372802, 41.223366, 188.032 ], [ -0.372627, 41.223627, 188.078 ], [ -0.372329, 41.223894, 188.033 ], [ -0.371689, 41.224216, 186.126 ], [ -0.371163, 41.224503, 188.508 ], [ -0.370976, 41.224593, 187.531 ], [ -0.370472, 41.224633, 186.61 ], [ -0.370163, 41.224741, 185.171 ], [ -0.369754, 41.225065, 185.174 ], [ -0.369515, 41.225376, 185.194 ], [ -0.369192, 41.225649, 186.158 ], [ -0.368478, 41.226047, 185.676 ], [ -0.36782, 41.226168, 184.76 ], [ -0.367595, 41.226268, 183.772 ], [ -0.367498, 41.226485, 183.713 ], [ -0.367278, 41.226765, 183.214 ], [ -0.367124, 41.227035, 182.708 ], [ -0.36697, 41.227396, 182.741 ], [ -0.366629, 41.227888, 182.71 ], [ -0.36665, 41.228255, 183.221 ], [ -0.3663, 41.228437, 183.254 ], [ -0.366123, 41.228669, 183.284 ], [ -0.365976, 41.22906, 182.768 ], [ -0.365807, 41.229315, 182.786 ], [ -0.365698, 41.229591, 182.76 ], [ -0.365546, 41.229757, 186.194 ], [ -0.365452, 41.22978, 187.157 ], [ -0.364818, 41.22937, 185.122 ], [ -0.364538, 41.22917, 187.108 ], [ -0.364497, 41.229141, 188.533 ], [ -0.364496, 41.229108, 187.562 ], [ -0.364564, 41.22897, 189.573 ], [ -0.364685, 41.228902, 191.466 ], [ -0.36469, 41.228862, 193.816 ], [ -0.364752, 41.228901, 193.36 ], [ -0.364695, 41.229101, 193.838 ], [ -0.364693, 41.22907, 191.952 ], [ -0.364827, 41.228811, 195.785 ], [ -0.364781, 41.228888, 195.789 ], [ -0.364769, 41.229047, 194.317 ], [ -0.364606, 41.2291, 194.308 ], [ -0.364525, 41.229108, 191.422 ], [ -0.364549, 41.22908, 191.961 ], [ -0.364428, 41.229203, 189.532 ], [ -0.364641, 41.22941, 186.145 ], [ -0.364727, 41.229449, 185.165 ], [ -0.364735, 41.229481, 184.279 ], [ -0.364836, 41.229622, 184.277 ], [ -0.364996, 41.229667, 181.361 ], [ -0.3651, 41.229738, 183.736 ], [ -0.365182, 41.229803, 182.717 ], [ -0.365275, 41.229988, 183.718 ], [ -0.365241, 41.229986, 185.108 ], [ -0.365197, 41.230117, 182.387 ], [ -0.365196, 41.23022, 179.986 ], [ -0.365122, 41.230548, 181.317 ], [ -0.365045, 41.23132, 182.37 ], [ -0.365073, 41.23178, 182.78 ], [ -0.36507, 41.23186, 180.364 ], [ -0.364918, 41.232743, 181.842 ], [ -0.364846, 41.233435, 181.876 ], [ -0.364822, 41.233541, 181.344 ], [ -0.364841, 41.23379, 181.305 ], [ -0.364399, 41.23443, 181.315 ], [ -0.364184, 41.234651, 183.208 ], [ -0.363933, 41.234872, 183.288 ], [ -0.363533, 41.235111, 181.317 ], [ -0.363228, 41.235228, 181.398 ], [ -0.362338, 41.235721, 180.891 ], [ -0.361973, 41.235834, 180.391 ], [ -0.361577, 41.235695, 179.995 ], [ -0.361418, 41.235592, 181.863 ], [ -0.361035, 41.235768, 180.887 ], [ -0.360836, 41.236034, 179.448 ], [ -0.360514, 41.236999, 179.961 ], [ -0.360252, 41.238023, 177.917 ], [ -0.360153, 41.238633, 178.408 ], [ -0.359918, 41.239378, 178.968 ], [ -0.359758, 41.239614, 177.517 ], [ -0.359505, 41.239798, 177.958 ], [ -0.359254, 41.24007, 177.581 ], [ -0.358975, 41.240243, 177.931 ], [ -0.358246, 41.240179, 177.935 ], [ -0.357855, 41.240101, 178.483 ], [ -0.356948, 41.240018, 177.097 ], [ -0.355711, 41.239827, 178.471 ], [ -0.354978, 41.239598, 176.041 ], [ -0.354054, 41.239526, 175.015 ], [ -0.353751, 41.239429, 175.008 ], [ -0.353318, 41.23941, 174.641 ], [ -0.352562, 41.239674, 174.16 ], [ -0.352158, 41.239705, 174.671 ], [ -0.351848, 41.239658, 174.164 ], [ -0.351527, 41.239544, 172.214 ], [ -0.351505, 41.239531, 174.118 ], [ -0.351305, 41.239437, 173.166 ], [ -0.351115, 41.239141, 172.23 ], [ -0.350855, 41.238966, 172.236 ], [ -0.350371, 41.238854, 171.717 ], [ -0.350089, 41.238664, 171.218 ], [ -0.349661, 41.238517, 170.708 ], [ -0.349074, 41.238244, 171.257 ], [ -0.34903, 41.238246, 169.866 ], [ -0.348469, 41.238035, 171.227 ], [ -0.348152, 41.238051, 169.38 ], [ -0.34805, 41.238003, 169.35 ], [ -0.3478, 41.237989, 167.434 ], [ -0.347588, 41.238013, 167.442 ], [ -0.347157, 41.23813, 168.346 ], [ -0.34635, 41.238579, 167.828 ], [ -0.345699, 41.238889, 168.389 ], [ -0.345623, 41.238989, 166.917 ], [ -0.345605, 41.23899, 164.508 ], [ -0.344937, 41.239679, 168.396 ], [ -0.344568, 41.240213, 166.465 ], [ -0.344309, 41.240428, 166.946 ], [ -0.34418, 41.240586, 166.999 ], [ -0.344225, 41.240712, 171.299 ], [ -0.344176, 41.240768, 171.743 ], [ -0.34422, 41.240923, 176.061 ], [ -0.344284, 41.240944, 177.085 ], [ -0.34425, 41.241007, 179.982 ], [ -0.343946, 41.240907, 183.743 ], [ -0.343765, 41.240911, 186.117 ], [ -0.343681, 41.240932, 189.908 ], [ -0.343503, 41.241102, 188.592 ], [ -0.343467, 41.241198, 188.571 ], [ -0.343253, 41.241434, 189.052 ], [ -0.343165, 41.241663, 188.085 ], [ -0.343087, 41.241727, 188.585 ], [ -0.343058, 41.241857, 188.559 ], [ -0.342933, 41.242007, 189.037 ], [ -0.342903, 41.242226, 189.921 ], [ -0.342948, 41.242224, 190.464 ], [ -0.342951, 41.242243, 188.506 ], [ -0.342776, 41.242301, 189.516 ], [ -0.342756, 41.242323, 188.008 ], [ -0.342456, 41.242465, 185.67 ], [ -0.341239, 41.243244, 188.569 ], [ -0.34116, 41.243392, 190.45 ], [ -0.341174, 41.243664, 192.893 ], [ -0.341099, 41.243798, 193.813 ], [ -0.341198, 41.244016, 197.647 ], [ -0.341245, 41.244049, 195.795 ], [ -0.341543, 41.244172, 198.149 ], [ -0.341544, 41.244175, 199.613 ], [ -0.341546, 41.244178, 196.243 ], [ -0.34195, 41.244273, 196.207 ], [ -0.342264, 41.244423, 196.208 ], [ -0.342512, 41.244713, 199.175 ], [ -0.34297, 41.244969, 197.634 ], [ -0.343097, 41.245072, 202.055 ], [ -0.343131, 41.2451, 200.588 ], [ -0.343263, 41.245267, 202.928 ], [ -0.343462, 41.245447, 202.912 ], [ -0.344022, 41.245751, 201.05 ], [ -0.344209, 41.245905, 202.954 ], [ -0.344281, 41.245944, 201.022 ], [ -0.344499, 41.246072, 203.462 ], [ -0.344561, 41.2461, 200.008 ], [ -0.344849, 41.246161, 204.808 ], [ -0.344866, 41.246163, 201.546 ], [ -0.345171, 41.246254, 203.985 ], [ -0.345357, 41.246323, 200.036 ], [ -0.345457, 41.24636, 200.569 ], [ -0.3455, 41.246404, 200.029 ], [ -0.345543, 41.24652, 200.013 ], [ -0.344964, 41.247665, 199.681 ], [ -0.344614, 41.248224, 198.655 ], [ -0.344294, 41.248811, 203.449 ], [ -0.344256, 41.248891, 200.002 ], [ -0.34408, 41.249171, 201.022 ], [ -0.343835, 41.24947, 201.008 ], [ -0.343474, 41.249849, 202.488 ], [ -0.343214, 41.250077, 203.437 ], [ -0.343073, 41.250188, 206.888 ], [ -0.34305, 41.250208, 203.411 ], [ -0.342716, 41.250465, 203.981 ], [ -0.341903, 41.250955, 206.355 ], [ -0.341643, 41.251125, 208.713 ], [ -0.340865, 41.251638, 208.247 ], [ -0.340508, 41.251931, 209.286 ], [ -0.340001, 41.2525, 210.66 ], [ -0.339696, 41.252977, 211.126 ], [ -0.339523, 41.253384, 210.108 ], [ -0.339291, 41.254173, 212.112 ], [ -0.338783, 41.255763, 214.011 ], [ -0.33859, 41.255862, 213.532 ], [ -0.338395, 41.25628, 214.095 ], [ -0.338375, 41.256319, 209.725 ], [ -0.338364, 41.256355, 213.059 ], [ -0.338305, 41.256603, 212.187 ], [ -0.33822, 41.25721, 208.731 ], [ -0.338154, 41.258035, 206.895 ], [ -0.338138, 41.258096, 203.949 ], [ -0.338025, 41.259198, 210.623 ], [ -0.337944, 41.259454, 210.608 ], [ -0.337506, 41.260205, 212.123 ], [ -0.337255, 41.260855, 211.642 ], [ -0.337245, 41.260982, 213.053 ], [ -0.336961, 41.261206, 212.146 ], [ -0.336269, 41.261888, 213.026 ], [ -0.335804, 41.262182, 207.73 ], [ -0.335437, 41.262463, 207.788 ], [ -0.335298, 41.262583, 204.482 ], [ -0.333385, 41.264122, 187.562 ], [ -0.333164, 41.264297, 184.283 ], [ -0.331583, 41.26562, 179.411 ], [ -0.331279, 41.265904, 177.508 ], [ -0.331006, 41.266233, 176.06 ], [ -0.330786, 41.266592, 174.639 ], [ -0.330617, 41.267024, 174.18 ], [ -0.33026, 41.268177, 173.633 ], [ -0.330049, 41.268994, 170.743 ], [ -0.329915, 41.269763, 169.337 ], [ -0.329885, 41.270442, 166.415 ], [ -0.32988, 41.270653, 167.849 ], [ -0.329872, 41.270828, 165.011 ], [ -0.329888, 41.272885, 161.621 ], [ -0.329887, 41.272962, 159.203 ], [ -0.329936, 41.273977, 157.708 ], [ -0.329937, 41.27486, 159.245 ], [ -0.329966, 41.275198, 156.364 ], [ -0.329985, 41.276054, 156.865 ], [ -0.330018, 41.276588, 155.328 ], [ -0.330047, 41.276853, 158.278 ], [ -0.330003, 41.277425, 156.352 ], [ -0.330016, 41.277589, 159.29 ], [ -0.330024, 41.277881, 157.714 ], [ -0.330027, 41.277985, 161.194 ], [ -0.330032, 41.27811, 158.757 ], [ -0.329999, 41.278329, 158.722 ], [ -0.329866, 41.2787, 159.208 ], [ -0.329655, 41.279047, 158.293 ], [ -0.329223, 41.279534, 156.852 ], [ -0.327635, 41.281079, 157.723 ], [ -0.327319, 41.281334, 158.296 ], [ -0.327239, 41.281333, 157.316 ], [ -0.326924, 41.281606, 159.27 ], [ -0.326285, 41.282265, 162.128 ], [ -0.326125, 41.282451, 163.072 ], [ -0.325994, 41.282799, 164.562 ], [ -0.32574, 41.28359, 165.083 ], [ -0.325608, 41.283926, 165.411 ], [ -0.325569, 41.28411, 165.408 ], [ -0.32538, 41.284549, 165.95 ], [ -0.325336, 41.28479, 166.999 ], [ -0.325208, 41.285079, 165.97 ], [ -0.325231, 41.285134, 164.033 ], [ -0.325385, 41.28509, 162.673 ], [ -0.3255, 41.285086, 165.447 ], [ -0.325533, 41.285123, 165.035 ], [ -0.325519, 41.285166, 165.919 ], [ -0.325502, 41.285156, 168.395 ], [ -0.325506, 41.285148, 163.549 ], [ -0.325554, 41.285126, 167.823 ], [ -0.325603, 41.285121, 164.008 ], [ -0.32565, 41.285133, 165.423 ], [ -0.325708, 41.285232, 165.932 ], [ -0.325478, 41.285171, 167.833 ], [ -0.325432, 41.285171, 165.976 ], [ -0.325162, 41.285342, 165.056 ], [ -0.325108, 41.28548, 165.99 ], [ -0.325204, 41.285578, 165.438 ], [ -0.324705, 41.286951, 165.082 ], [ -0.324654, 41.28716, 163.589 ], [ -0.324552, 41.287327, 164.506 ], [ -0.324275, 41.288182, 165.426 ], [ -0.324171, 41.288402, 165.908 ], [ -0.323979, 41.288882, 164.072 ], [ -0.323852, 41.289031, 163.551 ], [ -0.323847, 41.28909, 163.072 ], [ -0.323942, 41.289421, 161.115 ], [ -0.324053, 41.289562, 159.295 ], [ -0.324367, 41.289812, 157.349 ], [ -0.324609, 41.290065, 156.827 ], [ -0.324674, 41.290071, 155.391 ], [ -0.324967, 41.290247, 153.924 ], [ -0.325187, 41.290567, 155.804 ], [ -0.325261, 41.290727, 155.314 ], [ -0.32527, 41.290967, 155.308 ], [ -0.325303, 41.291137, 153.466 ], [ -0.325383, 41.291253, 153.455 ], [ -0.325382, 41.291315, 154.446 ], [ -0.325473, 41.291186, 153.419 ], [ -0.325541, 41.291135, 148.169 ], [ -0.325583, 41.291113, 151.033 ], [ -0.325711, 41.291096, 149.111 ], [ -0.325776, 41.291111, 149.185 ], [ -0.326056, 41.291287, 147.615 ], [ -0.32607, 41.291356, 148.665 ], [ -0.326147, 41.291414, 145.711 ], [ -0.326216, 41.291431, 144.308 ], [ -0.326528, 41.29147, 144.335 ], [ -0.326781, 41.291645, 142.854 ], [ -0.326776, 41.291859, 140.095 ], [ -0.326843, 41.292091, 137.688 ], [ -0.327081, 41.292519, 134.248 ], [ -0.327143, 41.292692, 132.722 ], [ -0.32762, 41.292856, 130.31 ], [ -0.328029, 41.293149, 129.474 ], [ -0.328234, 41.293529, 127.585 ], [ -0.328317, 41.293873, 127.589 ], [ -0.32807, 41.294489, 125.517 ], [ -0.328024, 41.294746, 126.008 ], [ -0.3283, 41.295039, 123.672 ], [ -0.328454, 41.295305, 122.711 ], [ -0.328555, 41.295573, 124.152 ], [ -0.328582, 41.295605, 123.155 ], [ -0.328572, 41.295834, 123.645 ], [ -0.328609, 41.296289, 124.189 ], [ -0.328674, 41.296429, 123.687 ], [ -0.328764, 41.296538, 123.611 ], [ -0.328747, 41.296613, 124.161 ], [ -0.328641, 41.296748, 124.621 ], [ -0.328646, 41.296764, 124.613 ], [ -0.328448, 41.297131, 125.508 ], [ -0.328338, 41.297149, 126.06 ], [ -0.328185, 41.297321, 127.999 ], [ -0.328187, 41.297319, 131.89 ], [ -0.328184, 41.297315, 128.973 ], [ -0.328127, 41.297407, 126.043 ], [ -0.327926, 41.297659, 129.927 ], [ -0.327673, 41.298004, 126.045 ], [ -0.326266, 41.299797, 124.159 ], [ -0.326144, 41.299842, 125.122 ], [ -0.325873, 41.299765, 123.662 ], [ -0.324251, 41.299638, 125.508 ], [ -0.323771, 41.299541, 125.508 ], [ -0.322137, 41.299328, 126.576 ], [ -0.320766, 41.299275, 125.585 ], [ -0.320561, 41.299226, 126.546 ], [ -0.3202, 41.29924, 126.099 ], [ -0.31965, 41.299202, 125.529 ], [ -0.318045, 41.29884, 127.933 ], [ -0.318026, 41.298804, 127.581 ], [ -0.317017, 41.298657, 127.915 ], [ -0.316095, 41.298356, 128.461 ], [ -0.315603, 41.298111, 127.921 ], [ -0.315337, 41.298006, 127.013 ], [ -0.31518, 41.297964, 127.508 ], [ -0.315067, 41.298036, 126.53 ], [ -0.315122, 41.297976, 125.169 ], [ -0.315118, 41.297979, 299.54 ], [ -0.315112, 41.29797, 131.363 ] ] ] } }
]
}
