{"type":"FeatureCollection","features":[{"type":"Feature","properties":{"Name":"A — Puerto de Urdiceto–Puente de los Pecadores","etapa":"A","original_name":"A_Puerto de Urdiceto-Puente de los Pecadores","point_count":1095,"length_km":14.559},"geometry":{"type":"LineString","coordinates":[[0.285625,42.679596,2397.7],[0.285712,42.679347,2400.5],[0.285677,42.679265,2398.7],[0.285667,42.679138,2391.8],[0.285805,42.678813,2380.3],[0.285873,42.678529,2371.6],[0.285948,42.678365,2367.1],[0.286209,42.678234,2366.0],[0.286638,42.67806,2359.7],[0.286873,42.677949,2354.7],[0.287177,42.677753,2345.2],[0.287392,42.677602,2340.4],[0.287543,42.677437,2335.3],[0.287752,42.677154,2327.0],[0.287824,42.676927,2319.3],[0.287838,42.676811,2314.6],[0.287833,42.676751,2311.7],[0.287928,42.676619,2310.3],[0.288042,42.676526,2311.4],[0.288062,42.676442,2309.5],[0.288133,42.67624,2306.6],[0.288184,42.676052,2303.2],[0.288278,42.675849,2300.0],[0.288355,42.675713,2294.6],[0.288543,42.675621,2293.7],[0.288777,42.675436,2293.8],[0.288825,42.675275,2291.8],[0.288873,42.675104,2290.6],[0.288908,42.674855,2287.0],[0.288869,42.67474,2281.0],[0.288896,42.674469,2274.4],[0.288928,42.674337,2272.6],[0.289007,42.674248,2274.0],[0.289033,42.674077,2271.0],[0.289055,42.673985,2269.9],[0.289051,42.673921,2268.5],[0.289141,42.673767,2269.6],[0.28918,42.673571,2267.5],[0.289261,42.673451,2268.3],[0.289258,42.673332,2265.1],[0.289199,42.67313,2262.4],[0.289126,42.672959,2262.9],[0.28905,42.672897,2261.2],[0.289027,42.672841,2261.2],[0.289035,42.672698,2263.1],[0.289052,42.6725,2262.1],[0.289115,42.672291,2262.5],[0.289167,42.672174,2263.9],[0.289198,42.67207,2264.1],[0.289139,42.671877,2260.1],[0.289107,42.671727,2258.8],[0.289136,42.671595,2258.6],[0.2892,42.671501,2260.0],[0.289287,42.671361,2260.7],[0.289369,42.671223,2260.9],[0.28939,42.671126,2260.0],[0.289306,42.670886,2256.0],[0.289217,42.67078,2254.6],[0.289081,42.67067,2253.0],[0.288841,42.670511,2251.1],[0.288718,42.670431,2250.0],[0.288713,42.670431,2249.8],[0.288693,42.670411,2250.0],[0.288693,42.670411,2250.0],[0.288642,42.670361,2250.9],[0.288553,42.670299,2250.7],[0.288451,42.670202,2251.4],[0.288381,42.670117,2254.1],[0.288314,42.670043,2255.7],[0.28825,42.670001,2256.0],[0.288202,42.669974,2256.2],[0.288176,42.66993,2258.0],[0.288227,42.669921,2259.9],[0.288248,42.669907,2261.2],[0.28823,42.669878,2262.3],[0.288231,42.669862,2263.2],[0.288238,42.669846,2264.2],[0.28827,42.669841,2265.2],[0.288303,42.669855,2265.9],[0.288324,42.669833,2268.2],[0.288282,42.669756,2269.8],[0.288235,42.669672,2273.2],[0.288209,42.66962,2275.5],[0.288179,42.669593,2276.5],[0.288133,42.669548,2278.2],[0.288168,42.669531,2279.5],[0.288164,42.669495,2281.1],[0.288193,42.66949,2281.7],[0.288195,42.669453,2283.4],[0.288169,42.669403,2285.3],[0.28817,42.669369,2286.9],[0.288241,42.669367,2287.8],[0.288279,42.669365,2288.9],[0.288262,42.669337,2289.5],[0.288234,42.669302,2290.6],[0.288199,42.669254,2291.8],[0.288163,42.669197,2293.4],[0.288205,42.669175,2294.5],[0.288256,42.669155,2295.8],[0.288267,42.669118,2297.4],[0.288315,42.669078,2300.4],[0.288354,42.669015,2303.2],[0.288397,42.668973,2305.4],[0.288431,42.668921,2307.3],[0.288465,42.668898,2308.5],[0.288502,42.66882,2310.2],[0.288515,42.668744,2310.3],[0.288554,42.668655,2310.7],[0.288584,42.66855,2311.2],[0.288669,42.66853,2311.9],[0.288885,42.668485,2312.5],[0.289269,42.66848,2312.9],[0.289542,42.668501,2313.7],[0.289746,42.66851,2314.4],[0.289924,42.668548,2315.5],[0.290276,42.668599,2316.7],[0.290624,42.668614,2314.2],[0.290829,42.668614,2308.1],[0.290907,42.668552,2304.1],[0.290987,42.668503,2300.0],[0.291021,42.668489,2298.3],[0.291039,42.668534,2298.7],[0.291093,42.668562,2297.4],[0.291168,42.668588,2295.3],[0.291202,42.668613,2294.8],[0.29125,42.668639,2293.9],[0.291316,42.668681,2293.7],[0.291396,42.66868,2292.1],[0.291452,42.668673,2290.9],[0.291521,42.668664,2289.3],[0.29159,42.668636,2287.1],[0.291651,42.668586,2284.8],[0.291708,42.668572,2283.6],[0.291773,42.668547,2282.0],[0.291855,42.668506,2279.9],[0.29205,42.66844,2276.2],[0.292189,42.668391,2273.7],[0.292304,42.668356,2271.6],[0.292412,42.668313,2269.4],[0.292516,42.668283,2267.7],[0.292605,42.668289,2267.0],[0.292716,42.668287,2266.0],[0.292968,42.668254,2264.1],[0.293111,42.668238,2263.5],[0.293309,42.668152,2261.7],[0.293496,42.66809,2260.6],[0.293704,42.668022,2259.2],[0.293841,42.667986,2257.8],[0.293965,42.667981,2257.7],[0.294091,42.667953,2256.6],[0.294293,42.667912,2255.0],[0.294375,42.667891,2253.9],[0.294502,42.667866,2252.6],[0.294623,42.667861,2252.0],[0.294771,42.667845,2250.7],[0.294864,42.667854,2250.8],[0.294968,42.667827,2248.8],[0.295076,42.667825,2247.9],[0.295168,42.667805,2246.1],[0.29533,42.667806,2244.7],[0.295442,42.667798,2243.1],[0.295637,42.667781,2241.2],[0.295843,42.667757,2239.5],[0.295929,42.667734,2238.3],[0.296056,42.667734,2238.5],[0.296209,42.667724,2238.2],[0.296282,42.667688,2236.6],[0.29644,42.667592,2233.6],[0.296562,42.667483,2230.6],[0.296594,42.667455,2229.9],[0.296685,42.667418,2229.6],[0.296753,42.667377,2228.8],[0.296894,42.667333,2228.5],[0.29702,42.667283,2227.5],[0.297128,42.667229,2226.0],[0.297199,42.667208,2225.6],[0.297247,42.667194,2225.4],[0.297373,42.667192,2225.6],[0.297478,42.667167,2224.9],[0.297518,42.667141,2224.2],[0.297606,42.667119,2223.5],[0.297787,42.667133,2223.9],[0.297928,42.667128,2223.8],[0.298162,42.667086,2222.8],[0.298276,42.667063,2222.4],[0.298346,42.667056,2222.5],[0.298522,42.667027,2222.3],[0.298693,42.667017,2223.3],[0.298895,42.667038,2226.1],[0.299095,42.667052,2229.0],[0.299271,42.66703,2231.9],[0.299429,42.666944,2232.0],[0.299538,42.666876,2232.9],[0.299627,42.6668,2233.1],[0.299696,42.666764,2234.2],[0.299834,42.666689,2236.4],[0.299975,42.666648,2240.1],[0.300073,42.666619,2242.7],[0.300249,42.66653,2245.8],[0.300373,42.666456,2247.0],[0.300486,42.666414,2248.7],[0.300574,42.666372,2249.6],[0.300686,42.666312,2250.4],[0.300836,42.666271,2252.8],[0.300927,42.666268,2255.3],[0.30109,42.666256,2259.7],[0.301227,42.66622,2262.0],[0.301359,42.666177,2262.2],[0.301425,42.666154,2262.3],[0.301665,42.666153,2266.0],[0.301892,42.666156,2269.1],[0.302035,42.666143,2270.2],[0.302183,42.666087,2269.0],[0.302314,42.666066,2269.1],[0.302507,42.666076,2270.7],[0.302684,42.666078,2271.3],[0.302827,42.666082,2271.4],[0.302954,42.666099,2271.9],[0.303157,42.666133,2272.7],[0.303256,42.66613,2272.0],[0.30339,42.666124,2271.2],[0.303492,42.666118,2270.5],[0.303581,42.666095,2269.4],[0.303644,42.666061,2268.1],[0.303749,42.666047,2268.1],[0.303861,42.665991,2267.1],[0.303935,42.665945,2266.5],[0.304,42.66596,2267.1],[0.304082,42.665927,2266.7],[0.304209,42.665861,2265.6],[0.304308,42.665796,2264.6],[0.304426,42.665742,2263.8],[0.304494,42.665718,2263.5],[0.304575,42.665703,2263.2],[0.304698,42.665689,2262.2],[0.304833,42.665716,2261.9],[0.304982,42.665768,2261.2],[0.305112,42.665814,2260.8],[0.305213,42.665846,2260.6],[0.30534,42.665897,2260.7],[0.305403,42.665914,2260.0],[0.305433,42.665952,2259.3],[0.305446,42.665982,2258.9],[0.305539,42.666033,2256.5],[0.305565,42.666106,2255.0],[0.305568,42.666252,2250.6],[0.305597,42.666339,2247.4],[0.305705,42.666428,2242.9],[0.305711,42.666478,2241.5],[0.305718,42.666544,2239.7],[0.305722,42.666579,2239.0],[0.305744,42.666619,2237.8],[0.305782,42.666631,2236.9],[0.305836,42.666647,2235.7],[0.305892,42.666608,2235.4],[0.305934,42.666575,2235.2],[0.306029,42.666564,2233.8],[0.306126,42.666566,2232.1],[0.306216,42.666561,2230.8],[0.306259,42.666543,2230.3],[0.306392,42.666499,2229.0],[0.306548,42.666486,2227.0],[0.306709,42.666484,2224.7],[0.306849,42.666451,2223.1],[0.306922,42.666416,2222.3],[0.306988,42.666378,2221.6],[0.30713,42.666301,2219.1],[0.307179,42.666268,2218.1],[0.307284,42.666194,2216.0],[0.307423,42.666155,2212.8],[0.307508,42.666097,2211.1],[0.307638,42.666003,2208.8],[0.307709,42.665964,2208.0],[0.307829,42.665894,2206.3],[0.307931,42.66586,2204.6],[0.308034,42.665815,2203.2],[0.308105,42.665783,2202.1],[0.308289,42.665704,2198.3],[0.308396,42.665687,2196.3],[0.308619,42.665624,2192.3],[0.3088,42.665586,2189.4],[0.309019,42.665558,2188.4],[0.309145,42.665546,2187.7],[0.309258,42.66553,2186.6],[0.309357,42.665521,2185.8],[0.309571,42.66546,2184.2],[0.309677,42.66541,2183.8],[0.309792,42.665388,2184.6],[0.309989,42.665347,2187.1],[0.310099,42.665294,2189.2],[0.310187,42.665218,2191.0],[0.310422,42.665135,2193.9],[0.310546,42.665016,2194.2],[0.310627,42.664924,2192.9],[0.310733,42.66484,2190.7],[0.310811,42.664768,2188.4],[0.310889,42.66473,2186.8],[0.311075,42.6647,2184.7],[0.311167,42.664686,2183.7],[0.311289,42.664691,2182.6],[0.311377,42.664739,2181.4],[0.311463,42.664848,2179.0],[0.311541,42.664967,2175.3],[0.311625,42.665128,2170.2],[0.311635,42.665285,2166.5],[0.311658,42.665424,2161.8],[0.311616,42.665476,2161.2],[0.311583,42.665517,2160.4],[0.311569,42.665573,2158.6],[0.311534,42.665617,2157.6],[0.311503,42.665663,2156.4],[0.311386,42.665786,2152.0],[0.311307,42.665849,2149.5],[0.311225,42.665889,2148.5],[0.311157,42.665941,2146.5],[0.311046,42.666022,2143.5],[0.310938,42.66611,2140.3],[0.31083,42.666319,2131.5],[0.310759,42.666428,2128.3],[0.310744,42.666527,2124.4],[0.310696,42.666668,2120.5],[0.310719,42.666839,2114.8],[0.310767,42.666994,2110.1],[0.310829,42.667025,2107.8],[0.310886,42.667073,2105.4],[0.311008,42.667074,2102.1],[0.311077,42.6671,2100.0],[0.311112,42.667169,2098.1],[0.311213,42.66717,2095.7],[0.311274,42.667186,2094.0],[0.311291,42.667244,2092.6],[0.311313,42.667292,2091.2],[0.31136,42.667299,2090.0],[0.311391,42.66734,2088.2],[0.311478,42.667326,2086.9],[0.311565,42.66733,2085.2],[0.311658,42.667395,2082.1],[0.311692,42.667471,2079.9],[0.311674,42.667532,2078.8],[0.311679,42.667577,2077.5],[0.311753,42.66762,2075.5],[0.311825,42.667666,2073.5],[0.311899,42.667675,2072.5],[0.311935,42.667726,2071.2],[0.311994,42.667781,2070.0],[0.312055,42.667821,2069.0],[0.312168,42.667854,2067.8],[0.312242,42.667887,2066.9],[0.312315,42.667974,2065.4],[0.312408,42.668022,2064.4],[0.312521,42.668039,2063.4],[0.312669,42.668023,2062.2],[0.312741,42.668016,2061.4],[0.312836,42.667999,2060.5],[0.312871,42.667959,2060.6],[0.312942,42.667868,2059.4],[0.313013,42.667832,2057.1],[0.313048,42.667781,2055.8],[0.313085,42.667735,2054.5],[0.313099,42.667669,2053.5],[0.313131,42.667599,2051.1],[0.313214,42.66754,2047.7],[0.313344,42.667472,2044.3],[0.313523,42.667395,2041.5],[0.313627,42.667351,2040.1],[0.313768,42.667261,2038.0],[0.313854,42.667206,2035.3],[0.313968,42.667173,2031.4],[0.313989,42.66712,2029.9],[0.313994,42.667045,2028.4],[0.314005,42.66697,2027.1],[0.314075,42.666877,2025.9],[0.314166,42.666796,2024.2],[0.314267,42.666725,2023.3],[0.314373,42.666715,2021.5],[0.314512,42.666714,2019.4],[0.314663,42.666721,2016.6],[0.314849,42.666739,2010.7],[0.314913,42.666716,2010.1],[0.315003,42.666729,2007.0],[0.315151,42.666709,2004.2],[0.315285,42.666671,2001.8],[0.31538,42.66663,1999.6],[0.315446,42.666601,1998.2],[0.315544,42.666562,1996.0],[0.315594,42.666524,1995.7],[0.315749,42.666433,1991.0],[0.315832,42.66637,1987.7],[0.315856,42.66631,1986.7],[0.315947,42.666223,1986.0],[0.316027,42.66622,1985.4],[0.316075,42.666221,1985.1],[0.316166,42.666213,1984.6],[0.316251,42.666213,1986.6],[0.316301,42.666174,1986.9],[0.316441,42.666098,1988.6],[0.31662,42.666041,1987.0],[0.316691,42.666004,1985.4],[0.316884,42.665958,1983.3],[0.317077,42.665948,1982.9],[0.317239,42.665889,1983.1],[0.317419,42.665819,1983.3],[0.31757,42.665727,1982.9],[0.31772,42.665632,1982.5],[0.317927,42.665469,1981.4],[0.318058,42.665345,1980.4],[0.318163,42.665232,1979.3],[0.318271,42.66514,1980.1],[0.318386,42.665072,1982.4],[0.318476,42.664923,1981.9],[0.318479,42.664855,1980.6],[0.318565,42.664794,1981.5],[0.318666,42.664629,1979.2],[0.318703,42.6645,1975.7],[0.318715,42.664407,1972.9],[0.318766,42.664344,1971.7],[0.31889,42.664294,1972.1],[0.318974,42.664241,1971.3],[0.319198,42.664179,1970.7],[0.319315,42.664172,1971.2],[0.319509,42.664094,1968.1],[0.319646,42.66404,1966.4],[0.319825,42.66397,1966.0],[0.319933,42.66392,1965.7],[0.320027,42.663878,1965.1],[0.320166,42.663799,1962.2],[0.320396,42.663721,1960.5],[0.320726,42.663551,1956.6],[0.320949,42.663428,1954.5],[0.32104,42.663368,1953.5],[0.32143,42.663063,1951.0],[0.321517,42.66293,1948.6],[0.321632,42.662813,1945.2],[0.321795,42.662608,1936.3],[0.322098,42.662348,1923.8],[0.32232,42.662199,1918.5],[0.322549,42.66206,1913.4],[0.322715,42.66193,1908.2],[0.322875,42.661921,1906.8],[0.322939,42.66189,1905.3],[0.323038,42.661709,1899.5],[0.323164,42.661643,1898.2],[0.323299,42.661597,1897.9],[0.323412,42.661513,1896.8],[0.323527,42.661366,1894.4],[0.323619,42.661304,1893.4],[0.323768,42.661152,1890.5],[0.32382,42.661067,1888.9],[0.323994,42.661022,1886.6],[0.324203,42.66096,1884.7],[0.324331,42.66094,1884.1],[0.324402,42.660958,1884.5],[0.324454,42.660939,1884.0],[0.324501,42.660881,1882.5],[0.324586,42.660821,1881.0],[0.324743,42.660777,1880.0],[0.325028,42.660775,1880.3],[0.325385,42.660812,1883.4],[0.325549,42.660771,1882.4],[0.325691,42.660641,1878.6],[0.325795,42.660596,1876.7],[0.325935,42.660557,1874.8],[0.326112,42.66053,1871.9],[0.326525,42.660496,1868.8],[0.326966,42.660482,1863.9],[0.327134,42.66056,1863.1],[0.327301,42.660666,1862.0],[0.327415,42.660711,1860.9],[0.327582,42.660712,1858.9],[0.327734,42.660702,1857.1],[0.327838,42.660703,1856.0],[0.327943,42.660758,1856.8],[0.328036,42.660757,1855.8],[0.328054,42.660703,1853.5],[0.32807,42.660603,1849.6],[0.328154,42.660546,1845.9],[0.328481,42.660196,1833.1],[0.328563,42.660096,1829.7],[0.328639,42.659936,1824.2],[0.328747,42.6599,1824.0],[0.328939,42.659743,1820.1],[0.329084,42.659574,1815.0],[0.32916,42.65951,1812.3],[0.329286,42.659381,1807.4],[0.329294,42.659308,1803.4],[0.329429,42.659163,1798.0],[0.329527,42.65906,1794.9],[0.32974,42.65887,1790.1],[0.329889,42.658807,1789.1],[0.33008,42.658771,1791.4],[0.330063,42.658655,1790.2],[0.330075,42.658519,1790.3],[0.330178,42.658305,1793.0],[0.330226,42.658166,1793.4],[0.330299,42.658027,1795.8],[0.330319,42.657932,1796.0],[0.330359,42.657866,1797.2],[0.330474,42.657681,1799.9],[0.330545,42.657579,1801.7],[0.330663,42.657434,1805.7],[0.330753,42.657349,1808.7],[0.330899,42.657152,1813.1],[0.331002,42.657041,1816.7],[0.331068,42.656952,1820.8],[0.331154,42.656969,1824.3],[0.331162,42.65705,1823.6],[0.331165,42.657191,1824.2],[0.331153,42.657367,1825.7],[0.331198,42.657431,1828.9],[0.331278,42.65736,1831.6],[0.331334,42.657226,1831.8],[0.331383,42.657123,1833.1],[0.331447,42.65694,1836.6],[0.331427,42.656829,1839.1],[0.331351,42.656696,1839.5],[0.331307,42.65658,1840.1],[0.33139,42.656413,1844.7],[0.331418,42.656361,1845.9],[0.331486,42.656196,1845.0],[0.331569,42.656055,1845.3],[0.331759,42.655846,1849.2],[0.331902,42.655721,1848.5],[0.332018,42.655658,1846.4],[0.332363,42.655502,1848.5],[0.332639,42.655399,1845.0],[0.332752,42.65537,1844.3],[0.333011,42.655391,1843.4],[0.333351,42.655509,1846.5],[0.33355,42.655505,1846.9],[0.333734,42.655455,1843.9],[0.333846,42.655438,1842.6],[0.333983,42.655452,1842.6],[0.334191,42.655465,1842.2],[0.334608,42.655442,1837.6],[0.335066,42.655432,1831.6],[0.335344,42.655496,1827.1],[0.335427,42.655578,1826.9],[0.335477,42.655701,1827.0],[0.33549,42.655729,1827.1],[0.335564,42.655768,1826.6],[0.335678,42.65571,1824.9],[0.335767,42.655687,1823.7],[0.335886,42.655562,1821.0],[0.335985,42.655477,1818.6],[0.33618,42.655292,1814.6],[0.336287,42.655166,1811.6],[0.336367,42.655086,1809.5],[0.336526,42.65493,1805.0],[0.336598,42.654806,1802.2],[0.336823,42.654663,1797.4],[0.33691,42.654548,1794.6],[0.337126,42.654532,1792.0],[0.337229,42.654492,1789.9],[0.337274,42.654461,1788.5],[0.337397,42.654462,1785.6],[0.33746,42.654419,1783.8],[0.337498,42.654373,1782.6],[0.337501,42.654311,1781.4],[0.337583,42.65422,1777.4],[0.337688,42.654173,1773.8],[0.337804,42.654216,1771.5],[0.337902,42.654292,1770.3],[0.338024,42.654241,1766.5],[0.338091,42.654227,1764.7],[0.338135,42.654177,1763.1],[0.338174,42.654111,1761.2],[0.338251,42.654137,1760.5],[0.33832,42.654182,1760.2],[0.33842,42.65414,1758.1],[0.338428,42.654065,1756.7],[0.33842,42.653992,1755.5],[0.338425,42.653817,1752.8],[0.338574,42.653738,1750.4],[0.338811,42.653699,1747.0],[0.338882,42.65371,1746.4],[0.338893,42.653622,1744.4],[0.338986,42.653572,1742.2],[0.339065,42.653442,1739.4],[0.339202,42.653377,1738.2],[0.339272,42.653298,1736.2],[0.339398,42.653222,1733.4],[0.339513,42.653181,1731.4],[0.339639,42.653153,1730.3],[0.339749,42.653123,1729.5],[0.339782,42.653078,1728.6],[0.33988,42.652965,1726.1],[0.339934,42.652862,1724.2],[0.339973,42.652793,1722.8],[0.340094,42.652679,1720.5],[0.340059,42.652605,1721.0],[0.340061,42.652512,1721.2],[0.340043,42.652434,1720.2],[0.340038,42.65233,1718.4],[0.339933,42.65228,1717.8],[0.339873,42.652275,1717.8],[0.339814,42.65225,1716.9],[0.339787,42.65213,1711.6],[0.339892,42.652065,1709.1],[0.339965,42.651964,1705.5],[0.340046,42.651912,1704.1],[0.340037,42.651831,1701.1],[0.340069,42.651758,1699.3],[0.340162,42.651722,1699.0],[0.340242,42.651684,1698.3],[0.340271,42.65165,1697.2],[0.340256,42.65159,1695.1],[0.340258,42.651544,1693.8],[0.340301,42.651504,1692.6],[0.340361,42.651404,1689.5],[0.340488,42.651374,1688.0],[0.340466,42.65132,1686.2],[0.340416,42.651273,1685.0],[0.340417,42.651203,1682.7],[0.340391,42.651082,1679.1],[0.340366,42.65098,1676.1],[0.340524,42.650935,1673.8],[0.340625,42.650895,1672.0],[0.340734,42.650798,1669.5],[0.340785,42.650761,1668.5],[0.340712,42.650645,1666.2],[0.340781,42.650638,1665.9],[0.340872,42.650602,1665.0],[0.340915,42.650504,1663.1],[0.340918,42.650424,1661.5],[0.340928,42.65035,1659.6],[0.340935,42.650214,1655.9],[0.340924,42.650136,1654.2],[0.341011,42.650074,1652.6],[0.341253,42.649858,1648.3],[0.341375,42.649809,1647.6],[0.341524,42.649783,1647.4],[0.341636,42.649738,1647.3],[0.341731,42.649668,1645.5],[0.341821,42.649612,1643.6],[0.341884,42.649582,1643.2],[0.34203,42.649539,1642.8],[0.3423,42.649538,1638.8],[0.34246,42.649587,1637.2],[0.342548,42.649618,1635.3],[0.342654,42.649676,1633.5],[0.342735,42.649672,1629.6],[0.34281,42.649695,1627.1],[0.34285,42.649729,1626.0],[0.342918,42.649699,1622.1],[0.342964,42.649667,1619.0],[0.34295,42.649629,1618.5],[0.342919,42.649543,1617.2],[0.342882,42.649472,1616.3],[0.342873,42.6494,1613.5],[0.342881,42.649283,1608.2],[0.342891,42.649143,1600.3],[0.34287,42.64899,1592.9],[0.34286,42.648932,1591.0],[0.342801,42.648805,1587.4],[0.342825,42.648715,1585.6],[0.342748,42.648535,1584.3],[0.342683,42.64843,1583.0],[0.342581,42.648282,1580.0],[0.34247,42.648169,1576.9],[0.342528,42.648095,1572.5],[0.34262,42.648112,1572.0],[0.342709,42.648111,1570.8],[0.342818,42.648094,1568.8],[0.342896,42.648128,1569.4],[0.342972,42.648126,1568.1],[0.343118,42.648122,1564.8],[0.343218,42.64811,1562.2],[0.343284,42.648099,1560.2],[0.343333,42.648074,1558.0],[0.343429,42.648088,1556.1],[0.34345,42.648066,1554.8],[0.343478,42.648025,1552.6],[0.343487,42.648012,1551.9],[0.343561,42.648053,1551.4],[0.343563,42.648,1549.4],[0.343557,42.647933,1547.1],[0.343612,42.647884,1543.8],[0.343757,42.647738,1536.9],[0.34376,42.64766,1535.4],[0.343782,42.64757,1534.1],[0.343861,42.64753,1531.4],[0.343969,42.64755,1528.5],[0.344057,42.647586,1526.2],[0.344102,42.647567,1524.8],[0.344181,42.647477,1522.3],[0.34423,42.647415,1520.5],[0.344326,42.647379,1516.9],[0.344399,42.647354,1514.3],[0.344528,42.647364,1512.0],[0.344569,42.647418,1512.3],[0.344637,42.647471,1512.6],[0.344698,42.647486,1512.5],[0.344764,42.647483,1512.6],[0.344839,42.647456,1513.2],[0.344903,42.647391,1512.5],[0.344983,42.647289,1509.3],[0.345075,42.647165,1503.4],[0.345106,42.647127,1502.1],[0.345148,42.647101,1501.0],[0.345253,42.647096,1499.9],[0.345474,42.64713,1496.5],[0.345602,42.647231,1495.7],[0.345704,42.647353,1495.4],[0.345729,42.647416,1495.5],[0.345782,42.647345,1492.5],[0.345795,42.64726,1490.4],[0.345815,42.647186,1488.4],[0.34583,42.647079,1485.6],[0.345856,42.646974,1482.3],[0.345938,42.6469,1478.0],[0.346047,42.646801,1471.5],[0.346171,42.646783,1467.1],[0.346309,42.646786,1463.5],[0.346309,42.646686,1459.8],[0.346266,42.646611,1458.0],[0.346258,42.646506,1454.2],[0.346072,42.646334,1452.5],[0.345843,42.646108,1445.6],[0.345739,42.645965,1444.7],[0.345836,42.645805,1448.8],[0.345788,42.645702,1452.1],[0.345699,42.645613,1452.8],[0.345646,42.64538,1453.9],[0.345696,42.645146,1454.5],[0.345756,42.645017,1454.7],[0.345875,42.644696,1455.8],[0.345883,42.644537,1454.7],[0.345817,42.64438,1452.9],[0.345751,42.644221,1454.0],[0.34577,42.643942,1453.3],[0.345862,42.643741,1452.1],[0.345929,42.643625,1451.8],[0.345949,42.643543,1451.4],[0.345945,42.643283,1451.8],[0.34591,42.643172,1453.2],[0.345849,42.643057,1455.5],[0.345741,42.64288,1458.8],[0.345744,42.642881,1458.9],[0.345549,42.642687,1455.0],[0.345389,42.642486,1450.3],[0.345333,42.642383,1447.9],[0.345308,42.642254,1447.8],[0.345293,42.642124,1446.9],[0.345316,42.641992,1447.1],[0.345312,42.641845,1451.2],[0.345215,42.641709,1449.9],[0.345002,42.641518,1445.2],[0.34483,42.641296,1444.5],[0.344725,42.641173,1441.4],[0.344691,42.641097,1441.7],[0.344537,42.64083,1440.2],[0.344509,42.640667,1440.7],[0.344484,42.640549,1440.4],[0.34453,42.640318,1441.8],[0.344552,42.640162,1440.2],[0.344585,42.639954,1437.9],[0.34463,42.639762,1437.3],[0.344669,42.639489,1439.2],[0.344694,42.639346,1436.7],[0.34473,42.639259,1436.9],[0.344745,42.639211,1437.6],[0.344753,42.639145,1437.9],[0.344668,42.638984,1433.8],[0.344609,42.638835,1434.8],[0.344498,42.638701,1433.2],[0.344376,42.638523,1434.6],[0.344266,42.638427,1433.2],[0.344024,42.638239,1425.9],[0.343866,42.638119,1421.6],[0.343822,42.638101,1420.8],[0.343781,42.638025,1420.4],[0.34383,42.637983,1420.7],[0.343897,42.637934,1418.9],[0.344004,42.637898,1417.4],[0.344221,42.637895,1418.4],[0.344528,42.637875,1418.4],[0.344713,42.63785,1417.7],[0.344904,42.637799,1416.9],[0.344993,42.637748,1415.9],[0.345124,42.637653,1414.9],[0.345269,42.63754,1417.5],[0.345386,42.637356,1415.4],[0.345431,42.637288,1414.7],[0.345576,42.637216,1416.0],[0.345785,42.637045,1413.6],[0.345901,42.636932,1414.2],[0.345991,42.636823,1416.5],[0.346039,42.63663,1418.0],[0.346105,42.636473,1421.8],[0.346137,42.636355,1423.3],[0.346129,42.636254,1421.8],[0.346113,42.636169,1419.9],[0.345994,42.635858,1407.1],[0.345791,42.635431,1397.4],[0.345659,42.635122,1395.0],[0.34554,42.634839,1392.3],[0.345439,42.634655,1390.7],[0.345389,42.634593,1389.6],[0.345313,42.6345,1388.1],[0.345227,42.634411,1386.4],[0.345175,42.634364,1385.9],[0.345124,42.634337,1385.1],[0.345011,42.634075,1385.8],[0.344921,42.633954,1384.3],[0.344852,42.633765,1383.8],[0.344789,42.633551,1382.2],[0.344765,42.633363,1382.0],[0.344771,42.633252,1382.0],[0.344782,42.633141,1381.9],[0.344786,42.633053,1381.6],[0.344811,42.632971,1381.6],[0.344847,42.632885,1382.1],[0.344872,42.632822,1382.6],[0.344887,42.63278,1383.6],[0.3449,42.632692,1384.5],[0.344924,42.632593,1386.2],[0.344921,42.632494,1386.5],[0.344877,42.632357,1384.5],[0.344754,42.632233,1382.1],[0.344554,42.632019,1378.6],[0.344486,42.631891,1378.3],[0.344409,42.631631,1377.0],[0.344409,42.631499,1376.8],[0.344424,42.631315,1376.0],[0.344486,42.631149,1375.7],[0.344517,42.631067,1375.7],[0.344509,42.631023,1374.8],[0.344483,42.630975,1373.5],[0.344455,42.630871,1372.0],[0.344454,42.630781,1371.3],[0.344476,42.630682,1370.4],[0.344541,42.630632,1370.5],[0.344606,42.630561,1369.8],[0.34466,42.630508,1369.1],[0.34478,42.630451,1369.9],[0.344846,42.630378,1370.4],[0.344899,42.630221,1367.8],[0.344972,42.630058,1365.8],[0.34507,42.629907,1369.3],[0.345112,42.629691,1368.9],[0.345154,42.629536,1368.7],[0.345132,42.62935,1365.5],[0.345123,42.629209,1363.9],[0.345128,42.629108,1362.6],[0.34515,42.628984,1360.9],[0.345178,42.628882,1359.2],[0.345263,42.62875,1358.5],[0.345274,42.62869,1357.5],[0.345285,42.628615,1356.8],[0.345304,42.628502,1355.8],[0.345262,42.628387,1352.3],[0.345331,42.628216,1351.7],[0.345376,42.628022,1350.1],[0.345403,42.627807,1347.9],[0.345417,42.627665,1347.4],[0.345454,42.627495,1345.6],[0.345513,42.627355,1343.2],[0.345563,42.627231,1341.4],[0.345615,42.627102,1339.8],[0.345682,42.626982,1339.9],[0.345725,42.626886,1339.5],[0.345758,42.626776,1337.4],[0.345815,42.626668,1336.2],[0.345873,42.626515,1335.9],[0.345957,42.626244,1336.2],[0.346009,42.626122,1337.1],[0.346015,42.626032,1337.0],[0.345972,42.62586,1334.0],[0.345979,42.62562,1331.3],[0.345937,42.625497,1330.5],[0.345884,42.625393,1330.9],[0.345825,42.625339,1329.8],[0.34574,42.625278,1328.1],[0.345646,42.625141,1328.3],[0.345713,42.625262,1327.5],[0.345587,42.625142,1326.9],[0.345481,42.625017,1325.8],[0.345445,42.624919,1325.6],[0.345392,42.624767,1324.9],[0.345322,42.62458,1323.7],[0.345309,42.624478,1323.6],[0.345311,42.624309,1323.3],[0.345334,42.624142,1322.9],[0.345363,42.623919,1321.9],[0.345394,42.623692,1321.6],[0.345385,42.623513,1321.3],[0.345309,42.623336,1318.3],[0.345301,42.623238,1317.8],[0.345282,42.623146,1317.4],[0.345228,42.623043,1316.5],[0.345104,42.622878,1314.7],[0.345061,42.622807,1314.2],[0.345031,42.622592,1313.2],[0.344991,42.622439,1312.6],[0.344958,42.622245,1311.7],[0.344936,42.622103,1311.3],[0.344863,42.621747,1310.9],[0.344807,42.621487,1310.0],[0.344722,42.621123,1309.9],[0.344686,42.620975,1310.0],[0.34464,42.62084,1310.0],[0.344605,42.620724,1310.0],[0.344604,42.620516,1310.1],[0.34459,42.620169,1310.3],[0.344625,42.620011,1311.1],[0.344649,42.619899,1312.1],[0.344646,42.619731,1313.8],[0.344635,42.619644,1314.3],[0.344571,42.619518,1314.1],[0.344499,42.619408,1313.7],[0.344329,42.619224,1312.9],[0.344231,42.619069,1312.6],[0.344141,42.618919,1312.6],[0.344074,42.618812,1312.2],[0.344052,42.618728,1312.0],[0.344048,42.618621,1312.2],[0.344073,42.618446,1310.5],[0.344083,42.618338,1309.7],[0.344068,42.618223,1309.0],[0.344072,42.618136,1308.5],[0.344094,42.618077,1307.9],[0.34414,42.618025,1308.0],[0.344209,42.617977,1308.6],[0.344244,42.617942,1308.7],[0.344326,42.617815,1308.6],[0.34433,42.617724,1307.5],[0.344284,42.617524,1305.5],[0.344296,42.61743,1304.7],[0.344342,42.617357,1304.4],[0.34444,42.617278,1303.7],[0.344535,42.617245,1303.3],[0.344712,42.617222,1303.0],[0.344889,42.617155,1299.5],[0.345146,42.617082,1298.9],[0.345345,42.61698,1298.0],[0.345513,42.616887,1297.0],[0.345684,42.616767,1294.9],[0.345781,42.616665,1293.6],[0.34589,42.616503,1292.0],[0.346011,42.616298,1290.6],[0.346072,42.616187,1291.0],[0.346088,42.616093,1289.8],[0.346089,42.615941,1287.5],[0.346058,42.615849,1285.1],[0.346046,42.615787,1283.8],[0.346064,42.615583,1281.2],[0.346065,42.615356,1278.9],[0.346093,42.615149,1279.4],[0.346121,42.614975,1277.2],[0.346136,42.614902,1275.9],[0.346166,42.614844,1275.0],[0.346227,42.614786,1274.6],[0.346361,42.614662,1273.9],[0.346443,42.614578,1274.2],[0.346512,42.614532,1274.5],[0.346639,42.614383,1273.0],[0.346742,42.614201,1272.1],[0.346779,42.614118,1272.6],[0.346825,42.613991,1272.9],[0.346855,42.613829,1272.3],[0.346882,42.613675,1271.8],[0.346864,42.613428,1269.5],[0.346862,42.613316,1269.4],[0.346799,42.613174,1269.3],[0.346686,42.613009,1266.0],[0.346611,42.612898,1263.8],[0.346572,42.61282,1262.8],[0.346497,42.612787,1261.3],[0.346349,42.612728,1260.2],[0.346278,42.612691,1259.5],[0.346223,42.612642,1259.0],[0.346167,42.61258,1260.1],[0.346146,42.612516,1260.3],[0.346119,42.612424,1260.3],[0.346077,42.612296,1260.1],[0.345994,42.612162,1259.8],[0.345871,42.611919,1258.2],[0.345715,42.611696,1257.5],[0.345462,42.611366,1257.3],[0.345369,42.6112,1256.9],[0.345347,42.611122,1256.4],[0.345324,42.611015,1255.6],[0.345262,42.610897,1255.3],[0.345109,42.610777,1255.8],[0.344969,42.610701,1255.7],[0.344821,42.610604,1255.5],[0.344727,42.61047,1254.9],[0.344665,42.61035,1254.2],[0.344627,42.610267,1253.7],[0.344552,42.610201,1253.6],[0.344416,42.610052,1253.5],[0.344329,42.609958,1252.4],[0.344268,42.609892,1252.4],[0.344094,42.609794,1252.8],[0.344022,42.609748,1252.7],[0.343976,42.609708,1252.7],[0.343934,42.60965,1252.5],[0.343896,42.609558,1252.3],[0.343893,42.609402,1250.9],[0.34388,42.609262,1247.3],[0.343835,42.60909,1245.8],[0.343816,42.608843,1245.2],[0.343849,42.608742,1243.3],[0.343861,42.608617,1242.1],[0.343846,42.608528,1242.0],[0.343766,42.6083,1243.8],[0.343743,42.608167,1244.1],[0.343745,42.608013,1243.9],[0.343752,42.607789,1244.3],[0.343772,42.607644,1243.5],[0.343827,42.607437,1240.8],[0.343842,42.607291,1239.8],[0.343822,42.607193,1240.3],[0.343767,42.607074,1241.5],[0.343754,42.606932,1241.2],[0.343739,42.606825,1241.1],[0.343709,42.606751,1241.8],[0.343688,42.606615,1241.8],[0.343699,42.606406,1240.8],[0.34374,42.606307,1239.9],[0.343761,42.606238,1239.7],[0.34377,42.606129,1239.5],[0.343843,42.605994,1238.2],[0.343958,42.605811,1235.5],[0.343971,42.605701,1234.0],[0.344003,42.605547,1231.2],[0.344002,42.605432,1230.6],[0.343985,42.605141,1230.1],[0.344016,42.604901,1227.5],[0.344027,42.604839,1227.3],[0.344054,42.604785,1226.7],[0.344093,42.604719,1226.0],[0.344196,42.604645,1223.6],[0.344349,42.604559,1220.9],[0.344407,42.604491,1219.9],[0.344454,42.604443,1218.4],[0.344479,42.604397,1217.5],[0.344493,42.604305,1217.4],[0.344481,42.604206,1218.8],[0.344485,42.60414,1220.1],[0.344516,42.604025,1222.0],[0.344546,42.603922,1223.1],[0.344565,42.60385,1222.6],[0.34448,42.603641,1226.5],[0.344454,42.603472,1225.4],[0.344413,42.603327,1225.5],[0.344362,42.60321,1224.7],[0.344306,42.603128,1224.0],[0.34423,42.603023,1223.1],[0.344146,42.602965,1223.6],[0.344082,42.602915,1222.4],[0.344067,42.60284,1220.4],[0.344089,42.602749,1222.6],[0.34418,42.602667,1222.8],[0.344269,42.60251,1222.9],[0.344276,42.60243,1224.0],[0.344273,42.602284,1226.6],[0.344292,42.602059,1228.6],[0.344311,42.601946,1228.9],[0.344312,42.601829,1230.9],[0.344359,42.601756,1230.0],[0.344377,42.601664,1231.5],[0.344433,42.601476,1234.0],[0.344514,42.601331,1233.8],[0.344542,42.601215,1235.9],[0.34463,42.601007,1238.1],[0.344647,42.600898,1240.8],[0.344698,42.600812,1240.3],[0.344801,42.600688,1239.4],[0.344834,42.600612,1241.2],[0.344922,42.60049,1242.1],[0.345008,42.600346,1244.5],[0.34507,42.60027,1245.1],[0.345081,42.600163,1249.5],[0.345102,42.600075,1251.9],[0.345129,42.600003,1253.1],[0.345148,42.59991,1255.6],[0.345169,42.599805,1255.3],[0.345196,42.599747,1254.0],[0.345171,42.599675,1256.1],[0.34511,42.599606,1259.4],[0.345064,42.599518,1261.3],[0.344984,42.599385,1264.1],[0.344873,42.59924,1268.6],[0.344775,42.599134,1272.3],[0.344727,42.598998,1271.5],[0.344673,42.598876,1272.2],[0.344607,42.598834,1275.0],[0.344539,42.598771,1277.4],[0.344522,42.598709,1276.7],[0.344447,42.598519,1277.0],[0.344359,42.598462,1282.6],[0.344308,42.59833,1285.4],[0.344284,42.598216,1285.2],[0.344249,42.598171,1286.5]]}},{"type":"Feature","properties":{"Name":"A2 — Puerto de la Pez–Puente de los Pecadores","etapa":"A2","original_name":"A2_Puerto de la Pez-Puente de los Pecadores","point_count":1466,"length_km":17.197},"geometry":{"type":"LineString","coordinates":[[0.371457,42.717135,2456.0],[0.371368,42.717136,2460.1],[0.371305,42.717187,2454.4],[0.371245,42.717257,2450.1],[0.371205,42.717337,2448.8],[0.37117,42.717398,2448.4],[0.371125,42.717487,2449.9],[0.371085,42.717567,2451.3],[0.371049,42.717667,2450.1],[0.371055,42.717717,2452.9],[0.371035,42.717797,2452.6],[0.371005,42.717867,2450.6],[0.370955,42.717947,2448.2],[0.370945,42.718037,2450.5],[0.370921,42.718096,2451.0],[0.370861,42.718215,2453.3],[0.370845,42.718312,2456.1],[0.370827,42.718423,2459.6],[0.370786,42.718519,2456.6],[0.370758,42.71859,2455.3],[0.370738,42.718644,2455.3],[0.370715,42.718687,2455.2],[0.370735,42.718787,2452.1],[0.370685,42.718878,2452.6],[0.370568,42.718954,2460.2],[0.370472,42.7191,2459.1],[0.370383,42.719189,2459.0],[0.370301,42.71924,2460.6],[0.37022,42.719284,2461.6],[0.370135,42.719307,2460.8],[0.370025,42.719347,2461.7],[0.369887,42.71938,2461.4],[0.369818,42.719357,2457.2],[0.369795,42.719337,2454.5],[0.369798,42.719319,2452.8],[0.369885,42.719287,2452.3],[0.369975,42.719254,2452.0],[0.370011,42.719225,2450.8],[0.369974,42.719209,2447.8],[0.369876,42.719179,2441.4],[0.369785,42.719137,2434.1],[0.369665,42.719097,2426.2],[0.369595,42.719077,2422.4],[0.369524,42.719071,2419.9],[0.369505,42.719057,2418.1],[0.369509,42.719035,2416.0],[0.369565,42.718997,2414.0],[0.369635,42.718965,2413.1],[0.369635,42.718937,2410.5],[0.369613,42.718922,2408.1],[0.369535,42.718937,2407.3],[0.369365,42.718907,2397.7],[0.369274,42.718926,2398.3],[0.369175,42.718917,2395.6],[0.369105,42.718907,2393.5],[0.369007,42.718883,2389.9],[0.368973,42.718859,2387.3],[0.368955,42.718747,2374.8],[0.368943,42.718731,2373.1],[0.368865,42.718727,2372.9],[0.368735,42.718667,2368.3],[0.368675,42.718627,2365.5],[0.368629,42.718588,2362.5],[0.368545,42.718567,2361.0],[0.368539,42.718527,2357.0],[0.368536,42.718495,2354.4],[0.368539,42.718448,2351.5],[0.368485,42.718409,2349.0],[0.368395,42.718363,2345.8],[0.368346,42.718321,2343.3],[0.368325,42.718297,2341.6],[0.368315,42.718227,2339.1],[0.368309,42.718176,2337.4],[0.368285,42.718117,2335.5],[0.368265,42.718037,2332.4],[0.368215,42.717967,2329.8],[0.368175,42.717897,2327.6],[0.368115,42.717837,2326.5],[0.368065,42.717757,2323.2],[0.367995,42.717697,2320.9],[0.367945,42.717617,2317.1],[0.367895,42.717537,2312.8],[0.367815,42.717477,2309.8],[0.367725,42.717407,2305.8],[0.367635,42.717367,2305.4],[0.367525,42.717327,2305.0],[0.367435,42.717267,2302.9],[0.367355,42.717217,2300.6],[0.367275,42.717167,2298.9],[0.367235,42.717087,2296.6],[0.367155,42.717027,2295.1],[0.367095,42.716947,2293.0],[0.367025,42.716887,2291.5],[0.367027,42.716821,2289.4],[0.366965,42.716727,2286.8],[0.366945,42.716667,2285.0],[0.366925,42.716597,2282.9],[0.366885,42.716527,2281.1],[0.366925,42.716467,2278.0],[0.366965,42.716407,2274.9],[0.366935,42.716347,2272.7],[0.366925,42.716297,2270.8],[0.366975,42.716237,2268.1],[0.366985,42.716177,2266.0],[0.366975,42.716097,2263.6],[0.366955,42.716027,2260.2],[0.366925,42.715937,2255.6],[0.366855,42.715867,2253.5],[0.366775,42.715797,2252.0],[0.366715,42.715727,2249.8],[0.366655,42.715657,2247.6],[0.366585,42.715587,2245.9],[0.366555,42.715507,2242.5],[0.366495,42.715437,2240.3],[0.366445,42.715357,2237.2],[0.366415,42.715297,2234.7],[0.366384,42.715253,2232.9],[0.366335,42.715227,2232.1],[0.366255,42.715187,2230.9],[0.366212,42.715153,2229.9],[0.366205,42.715117,2228.2],[0.366215,42.715047,2224.8],[0.366209,42.715018,2223.5],[0.366155,42.714977,2222.4],[0.366095,42.714907,2220.2],[0.366035,42.714837,2217.8],[0.365975,42.714767,2215.3],[0.365905,42.714697,2213.0],[0.365825,42.714627,2210.8],[0.365755,42.714587,2209.8],[0.365705,42.714507,2207.2],[0.365685,42.714427,2204.2],[0.365648,42.714344,2201.5],[0.365647,42.714273,2198.6],[0.3656,42.714198,2196.1],[0.36551,42.714138,2194.2],[0.365465,42.714077,2191.7],[0.365425,42.714007,2189.1],[0.365445,42.713927,2186.0],[0.365385,42.713857,2183.5],[0.365327,42.713807,2182.1],[0.365325,42.713787,2181.6],[0.365312,42.71376,2180.8],[0.365345,42.713707,2179.3],[0.365375,42.713627,2177.3],[0.365405,42.713547,2175.2],[0.365435,42.713467,2172.9],[0.365476,42.713421,2171.5],[0.365475,42.713387,2170.6],[0.365464,42.713364,2170.1],[0.365397,42.713332,2169.4],[0.365355,42.713247,2167.2],[0.365305,42.713157,2165.0],[0.365266,42.713077,2163.3],[0.365215,42.712997,2161.7],[0.365169,42.712942,2161.0],[0.365085,42.712837,2159.9],[0.365075,42.712757,2158.8],[0.365066,42.712659,2157.9],[0.365023,42.712566,2157.2],[0.364965,42.712507,2157.1],[0.364935,42.712427,2156.5],[0.364875,42.712347,2156.5],[0.364845,42.712267,2156.1],[0.364785,42.712187,2155.9],[0.364715,42.712117,2156.0],[0.364665,42.712037,2155.4],[0.364625,42.711957,2154.6],[0.364595,42.711867,2153.4],[0.364555,42.711797,2152.7],[0.364508,42.711702,2151.7],[0.364491,42.711624,2150.6],[0.36446,42.711511,2148.8],[0.364415,42.711457,2148.1],[0.364325,42.711397,2147.7],[0.364275,42.711317,2146.7],[0.364215,42.711247,2145.9],[0.364155,42.711167,2144.9],[0.364105,42.711087,2143.7],[0.364025,42.711027,2142.8],[0.363955,42.710967,2142.3],[0.363905,42.710877,2141.3],[0.363875,42.710787,2140.1],[0.363864,42.710694,2138.9],[0.363845,42.710617,2138.0],[0.363815,42.710527,2137.0],[0.363795,42.710447,2136.3],[0.363805,42.710357,2135.3],[0.363775,42.710267,2134.2],[0.363765,42.710144,2132.6],[0.363734,42.710033,2131.4],[0.363698,42.709945,2130.6],[0.363687,42.709862,2130.0],[0.36366,42.709774,2130.0],[0.363625,42.709715,2130.3],[0.363629,42.709664,2130.2],[0.363601,42.709603,2130.5],[0.363545,42.709487,2131.2],[0.363495,42.709417,2131.8],[0.363495,42.709341,2131.7],[0.36349,42.709262,2131.7],[0.363532,42.709177,2131.0],[0.363506,42.709067,2131.0],[0.363497,42.708966,2130.7],[0.363499,42.708875,2130.2],[0.363467,42.708788,2130.3],[0.363445,42.708727,2130.0],[0.363435,42.708647,2128.8],[0.363415,42.708557,2127.7],[0.363415,42.708467,2126.2],[0.363426,42.708377,2124.5],[0.36346,42.708278,2122.5],[0.363501,42.708151,2121.7],[0.363504,42.708092,2121.7],[0.363509,42.708022,2121.3],[0.363506,42.707937,2120.9],[0.363543,42.707876,2120.1],[0.363574,42.707759,2118.2],[0.363536,42.707697,2117.2],[0.363506,42.707617,2116.0],[0.363466,42.707547,2114.7],[0.363456,42.707457,2112.6],[0.363436,42.707377,2110.9],[0.363446,42.707287,2108.3],[0.363458,42.707232,2106.6],[0.363459,42.707141,2104.2],[0.363406,42.707027,2102.5],[0.363387,42.706916,2100.1],[0.363346,42.706857,2099.6],[0.363353,42.706794,2097.8],[0.363386,42.706721,2095.2],[0.363439,42.706648,2093.3],[0.363484,42.706559,2092.0],[0.36352,42.706448,2091.1],[0.363528,42.706334,2090.1],[0.363518,42.706267,2089.5],[0.363506,42.706197,2087.5],[0.363548,42.706106,2084.0],[0.363546,42.706071,2082.9],[0.363559,42.706055,2082.3],[0.363558,42.706019,2081.3],[0.363536,42.705947,2079.7],[0.363506,42.705867,2078.2],[0.363477,42.70582,2077.8],[0.363518,42.705807,2076.5],[0.36357,42.705793,2075.0],[0.363634,42.705746,2072.6],[0.363727,42.705702,2069.6],[0.363706,42.705617,2068.9],[0.363736,42.705547,2067.1],[0.363755,42.705517,2066.5],[0.363776,42.705377,2063.7],[0.363764,42.705311,2063.0],[0.363826,42.705257,2061.2],[0.36391,42.705207,2058.2],[0.363986,42.705237,2057.5],[0.364029,42.705257,2058.0],[0.364066,42.705247,2058.5],[0.364087,42.705235,2058.6],[0.364185,42.705158,2058.4],[0.364161,42.70503,2052.4],[0.364176,42.704947,2048.9],[0.364196,42.704867,2045.9],[0.364236,42.704777,2043.1],[0.364236,42.704707,2040.7],[0.364186,42.704647,2038.4],[0.364186,42.704567,2035.7],[0.364226,42.704497,2033.4],[0.364256,42.704417,2030.9],[0.364286,42.704327,2029.0],[0.364306,42.704247,2027.6],[0.364346,42.704157,2025.9],[0.364386,42.704077,2024.4],[0.364451,42.704009,2024.1],[0.364463,42.703915,2021.3],[0.364487,42.703862,2020.2],[0.364536,42.703771,2018.6],[0.364571,42.703693,2016.8],[0.364556,42.703587,2012.3],[0.364536,42.703517,2009.4],[0.364526,42.703427,2007.2],[0.364516,42.703337,2005.0],[0.364496,42.703247,2002.8],[0.364488,42.703129,2000.7],[0.364445,42.703047,1998.0],[0.364415,42.702947,1995.9],[0.364397,42.702868,1994.6],[0.364348,42.702799,1992.8],[0.364303,42.702717,1991.0],[0.364279,42.702626,1989.0],[0.364271,42.70251,1985.4],[0.364294,42.702426,1983.3],[0.364301,42.702349,1980.8],[0.364309,42.702273,1978.4],[0.36432,42.70216,1975.1],[0.364295,42.702094,1972.9],[0.364308,42.702023,1971.3],[0.364307,42.701957,1969.7],[0.364296,42.701926,1968.8],[0.364246,42.701856,1966.4],[0.36427,42.701821,1966.1],[0.364258,42.701738,1964.3],[0.364246,42.701675,1963.6],[0.364254,42.701554,1962.8],[0.364266,42.701401,1960.7],[0.364226,42.701356,1959.0],[0.364236,42.701286,1958.2],[0.364216,42.701186,1956.7],[0.364186,42.701096,1955.2],[0.364195,42.701038,1955.1],[0.364186,42.700919,1954.3],[0.364126,42.700856,1952.8],[0.364096,42.700776,1951.9],[0.364096,42.700686,1951.6],[0.364066,42.700606,1950.7],[0.364047,42.700516,1949.8],[0.364068,42.700436,1949.3],[0.364077,42.700341,1949.1],[0.364138,42.700278,1950.0],[0.364076,42.700196,1948.6],[0.364047,42.700116,1947.8],[0.364016,42.700036,1947.0],[0.363936,42.699956,1945.3],[0.363896,42.699876,1944.2],[0.363826,42.699796,1942.5],[0.363736,42.699736,1940.3],[0.363656,42.699676,1939.5],[0.363636,42.699586,1939.0],[0.363606,42.699496,1938.5],[0.363566,42.699416,1937.9],[0.363569,42.699327,1937.3],[0.363526,42.699236,1936.8],[0.363504,42.699094,1936.4],[0.363512,42.699017,1936.4],[0.36349,42.698972,1936.3],[0.363477,42.69893,1936.2],[0.363439,42.698835,1935.8],[0.363421,42.698689,1935.8],[0.363395,42.698614,1935.5],[0.363326,42.698536,1934.6],[0.363296,42.698446,1934.2],[0.363266,42.698366,1934.0],[0.363256,42.698276,1933.8],[0.363216,42.698196,1933.6],[0.363196,42.698106,1932.9],[0.363196,42.698025,1932.3],[0.363156,42.697936,1931.5],[0.363106,42.697856,1931.0],[0.363066,42.697766,1930.3],[0.363056,42.697676,1931.0],[0.362996,42.697606,1930.3],[0.362936,42.697526,1930.4],[0.362866,42.697455,1930.1],[0.362796,42.697376,1929.8],[0.362736,42.697306,1929.6],[0.362695,42.69726,1929.4],[0.36263,42.697203,1929.3],[0.36256,42.697138,1929.2],[0.362501,42.69707,1929.0],[0.362415,42.696993,1928.5],[0.362291,42.696917,1927.9],[0.362198,42.696854,1927.6],[0.362118,42.696775,1928.0],[0.362053,42.696705,1928.0],[0.361988,42.696648,1928.0],[0.361867,42.696572,1928.2],[0.361836,42.696476,1928.0],[0.361768,42.696455,1927.1],[0.361727,42.696371,1926.0],[0.361689,42.696223,1924.1],[0.361654,42.696144,1923.9],[0.361614,42.696053,1923.7],[0.361563,42.695919,1923.6],[0.361543,42.695831,1924.0],[0.361516,42.69577,1923.8],[0.361486,42.695646,1923.6],[0.361456,42.695565,1922.9],[0.361435,42.695489,1922.8],[0.361399,42.695411,1922.4],[0.361356,42.695306,1921.7],[0.361306,42.695236,1921.3],[0.361256,42.695156,1921.3],[0.361206,42.695085,1921.1],[0.361145,42.695028,1920.6],[0.361086,42.694936,1919.9],[0.361046,42.694846,1919.1],[0.361026,42.694766,1918.7],[0.361009,42.69468,1918.2],[0.360973,42.694598,1918.0],[0.360946,42.694516,1918.2],[0.360936,42.694436,1918.8],[0.360916,42.694346,1918.5],[0.360919,42.694243,1919.3],[0.360918,42.694195,1919.5],[0.36095,42.694098,1922.3],[0.360866,42.694,1919.5],[0.360846,42.693906,1920.8],[0.360817,42.693805,1921.8],[0.360766,42.693746,1919.8],[0.360726,42.693666,1919.4],[0.360687,42.693586,1919.4],[0.360705,42.693504,1922.6],[0.360751,42.693399,1926.8],[0.360762,42.693327,1928.3],[0.360766,42.693266,1929.2],[0.360782,42.693246,1930.3],[0.360798,42.693197,1931.7],[0.360803,42.69315,1932.4],[0.360724,42.693063,1928.0],[0.360701,42.692986,1926.6],[0.360707,42.692942,1927.0],[0.360731,42.692863,1928.3],[0.36074,42.692779,1928.6],[0.360773,42.69269,1929.7],[0.36077,42.692632,1929.2],[0.360807,42.692583,1930.3],[0.360854,42.692518,1931.5],[0.360837,42.692479,1930.6],[0.360827,42.692426,1929.8],[0.360797,42.692336,1928.4],[0.360777,42.692246,1927.3],[0.360775,42.692162,1926.8],[0.360758,42.692082,1926.3],[0.360726,42.691986,1925.5],[0.360706,42.691906,1925.0],[0.360679,42.69181,1924.4],[0.360664,42.691751,1924.1],[0.360667,42.691657,1922.5],[0.360687,42.691586,1921.3],[0.360741,42.691496,1920.7],[0.360778,42.691368,1918.2],[0.360798,42.691256,1916.4],[0.360801,42.691189,1916.2],[0.360781,42.691113,1915.3],[0.360768,42.691056,1914.7],[0.360736,42.691006,1913.8],[0.360687,42.690935,1912.2],[0.36059,42.690892,1908.4],[0.360536,42.690815,1905.7],[0.360493,42.690718,1902.8],[0.360466,42.690656,1900.9],[0.360436,42.690585,1898.9],[0.360369,42.690527,1895.4],[0.360327,42.690478,1893.2],[0.360272,42.690414,1890.2],[0.360244,42.69034,1888.3],[0.360197,42.690289,1885.5],[0.360077,42.690246,1880.4],[0.360052,42.690188,1878.9],[0.360042,42.690147,1878.1],[0.36005,42.690099,1877.6],[0.360013,42.690048,1875.6],[0.360005,42.690011,1874.7],[0.35997,42.689962,1872.6],[0.359938,42.689939,1870.7],[0.359926,42.68992,1869.7],[0.359901,42.689923,1868.7],[0.359888,42.689977,1869.6],[0.359749,42.690005,1864.8],[0.359608,42.690019,1859.7],[0.359548,42.689965,1855.8],[0.359513,42.689928,1852.4],[0.359553,42.689866,1850.7],[0.359571,42.689774,1846.9],[0.359572,42.689703,1844.1],[0.359615,42.689626,1844.4],[0.359647,42.689565,1844.5],[0.359697,42.689495,1845.4],[0.359704,42.689435,1844.4],[0.359606,42.689334,1837.2],[0.359529,42.689204,1831.8],[0.35944,42.68908,1826.6],[0.359366,42.688966,1823.4],[0.359326,42.688885,1821.9],[0.359306,42.688805,1821.1],[0.359256,42.688746,1819.3],[0.359206,42.688656,1817.6],[0.359176,42.688575,1816.8],[0.359116,42.688516,1815.4],[0.358886,42.688495,1810.9],[0.358766,42.688475,1808.0],[0.358656,42.688445,1805.1],[0.358547,42.688406,1802.5],[0.358447,42.688365,1800.6],[0.358337,42.688326,1798.5],[0.358227,42.688276,1796.2],[0.35811,42.688217,1794.6],[0.357987,42.688186,1793.1],[0.357877,42.688156,1792.1],[0.357792,42.688093,1791.8],[0.357708,42.688089,1791.3],[0.35759,42.688105,1790.5],[0.357462,42.688145,1790.5],[0.357351,42.688184,1790.7],[0.357202,42.688192,1792.9],[0.3571,42.688189,1795.0],[0.357076,42.688186,1795.4],[0.357043,42.688179,1795.9],[0.356976,42.688146,1795.9],[0.356889,42.688106,1795.4],[0.356814,42.688074,1795.1],[0.356735,42.688061,1795.6],[0.356636,42.688066,1796.8],[0.356584,42.688049,1796.8],[0.356547,42.688026,1796.7],[0.35655,42.687981,1796.7],[0.356626,42.687896,1794.9],[0.356746,42.687866,1792.6],[0.356826,42.687816,1791.1],[0.356876,42.687746,1790.5],[0.356936,42.687676,1790.0],[0.356966,42.687586,1789.9],[0.356983,42.687508,1790.1],[0.357003,42.687383,1790.5],[0.357029,42.687318,1790.5],[0.357033,42.68728,1790.6],[0.357051,42.687225,1790.6],[0.357075,42.687109,1790.6],[0.357073,42.687074,1790.5],[0.357068,42.68702,1790.4],[0.357034,42.686946,1790.5],[0.357033,42.686853,1790.1],[0.357017,42.686804,1789.9],[0.356981,42.686673,1789.4],[0.356965,42.686548,1788.4],[0.35694,42.686482,1788.0],[0.356965,42.686476,1787.7],[0.356927,42.686405,1787.7],[0.356953,42.686345,1787.3],[0.356945,42.686304,1787.3],[0.356945,42.686273,1787.3],[0.356958,42.686186,1787.1],[0.356986,42.686106,1786.9],[0.357012,42.686032,1786.6],[0.357046,42.685946,1786.8],[0.357102,42.685877,1786.5],[0.357178,42.685777,1785.7],[0.357198,42.685679,1786.1],[0.357233,42.685607,1786.3],[0.35728,42.685545,1786.5],[0.357332,42.685485,1786.5],[0.357437,42.685416,1785.7],[0.357489,42.685342,1784.9],[0.357537,42.685265,1784.3],[0.357567,42.685193,1784.0],[0.35763,42.685091,1783.1],[0.357652,42.685005,1782.8],[0.357677,42.684901,1782.2],[0.357649,42.684806,1782.4],[0.357631,42.684707,1782.3],[0.357599,42.684602,1782.7],[0.357589,42.68453,1783.1],[0.357572,42.68444,1783.7],[0.35756,42.684362,1784.4],[0.35755,42.68428,1785.3],[0.35754,42.684198,1786.2],[0.357526,42.684085,1787.4],[0.357532,42.684008,1787.4],[0.35756,42.683927,1786.0],[0.357564,42.68383,1785.9],[0.357575,42.683726,1785.3],[0.357581,42.683656,1784.9],[0.357606,42.683571,1783.2],[0.357624,42.683501,1782.0],[0.35765,42.683396,1780.4],[0.357695,42.683305,1780.7],[0.357707,42.683148,1781.0],[0.357688,42.683046,1781.4],[0.357646,42.683036,1781.8],[0.357626,42.682955,1780.8],[0.357616,42.682875,1780.0],[0.357629,42.682838,1779.3],[0.357579,42.682729,1780.9],[0.357536,42.682596,1782.1],[0.357477,42.682525,1782.8],[0.357456,42.682445,1782.2],[0.357426,42.682355,1781.6],[0.357387,42.682275,1781.6],[0.357336,42.682195,1781.6],[0.357325,42.682047,1780.9],[0.357284,42.681971,1781.0],[0.357296,42.681927,1780.7],[0.357301,42.681822,1780.2],[0.357306,42.68177,1779.9],[0.35729,42.681712,1779.8],[0.357297,42.681611,1778.5],[0.357297,42.68149,1776.7],[0.357267,42.681403,1777.6],[0.357226,42.681324,1778.9],[0.357249,42.681261,1778.5],[0.357206,42.681114,1780.9],[0.357196,42.681119,1781.2],[0.357166,42.681025,1783.1],[0.357157,42.680945,1783.0],[0.357173,42.680849,1781.7],[0.357177,42.680759,1781.3],[0.357201,42.680689,1780.4],[0.35722,42.680613,1780.0],[0.357177,42.680528,1781.6],[0.357211,42.680396,1779.9],[0.357216,42.680279,1779.7],[0.35716,42.680188,1782.3],[0.357106,42.680186,1785.1],[0.357066,42.680096,1786.8],[0.356996,42.680036,1789.3],[0.356966,42.679955,1789.2],[0.356926,42.679876,1789.3],[0.356876,42.679795,1789.3],[0.356836,42.679725,1788.9],[0.356746,42.679675,1789.0],[0.356699,42.679592,1788.3],[0.356616,42.679546,1788.1],[0.356586,42.679456,1786.9],[0.356548,42.679372,1787.5],[0.356421,42.679325,1787.8],[0.356316,42.679245,1787.8],[0.356276,42.679166,1785.5],[0.356257,42.679086,1783.2],[0.356266,42.678996,1780.3],[0.356296,42.678916,1777.4],[0.356386,42.678893,1777.2],[0.356427,42.678852,1775.8],[0.356277,42.678812,1772.9],[0.356167,42.678776,1770.3],[0.356056,42.678756,1769.1],[0.356016,42.678706,1766.6],[0.355907,42.678676,1765.1],[0.355866,42.678596,1761.2],[0.355836,42.678516,1761.4],[0.355896,42.678472,1760.4],[0.355966,42.678396,1760.1],[0.356082,42.678317,1761.3],[0.356107,42.678246,1763.5],[0.356176,42.678176,1765.6],[0.356225,42.678162,1765.8],[0.356324,42.678174,1765.0],[0.356395,42.678194,1764.1],[0.356452,42.678167,1764.7],[0.35656,42.678107,1764.6],[0.356621,42.678045,1765.6],[0.356683,42.677978,1766.9],[0.356775,42.677925,1767.2],[0.356838,42.677874,1767.8],[0.356915,42.677794,1769.0],[0.357002,42.677699,1770.9],[0.357107,42.677614,1771.8],[0.35724,42.677508,1772.2],[0.357276,42.677444,1773.4],[0.357307,42.677393,1774.2],[0.357388,42.677298,1775.4],[0.357457,42.67726,1775.4],[0.357459,42.67723,1776.2],[0.357489,42.677177,1777.0],[0.357579,42.677076,1777.5],[0.357654,42.676971,1778.2],[0.357686,42.676894,1778.3],[0.357718,42.676803,1778.4],[0.357773,42.67671,1778.4],[0.357798,42.676604,1778.9],[0.357752,42.676513,1780.2],[0.357726,42.676465,1780.9],[0.357716,42.676405,1781.4],[0.357686,42.676315,1782.6],[0.357656,42.676245,1783.2],[0.357656,42.676165,1783.0],[0.357696,42.676075,1781.9],[0.357716,42.676005,1780.3],[0.357709,42.675929,1779.0],[0.357735,42.675829,1776.6],[0.357744,42.675743,1775.8],[0.357707,42.675685,1776.4],[0.357702,42.675642,1776.2],[0.357716,42.675595,1775.6],[0.357805,42.675523,1772.9],[0.357871,42.675433,1770.7],[0.357869,42.675401,1770.7],[0.35786,42.675331,1769.9],[0.35784,42.675278,1769.5],[0.357827,42.675167,1767.8],[0.357772,42.675086,1766.7],[0.357707,42.675015,1766.5],[0.357646,42.674935,1766.0],[0.357566,42.674865,1766.2],[0.357497,42.674805,1766.3],[0.357426,42.674745,1766.6],[0.357377,42.674675,1766.0],[0.357326,42.674605,1765.4],[0.357297,42.674535,1763.8],[0.357277,42.674465,1762.2],[0.357256,42.674385,1760.7],[0.357247,42.674295,1758.6],[0.357263,42.674216,1756.3],[0.357267,42.674132,1754.5],[0.357292,42.674047,1752.1],[0.357296,42.673963,1751.3],[0.357303,42.673857,1750.4],[0.357329,42.673774,1748.9],[0.357358,42.673683,1747.0],[0.357366,42.673605,1745.7],[0.357399,42.673554,1744.1],[0.357438,42.673505,1742.5],[0.357514,42.673435,1739.8],[0.357587,42.673366,1737.0],[0.357621,42.673302,1735.9],[0.357705,42.673204,1733.4],[0.357757,42.673117,1731.8],[0.357766,42.673035,1731.5],[0.357796,42.672955,1730.7],[0.357826,42.672885,1729.9],[0.357846,42.672805,1729.4],[0.357837,42.672715,1729.5],[0.357846,42.672635,1729.2],[0.357876,42.672555,1728.4],[0.357916,42.672475,1727.4],[0.357957,42.672395,1726.3],[0.357986,42.672305,1725.4],[0.358016,42.672225,1724.4],[0.358037,42.672135,1721.5],[0.358025,42.672073,1720.3],[0.357955,42.672018,1720.3],[0.357836,42.671962,1720.8],[0.357674,42.671923,1722.0],[0.357592,42.671862,1722.1],[0.357717,42.671735,1721.1],[0.357807,42.671685,1721.2],[0.357917,42.671655,1719.5],[0.35803,42.67163,1717.3],[0.358127,42.671595,1715.6],[0.358233,42.671562,1713.6],[0.35837,42.671507,1712.0],[0.358459,42.671455,1711.3],[0.358517,42.671394,1711.4],[0.358613,42.671328,1709.7],[0.358666,42.671288,1708.3],[0.358708,42.671228,1706.8],[0.358776,42.671135,1703.9],[0.358777,42.67104,1703.7],[0.358776,42.670955,1703.9],[0.35879,42.670876,1703.5],[0.358815,42.67078,1702.5],[0.358867,42.670685,1700.0],[0.358942,42.670612,1696.1],[0.358959,42.670605,1695.3],[0.358993,42.67053,1693.9],[0.35906,42.670423,1690.4],[0.359127,42.670351,1691.5],[0.35917,42.670285,1693.6],[0.359216,42.670223,1694.1],[0.359285,42.670167,1692.7],[0.359358,42.670102,1691.6],[0.359468,42.67004,1691.7],[0.359573,42.669957,1689.2],[0.359654,42.669845,1688.2],[0.359727,42.669787,1688.7],[0.35981,42.669722,1685.9],[0.359908,42.669657,1683.5],[0.359972,42.669597,1685.2],[0.360062,42.669548,1687.4],[0.360134,42.669475,1685.9],[0.360245,42.669406,1685.0],[0.360351,42.669331,1690.0],[0.360392,42.669251,1688.5],[0.360447,42.669177,1686.7],[0.360504,42.669114,1684.6],[0.360571,42.669042,1683.9],[0.360631,42.668986,1682.6],[0.360707,42.668917,1681.0],[0.360799,42.668831,1677.6],[0.36088,42.668754,1675.4],[0.360947,42.668673,1675.5],[0.360995,42.668626,1674.4],[0.361048,42.668554,1672.5],[0.36112,42.668458,1669.8],[0.36116,42.66839,1669.3],[0.361244,42.668279,1667.5],[0.361239,42.66822,1668.7],[0.361294,42.668148,1667.9],[0.361339,42.668101,1666.9],[0.361383,42.668062,1666.0],[0.361476,42.66801,1665.3],[0.361576,42.667936,1664.7],[0.361672,42.667856,1663.4],[0.361745,42.667791,1663.1],[0.361831,42.667726,1661.9],[0.361912,42.667657,1659.7],[0.361965,42.667593,1658.2],[0.362026,42.667553,1657.5],[0.362124,42.667432,1656.3],[0.362175,42.667323,1655.5],[0.362213,42.667263,1654.7],[0.362273,42.667189,1652.9],[0.362307,42.667061,1653.2],[0.362303,42.66697,1653.8],[0.362279,42.666858,1654.1],[0.362284,42.666782,1652.4],[0.362283,42.666715,1651.3],[0.362256,42.666655,1651.3],[0.362217,42.666565,1651.3],[0.362201,42.666457,1649.9],[0.362171,42.666383,1649.5],[0.362056,42.666345,1653.1],[0.361956,42.666295,1654.9],[0.361887,42.666235,1654.8],[0.361816,42.666178,1654.9],[0.361757,42.666095,1653.6],[0.361747,42.666005,1651.5],[0.361768,42.665945,1650.8],[0.361819,42.665872,1648.7],[0.361893,42.665817,1645.9],[0.36198,42.665786,1645.9],[0.362071,42.665741,1646.5],[0.362199,42.665673,1647.2],[0.362262,42.665619,1647.4],[0.362305,42.665607,1646.7],[0.362398,42.665593,1644.7],[0.362446,42.665565,1644.0],[0.362535,42.66548,1643.5],[0.362595,42.665429,1643.1],[0.362666,42.665356,1643.0],[0.362697,42.665305,1643.5],[0.362793,42.66522,1642.7],[0.36285,42.665142,1642.4],[0.362935,42.665076,1641.1],[0.362999,42.665003,1640.8],[0.363052,42.664925,1640.9],[0.363116,42.664842,1640.4],[0.363194,42.664768,1639.3],[0.363256,42.664675,1639.5],[0.363306,42.664595,1638.9],[0.363376,42.664509,1637.4],[0.363416,42.664465,1636.5],[0.363487,42.664388,1635.0],[0.363556,42.664348,1633.0],[0.363631,42.664335,1630.2],[0.363707,42.664305,1628.5],[0.363815,42.664286,1625.8],[0.363903,42.664236,1625.1],[0.364009,42.664175,1625.1],[0.364096,42.664095,1625.8],[0.364196,42.664055,1624.8],[0.364296,42.664015,1623.9],[0.364406,42.663965,1623.0],[0.364516,42.663945,1621.0],[0.364606,42.663905,1620.6],[0.364706,42.663855,1620.5],[0.364806,42.663805,1620.1],[0.364896,42.663765,1618.6],[0.364996,42.663735,1615.9],[0.365076,42.663675,1614.8],[0.365186,42.663645,1612.0],[0.365266,42.663585,1611.4],[0.365346,42.663525,1610.1],[0.365436,42.663475,1607.6],[0.365526,42.663455,1605.0],[0.365626,42.663425,1602.8],[0.365716,42.663375,1601.9],[0.365816,42.663325,1602.8],[0.365906,42.663275,1603.0],[0.365986,42.663215,1602.7],[0.366076,42.663155,1603.8],[0.366126,42.663085,1605.6],[0.366216,42.663035,1604.3],[0.366296,42.662965,1603.1],[0.366357,42.662895,1603.6],[0.366438,42.662825,1602.9],[0.366497,42.662755,1602.5],[0.366557,42.662685,1601.6],[0.366627,42.662625,1600.0],[0.366697,42.662545,1598.6],[0.366757,42.662485,1596.7],[0.366827,42.662415,1594.3],[0.366877,42.662345,1592.6],[0.366927,42.662265,1591.7],[0.366977,42.662185,1589.9],[0.367017,42.662105,1587.3],[0.367027,42.662025,1585.2],[0.367037,42.661935,1582.2],[0.367009,42.661868,1582.0],[0.366966,42.661789,1582.9],[0.366985,42.661695,1581.0],[0.366976,42.661605,1580.6],[0.366959,42.661521,1580.4],[0.366928,42.661385,1580.8],[0.366908,42.661305,1582.1],[0.366877,42.661235,1584.4],[0.366877,42.661165,1584.3],[0.366877,42.661085,1582.4],[0.3669,42.661018,1579.0],[0.366941,42.660958,1574.5],[0.366984,42.660893,1570.3],[0.367047,42.660818,1565.4],[0.367127,42.660761,1561.7],[0.367165,42.660644,1562.1],[0.367157,42.660555,1563.0],[0.367187,42.660497,1562.9],[0.367248,42.660416,1561.4],[0.36731,42.660341,1559.8],[0.367371,42.660278,1558.3],[0.367456,42.66021,1557.3],[0.367508,42.660124,1556.0],[0.367563,42.660177,1556.5],[0.367622,42.660282,1557.6],[0.367667,42.660466,1559.0],[0.367765,42.660578,1560.4],[0.367877,42.66064,1561.6],[0.367983,42.660627,1562.2],[0.368217,42.660593,1562.6],[0.368515,42.660506,1562.6],[0.36889,42.660371,1562.7],[0.369118,42.660319,1563.2],[0.369499,42.660263,1563.7],[0.369675,42.660275,1563.9],[0.369903,42.66038,1565.1],[0.37003,42.660457,1566.5],[0.370132,42.660505,1567.5],[0.370159,42.660495,1567.6],[0.370159,42.66051,1567.8],[0.370184,42.660487,1567.8],[0.370206,42.66045,1567.6],[0.37019,42.66037,1566.3],[0.370123,42.660241,1564.0],[0.370091,42.660168,1563.0],[0.370056,42.660105,1562.2],[0.36999,42.660051,1561.4],[0.369978,42.659967,1560.3],[0.369948,42.659882,1559.4],[0.369772,42.659659,1555.8],[0.369681,42.659601,1554.2],[0.369652,42.659468,1552.7],[0.369668,42.659421,1553.7],[0.369643,42.659292,1555.3],[0.369624,42.659262,1555.1],[0.369621,42.659167,1556.6],[0.369604,42.659093,1557.4],[0.369595,42.65901,1557.9],[0.369572,42.658849,1558.0],[0.369465,42.658669,1557.3],[0.369326,42.658612,1554.7],[0.369159,42.658524,1550.6],[0.368999,42.658424,1547.3],[0.368888,42.658272,1545.7],[0.368779,42.658112,1545.5],[0.368733,42.65801,1546.2],[0.368598,42.657972,1545.7],[0.368455,42.65788,1545.9],[0.368287,42.657784,1544.7],[0.368149,42.65764,1543.9],[0.368087,42.657545,1543.6],[0.367969,42.657385,1542.7],[0.367879,42.657232,1541.3],[0.367879,42.657146,1542.1],[0.368034,42.657087,1547.2],[0.3678,42.656911,1540.9],[0.367762,42.656751,1540.3],[0.36774,42.65658,1541.0],[0.367689,42.656459,1543.1],[0.367559,42.656286,1543.1],[0.367498,42.656123,1543.8],[0.367321,42.656015,1542.2],[0.367109,42.655867,1540.1],[0.366939,42.655641,1540.1],[0.366828,42.655527,1538.4],[0.366733,42.655421,1539.3],[0.366547,42.655251,1539.9],[0.36646,42.655157,1540.6],[0.36628,42.655047,1540.6],[0.365871,42.654809,1537.5],[0.365589,42.6546,1537.8],[0.365468,42.654473,1536.9],[0.365231,42.65433,1535.7],[0.364887,42.654185,1534.5],[0.364722,42.654086,1534.4],[0.364567,42.653923,1534.6],[0.36436,42.653758,1534.3],[0.36423,42.653588,1534.7],[0.364053,42.65345,1535.0],[0.363906,42.653353,1534.4],[0.363741,42.653286,1532.7],[0.363509,42.653169,1530.2],[0.363341,42.653008,1529.2],[0.363144,42.652863,1527.7],[0.363003,42.652806,1526.3],[0.362868,42.652767,1525.4],[0.362718,42.652709,1524.6],[0.362604,42.65266,1524.6],[0.362552,42.652561,1526.1],[0.362431,42.652493,1525.8],[0.362102,42.652411,1521.4],[0.361681,42.652267,1513.9],[0.361431,42.652147,1513.1],[0.361274,42.652027,1512.9],[0.361148,42.651942,1512.3],[0.361001,42.65192,1510.2],[0.360851,42.651908,1508.0],[0.360724,42.651919,1506.5],[0.360581,42.651913,1505.2],[0.360362,42.651815,1507.4],[0.36016,42.651714,1509.2],[0.359949,42.651604,1507.6],[0.359744,42.651547,1505.9],[0.359548,42.651491,1504.1],[0.359341,42.651392,1503.0],[0.359092,42.651253,1501.8],[0.358796,42.651082,1502.3],[0.358528,42.650906,1502.2],[0.358529,42.65084,1503.6],[0.358544,42.650717,1508.4],[0.35857,42.650625,1512.3],[0.358614,42.650539,1516.0],[0.358639,42.650481,1518.5],[0.358566,42.65046,1518.2],[0.358333,42.650334,1518.7],[0.358097,42.65027,1516.8],[0.357976,42.650244,1515.6],[0.357702,42.650199,1512.6],[0.357577,42.650168,1511.4],[0.357511,42.650104,1511.5],[0.357513,42.649959,1514.3],[0.357488,42.6498,1516.3],[0.357393,42.649717,1516.6],[0.357186,42.649673,1514.7],[0.356942,42.649702,1511.9],[0.356609,42.649783,1509.4],[0.356244,42.649793,1510.1],[0.356031,42.649797,1509.8],[0.355752,42.649746,1510.6],[0.3555,42.649637,1513.2],[0.355187,42.649561,1513.2],[0.355029,42.64957,1511.4],[0.354871,42.649658,1506.7],[0.354695,42.649674,1503.9],[0.354522,42.649584,1507.3],[0.354359,42.649509,1509.1],[0.354192,42.649467,1508.3],[0.354103,42.649448,1507.3],[0.353918,42.649437,1504.0],[0.353692,42.649365,1500.9],[0.35352,42.649226,1500.4],[0.353305,42.649058,1500.3],[0.353114,42.648862,1499.6],[0.352932,42.648668,1498.5],[0.352757,42.648438,1496.4],[0.352627,42.64829,1492.9],[0.352545,42.648169,1491.8],[0.352389,42.648153,1488.6],[0.352304,42.648219,1490.3],[0.352184,42.648328,1490.7],[0.352103,42.648419,1487.9],[0.352051,42.648556,1483.9],[0.35196,42.648655,1482.2],[0.3518,42.648685,1483.9],[0.35163,42.648694,1482.3],[0.351448,42.648637,1485.1],[0.351083,42.648487,1483.9],[0.350776,42.648358,1482.2],[0.350513,42.648232,1483.1],[0.350324,42.648175,1484.5],[0.350126,42.648164,1482.5],[0.34993,42.648207,1476.7],[0.349795,42.648203,1474.1],[0.349546,42.648159,1473.2],[0.349423,42.648123,1474.4],[0.349185,42.648118,1474.8],[0.349005,42.648071,1476.9],[0.348942,42.648024,1478.1],[0.348884,42.647977,1479.3],[0.348835,42.64792,1480.0],[0.348827,42.647876,1480.6],[0.348709,42.647782,1480.3],[0.348486,42.647576,1480.3],[0.34843,42.647542,1478.3],[0.348385,42.647493,1478.5],[0.348358,42.647346,1486.7],[0.348213,42.647102,1495.0],[0.348093,42.646989,1495.4],[0.347954,42.64688,1492.5],[0.347753,42.64668,1483.9],[0.347574,42.646452,1492.9],[0.347299,42.646078,1498.0],[0.347131,42.645922,1496.1],[0.347051,42.64582,1493.1],[0.346983,42.645777,1491.6],[0.346814,42.645661,1487.3],[0.346728,42.645576,1485.7],[0.346743,42.645453,1484.6],[0.346752,42.645339,1483.2],[0.346763,42.645239,1482.1],[0.346809,42.645133,1481.2],[0.346878,42.644986,1479.8],[0.346904,42.644897,1478.6],[0.346954,42.644814,1477.9],[0.34697,42.644748,1477.4],[0.346944,42.644694,1476.6],[0.346918,42.644622,1475.5],[0.346841,42.644556,1474.1],[0.346691,42.644455,1471.1],[0.346662,42.644421,1470.6],[0.346642,42.644373,1470.3],[0.346636,42.644223,1469.9],[0.346632,42.644145,1469.5],[0.346637,42.644037,1469.1],[0.346627,42.64398,1468.6],[0.346601,42.643838,1467.3],[0.346356,42.643546,1459.1],[0.346158,42.643253,1459.6],[0.346031,42.643131,1456.8],[0.345821,42.642934,1459.4],[0.345744,42.642881,1458.9],[0.345744,42.642881,1458.9],[0.345549,42.642687,1455.0],[0.345389,42.642486,1450.3],[0.345333,42.642383,1447.9],[0.345308,42.642254,1447.8],[0.345293,42.642124,1446.9],[0.345316,42.641992,1447.1],[0.345312,42.641845,1451.2],[0.345215,42.641709,1449.9],[0.345002,42.641518,1445.2],[0.34483,42.641296,1444.5],[0.344725,42.641173,1441.4],[0.344691,42.641097,1441.7],[0.344537,42.64083,1440.2],[0.344509,42.640667,1440.7],[0.344484,42.640549,1440.4],[0.34453,42.640318,1441.8],[0.344552,42.640162,1440.2],[0.344585,42.639954,1437.9],[0.34463,42.639762,1437.3],[0.344669,42.639489,1439.2],[0.344694,42.639346,1436.7],[0.34473,42.639259,1436.9],[0.344745,42.639211,1437.6],[0.344753,42.639145,1437.9],[0.344668,42.638984,1433.8],[0.344609,42.638835,1434.8],[0.344498,42.638701,1433.2],[0.344376,42.638523,1434.6],[0.344266,42.638427,1433.2],[0.344024,42.638239,1425.9],[0.343866,42.638119,1421.6],[0.343822,42.638101,1420.8],[0.343781,42.638025,1420.4],[0.34383,42.637983,1420.7],[0.343897,42.637934,1418.9],[0.344004,42.637898,1417.4],[0.344221,42.637895,1418.4],[0.344528,42.637875,1418.4],[0.344713,42.63785,1417.7],[0.344904,42.637799,1416.9],[0.344993,42.637748,1415.9],[0.345124,42.637653,1414.9],[0.345269,42.63754,1417.5],[0.345386,42.637356,1415.4],[0.345431,42.637288,1414.7],[0.345576,42.637216,1416.0],[0.345785,42.637045,1413.6],[0.345901,42.636932,1414.2],[0.345991,42.636823,1416.5],[0.346039,42.63663,1418.0],[0.346105,42.636473,1421.8],[0.346137,42.636355,1423.3],[0.346129,42.636254,1421.8],[0.346113,42.636169,1419.9],[0.345994,42.635858,1407.1],[0.345791,42.635431,1397.4],[0.345659,42.635122,1395.0],[0.34554,42.634839,1392.3],[0.345439,42.634655,1390.7],[0.345389,42.634593,1389.6],[0.345313,42.6345,1388.1],[0.345227,42.634411,1386.4],[0.345175,42.634364,1385.9],[0.345124,42.634337,1385.1],[0.345011,42.634075,1385.8],[0.344921,42.633954,1384.3],[0.344852,42.633765,1383.8],[0.344789,42.633551,1382.2],[0.344765,42.633363,1382.0],[0.344771,42.633252,1382.0],[0.344782,42.633141,1381.9],[0.344786,42.633053,1381.6],[0.344811,42.632971,1381.6],[0.344847,42.632885,1382.1],[0.344872,42.632822,1382.6],[0.344887,42.63278,1383.6],[0.3449,42.632692,1384.5],[0.344924,42.632593,1386.2],[0.344921,42.632494,1386.5],[0.344877,42.632357,1384.5],[0.344754,42.632233,1382.1],[0.344554,42.632019,1378.6],[0.344486,42.631891,1378.3],[0.344409,42.631631,1377.0],[0.344409,42.631499,1376.8],[0.344424,42.631315,1376.0],[0.344486,42.631149,1375.7],[0.344517,42.631067,1375.7],[0.344509,42.631023,1374.8],[0.344483,42.630975,1373.5],[0.344455,42.630871,1372.0],[0.344454,42.630781,1371.3],[0.344476,42.630682,1370.4],[0.344541,42.630632,1370.5],[0.344606,42.630561,1369.8],[0.34466,42.630508,1369.1],[0.34478,42.630451,1369.9],[0.344846,42.630378,1370.4],[0.344899,42.630221,1367.8],[0.344972,42.630058,1365.8],[0.34507,42.629907,1369.3],[0.345112,42.629691,1368.9],[0.345154,42.629536,1368.7],[0.345132,42.62935,1365.5],[0.345123,42.629209,1363.9],[0.345128,42.629108,1362.6],[0.34515,42.628984,1360.9],[0.345178,42.628882,1359.2],[0.345263,42.62875,1358.5],[0.345274,42.62869,1357.5],[0.345285,42.628615,1356.8],[0.345304,42.628502,1355.8],[0.345262,42.628387,1352.3],[0.345331,42.628216,1351.7],[0.345376,42.628022,1350.1],[0.345403,42.627807,1347.9],[0.345417,42.627665,1347.4],[0.345454,42.627495,1345.6],[0.345513,42.627355,1343.2],[0.345563,42.627231,1341.4],[0.345615,42.627102,1339.8],[0.345682,42.626982,1339.9],[0.345725,42.626886,1339.5],[0.345758,42.626776,1337.4],[0.345815,42.626668,1336.2],[0.345873,42.626515,1335.9],[0.345957,42.626244,1336.2],[0.346009,42.626122,1337.1],[0.346015,42.626032,1337.0],[0.345972,42.62586,1334.0],[0.345979,42.62562,1331.3],[0.345937,42.625497,1330.5],[0.345884,42.625393,1330.9],[0.345825,42.625339,1329.8],[0.34574,42.625278,1328.1],[0.345646,42.625141,1328.3],[0.345713,42.625262,1327.5],[0.345587,42.625142,1326.9],[0.345481,42.625017,1325.8],[0.345445,42.624919,1325.6],[0.345392,42.624767,1324.9],[0.345322,42.62458,1323.7],[0.345309,42.624478,1323.6],[0.345311,42.624309,1323.3],[0.345334,42.624142,1322.9],[0.345363,42.623919,1321.9],[0.345394,42.623692,1321.6],[0.345385,42.623513,1321.3],[0.345309,42.623336,1318.3],[0.345301,42.623238,1317.8],[0.345282,42.623146,1317.4],[0.345228,42.623043,1316.5],[0.345104,42.622878,1314.7],[0.345061,42.622807,1314.2],[0.345031,42.622592,1313.2],[0.344991,42.622439,1312.6],[0.344958,42.622245,1311.7],[0.344936,42.622103,1311.3],[0.344863,42.621747,1310.9],[0.344807,42.621487,1310.0],[0.344722,42.621123,1309.9],[0.344686,42.620975,1310.0],[0.34464,42.62084,1310.0],[0.344605,42.620724,1310.0],[0.344604,42.620516,1310.1],[0.34459,42.620169,1310.3],[0.344625,42.620011,1311.1],[0.344649,42.619899,1312.1],[0.344646,42.619731,1313.8],[0.344635,42.619644,1314.3],[0.344571,42.619518,1314.1],[0.344499,42.619408,1313.7],[0.344329,42.619224,1312.9],[0.344231,42.619069,1312.6],[0.344141,42.618919,1312.6],[0.344074,42.618812,1312.2],[0.344052,42.618728,1312.0],[0.344048,42.618621,1312.2],[0.344073,42.618446,1310.5],[0.344083,42.618338,1309.7],[0.344068,42.618223,1309.0],[0.344072,42.618136,1308.5],[0.344094,42.618077,1307.9],[0.34414,42.618025,1308.0],[0.344209,42.617977,1308.6],[0.344244,42.617942,1308.7],[0.344326,42.617815,1308.6],[0.34433,42.617724,1307.5],[0.344284,42.617524,1305.5],[0.344296,42.61743,1304.7],[0.344342,42.617357,1304.4],[0.34444,42.617278,1303.7],[0.344535,42.617245,1303.3],[0.344712,42.617222,1303.0],[0.344889,42.617155,1299.5],[0.345146,42.617082,1298.9],[0.345345,42.61698,1298.0],[0.345513,42.616887,1297.0],[0.345684,42.616767,1294.9],[0.345781,42.616665,1293.6],[0.34589,42.616503,1292.0],[0.346011,42.616298,1290.6],[0.346072,42.616187,1291.0],[0.346088,42.616093,1289.8],[0.346089,42.615941,1287.5],[0.346058,42.615849,1285.1],[0.346046,42.615787,1283.8],[0.346064,42.615583,1281.2],[0.346065,42.615356,1278.9],[0.346093,42.615149,1279.4],[0.346121,42.614975,1277.2],[0.346136,42.614902,1275.9],[0.346166,42.614844,1275.0],[0.346227,42.614786,1274.6],[0.346361,42.614662,1273.9],[0.346443,42.614578,1274.2],[0.346512,42.614532,1274.5],[0.346639,42.614383,1273.0],[0.346742,42.614201,1272.1],[0.346779,42.614118,1272.6],[0.346825,42.613991,1272.9],[0.346855,42.613829,1272.3],[0.346882,42.613675,1271.8],[0.346864,42.613428,1269.5],[0.346862,42.613316,1269.4],[0.346799,42.613174,1269.3],[0.346686,42.613009,1266.0],[0.346611,42.612898,1263.8],[0.346572,42.61282,1262.8],[0.346497,42.612787,1261.3],[0.346349,42.612728,1260.2],[0.346278,42.612691,1259.5],[0.346223,42.612642,1259.0],[0.346167,42.61258,1260.1],[0.346146,42.612516,1260.3],[0.346119,42.612424,1260.3],[0.346077,42.612296,1260.1],[0.345994,42.612162,1259.8],[0.345871,42.611919,1258.2],[0.345715,42.611696,1257.5],[0.345462,42.611366,1257.3],[0.345369,42.6112,1256.9],[0.345347,42.611122,1256.4],[0.345324,42.611015,1255.6],[0.345262,42.610897,1255.3],[0.345109,42.610777,1255.8],[0.344969,42.610701,1255.7],[0.344821,42.610604,1255.5],[0.344727,42.61047,1254.9],[0.344665,42.61035,1254.2],[0.344627,42.610267,1253.7],[0.344552,42.610201,1253.6],[0.344416,42.610052,1253.5],[0.344329,42.609958,1252.4],[0.344268,42.609892,1252.4],[0.344094,42.609794,1252.8],[0.344022,42.609748,1252.7],[0.343976,42.609708,1252.7],[0.343934,42.60965,1252.5],[0.343896,42.609558,1252.3],[0.343893,42.609402,1250.9],[0.34388,42.609262,1247.3],[0.343835,42.60909,1245.8],[0.343816,42.608843,1245.2],[0.343849,42.608742,1243.3],[0.343861,42.608617,1242.1],[0.343846,42.608528,1242.0],[0.343766,42.6083,1243.8],[0.343743,42.608167,1244.1],[0.343745,42.608013,1243.9],[0.343752,42.607789,1244.3],[0.343772,42.607644,1243.5],[0.343827,42.607437,1240.8],[0.343842,42.607291,1239.8],[0.343822,42.607193,1240.3],[0.343767,42.607074,1241.5],[0.343754,42.606932,1241.2],[0.343739,42.606825,1241.1],[0.343709,42.606751,1241.8],[0.343688,42.606615,1241.8],[0.343699,42.606406,1240.8],[0.34374,42.606307,1239.9],[0.343761,42.606238,1239.7],[0.34377,42.606129,1239.5],[0.343843,42.605994,1238.2],[0.343958,42.605811,1235.5],[0.343971,42.605701,1234.0],[0.344003,42.605547,1231.2],[0.344002,42.605432,1230.6],[0.343985,42.605141,1230.1],[0.344016,42.604901,1227.5],[0.344027,42.604839,1227.3],[0.344054,42.604785,1226.7],[0.344093,42.604719,1226.0],[0.344196,42.604645,1223.6],[0.344349,42.604559,1220.9],[0.344407,42.604491,1219.9],[0.344454,42.604443,1218.4],[0.344479,42.604397,1217.5],[0.344493,42.604305,1217.4],[0.344481,42.604206,1218.8],[0.344485,42.60414,1220.1],[0.344516,42.604025,1222.0],[0.344546,42.603922,1223.1],[0.344565,42.60385,1222.6],[0.34448,42.603641,1226.5],[0.344454,42.603472,1225.4],[0.344413,42.603327,1225.5],[0.344362,42.60321,1224.7],[0.344306,42.603128,1224.0],[0.34423,42.603023,1223.1],[0.344146,42.602965,1223.6],[0.344082,42.602915,1222.4],[0.344067,42.60284,1220.4],[0.344089,42.602749,1222.6],[0.34418,42.602667,1222.8],[0.344269,42.60251,1222.9],[0.344276,42.60243,1224.0],[0.344273,42.602284,1226.6],[0.344292,42.602059,1228.6],[0.344311,42.601946,1228.9],[0.344312,42.601829,1230.9],[0.344359,42.601756,1230.0],[0.344377,42.601664,1231.5],[0.344433,42.601476,1234.0],[0.344514,42.601331,1233.8],[0.344542,42.601215,1235.9],[0.34463,42.601007,1238.1],[0.344647,42.600898,1240.8],[0.344698,42.600812,1240.3],[0.344801,42.600688,1239.4],[0.344834,42.600612,1241.2],[0.344922,42.60049,1242.1],[0.345008,42.600346,1244.5],[0.34507,42.60027,1245.1],[0.345081,42.600163,1249.5],[0.345102,42.600075,1251.9],[0.345129,42.600003,1253.1],[0.345148,42.59991,1255.6],[0.345169,42.599805,1255.3],[0.345196,42.599747,1254.0],[0.345171,42.599675,1256.1],[0.34511,42.599606,1259.4],[0.345064,42.599518,1261.3],[0.344984,42.599385,1264.1],[0.344873,42.59924,1268.6],[0.344775,42.599134,1272.3],[0.344727,42.598998,1271.5],[0.344673,42.598876,1272.2],[0.344607,42.598834,1275.0],[0.344539,42.598771,1277.4],[0.344522,42.598709,1276.7],[0.344447,42.598519,1277.0],[0.344359,42.598462,1282.6],[0.344308,42.59833,1285.4],[0.344284,42.598216,1285.2],[0.344249,42.598171,1286.5]]}},{"type":"Feature","properties":{"Name":"B — Puente de los Pecadores–Mesón de Salinas","etapa":"B","original_name":"B_Puente de los Pecadores-Mesón de SalinasGPX","point_count":1131,"length_km":14.635},"geometry":{"type":"LineString","coordinates":[[0.344249,42.598171,1286.5],[0.344165,42.598147,1290.2],[0.344049,42.598115,1294.7],[0.34394,42.597918,1290.8],[0.343838,42.597774,1293.1],[0.343752,42.597624,1294.9],[0.343666,42.597519,1295.2],[0.343561,42.597411,1294.5],[0.343359,42.597268,1294.1],[0.343104,42.597096,1295.0],[0.342954,42.596987,1294.9],[0.342835,42.59688,1296.3],[0.342672,42.596743,1299.2],[0.342594,42.596593,1297.8],[0.342524,42.5965,1298.8],[0.342461,42.596398,1298.7],[0.342419,42.596278,1299.8],[0.342396,42.596089,1300.0],[0.34238,42.595944,1299.9],[0.342353,42.595768,1298.0],[0.342307,42.595646,1299.9],[0.342286,42.595547,1303.6],[0.342276,42.595434,1307.1],[0.342299,42.595357,1307.8],[0.342391,42.595268,1305.7],[0.342504,42.595127,1308.3],[0.342623,42.594995,1309.3],[0.342703,42.594867,1311.3],[0.342768,42.594761,1310.5],[0.342872,42.594545,1309.0],[0.342938,42.594384,1312.4],[0.342992,42.594255,1312.9],[0.34311,42.593953,1310.3],[0.343121,42.59388,1310.7],[0.343111,42.593769,1311.0],[0.343097,42.593664,1311.6],[0.343068,42.593563,1313.4],[0.343006,42.593381,1316.8],[0.342945,42.593266,1318.5],[0.342826,42.593048,1320.9],[0.342762,42.592925,1323.1],[0.342736,42.592849,1324.3],[0.342714,42.592731,1325.6],[0.342701,42.592501,1327.8],[0.342699,42.592266,1330.5],[0.342728,42.592097,1331.5],[0.342743,42.591967,1330.0],[0.342734,42.591903,1330.0],[0.342686,42.591851,1331.8],[0.342506,42.591759,1336.9],[0.342362,42.591661,1341.9],[0.342309,42.591601,1344.1],[0.34224,42.591496,1346.1],[0.342167,42.591355,1347.5],[0.342126,42.591172,1345.3],[0.342089,42.591104,1344.8],[0.341993,42.591004,1346.0],[0.34192,42.590909,1349.1],[0.341911,42.590859,1349.4],[0.341917,42.590742,1348.8],[0.34193,42.590642,1349.0],[0.341902,42.590556,1351.5],[0.341827,42.590493,1353.9],[0.341715,42.590398,1356.5],[0.341608,42.590317,1359.5],[0.341552,42.590261,1361.8],[0.341533,42.590197,1362.2],[0.341513,42.590127,1362.7],[0.341506,42.59007,1362.5],[0.34146,42.590005,1364.4],[0.341367,42.589862,1366.5],[0.341288,42.589769,1366.4],[0.341212,42.589648,1365.8],[0.341164,42.589529,1364.7],[0.341095,42.589395,1365.4],[0.340967,42.589186,1369.6],[0.340858,42.589119,1371.5],[0.340767,42.589071,1373.5],[0.34054,42.589055,1376.4],[0.340356,42.589054,1377.0],[0.340107,42.589089,1377.4],[0.339952,42.589153,1378.2],[0.339757,42.589306,1382.1],[0.339618,42.589424,1384.8],[0.339384,42.589567,1386.1],[0.339216,42.589649,1386.4],[0.33902,42.589696,1385.7],[0.338816,42.589744,1385.7],[0.338467,42.589816,1387.4],[0.338191,42.589895,1387.7],[0.33808,42.589942,1387.4],[0.337914,42.590051,1388.0],[0.337701,42.590262,1392.0],[0.337611,42.590391,1393.2],[0.337399,42.590581,1395.0],[0.337171,42.590772,1398.4],[0.337024,42.590868,1400.6],[0.336835,42.590964,1402.2],[0.336613,42.591067,1405.3],[0.336456,42.591116,1406.6],[0.336213,42.591141,1406.7],[0.336068,42.591152,1407.4],[0.335907,42.591167,1408.2],[0.335716,42.591137,1405.9],[0.335644,42.591143,1405.8],[0.335439,42.591196,1406.3],[0.335268,42.591235,1406.7],[0.335163,42.591292,1408.2],[0.335025,42.591336,1408.0],[0.335009,42.591279,1406.7],[0.334965,42.591248,1406.6],[0.334909,42.591173,1405.5],[0.334836,42.591028,1404.3],[0.334715,42.590968,1404.8],[0.334555,42.590912,1405.6],[0.334312,42.590931,1409.1],[0.334213,42.59093,1410.5],[0.334099,42.590906,1411.3],[0.333921,42.590862,1413.1],[0.33385,42.590953,1417.9],[0.333644,42.590912,1420.9],[0.333538,42.590894,1422.3],[0.333496,42.590903,1423.7],[0.333439,42.590949,1426.8],[0.333329,42.590954,1427.5],[0.333146,42.590965,1428.8],[0.333082,42.590966,1429.4],[0.332984,42.591052,1433.6],[0.332921,42.591046,1433.7],[0.332882,42.590989,1431.9],[0.33282,42.590933,1432.6],[0.332717,42.590884,1435.9],[0.332627,42.590852,1439.2],[0.332439,42.590749,1442.6],[0.33229,42.590664,1444.9],[0.33219,42.590611,1446.7],[0.332106,42.590532,1446.6],[0.332024,42.590479,1447.5],[0.331958,42.590456,1449.0],[0.331823,42.590411,1452.6],[0.331668,42.590331,1455.7],[0.331574,42.590282,1458.1],[0.331452,42.590204,1459.8],[0.331347,42.590196,1463.0],[0.331179,42.590141,1464.8],[0.330979,42.590098,1468.7],[0.330875,42.590049,1470.8],[0.330784,42.589973,1471.3],[0.330739,42.589904,1472.4],[0.330729,42.589822,1472.8],[0.330705,42.589744,1473.8],[0.330705,42.589679,1473.6],[0.33064,42.589547,1476.5],[0.3306,42.589426,1478.9],[0.330527,42.589305,1482.8],[0.330441,42.589215,1484.2],[0.330325,42.589192,1487.5],[0.330037,42.589164,1496.2],[0.329836,42.589146,1495.4],[0.32969,42.589167,1496.5],[0.329544,42.589212,1497.7],[0.329374,42.589262,1500.8],[0.329223,42.589287,1503.5],[0.329027,42.589304,1504.0],[0.328846,42.589351,1507.2],[0.328644,42.589394,1502.9],[0.328412,42.589408,1497.7],[0.328236,42.589459,1499.3],[0.327991,42.589513,1493.9],[0.327791,42.589597,1492.6],[0.327597,42.589678,1491.7],[0.327334,42.589788,1492.8],[0.327132,42.589831,1493.9],[0.326957,42.589842,1493.5],[0.326826,42.589845,1493.0],[0.326702,42.589822,1491.2],[0.326662,42.589764,1488.4],[0.326639,42.589667,1483.4],[0.326638,42.589614,1481.2],[0.326655,42.589579,1480.1],[0.326675,42.589512,1478.7],[0.326661,42.589457,1478.9],[0.326615,42.589421,1480.4],[0.326565,42.58938,1481.6],[0.326546,42.589328,1480.9],[0.326553,42.589265,1479.0],[0.326555,42.589204,1477.2],[0.326598,42.589084,1474.5],[0.32657,42.589046,1475.5],[0.326568,42.589014,1475.4],[0.326552,42.588969,1475.9],[0.326495,42.588896,1477.1],[0.326486,42.588847,1476.7],[0.326531,42.588765,1473.7],[0.326503,42.588715,1474.2],[0.326408,42.588583,1478.3],[0.326367,42.58855,1480.7],[0.326355,42.588515,1481.5],[0.326349,42.588478,1483.3],[0.326403,42.588393,1482.5],[0.326497,42.588316,1476.5],[0.32652,42.588224,1477.8],[0.326606,42.588179,1472.9],[0.326708,42.588096,1468.0],[0.326755,42.58799,1465.6],[0.326761,42.587964,1465.6],[0.326739,42.587929,1468.7],[0.326736,42.58786,1470.5],[0.326744,42.587815,1470.4],[0.32679,42.587772,1466.3],[0.326778,42.587722,1467.1],[0.326751,42.587693,1468.8],[0.326683,42.587635,1472.3],[0.326551,42.587578,1476.7],[0.326514,42.587549,1477.0],[0.326499,42.587515,1476.4],[0.3265,42.58747,1474.7],[0.326553,42.587361,1468.1],[0.326516,42.587289,1469.4],[0.326479,42.587197,1469.8],[0.326415,42.587167,1471.5],[0.326341,42.587178,1474.3],[0.326268,42.587177,1476.5],[0.326189,42.587214,1478.6],[0.326088,42.58723,1480.7],[0.32599,42.587252,1483.9],[0.325911,42.587259,1486.5],[0.325853,42.587247,1487.0],[0.325789,42.587156,1482.6],[0.325708,42.587039,1483.6],[0.325669,42.586962,1484.3],[0.325634,42.586873,1484.1],[0.32561,42.586778,1483.3],[0.325599,42.586682,1481.4],[0.325552,42.58661,1482.0],[0.325364,42.586492,1488.2],[0.325246,42.586431,1489.0],[0.325126,42.586338,1486.2],[0.324969,42.586236,1484.3],[0.324594,42.585949,1478.7],[0.324362,42.585765,1474.5],[0.324182,42.585669,1473.7],[0.324017,42.585644,1477.7],[0.323922,42.585619,1480.6],[0.323844,42.585543,1478.7],[0.323762,42.585494,1478.7],[0.323581,42.585387,1477.6],[0.323446,42.585304,1475.6],[0.323361,42.585235,1472.6],[0.323178,42.58518,1476.5],[0.323154,42.58515,1476.5],[0.323165,42.585081,1473.9],[0.323223,42.585003,1468.3],[0.323272,42.584949,1466.4],[0.323286,42.584899,1466.3],[0.323277,42.584826,1467.8],[0.323144,42.584736,1475.0],[0.323013,42.584672,1478.4],[0.323089,42.584597,1471.2],[0.323016,42.584452,1469.6],[0.323003,42.584354,1467.7],[0.322982,42.584204,1466.8],[0.322918,42.583998,1466.6],[0.322849,42.583858,1466.1],[0.322726,42.583747,1466.6],[0.322643,42.58369,1468.0],[0.322542,42.583643,1470.6],[0.322491,42.583559,1470.6],[0.32253,42.583449,1465.8],[0.322547,42.583303,1466.4],[0.322582,42.583244,1465.3],[0.322586,42.583186,1464.5],[0.322513,42.58312,1465.9],[0.322391,42.583047,1468.0],[0.322256,42.583002,1469.6],[0.322113,42.582954,1470.8],[0.322011,42.582918,1471.6],[0.321969,42.582852,1468.9],[0.321923,42.582791,1466.3],[0.321799,42.582749,1466.6],[0.321656,42.582729,1468.2],[0.321497,42.582707,1469.9],[0.321445,42.582674,1469.0],[0.321368,42.58262,1467.1],[0.321311,42.582565,1464.8],[0.321173,42.582473,1461.9],[0.321027,42.582445,1461.3],[0.320846,42.582407,1460.0],[0.320711,42.582385,1459.0],[0.320506,42.582376,1458.9],[0.320383,42.582366,1458.3],[0.320255,42.582351,1457.4],[0.320161,42.582345,1456.9],[0.319864,42.582374,1458.3],[0.319683,42.58239,1459.1],[0.319512,42.582429,1460.0],[0.319206,42.582538,1460.8],[0.319071,42.582488,1455.7],[0.318881,42.582564,1452.9],[0.318702,42.582704,1456.4],[0.318544,42.582748,1452.1],[0.31833,42.58278,1445.1],[0.318236,42.582814,1443.1],[0.318157,42.582836,1440.9],[0.318058,42.58289,1439.8],[0.317951,42.582957,1438.9],[0.317788,42.583034,1436.2],[0.317644,42.583095,1433.6],[0.317505,42.583188,1433.2],[0.317271,42.583316,1428.8],[0.317156,42.583346,1425.5],[0.31704,42.583392,1423.3],[0.316981,42.583479,1423.1],[0.316945,42.583545,1421.9],[0.316729,42.583634,1420.6],[0.316707,42.583654,1421.3],[0.316663,42.583662,1420.9],[0.316578,42.583675,1419.8],[0.31644,42.583744,1420.5],[0.3162,42.583796,1416.7],[0.315947,42.583867,1414.3],[0.315779,42.583853,1411.6],[0.315694,42.583823,1410.6],[0.315624,42.583787,1410.6],[0.315508,42.583728,1410.9],[0.315462,42.58368,1410.1],[0.315389,42.583624,1407.8],[0.315313,42.583554,1402.9],[0.315262,42.583546,1403.0],[0.315091,42.583549,1404.4],[0.314934,42.583598,1403.5],[0.31475,42.583678,1404.9],[0.314563,42.583728,1406.6],[0.314398,42.583761,1407.1],[0.314124,42.583845,1409.1],[0.313945,42.583896,1409.8],[0.313681,42.583953,1412.0],[0.313451,42.583981,1412.8],[0.313208,42.584025,1414.6],[0.313032,42.584047,1415.2],[0.312836,42.584095,1417.4],[0.312623,42.584121,1418.1],[0.312461,42.584174,1420.4],[0.312231,42.584289,1424.9],[0.311981,42.584363,1426.1],[0.311773,42.584408,1425.6],[0.311606,42.584454,1424.7],[0.31148,42.584518,1424.0],[0.311443,42.584568,1424.1],[0.311389,42.584662,1424.4],[0.31136,42.584846,1425.0],[0.311259,42.585094,1423.4],[0.311207,42.585203,1423.4],[0.311137,42.585358,1424.2],[0.311043,42.585537,1424.8],[0.310952,42.585646,1424.8],[0.310878,42.585764,1425.9],[0.310839,42.58586,1426.8],[0.310762,42.586016,1428.3],[0.310738,42.586254,1429.4],[0.310762,42.586399,1430.8],[0.31085,42.586559,1433.9],[0.310996,42.58668,1437.4],[0.310984,42.586768,1438.6],[0.310961,42.586857,1439.7],[0.310909,42.586996,1441.9],[0.310907,42.5871,1444.0],[0.310931,42.587199,1446.6],[0.310986,42.587308,1450.2],[0.310989,42.587428,1452.9],[0.310903,42.587496,1452.9],[0.310762,42.587605,1452.8],[0.310622,42.587638,1452.9],[0.310427,42.587651,1452.6],[0.310316,42.587668,1452.9],[0.310116,42.587756,1453.5],[0.310018,42.587794,1453.5],[0.309801,42.587885,1453.3],[0.309639,42.587951,1453.6],[0.309552,42.587999,1453.5],[0.309502,42.588053,1453.3],[0.309388,42.588214,1452.7],[0.309314,42.588275,1452.3],[0.309212,42.588331,1451.6],[0.309084,42.588395,1450.7],[0.308917,42.588473,1449.8],[0.308809,42.588527,1449.4],[0.3087,42.588582,1449.1],[0.3086,42.588591,1448.8],[0.308423,42.588588,1448.2],[0.308262,42.588606,1447.7],[0.308084,42.588627,1447.2],[0.307973,42.588657,1447.0],[0.30789,42.588702,1447.1],[0.307831,42.5887,1447.0],[0.307703,42.588678,1447.0],[0.307508,42.588597,1446.6],[0.307344,42.588523,1444.9],[0.307077,42.58846,1444.6],[0.30691,42.588391,1444.4],[0.306823,42.588335,1444.1],[0.306697,42.588245,1444.4],[0.306526,42.588105,1443.8],[0.306371,42.587973,1443.1],[0.306239,42.587878,1442.6],[0.306105,42.587802,1442.9],[0.30594,42.587744,1444.6],[0.305675,42.587675,1447.7],[0.305412,42.587601,1449.2],[0.305154,42.587509,1448.6],[0.30499,42.587488,1449.9],[0.304866,42.587485,1451.5],[0.304784,42.587483,1452.5],[0.304752,42.587463,1452.4],[0.304733,42.587413,1451.3],[0.304737,42.587346,1449.4],[0.304754,42.587222,1446.9],[0.304763,42.587118,1444.8],[0.304745,42.587039,1443.8],[0.304677,42.586957,1445.0],[0.304595,42.58687,1446.4],[0.304439,42.586748,1447.3],[0.304379,42.586698,1447.6],[0.304341,42.586621,1446.9],[0.304268,42.58652,1446.5],[0.304219,42.586449,1446.2],[0.304075,42.586298,1446.8],[0.304009,42.586248,1447.7],[0.303888,42.586161,1447.3],[0.30368,42.586072,1448.1],[0.303471,42.585991,1447.5],[0.303261,42.585912,1447.0],[0.303079,42.585861,1447.0],[0.302936,42.585867,1447.6],[0.302857,42.585871,1447.9],[0.302742,42.585858,1447.9],[0.302665,42.585801,1447.4],[0.302598,42.585746,1447.0],[0.302545,42.585678,1446.3],[0.302482,42.585606,1445.6],[0.30239,42.585494,1444.7],[0.302236,42.585327,1443.6],[0.302111,42.585225,1443.3],[0.301996,42.585127,1442.9],[0.301893,42.585069,1443.2],[0.301659,42.584992,1444.7],[0.301443,42.584908,1446.8],[0.301273,42.584875,1447.8],[0.301139,42.584855,1448.2],[0.301036,42.584854,1447.4],[0.300995,42.584813,1447.3],[0.300952,42.58476,1447.1],[0.300942,42.584728,1447.3],[0.300917,42.584633,1448.1],[0.30081,42.584584,1445.6],[0.300729,42.584524,1443.4],[0.300613,42.584476,1439.3],[0.300532,42.584459,1436.5],[0.300428,42.584416,1434.0],[0.300268,42.584353,1430.2],[0.300184,42.58436,1429.4],[0.300052,42.584372,1428.6],[0.299901,42.584348,1427.0],[0.299772,42.58434,1425.6],[0.299653,42.584339,1424.4],[0.299548,42.584342,1423.3],[0.299415,42.584327,1421.8],[0.29924,42.584302,1419.9],[0.299144,42.584271,1418.9],[0.299036,42.584217,1417.4],[0.298998,42.584199,1417.0],[0.298885,42.584076,1414.8],[0.298773,42.583976,1412.5],[0.298712,42.583946,1411.8],[0.298657,42.583918,1411.0],[0.298533,42.583846,1407.4],[0.298402,42.583773,1404.1],[0.298196,42.583635,1398.4],[0.298041,42.583582,1396.0],[0.297829,42.583489,1391.2],[0.297601,42.583404,1385.3],[0.297416,42.583263,1377.5],[0.297314,42.583208,1374.7],[0.297282,42.583147,1372.4],[0.297249,42.583068,1369.7],[0.297263,42.582981,1367.3],[0.297239,42.582929,1366.3],[0.297179,42.582777,1363.5],[0.297152,42.582747,1363.1],[0.297112,42.582705,1362.5],[0.296989,42.582649,1361.3],[0.296809,42.582606,1359.7],[0.296558,42.582608,1359.5],[0.296442,42.58261,1358.9],[0.296325,42.582558,1355.8],[0.296254,42.582522,1353.9],[0.296162,42.582482,1351.9],[0.296058,42.582442,1350.4],[0.296003,42.582372,1348.4],[0.296,42.582322,1347.0],[0.296038,42.582246,1345.2],[0.296046,42.582219,1344.5],[0.296032,42.582152,1342.6],[0.295982,42.582143,1342.1],[0.295903,42.582105,1340.8],[0.295868,42.582099,1340.6],[0.295842,42.582078,1339.9],[0.295845,42.582043,1339.0],[0.295938,42.581991,1337.8],[0.295995,42.581955,1336.8],[0.29599,42.58193,1335.9],[0.295944,42.581922,1335.6],[0.295816,42.581931,1335.6],[0.295746,42.581854,1332.5],[0.295649,42.581876,1332.6],[0.295455,42.581833,1330.2],[0.295344,42.581837,1329.7],[0.295203,42.581883,1330.1],[0.295034,42.581923,1330.1],[0.294895,42.581959,1330.0],[0.294833,42.581966,1329.8],[0.294809,42.581898,1328.2],[0.294765,42.581815,1326.3],[0.294731,42.581793,1325.8],[0.294605,42.581773,1324.8],[0.294512,42.581775,1323.8],[0.294296,42.581852,1323.0],[0.29411,42.5819,1321.9],[0.293977,42.581927,1321.5],[0.293863,42.581941,1321.8],[0.293701,42.581946,1321.8],[0.293519,42.581938,1322.1],[0.293334,42.58191,1321.9],[0.293229,42.581891,1321.9],[0.293108,42.581881,1322.3],[0.292989,42.581878,1322.7],[0.292804,42.581881,1323.6],[0.292615,42.581891,1323.8],[0.29249,42.581897,1323.8],[0.29236,42.58193,1323.9],[0.292219,42.581972,1324.3],[0.292071,42.582008,1324.3],[0.291889,42.582054,1324.4],[0.291702,42.582092,1324.5],[0.291359,42.582244,1323.9],[0.291359,42.582246,1324.0],[0.291279,42.582328,1323.9],[0.291218,42.582461,1324.7],[0.291136,42.582567,1325.0],[0.291076,42.582646,1325.5],[0.291021,42.582687,1325.5],[0.290965,42.582725,1325.6],[0.290894,42.582738,1325.3],[0.290796,42.582744,1324.6],[0.290673,42.582749,1323.7],[0.290566,42.582766,1323.3],[0.290472,42.582793,1323.3],[0.290401,42.58283,1323.9],[0.290326,42.58288,1323.8],[0.290285,42.582938,1324.4],[0.290235,42.583001,1324.7],[0.290183,42.583057,1324.7],[0.290121,42.583083,1324.0],[0.290061,42.583101,1324.2],[0.289963,42.583101,1323.6],[0.289872,42.583087,1322.5],[0.289762,42.583048,1321.0],[0.289633,42.582992,1321.4],[0.289536,42.58293,1320.9],[0.289403,42.58284,1319.6],[0.289194,42.582715,1318.2],[0.289103,42.582677,1317.6],[0.288988,42.582673,1318.1],[0.28874,42.582677,1318.9],[0.288482,42.582691,1319.0],[0.288181,42.582706,1317.2],[0.287999,42.582727,1316.4],[0.287795,42.582769,1316.7],[0.287669,42.582792,1316.6],[0.287515,42.582798,1316.4],[0.287405,42.582784,1315.5],[0.287304,42.582763,1314.6],[0.287156,42.582736,1313.7],[0.287038,42.582718,1313.3],[0.286866,42.58271,1312.9],[0.286726,42.582697,1312.5],[0.286596,42.582681,1311.9],[0.286513,42.582667,1311.6],[0.286329,42.582623,1310.8],[0.286154,42.582574,1310.2],[0.286023,42.582536,1310.1],[0.285929,42.582499,1309.8],[0.2858,42.582438,1309.2],[0.285621,42.582369,1308.6],[0.285503,42.582338,1308.3],[0.285376,42.582317,1307.3],[0.285203,42.58232,1306.9],[0.285034,42.582353,1306.0],[0.284888,42.58241,1306.4],[0.284763,42.582483,1306.8],[0.28468,42.582516,1306.6],[0.28458,42.582549,1305.2],[0.284427,42.582588,1303.1],[0.284296,42.582632,1301.3],[0.284142,42.582698,1299.7],[0.284035,42.582735,1298.9],[0.283902,42.582756,1298.2],[0.283747,42.582777,1297.8],[0.283644,42.582778,1297.8],[0.283541,42.582758,1297.6],[0.283416,42.582706,1295.9],[0.283252,42.582639,1293.2],[0.283117,42.582585,1291.1],[0.282993,42.582549,1289.5],[0.282844,42.582542,1289.1],[0.282684,42.582537,1288.8],[0.282366,42.582563,1289.3],[0.282236,42.582556,1288.6],[0.282081,42.582531,1287.3],[0.281947,42.582495,1285.6],[0.281711,42.582448,1283.5],[0.281505,42.582421,1282.3],[0.281098,42.582367,1278.9],[0.280752,42.582303,1275.9],[0.280469,42.582248,1272.6],[0.280343,42.582234,1271.4],[0.280145,42.582204,1269.8],[0.280058,42.582209,1269.6],[0.279974,42.582224,1271.3],[0.279887,42.582161,1271.8],[0.279791,42.582124,1273.3],[0.279665,42.582049,1273.2],[0.279537,42.581989,1272.3],[0.279439,42.581961,1272.5],[0.279213,42.581937,1273.7],[0.279096,42.58192,1274.2],[0.279018,42.581894,1274.3],[0.278929,42.581838,1273.9],[0.278853,42.581755,1272.8],[0.27877,42.581658,1271.7],[0.278675,42.581562,1271.1],[0.278596,42.581496,1270.0],[0.278514,42.58146,1269.8],[0.278401,42.581442,1270.4],[0.278248,42.58143,1271.2],[0.278174,42.581417,1271.0],[0.278048,42.581381,1269.0],[0.27796,42.58137,1268.5],[0.277856,42.581363,1268.2],[0.27776,42.581342,1268.2],[0.27769,42.581304,1267.4],[0.277564,42.581195,1265.1],[0.277469,42.581138,1264.6],[0.277325,42.581053,1262.4],[0.277246,42.581021,1262.1],[0.277159,42.580996,1261.3],[0.277026,42.580979,1260.0],[0.276884,42.580995,1260.2],[0.276739,42.581032,1260.3],[0.276579,42.581063,1260.3],[0.276451,42.581048,1259.0],[0.276364,42.581014,1256.7],[0.276329,42.580951,1253.0],[0.276343,42.580881,1252.0],[0.276392,42.580811,1249.6],[0.276487,42.580756,1244.8],[0.276518,42.580703,1242.0],[0.276511,42.580602,1242.6],[0.276493,42.580538,1243.6],[0.276434,42.58044,1246.1],[0.27637,42.580293,1247.5],[0.276275,42.580122,1246.9],[0.276227,42.580013,1245.4],[0.276112,42.579841,1242.7],[0.276045,42.579754,1241.3],[0.275919,42.579655,1240.4],[0.275798,42.579579,1239.6],[0.275599,42.57946,1237.7],[0.275373,42.579331,1235.4],[0.27528,42.579287,1234.4],[0.275155,42.579248,1233.4],[0.275025,42.57923,1233.3],[0.274843,42.579223,1233.0],[0.274679,42.579277,1236.6],[0.274519,42.579332,1238.3],[0.274422,42.579347,1237.9],[0.274264,42.579321,1235.6],[0.274121,42.579327,1236.0],[0.273927,42.579364,1239.5],[0.273792,42.579404,1242.6],[0.273697,42.579434,1245.3],[0.273636,42.579433,1246.6],[0.273571,42.579459,1248.2],[0.273444,42.579509,1251.9],[0.273395,42.579501,1254.0],[0.273367,42.579478,1255.1],[0.273376,42.579397,1254.9],[0.273352,42.579312,1256.7],[0.273351,42.579274,1257.0],[0.273369,42.579236,1256.3],[0.273371,42.579181,1257.6],[0.273303,42.579107,1263.6],[0.2733,42.579074,1264.7],[0.273331,42.579038,1263.8],[0.273398,42.578975,1261.5],[0.273437,42.578922,1261.0],[0.273458,42.578825,1263.2],[0.273464,42.578741,1265.3],[0.273486,42.578692,1265.1],[0.273475,42.578605,1268.0],[0.273423,42.57847,1271.2],[0.273316,42.578432,1275.5],[0.273249,42.57839,1277.8],[0.273165,42.578326,1280.5],[0.273007,42.578224,1284.9],[0.272897,42.578094,1287.8],[0.272836,42.577929,1291.4],[0.272782,42.577768,1295.5],[0.272759,42.577577,1299.6],[0.272748,42.57738,1303.4],[0.272688,42.577232,1308.2],[0.272618,42.577085,1312.8],[0.272545,42.576935,1316.9],[0.272452,42.576759,1321.2],[0.2724,42.576611,1322.9],[0.272335,42.57652,1325.4],[0.272231,42.576363,1328.2],[0.27215,42.576209,1329.3],[0.272024,42.576046,1332.3],[0.27193,42.575924,1334.4],[0.271818,42.575863,1337.7],[0.271742,42.575833,1339.4],[0.271663,42.575834,1341.9],[0.27152,42.575842,1346.6],[0.271466,42.575843,1348.3],[0.271347,42.575811,1350.6],[0.271244,42.575784,1352.7],[0.271149,42.575734,1353.6],[0.271051,42.575642,1354.2],[0.270972,42.575603,1356.4],[0.270877,42.575544,1358.7],[0.270805,42.575497,1360.7],[0.270765,42.575408,1362.1],[0.270764,42.575276,1361.9],[0.270784,42.575215,1360.7],[0.270738,42.575101,1363.1],[0.27065,42.575002,1368.1],[0.27061,42.574934,1370.3],[0.270574,42.574841,1372.1],[0.270544,42.574799,1373.8],[0.270471,42.574738,1377.5],[0.270427,42.57468,1379.5],[0.270422,42.574598,1379.0],[0.270448,42.574477,1378.3],[0.27046,42.574434,1377.9],[0.27046,42.574302,1379.9],[0.270381,42.574186,1386.2],[0.270319,42.574066,1389.9],[0.270262,42.574015,1391.9],[0.270235,42.57401,1392.8],[0.270156,42.573998,1395.2],[0.2701,42.574024,1396.6],[0.270057,42.574065,1398.1],[0.269939,42.574116,1402.0],[0.26984,42.574147,1405.6],[0.269771,42.574181,1407.5],[0.269693,42.574177,1408.8],[0.26959,42.574189,1410.8],[0.269518,42.574191,1412.0],[0.269391,42.57421,1414.1],[0.269265,42.57425,1416.7],[0.269175,42.574281,1418.3],[0.268929,42.574323,1421.4],[0.26869,42.574405,1424.5],[0.268548,42.574496,1428.5],[0.26849,42.574511,1429.5],[0.268331,42.574507,1430.6],[0.268175,42.57451,1432.3],[0.268112,42.574508,1432.9],[0.268063,42.574492,1433.0],[0.267953,42.574422,1433.3],[0.267821,42.574316,1434.2],[0.267685,42.574194,1435.3],[0.267539,42.574026,1436.2],[0.267347,42.573779,1438.6],[0.267279,42.573719,1439.3],[0.267164,42.573649,1440.5],[0.26702,42.573595,1441.3],[0.266908,42.573539,1441.7],[0.266792,42.573471,1442.0],[0.26662,42.573438,1442.0],[0.266423,42.573424,1441.9],[0.266199,42.573412,1441.1],[0.266044,42.573417,1440.4],[0.26577,42.573447,1439.2],[0.265521,42.573478,1438.6],[0.265316,42.573508,1438.5],[0.265146,42.573554,1438.5],[0.264951,42.573636,1437.9],[0.26482,42.573694,1438.0],[0.264661,42.573734,1438.1],[0.264381,42.573801,1438.7],[0.264304,42.573847,1438.4],[0.264198,42.573928,1438.6],[0.264053,42.574034,1439.0],[0.263913,42.574122,1439.5],[0.263737,42.574239,1440.1],[0.26351,42.574363,1439.9],[0.263195,42.574523,1440.3],[0.262941,42.574657,1441.3],[0.26279,42.574718,1441.8],[0.26265,42.574753,1442.2],[0.26238,42.574805,1442.9],[0.262198,42.574848,1442.9],[0.262002,42.574895,1442.2],[0.261713,42.574929,1442.3],[0.261551,42.574964,1442.2],[0.261352,42.575028,1441.3],[0.26121,42.575067,1440.9],[0.260911,42.575136,1441.0],[0.260632,42.575202,1441.2],[0.26041,42.575235,1441.1],[0.260199,42.575278,1439.7],[0.260036,42.575337,1439.4],[0.259851,42.575404,1442.3],[0.259727,42.575429,1442.2],[0.259618,42.57542,1440.9],[0.259535,42.575443,1441.1],[0.259382,42.575475,1441.1],[0.259206,42.575504,1441.4],[0.259078,42.575501,1440.3],[0.258893,42.575529,1440.5],[0.25869,42.575561,1440.2],[0.25852,42.575606,1440.7],[0.258338,42.57565,1440.2],[0.257975,42.575728,1436.3],[0.257614,42.575846,1434.6],[0.257525,42.575863,1433.2],[0.257384,42.57589,1430.8],[0.257227,42.575939,1429.0],[0.257058,42.576016,1428.4],[0.256927,42.576041,1425.5],[0.256811,42.576083,1424.7],[0.256677,42.576128,1424.0],[0.256542,42.57615,1421.7],[0.256455,42.576147,1420.8],[0.256351,42.576127,1419.2],[0.25624,42.576126,1418.1],[0.256061,42.57613,1416.8],[0.255941,42.576119,1415.1],[0.25587,42.576146,1413.5],[0.255851,42.576179,1413.0],[0.255795,42.576254,1411.6],[0.255744,42.576294,1410.3],[0.255713,42.576367,1409.7],[0.255713,42.576406,1408.0],[0.255767,42.576513,1404.7],[0.25586,42.576681,1397.3],[0.255966,42.576805,1391.8],[0.25606,42.576872,1391.7],[0.256166,42.576921,1392.5],[0.256207,42.576967,1391.9],[0.256192,42.57703,1389.5],[0.256081,42.577063,1387.3],[0.255964,42.577127,1385.6],[0.255819,42.577167,1381.1],[0.255679,42.57722,1376.6],[0.255596,42.577278,1373.1],[0.255525,42.577334,1370.2],[0.255502,42.577379,1369.7],[0.255528,42.577422,1371.9],[0.255533,42.577469,1372.9],[0.255529,42.577532,1372.9],[0.255505,42.577578,1371.4],[0.255447,42.577636,1368.1],[0.255463,42.577701,1368.7],[0.255491,42.577752,1371.3],[0.255456,42.577795,1371.3],[0.255338,42.577832,1369.7],[0.255249,42.577815,1366.8],[0.255099,42.577769,1360.4],[0.254967,42.577717,1355.3],[0.254874,42.57767,1351.2],[0.254802,42.57764,1347.9],[0.254695,42.577672,1348.0],[0.254632,42.577718,1349.3],[0.254558,42.577796,1351.6],[0.254477,42.57783,1351.5],[0.254366,42.577827,1349.3],[0.254263,42.577837,1347.9],[0.253756,42.577873,1341.2],[0.253421,42.577949,1337.4],[0.253082,42.577953,1329.0],[0.252925,42.578007,1326.9],[0.252758,42.578049,1322.1],[0.252636,42.578105,1318.5],[0.252576,42.578144,1316.3],[0.252523,42.578241,1316.4],[0.252464,42.578342,1319.2],[0.252398,42.578363,1316.9],[0.252302,42.578358,1316.5],[0.252212,42.578346,1315.3],[0.252049,42.578288,1308.7],[0.251945,42.578268,1305.4],[0.251746,42.578235,1298.9],[0.251564,42.578258,1296.1],[0.251442,42.578294,1295.7],[0.251405,42.578286,1294.3],[0.251331,42.578274,1291.4],[0.251263,42.578247,1287.5],[0.251101,42.57825,1284.5],[0.251044,42.578266,1285.1],[0.250952,42.578289,1285.9],[0.25086,42.57829,1284.4],[0.25075,42.578235,1275.0],[0.250705,42.578261,1275.7],[0.250649,42.57828,1275.3],[0.250566,42.578293,1273.4],[0.250511,42.578331,1274.9],[0.250451,42.578369,1276.3],[0.250393,42.578368,1274.2],[0.250373,42.578356,1272.4],[0.25037,42.578337,1270.5],[0.250468,42.578259,1266.8],[0.250522,42.578213,1264.5],[0.250628,42.578151,1262.6],[0.25073,42.578086,1260.2],[0.250808,42.578044,1258.7],[0.250854,42.577999,1255.6],[0.250823,42.577988,1253.3],[0.250773,42.577959,1248.4],[0.25071,42.577937,1243.7],[0.250642,42.577953,1242.8],[0.250603,42.577946,1240.6],[0.250537,42.577949,1238.4],[0.250448,42.577958,1236.2],[0.250326,42.578025,1239.1],[0.250268,42.578027,1237.3],[0.250068,42.578007,1232.1],[0.24995,42.577992,1228.9],[0.249601,42.577996,1221.4],[0.249413,42.578029,1212.5],[0.24929,42.578058,1207.4],[0.249149,42.578132,1206.2],[0.249046,42.578194,1207.4],[0.249007,42.578243,1212.4],[0.24895,42.578249,1214.0],[0.248889,42.578224,1212.6],[0.248816,42.578185,1210.2],[0.24869,42.578167,1209.9],[0.248492,42.578176,1211.0],[0.248417,42.578203,1213.4],[0.248205,42.57824,1213.7],[0.247914,42.578306,1215.0],[0.247762,42.578328,1214.6],[0.247678,42.578305,1211.5],[0.247558,42.578291,1209.0],[0.247292,42.578264,1205.0],[0.246893,42.578232,1199.6],[0.246673,42.578231,1198.3],[0.24656,42.578217,1196.7],[0.246389,42.578177,1194.3],[0.246171,42.578076,1188.9],[0.24604,42.578068,1188.5],[0.24587,42.578095,1185.7],[0.245717,42.578149,1181.9],[0.245552,42.578327,1179.3],[0.245285,42.57842,1169.3],[0.245005,42.578576,1164.5],[0.244847,42.578605,1158.5],[0.244732,42.57868,1157.6],[0.244589,42.578731,1152.6],[0.24444,42.578765,1145.1],[0.244265,42.578856,1137.8],[0.244143,42.579011,1137.8],[0.24404,42.57914,1138.9],[0.244013,42.579211,1141.8],[0.243892,42.579252,1137.1],[0.24375,42.57929,1131.7],[0.243587,42.579388,1129.7],[0.243397,42.57948,1126.7],[0.243257,42.579478,1122.7],[0.243141,42.579436,1119.0],[0.243016,42.579379,1113.8],[0.242656,42.579282,1115.7],[0.242468,42.579261,1114.4],[0.242285,42.579278,1111.7],[0.241905,42.579405,1102.9],[0.24167,42.579549,1102.6],[0.241577,42.579607,1102.8],[0.241463,42.579632,1100.3],[0.241376,42.579612,1097.3],[0.241272,42.579602,1094.5],[0.241163,42.579594,1091.9],[0.241064,42.579587,1089.9],[0.240886,42.579604,1088.6],[0.240691,42.579559,1083.7],[0.240402,42.579599,1085.4],[0.240306,42.579576,1083.4],[0.24017,42.57955,1081.8],[0.239972,42.579479,1077.8],[0.239562,42.579311,1067.7],[0.239361,42.579212,1061.5],[0.239266,42.57922,1062.1],[0.238967,42.579236,1062.9],[0.238787,42.579211,1060.0],[0.238567,42.579197,1055.9],[0.238421,42.57919,1053.0],[0.238318,42.579216,1053.3],[0.238251,42.579237,1053.6],[0.238168,42.579236,1052.3],[0.238049,42.579229,1050.9],[0.237956,42.579245,1051.3],[0.237865,42.579277,1052.6],[0.237758,42.579294,1054.0],[0.237623,42.579287,1055.1],[0.237504,42.579255,1054.5],[0.237333,42.579168,1051.5],[0.237139,42.579126,1050.5],[0.236945,42.579075,1047.7],[0.236707,42.57905,1044.7],[0.23641,42.579023,1039.7],[0.236239,42.579014,1036.6],[0.236104,42.579025,1034.2],[0.235911,42.579104,1032.4],[0.235697,42.579167,1027.9],[0.235625,42.579194,1027.0],[0.235571,42.579249,1025.6],[0.235564,42.579312,1024.6],[0.235646,42.579441,1023.6],[0.235731,42.579575,1020.7],[0.235826,42.579664,1020.2],[0.235911,42.579736,1019.5],[0.236132,42.579961,1016.8],[0.236184,42.580101,1013.1],[0.236272,42.580219,1013.4],[0.236303,42.580273,1013.2],[0.236272,42.580309,1010.5],[0.236209,42.580323,1007.3],[0.236116,42.580282,1005.1],[0.235973,42.580153,1003.3],[0.235833,42.580104,999.8],[0.235808,42.580171,997.2],[0.235811,42.5803,994.1],[0.235704,42.580417,988.4],[0.235522,42.580514,984.1],[0.235476,42.580601,982.0],[0.235427,42.580689,980.0],[0.235533,42.58076,979.5],[0.235696,42.580837,983.9],[0.235735,42.580888,987.0],[0.23548,42.580984,982.0],[0.235317,42.581007,980.9],[0.235185,42.58102,979.9],[0.235063,42.58106,978.9],[0.234881,42.581148,978.1],[0.234748,42.58113,975.4],[0.234568,42.581098,971.6],[0.234409,42.581078,968.3],[0.23425,42.581041,965.0],[0.23405,42.581007,959.3],[0.233897,42.580999,955.7],[0.233676,42.580983,951.4],[0.233457,42.580989,948.0],[0.233216,42.581088,945.9],[0.233131,42.581191,944.6],[0.233003,42.581274,941.9],[0.23278,42.581441,936.7],[0.232543,42.581554,931.6],[0.232098,42.58167,922.7],[0.231756,42.581704,915.9],[0.231429,42.581782,909.4],[0.230962,42.581919,902.2],[0.230784,42.582053,900.5],[0.230512,42.582185,897.7],[0.230271,42.582227,894.2],[0.230067,42.58221,891.1],[0.229638,42.582143,888.0],[0.229366,42.582115,884.0],[0.22914,42.582111,881.2],[0.228831,42.582016,875.9],[0.228663,42.581978,873.3],[0.228354,42.581957,869.6],[0.2281,42.581926,866.2],[0.227977,42.581926,865.2],[0.22789,42.581871,862.6],[0.227647,42.581823,858.9],[0.227373,42.581776,855.6],[0.227205,42.581732,852.4],[0.227077,42.581777,852.3],[0.227005,42.581808,852.2],[0.22695,42.581868,853.1],[0.2269,42.581944,853.4],[0.226862,42.582037,853.4],[0.2268,42.582204,852.4],[0.226717,42.58239,850.0],[0.226652,42.582631,847.9],[0.226598,42.582717,846.4],[0.226472,42.582834,843.0],[0.226227,42.583027,837.1],[0.225815,42.583101,825.5],[0.225608,42.5832,820.2],[0.225525,42.58335,817.4],[0.225453,42.583464,815.6],[0.225412,42.583609,814.7],[0.225293,42.583811,811.1],[0.225233,42.583921,809.7],[0.225147,42.584014,807.9],[0.225121,42.584111,808.1],[0.225123,42.584276,810.1],[0.225078,42.584461,811.7],[0.224989,42.58459,811.3],[0.224912,42.584688,810.6],[0.224887,42.584768,811.0],[0.224853,42.584989,812.6],[0.22479,42.585176,811.6],[0.22469,42.585384,811.1],[0.224606,42.585541,812.6],[0.224521,42.585697,809.7],[0.224448,42.585749,805.2],[0.224353,42.58577,802.9],[0.224236,42.585748,798.3],[0.224127,42.585759,796.3],[0.224023,42.585753,798.2],[0.223927,42.585752,800.0],[0.223851,42.585711,800.5],[0.223789,42.585598,800.6],[0.223737,42.585491,799.8],[0.223695,42.585347,797.4],[0.223715,42.58517,795.4],[0.223717,42.585053,795.0]]}},{"type":"Feature","properties":{"Name":"C — Puerto Viejo–Bielsa","etapa":"C","original_name":"C_Puerto Viejo-Bielsa","point_count":1096,"length_km":16.861},"geometry":{"type":"LineString","coordinates":[[0.173678,42.733908,2378.3],[0.173566,42.73384,2378.6],[0.173493,42.733776,2380.8],[0.173284,42.733609,2379.6],[0.172962,42.733362,2378.0],[0.172855,42.733236,2375.2],[0.172846,42.733211,2374.2],[0.173136,42.733305,2367.0],[0.173338,42.733366,2364.2],[0.173635,42.733437,2360.2],[0.173874,42.7335,2357.6],[0.174031,42.733531,2355.8],[0.174305,42.733584,2352.7],[0.174598,42.733625,2350.3],[0.174865,42.733629,2348.2],[0.175035,42.733603,2345.7],[0.175149,42.733573,2343.2],[0.174996,42.733495,2338.7],[0.174784,42.733427,2335.7],[0.174636,42.733349,2332.6],[0.174486,42.733248,2328.9],[0.174411,42.733197,2327.0],[0.174448,42.733171,2324.9],[0.174705,42.733184,2322.0],[0.174824,42.733178,2320.5],[0.174929,42.733157,2318.2],[0.175052,42.733141,2316.1],[0.175241,42.733123,2313.7],[0.175387,42.733086,2310.4],[0.175525,42.733039,2306.6],[0.17569,42.732997,2303.8],[0.175817,42.732977,2302.6],[0.175753,42.732924,2299.1],[0.175604,42.732879,2296.3],[0.17542,42.732885,2297.5],[0.175291,42.732841,2295.4],[0.17518,42.732805,2294.1],[0.175061,42.732772,2293.5],[0.17487,42.732659,2290.2],[0.174772,42.732576,2287.8],[0.174715,42.732476,2284.5],[0.174693,42.732376,2280.7],[0.174754,42.732366,2279.2],[0.175,42.732401,2276.5],[0.17521,42.732393,2273.6],[0.175396,42.732344,2269.8],[0.175509,42.732285,2266.4],[0.175679,42.732204,2262.2],[0.175858,42.732169,2259.9],[0.176039,42.732119,2257.3],[0.176158,42.732032,2252.7],[0.176232,42.732016,2251.7],[0.176405,42.731992,2249.9],[0.1767,42.731907,2243.3],[0.176806,42.731889,2241.0],[0.176884,42.73188,2239.3],[0.17702,42.731853,2235.8],[0.177125,42.731838,2234.6],[0.177261,42.731806,2233.4],[0.17736,42.731786,2232.7],[0.177418,42.731745,2232.1],[0.177435,42.731676,2229.3],[0.177435,42.731585,2225.5],[0.17744,42.731502,2222.3],[0.177439,42.731444,2220.0],[0.177489,42.731404,2219.3],[0.177629,42.731311,2217.4],[0.177719,42.731244,2215.2],[0.177851,42.73116,2212.7],[0.177946,42.731104,2211.2],[0.178017,42.731049,2209.3],[0.178152,42.730959,2206.4],[0.178322,42.730864,2203.6],[0.178455,42.730789,2201.2],[0.178599,42.730715,2198.8],[0.178806,42.730605,2196.2],[0.178975,42.730525,2194.5],[0.179084,42.730454,2192.6],[0.179169,42.730389,2190.9],[0.17926,42.730291,2188.0],[0.179321,42.730242,2186.4],[0.179417,42.7302,2185.2],[0.179532,42.730155,2184.1],[0.179628,42.730118,2183.2],[0.179715,42.730092,2182.5],[0.179895,42.730073,2182.0],[0.179957,42.730059,2181.6],[0.180061,42.730016,2180.0],[0.180292,42.729881,2175.0],[0.180399,42.729938,2176.8],[0.180451,42.729924,2176.4],[0.180567,42.729826,2173.0],[0.180644,42.729787,2171.5],[0.180768,42.729778,2171.0],[0.180847,42.72979,2171.3],[0.181003,42.729759,2170.0],[0.181106,42.729739,2169.4],[0.181209,42.72969,2167.5],[0.181476,42.729576,2163.3],[0.181571,42.729544,2162.0],[0.181577,42.729546,2162.0],[0.181577,42.729546,2162.0],[0.181571,42.729544,2162.0],[0.181718,42.72949,2159.4],[0.181796,42.729447,2157.4],[0.181874,42.729404,2155.4],[0.181808,42.729356,2153.3],[0.181642,42.729269,2150.3],[0.181427,42.729152,2146.6],[0.181322,42.729072,2144.0],[0.181276,42.729021,2142.4],[0.181356,42.728985,2140.5],[0.181522,42.728992,2139.7],[0.18175,42.728985,2137.2],[0.181918,42.728978,2135.3],[0.182055,42.728959,2133.1],[0.182249,42.728944,2132.0],[0.182419,42.728889,2129.3],[0.18254,42.728807,2126.8],[0.182641,42.728739,2125.7],[0.182694,42.728643,2123.5],[0.182723,42.728457,2118.8],[0.182756,42.728335,2115.8],[0.182799,42.728203,2112.9],[0.182837,42.728147,2111.7],[0.182928,42.728094,2110.6],[0.183084,42.728021,2108.4],[0.183227,42.72793,2105.2],[0.183371,42.727871,2102.8],[0.183493,42.727856,2102.0],[0.183658,42.727828,2100.4],[0.183816,42.727785,2098.2],[0.183973,42.727761,2097.1],[0.184081,42.727731,2096.1],[0.184181,42.727701,2095.0],[0.184278,42.727636,2093.5],[0.184352,42.727562,2091.6],[0.184474,42.727482,2089.5],[0.184545,42.72742,2087.6],[0.184698,42.727361,2086.1],[0.184849,42.727302,2084.6],[0.184997,42.727234,2082.4],[0.185181,42.727151,2079.8],[0.185298,42.727087,2078.0],[0.185449,42.72702,2076.0],[0.18555,42.726978,2074.6],[0.185634,42.726946,2073.5],[0.185726,42.726931,2073.1],[0.185879,42.726912,2072.6],[0.185978,42.726876,2071.6],[0.186068,42.726876,2071.9],[0.186166,42.726825,2071.0],[0.186228,42.726767,2069.7],[0.186279,42.726701,2068.2],[0.186333,42.726649,2067.2],[0.186382,42.726606,2066.5],[0.186444,42.726551,2065.5],[0.186582,42.72647,2064.4],[0.186689,42.72641,2064.0],[0.186822,42.726319,2062.6],[0.18698,42.726258,2061.1],[0.187162,42.726189,2058.1],[0.187274,42.726142,2055.9],[0.187413,42.726095,2053.8],[0.187487,42.726068,2053.0],[0.18757,42.725985,2050.6],[0.187698,42.725828,2047.2],[0.187814,42.725768,2047.8],[0.187939,42.725669,2046.8],[0.1881,42.725538,2041.4],[0.188182,42.725457,2036.6],[0.188206,42.725372,2031.6],[0.188103,42.725324,2028.9],[0.188045,42.725286,2026.6],[0.188088,42.725257,2024.9],[0.188142,42.725188,2021.9],[0.188251,42.725125,2019.3],[0.188388,42.725061,2016.6],[0.188457,42.725025,2015.1],[0.18852,42.724987,2013.6],[0.188655,42.72493,2011.3],[0.188743,42.724872,2008.7],[0.188913,42.724807,2005.8],[0.188814,42.724758,2003.9],[0.188586,42.724768,2004.8],[0.188493,42.724742,2003.6],[0.188348,42.724685,2000.8],[0.188246,42.724633,1998.4],[0.188142,42.724596,1996.6],[0.188093,42.724583,1996.0],[0.188019,42.724558,1994.5],[0.187925,42.724477,1989.9],[0.188133,42.724388,1985.7],[0.188319,42.724386,1985.6],[0.188414,42.724383,1985.1],[0.188536,42.724373,1984.0],[0.188596,42.724369,1983.4],[0.188674,42.724354,1981.9],[0.188689,42.724337,1980.6],[0.188637,42.72429,1977.8],[0.188613,42.724246,1975.0],[0.188613,42.724199,1971.8],[0.188655,42.724188,1970.4],[0.188748,42.724219,1971.4],[0.188837,42.724241,1971.9],[0.188977,42.724252,1971.8],[0.189188,42.7242,1966.2],[0.189363,42.724175,1963.0],[0.189526,42.724168,1961.1],[0.189693,42.724172,1958.9],[0.189847,42.724181,1956.3],[0.190026,42.724212,1952.3],[0.19015,42.724261,1951.0],[0.190257,42.724297,1949.5],[0.190401,42.724322,1946.4],[0.190554,42.724331,1944.0],[0.190636,42.724353,1944.2],[0.190823,42.724396,1946.1],[0.190992,42.724363,1942.8],[0.190934,42.724318,1939.0],[0.190988,42.724273,1934.8],[0.191081,42.724248,1932.8],[0.191201,42.724214,1930.6],[0.191292,42.724204,1930.5],[0.191344,42.724191,1929.9],[0.191427,42.724152,1927.5],[0.191534,42.724131,1927.3],[0.191626,42.724122,1928.0],[0.191666,42.724114,1928.1],[0.191777,42.72406,1925.1],[0.191883,42.724024,1923.9],[0.191958,42.724016,1924.8],[0.19204,42.724019,1926.9],[0.192104,42.724017,1928.1],[0.192213,42.723983,1927.1],[0.192308,42.723899,1920.5],[0.192395,42.72385,1917.2],[0.192494,42.723799,1913.9],[0.192617,42.723761,1911.7],[0.19277,42.723752,1912.3],[0.192923,42.723725,1911.6],[0.193013,42.723698,1910.2],[0.193062,42.723683,1909.4],[0.19315,42.723671,1909.1],[0.193239,42.723653,1907.6],[0.193316,42.723643,1906.9],[0.193397,42.723622,1905.1],[0.193469,42.723597,1902.4],[0.193545,42.723591,1901.0],[0.193621,42.723596,1900.7],[0.193712,42.723598,1900.0],[0.193658,42.723551,1895.6],[0.193545,42.7235,1892.7],[0.193397,42.723442,1890.0],[0.193292,42.72343,1888.7],[0.19318,42.723417,1887.2],[0.193079,42.723417,1886.6],[0.192991,42.723416,1885.5],[0.192882,42.723417,1884.5],[0.192666,42.723428,1882.6],[0.192466,42.723432,1880.1],[0.192303,42.72343,1877.7],[0.192118,42.723407,1873.8],[0.191925,42.72338,1870.3],[0.191737,42.723344,1867.4],[0.191657,42.723308,1865.5],[0.191605,42.72328,1864.1],[0.191734,42.723185,1859.2],[0.191884,42.723132,1856.3],[0.192016,42.723069,1853.0],[0.192062,42.723052,1852.1],[0.192107,42.723008,1849.8],[0.192204,42.722953,1846.8],[0.192315,42.722959,1846.9],[0.192444,42.722874,1841.7],[0.192692,42.722779,1837.6],[0.192875,42.722769,1838.4],[0.193008,42.722749,1838.8],[0.193149,42.722708,1837.7],[0.193288,42.722675,1836.8],[0.193444,42.722658,1836.2],[0.193599,42.722643,1834.5],[0.193741,42.722615,1832.2],[0.193786,42.722593,1831.2],[0.193907,42.722558,1828.5],[0.194027,42.722562,1825.9],[0.194105,42.722574,1823.8],[0.194196,42.722596,1822.0],[0.194286,42.722633,1821.4],[0.194407,42.722712,1821.8],[0.19453,42.722766,1820.7],[0.194667,42.722803,1818.2],[0.194765,42.722836,1816.8],[0.194719,42.722658,1809.6],[0.194723,42.722571,1804.9],[0.194769,42.72259,1804.5],[0.194857,42.722642,1804.1],[0.194987,42.722694,1802.5],[0.195042,42.722725,1802.6],[0.195178,42.722755,1800.5],[0.195369,42.722761,1798.4],[0.195607,42.722728,1793.0],[0.195721,42.722698,1788.7],[0.195838,42.722704,1787.0],[0.195991,42.722717,1783.6],[0.196115,42.722708,1779.5],[0.196244,42.72272,1778.0],[0.196374,42.722752,1777.8],[0.19644,42.722752,1776.7],[0.196504,42.722726,1775.8],[0.196594,42.722644,1772.4],[0.196659,42.722561,1768.9],[0.196699,42.722528,1767.7],[0.196746,42.722489,1765.6],[0.196835,42.722457,1763.0],[0.196939,42.72243,1760.7],[0.197045,42.722415,1759.0],[0.19713,42.722403,1756.7],[0.197168,42.722406,1756.2],[0.1972,42.722391,1754.8],[0.197265,42.722386,1753.3],[0.197136,42.722315,1751.4],[0.196967,42.722232,1749.1],[0.196829,42.722192,1747.1],[0.196694,42.722147,1744.2],[0.19664,42.722132,1742.6],[0.196594,42.722111,1740.8],[0.196687,42.722081,1740.0],[0.196798,42.722055,1738.8],[0.196948,42.722002,1735.8],[0.197085,42.721952,1732.0],[0.197196,42.721955,1730.9],[0.197301,42.721958,1729.9],[0.197376,42.721947,1728.7],[0.197462,42.721973,1729.3],[0.197558,42.721986,1729.2],[0.197643,42.72199,1729.4],[0.197762,42.721945,1729.1],[0.197797,42.721892,1726.6],[0.197936,42.721758,1721.2],[0.19809,42.721609,1716.0],[0.19831,42.721519,1714.7],[0.198527,42.721407,1711.0],[0.19868,42.721337,1708.5],[0.198841,42.721262,1704.7],[0.198957,42.721217,1701.2],[0.198991,42.721193,1699.3],[0.198694,42.721194,1698.2],[0.198491,42.721186,1695.1],[0.198338,42.721152,1690.9],[0.198174,42.721141,1688.4],[0.198023,42.721099,1685.1],[0.197883,42.721095,1683.9],[0.197788,42.721084,1681.9],[0.197783,42.721059,1680.6],[0.197883,42.721018,1680.2],[0.198064,42.720992,1679.9],[0.198301,42.720929,1677.8],[0.198444,42.7209,1677.0],[0.198571,42.72083,1674.8],[0.198624,42.7208,1674.0],[0.198646,42.720781,1673.3],[0.198645,42.72078,1673.2],[0.198623,42.720731,1670.6],[0.198497,42.720698,1667.6],[0.198316,42.720689,1665.1],[0.198193,42.720705,1664.6],[0.198013,42.720733,1665.6],[0.197915,42.720748,1666.2],[0.197835,42.720743,1665.6],[0.197704,42.720738,1664.1],[0.197621,42.720713,1662.4],[0.19762,42.720666,1662.2],[0.197659,42.720599,1661.4],[0.197743,42.720494,1657.9],[0.197885,42.720369,1656.7],[0.198071,42.720224,1653.9],[0.198219,42.720117,1653.1],[0.198422,42.719966,1653.6],[0.198659,42.719788,1652.5],[0.198816,42.719643,1648.7],[0.198961,42.719441,1646.3],[0.19906,42.719235,1644.3],[0.19924,42.718913,1638.5],[0.199284,42.718742,1637.0],[0.199505,42.718399,1632.1],[0.1999,42.718009,1625.8],[0.200246,42.717688,1619.6],[0.200798,42.71726,1614.6],[0.201241,42.716922,1609.6],[0.201419,42.716795,1606.9],[0.201693,42.716345,1600.7],[0.202029,42.715704,1593.9],[0.202265,42.715299,1590.4],[0.202542,42.714796,1585.9],[0.202741,42.714567,1582.9],[0.202933,42.714445,1581.5],[0.203376,42.714355,1573.2],[0.203576,42.714281,1570.5],[0.203839,42.714138,1568.8],[0.204135,42.713872,1572.7],[0.204309,42.713698,1570.2],[0.204505,42.713489,1565.6],[0.204711,42.713215,1562.2],[0.204765,42.713096,1560.6],[0.20477,42.712899,1558.0],[0.204557,42.712545,1555.8],[0.204367,42.712274,1552.5],[0.204083,42.711812,1544.9],[0.203888,42.711545,1540.2],[0.203803,42.711441,1538.2],[0.203502,42.711061,1533.7],[0.203203,42.710704,1527.6],[0.202938,42.710124,1522.2],[0.202811,42.709844,1518.5],[0.202557,42.709304,1512.0],[0.202208,42.708547,1504.1],[0.202089,42.708275,1500.8],[0.201845,42.707763,1492.6],[0.201661,42.707205,1489.8],[0.201577,42.706877,1486.6],[0.201496,42.706369,1481.4],[0.201443,42.706062,1475.5],[0.201484,42.705554,1468.5],[0.201542,42.705228,1466.0],[0.201627,42.704598,1460.1],[0.201704,42.704222,1454.7],[0.201827,42.703838,1449.7],[0.2019,42.70362,1447.1],[0.201944,42.703427,1445.2],[0.20192,42.703288,1442.8],[0.201843,42.703167,1439.7],[0.201679,42.703082,1435.9],[0.201487,42.703084,1433.0],[0.20128,42.703142,1431.0],[0.201119,42.703264,1429.3],[0.200998,42.703515,1430.6],[0.200879,42.703729,1432.1],[0.200741,42.703912,1433.0],[0.200552,42.704056,1432.2],[0.200294,42.704104,1429.0],[0.200051,42.704089,1425.3],[0.199841,42.704005,1422.2],[0.199699,42.703842,1420.9],[0.199652,42.703596,1419.6],[0.199823,42.703251,1415.0],[0.200139,42.702964,1413.6],[0.200289,42.702778,1411.8],[0.200535,42.702508,1408.2],[0.200846,42.702128,1403.9],[0.200958,42.701847,1398.8],[0.201069,42.701557,1391.4],[0.201241,42.701085,1386.5],[0.201403,42.700734,1383.7],[0.201556,42.700436,1378.8],[0.201804,42.700046,1376.4],[0.201984,42.699797,1373.3],[0.202187,42.699516,1370.6],[0.202439,42.699182,1366.6],[0.202566,42.698876,1362.0],[0.202628,42.698555,1359.5],[0.202608,42.698171,1354.5],[0.202588,42.697879,1352.4],[0.202525,42.697377,1350.6],[0.202494,42.696963,1349.4],[0.202455,42.696521,1342.9],[0.20249,42.69619,1338.7],[0.20255,42.695889,1336.7],[0.202706,42.69557,1335.8],[0.202824,42.695322,1336.3],[0.202899,42.695163,1334.5],[0.203087,42.694778,1330.5],[0.203233,42.694472,1327.9],[0.203552,42.693831,1323.4],[0.203733,42.693444,1321.2],[0.203928,42.693076,1318.9],[0.204263,42.692417,1316.6],[0.204458,42.692187,1315.6],[0.204656,42.692009,1314.3],[0.204888,42.691864,1310.4],[0.20511,42.691741,1308.2],[0.20538,42.691601,1305.9],[0.205539,42.691521,1304.1],[0.205842,42.691332,1301.4],[0.206218,42.690999,1299.2],[0.206573,42.690559,1295.9],[0.206978,42.690075,1291.9],[0.207242,42.689737,1290.5],[0.207453,42.689475,1289.8],[0.207658,42.689219,1288.6],[0.207843,42.688992,1286.1],[0.208096,42.688712,1282.3],[0.208359,42.688487,1283.7],[0.208753,42.688147,1285.4],[0.209021,42.687956,1283.1],[0.209235,42.687795,1281.6],[0.209334,42.687725,1280.6],[0.209587,42.687548,1277.7],[0.209811,42.687371,1277.5],[0.210005,42.687227,1277.3],[0.210098,42.68716,1276.9],[0.210232,42.687064,1275.8],[0.210462,42.686885,1274.8],[0.210812,42.686628,1272.5],[0.211045,42.686457,1270.7],[0.211251,42.686301,1269.8],[0.211404,42.686167,1268.8],[0.211552,42.686074,1267.6],[0.21167,42.685974,1266.7],[0.211754,42.685894,1265.9],[0.211906,42.685737,1264.0],[0.211948,42.685634,1263.8],[0.212047,42.685467,1262.7],[0.212072,42.685342,1262.3],[0.212106,42.685146,1261.4],[0.212147,42.68483,1259.1],[0.212193,42.684498,1254.6],[0.212283,42.683954,1251.6],[0.21233,42.683746,1251.2],[0.212436,42.683429,1250.7],[0.21249,42.683264,1250.6],[0.212546,42.683031,1249.8],[0.2126,42.682918,1248.6],[0.212652,42.682767,1247.2],[0.212771,42.682402,1245.8],[0.212851,42.682189,1243.8],[0.21288,42.682086,1243.9],[0.21296,42.681859,1244.0],[0.212998,42.681753,1244.5],[0.213072,42.681502,1244.3],[0.213105,42.681393,1242.7],[0.213121,42.681317,1241.9],[0.213171,42.681009,1238.9],[0.213175,42.680853,1237.2],[0.21319,42.680767,1235.9],[0.213201,42.680646,1234.9],[0.213206,42.680527,1234.7],[0.21321,42.68029,1233.2],[0.213207,42.680237,1232.8],[0.213229,42.68,1232.1],[0.213231,42.679824,1233.0],[0.213241,42.679721,1233.2],[0.213241,42.679635,1233.4],[0.213267,42.679378,1232.1],[0.213266,42.679212,1231.2],[0.213288,42.679038,1229.5],[0.213308,42.678915,1227.8],[0.213321,42.678762,1226.9],[0.213365,42.678623,1225.7],[0.213404,42.678521,1224.7],[0.213436,42.678392,1224.1],[0.213501,42.678247,1222.9],[0.213574,42.678109,1221.9],[0.213651,42.677992,1221.1],[0.213795,42.677774,1220.0],[0.213901,42.677619,1218.5],[0.213961,42.677521,1217.0],[0.214109,42.677282,1215.2],[0.214219,42.67706,1213.2],[0.214281,42.676905,1213.3],[0.214315,42.676763,1213.5],[0.214376,42.676291,1210.8],[0.214405,42.676038,1207.3],[0.214398,42.675903,1205.5],[0.214371,42.675694,1204.6],[0.214336,42.675523,1204.0],[0.214292,42.675365,1203.2],[0.214221,42.675136,1202.1],[0.214135,42.674873,1201.2],[0.214094,42.674636,1199.8],[0.214112,42.674431,1198.7],[0.2142,42.674171,1198.3],[0.214318,42.673867,1197.7],[0.21443,42.673616,1194.1],[0.214491,42.673446,1191.8],[0.214437,42.67335,1192.9],[0.214428,42.673248,1193.2],[0.214443,42.673164,1192.7],[0.214423,42.673103,1193.1],[0.21434,42.673104,1195.7],[0.214288,42.673048,1197.9],[0.214291,42.67296,1197.5],[0.214292,42.672963,1197.5],[0.2143,42.672893,1196.9],[0.214289,42.672828,1197.3],[0.214253,42.672776,1198.9],[0.214239,42.672671,1198.2],[0.214223,42.672576,1197.5],[0.214166,42.672485,1199.4],[0.214158,42.672448,1199.1],[0.214128,42.672383,1199.6],[0.214093,42.672308,1200.2],[0.214061,42.672253,1201.0],[0.214032,42.672137,1200.2],[0.214,42.67205,1200.4],[0.213979,42.671905,1200.5],[0.213973,42.671779,1199.2],[0.213945,42.671627,1198.1],[0.213915,42.671495,1198.9],[0.213878,42.671416,1200.3],[0.213844,42.671334,1199.8],[0.213786,42.671276,1200.7],[0.213743,42.671211,1200.5],[0.213737,42.671171,1199.9],[0.213735,42.67109,1199.7],[0.213724,42.671001,1199.8],[0.213773,42.670924,1198.1],[0.213797,42.670827,1198.1],[0.213795,42.670734,1199.3],[0.213797,42.670595,1199.2],[0.213803,42.670459,1197.1],[0.213754,42.670349,1196.1],[0.213669,42.670265,1197.3],[0.213603,42.670189,1197.6],[0.213535,42.670101,1197.8],[0.213503,42.670043,1197.8],[0.213478,42.669962,1197.2],[0.213432,42.669888,1198.0],[0.213399,42.669806,1198.0],[0.213385,42.669679,1195.9],[0.213352,42.66961,1196.3],[0.213286,42.669517,1198.2],[0.213218,42.669417,1199.6],[0.213139,42.669323,1200.7],[0.2131,42.669235,1199.7],[0.213042,42.669159,1199.9],[0.213006,42.669071,1198.6],[0.212948,42.668975,1197.9],[0.212892,42.668942,1199.6],[0.212866,42.66885,1198.7],[0.212849,42.668764,1197.1],[0.21282,42.668692,1196.5],[0.21278,42.668619,1196.0],[0.212732,42.668553,1195.9],[0.212643,42.668522,1198.6],[0.212508,42.668476,1203.8],[0.212452,42.668409,1204.1],[0.212408,42.668291,1200.9],[0.212359,42.668207,1201.0],[0.212311,42.668102,1200.0],[0.212273,42.668048,1199.8],[0.212148,42.667979,1202.1],[0.212054,42.667935,1203.8],[0.211966,42.667808,1201.6],[0.211884,42.667704,1201.1],[0.211856,42.667637,1199.8],[0.211851,42.667536,1198.9],[0.211841,42.667404,1197.7],[0.211858,42.667308,1195.3],[0.211836,42.667246,1194.9],[0.211739,42.667171,1196.8],[0.211677,42.667123,1198.0],[0.211653,42.667086,1198.1],[0.211631,42.667009,1197.3],[0.211594,42.666915,1196.4],[0.211572,42.666878,1196.2],[0.211392,42.666776,1196.5],[0.211163,42.666725,1196.3],[0.211104,42.666781,1198.2],[0.210948,42.666837,1200.0],[0.210842,42.66679,1202.3],[0.210831,42.666716,1200.8],[0.210818,42.666593,1198.4],[0.210803,42.666504,1196.9],[0.210733,42.666428,1197.7],[0.210618,42.666324,1199.2],[0.210542,42.666219,1199.2],[0.2105,42.666105,1197.4],[0.210447,42.665966,1197.0],[0.210399,42.66588,1197.2],[0.210306,42.665779,1197.6],[0.210216,42.665681,1198.2],[0.210106,42.665517,1197.8],[0.209998,42.665395,1198.3],[0.209819,42.665205,1198.9],[0.209787,42.665135,1197.9],[0.209718,42.665018,1196.7],[0.209617,42.664912,1196.4],[0.209516,42.664802,1195.8],[0.209368,42.664678,1196.5],[0.20925,42.6646,1197.0],[0.209063,42.664482,1196.7],[0.208929,42.664394,1195.7],[0.208906,42.664349,1194.1],[0.20888,42.664328,1193.8],[0.208832,42.664302,1193.7],[0.208792,42.664244,1191.9],[0.208775,42.664184,1189.6],[0.208771,42.664106,1186.1],[0.208752,42.664046,1183.4],[0.208734,42.663985,1180.7],[0.208704,42.663949,1179.4],[0.208687,42.663852,1175.2],[0.208704,42.663775,1171.3],[0.208629,42.6637,1170.0],[0.208549,42.663625,1169.5],[0.208466,42.663481,1164.8],[0.208392,42.663381,1161.9],[0.208315,42.663252,1158.3],[0.20829,42.663196,1157.3],[0.208252,42.663073,1154.8],[0.208225,42.663012,1153.9],[0.2082,42.662915,1152.7],[0.208161,42.662838,1152.3],[0.20799,42.662698,1156.0],[0.207876,42.662505,1158.0],[0.207736,42.662311,1160.5],[0.207616,42.662204,1161.4],[0.207231,42.662052,1165.7],[0.206845,42.661889,1169.4],[0.206538,42.661702,1171.2],[0.206214,42.661521,1175.3],[0.205871,42.661333,1178.8],[0.205439,42.661106,1182.5],[0.205012,42.660948,1187.5],[0.20465,42.660811,1190.9],[0.204478,42.66073,1191.7],[0.204095,42.660583,1192.9],[0.204048,42.660551,1192.1],[0.203977,42.660441,1188.8],[0.203922,42.660359,1185.8],[0.203991,42.660275,1182.2],[0.204072,42.66029,1182.6],[0.204056,42.660263,1181.6],[0.204025,42.660217,1179.9],[0.204026,42.660182,1178.4],[0.204168,42.660103,1174.9],[0.204174,42.66008,1174.0],[0.204149,42.66003,1171.9],[0.20417,42.660021,1171.6],[0.204217,42.660014,1171.3],[0.204266,42.660004,1170.6],[0.204343,42.659961,1168.2],[0.204446,42.659917,1165.3],[0.204534,42.659919,1165.1],[0.204692,42.659918,1164.1],[0.204827,42.659906,1162.9],[0.204981,42.65989,1161.8],[0.20511,42.659966,1163.2],[0.205125,42.660056,1164.3],[0.205118,42.660218,1166.6],[0.20518,42.660239,1166.1],[0.205346,42.660199,1163.4],[0.205549,42.660152,1160.7],[0.205689,42.660096,1159.1],[0.205825,42.660017,1157.6],[0.206048,42.65997,1155.8],[0.206229,42.659923,1154.7],[0.206276,42.659926,1154.3],[0.206364,42.659942,1153.6],[0.206411,42.659971,1153.0],[0.20646,42.659994,1152.4],[0.206541,42.659983,1151.6],[0.206665,42.659884,1150.8],[0.206855,42.659864,1149.5],[0.206964,42.659834,1148.8],[0.207063,42.659874,1148.2],[0.20711,42.659917,1147.7],[0.207187,42.659949,1147.0],[0.207251,42.659956,1146.4],[0.207371,42.65995,1145.3],[0.207471,42.659948,1144.4],[0.207505,42.659945,1144.2],[0.20754,42.65997,1143.7],[0.207632,42.660086,1142.2],[0.207761,42.660274,1140.2],[0.20792,42.660419,1138.1],[0.20792,42.660422,1138.0],[0.208034,42.660486,1136.3],[0.20815,42.660509,1134.7],[0.208296,42.660488,1132.5],[0.208417,42.66048,1130.7],[0.208499,42.660484,1129.3],[0.208532,42.660415,1129.0],[0.208569,42.660334,1128.6],[0.208601,42.66028,1128.0],[0.208645,42.660219,1126.8],[0.208682,42.660173,1125.8],[0.208769,42.660075,1123.3],[0.208833,42.660027,1122.6],[0.20891,42.660004,1121.3],[0.20899,42.659974,1119.8],[0.209101,42.659925,1118.0],[0.209155,42.659878,1117.7],[0.209136,42.659818,1118.2],[0.209132,42.659735,1118.4],[0.209131,42.659576,1118.1],[0.209153,42.659475,1116.6],[0.209208,42.659427,1115.3],[0.209214,42.6593,1114.2],[0.209222,42.658787,1112.4],[0.209222,42.658437,1113.8],[0.209115,42.658435,1114.5],[0.209001,42.658429,1115.3],[0.208809,42.658465,1116.4],[0.208592,42.65851,1117.7],[0.208412,42.658569,1118.9],[0.208296,42.658577,1119.3],[0.208161,42.658568,1119.8],[0.20804,42.658555,1120.0],[0.207904,42.658519,1120.0],[0.207847,42.658458,1120.3],[0.207777,42.658416,1120.5],[0.207674,42.658344,1121.1],[0.207524,42.658342,1121.6],[0.207375,42.65832,1122.9],[0.207275,42.658273,1124.1],[0.207184,42.658216,1125.2],[0.20707,42.658108,1127.0],[0.206988,42.65806,1128.2],[0.206899,42.657991,1129.3],[0.206851,42.657928,1129.9],[0.206806,42.657857,1130.4],[0.206772,42.657796,1130.9],[0.206701,42.657727,1131.9],[0.206629,42.657645,1133.0],[0.206566,42.657574,1134.2],[0.206569,42.657511,1134.6],[0.206489,42.657415,1136.5],[0.206391,42.65734,1139.2],[0.206267,42.657265,1142.7],[0.206208,42.657211,1144.7],[0.206165,42.657153,1146.4],[0.206155,42.657089,1147.2],[0.206164,42.656994,1147.6],[0.206145,42.656906,1148.9],[0.206203,42.6568,1147.8],[0.206253,42.656711,1147.1],[0.206283,42.6566,1147.3],[0.206315,42.656489,1146.8],[0.206239,42.656414,1149.5],[0.206165,42.656333,1152.2],[0.206095,42.656263,1155.1],[0.20603,42.656241,1157.7],[0.205984,42.656183,1159.7],[0.205915,42.656063,1162.9],[0.205868,42.655978,1165.3],[0.205849,42.655872,1166.8],[0.205824,42.655777,1168.9],[0.20581,42.655689,1170.4],[0.205793,42.655588,1172.3],[0.205768,42.655517,1174.2],[0.205727,42.655422,1177.1],[0.205663,42.655328,1180.4],[0.205644,42.655214,1181.8],[0.205623,42.655134,1183.0],[0.205619,42.655081,1183.3],[0.205563,42.65497,1186.4],[0.205577,42.654915,1186.3],[0.205607,42.654836,1185.7],[0.205606,42.654721,1186.9],[0.205625,42.654628,1186.7],[0.205613,42.654538,1188.1],[0.205582,42.654478,1189.5],[0.205588,42.654382,1189.0],[0.205621,42.6543,1187.3],[0.205631,42.654211,1187.2],[0.205638,42.654124,1187.1],[0.205613,42.654039,1188.3],[0.205577,42.653965,1189.7],[0.20554,42.653915,1191.2],[0.20552,42.653856,1191.9],[0.205528,42.653758,1191.4],[0.205537,42.653607,1190.9],[0.205591,42.653557,1188.6],[0.205603,42.653502,1188.1],[0.205549,42.653441,1190.1],[0.205486,42.65339,1192.4],[0.205535,42.653319,1190.8],[0.205576,42.653261,1189.5],[0.205608,42.653202,1188.5],[0.205605,42.653142,1187.8],[0.205563,42.653049,1187.4],[0.205472,42.653,1188.9],[0.205411,42.652979,1190.0],[0.205366,42.652927,1190.7],[0.205335,42.652872,1191.2],[0.205398,42.652784,1188.8],[0.205456,42.652743,1186.6],[0.205525,42.652681,1187.6],[0.205574,42.652635,1188.5],[0.205635,42.652569,1190.0],[0.205714,42.652518,1190.1],[0.205827,42.65246,1189.8],[0.205935,42.652413,1188.8],[0.206014,42.652363,1189.1],[0.206094,42.652313,1189.0],[0.206198,42.652239,1189.0],[0.20631,42.652158,1188.6],[0.206407,42.652059,1189.1],[0.206484,42.652002,1188.3],[0.206559,42.651929,1187.7],[0.206565,42.651882,1189.2],[0.206654,42.651794,1188.1],[0.206755,42.651706,1187.2],[0.206791,42.651635,1188.6],[0.206878,42.651532,1188.5],[0.206999,42.651398,1187.2],[0.206978,42.651395,1188.8],[0.207083,42.651277,1187.5],[0.207181,42.651209,1185.0],[0.207271,42.651144,1183.0],[0.207341,42.651073,1183.3],[0.207417,42.65096,1185.4],[0.207501,42.650843,1185.8],[0.207615,42.650742,1182.1],[0.207656,42.650644,1183.1],[0.207644,42.650574,1184.5],[0.207604,42.650516,1187.7],[0.207622,42.650455,1186.9],[0.207649,42.65037,1185.4],[0.20762,42.650253,1187.4],[0.207565,42.650193,1190.9],[0.207562,42.650126,1190.9],[0.207571,42.650038,1190.1],[0.207572,42.649937,1189.4],[0.20754,42.64987,1190.2],[0.207491,42.649798,1191.7],[0.207434,42.649732,1193.7],[0.207423,42.649664,1193.6],[0.207437,42.649559,1191.8],[0.207449,42.649486,1191.4],[0.207488,42.649364,1190.8],[0.207498,42.649264,1191.3],[0.207505,42.649172,1191.5],[0.207489,42.649077,1192.9],[0.207479,42.649016,1193.0],[0.207467,42.648956,1193.3],[0.207488,42.648874,1191.5],[0.207487,42.648786,1191.2],[0.207476,42.648698,1191.6],[0.207483,42.648605,1191.3],[0.207486,42.648524,1192.3],[0.207591,42.648446,1185.7],[0.207679,42.648362,1181.3],[0.207764,42.64827,1178.1],[0.207839,42.648178,1175.4],[0.207889,42.6481,1175.7],[0.207969,42.648029,1173.3],[0.208043,42.647934,1172.0],[0.208086,42.647815,1173.1],[0.208106,42.64768,1175.3],[0.208145,42.647548,1174.5],[0.208198,42.647493,1171.9],[0.208174,42.64745,1173.3],[0.208064,42.647383,1179.5],[0.20799,42.647349,1183.2],[0.207881,42.647323,1188.6],[0.207765,42.647273,1192.5],[0.207685,42.647203,1192.2],[0.207595,42.647143,1193.1],[0.207489,42.647123,1197.3],[0.207445,42.647049,1193.9],[0.207364,42.646988,1192.0],[0.207295,42.646935,1190.7],[0.207187,42.646935,1194.5],[0.207107,42.646915,1197.0],[0.207024,42.64688,1199.9],[0.207077,42.646837,1195.7],[0.207201,42.646773,1190.6],[0.207269,42.646694,1190.5],[0.207366,42.646641,1187.9],[0.207504,42.646543,1190.1],[0.207604,42.646513,1189.6],[0.207705,42.646493,1187.9],[0.207815,42.646453,1188.1],[0.207915,42.646423,1187.9],[0.208094,42.64638,1185.7],[0.208227,42.646316,1184.6],[0.208287,42.646276,1184.5],[0.208349,42.646197,1186.6],[0.208468,42.646112,1186.3],[0.208586,42.646081,1182.7],[0.208718,42.645992,1182.2],[0.208809,42.645933,1180.5],[0.20883,42.64589,1181.8],[0.20888,42.645802,1182.9],[0.2089,42.645724,1185.4],[0.209006,42.645635,1183.2],[0.209055,42.645513,1186.0],[0.209074,42.645423,1189.2],[0.209125,42.645343,1191.0],[0.209235,42.645303,1189.5],[0.209345,42.645303,1188.2],[0.209465,42.645263,1189.4],[0.209565,42.645213,1191.0],[0.209661,42.645195,1188.9],[0.209795,42.64513,1188.0],[0.209938,42.64502,1188.5],[0.21004,42.644955,1187.8],[0.210148,42.644856,1186.3],[0.210194,42.644768,1186.7],[0.210228,42.644709,1185.9],[0.210225,42.64468,1185.7],[0.210256,42.64469,1184.4],[0.210335,42.644703,1180.9],[0.210398,42.644757,1177.6],[0.210575,42.644765,1170.7],[0.210645,42.64468,1167.9],[0.210539,42.644584,1169.3],[0.210517,42.644477,1167.2],[0.210501,42.644322,1160.9],[0.210487,42.644209,1157.5],[0.210627,42.644198,1149.5],[0.210811,42.644166,1139.7],[0.21087,42.644095,1134.9],[0.21092,42.644051,1131.3],[0.210957,42.64397,1127.6],[0.210967,42.643889,1125.2],[0.210987,42.643731,1122.6],[0.210919,42.643416,1130.9],[0.210955,42.643303,1131.2],[0.211007,42.643234,1130.0],[0.21107,42.643142,1129.1],[0.211154,42.643094,1126.4],[0.211256,42.64299,1125.3],[0.211345,42.643002,1120.0],[0.211563,42.643069,1105.2],[0.211616,42.642919,1110.0],[0.211628,42.642854,1113.2],[0.211758,42.642776,1114.1],[0.211967,42.642814,1102.1],[0.212045,42.642772,1101.6],[0.212025,42.642688,1109.2],[0.212005,42.642566,1118.5],[0.212332,42.642679,1094.0],[0.212211,42.642533,1110.8],[0.212547,42.642594,1090.8],[0.212814,42.642459,1094.4],[0.212933,42.642413,1094.5],[0.213093,42.642325,1093.1],[0.213182,42.642201,1095.4],[0.213229,42.641975,1100.8],[0.213325,42.641807,1100.6],[0.213271,42.641637,1106.8],[0.213305,42.641542,1106.5],[0.213341,42.641453,1105.9],[0.213354,42.641351,1106.4],[0.213377,42.641239,1106.5],[0.213403,42.641151,1105.9],[0.213447,42.641064,1104.4],[0.213672,42.640964,1095.3],[0.213757,42.640843,1093.2],[0.21378,42.640764,1093.1],[0.213789,42.640664,1093.6],[0.213743,42.640599,1095.6],[0.213711,42.640467,1097.6],[0.213754,42.640319,1097.5],[0.213787,42.640082,1098.2],[0.213794,42.639921,1097.7],[0.213729,42.639704,1100.7],[0.213633,42.639353,1100.6],[0.213523,42.638947,1102.7],[0.213496,42.638548,1103.6],[0.213543,42.638168,1103.5],[0.213549,42.637875,1103.7],[0.21346,42.637514,1108.3],[0.213399,42.637208,1109.7],[0.213259,42.637006,1112.5],[0.21322,42.636844,1112.6],[0.213244,42.636657,1112.1],[0.213365,42.636466,1110.5],[0.213523,42.636271,1108.2],[0.213584,42.636174,1106.7],[0.213544,42.635979,1108.2],[0.213342,42.635896,1110.4],[0.213297,42.635781,1109.0],[0.21382,42.635665,1104.6],[0.214041,42.63557,1101.9],[0.214252,42.635387,1097.9],[0.21436,42.635307,1095.1],[0.214505,42.635255,1091.8],[0.214698,42.635116,1089.4],[0.214942,42.634857,1085.0],[0.215145,42.634668,1079.8],[0.215472,42.634482,1073.9],[0.215601,42.634324,1071.5],[0.215807,42.634174,1069.6],[0.215902,42.634125,1069.1],[0.216036,42.63407,1068.7],[0.216235,42.634023,1068.6],[0.216334,42.633976,1067.6],[0.21643,42.633888,1064.7],[0.216548,42.633812,1061.9],[0.216645,42.633818,1060.8],[0.216772,42.63387,1060.3],[0.216888,42.633907,1059.5],[0.217002,42.633725,1052.3],[0.217134,42.633645,1047.9],[0.217449,42.633549,1041.3],[0.217589,42.633534,1039.5],[0.217723,42.633487,1037.5],[0.217964,42.633388,1033.9],[0.218116,42.633329,1031.9],[0.218387,42.633457,1029.9],[0.218611,42.633643,1027.9]]}},{"type":"Feature","properties":{"Name":"D — Puerto de Bujaruelo–Torla–Broto","etapa":"D","original_name":"D_Puerto de Bujaruelo-Torla-Broto","point_count":1075,"length_km":18.973},"geometry":{"type":"LineString","coordinates":[[-0.064243,42.703956,2275.4],[-0.0643,42.703964,2275.5],[-0.064384,42.703934,2274.6],[-0.064511,42.703891,2273.4],[-0.064685,42.703882,2271.5],[-0.064793,42.703895,2270.2],[-0.064909,42.703967,2269.4],[-0.06522,42.704098,2265.4],[-0.06541,42.704126,2260.6],[-0.065644,42.704149,2257.8],[-0.065775,42.704139,2256.1],[-0.066091,42.704157,2248.1],[-0.066215,42.704157,2245.2],[-0.066471,42.704109,2238.2],[-0.06656,42.704132,2236.9],[-0.066725,42.704196,2235.6],[-0.066889,42.70422,2233.3],[-0.067139,42.704264,2231.1],[-0.067467,42.70436,2230.7],[-0.06755,42.704382,2230.4],[-0.06781,42.704444,2228.8],[-0.067917,42.704455,2227.3],[-0.068004,42.704467,2225.8],[-0.067974,42.704404,2224.0],[-0.067818,42.704355,2224.6],[-0.067755,42.704301,2223.0],[-0.067845,42.704275,2220.5],[-0.067966,42.704281,2219.0],[-0.068159,42.704286,2216.0],[-0.068109,42.70422,2214.3],[-0.067957,42.704156,2213.0],[-0.067668,42.704056,2211.2],[-0.067505,42.704034,2212.9],[-0.067456,42.703989,2211.4],[-0.067452,42.703966,2210.3],[-0.067484,42.703951,2208.9],[-0.067545,42.703955,2208.1],[-0.067619,42.704012,2209.7],[-0.067675,42.703993,2207.6],[-0.067666,42.703962,2206.1],[-0.067647,42.703906,2203.6],[-0.067685,42.703897,2202.4],[-0.067762,42.703901,2201.0],[-0.067966,42.703886,2196.4],[-0.068173,42.703853,2191.5],[-0.068306,42.703847,2187.5],[-0.068431,42.703885,2185.1],[-0.068575,42.703997,2185.4],[-0.068658,42.70408,2185.1],[-0.068729,42.704178,2185.3],[-0.068915,42.704247,2177.9],[-0.069079,42.704327,2174.9],[-0.069136,42.704361,2174.3],[-0.069164,42.704311,2171.7],[-0.069251,42.704331,2170.5],[-0.069272,42.704287,2168.2],[-0.069243,42.704223,2166.3],[-0.069226,42.704192,2165.3],[-0.069187,42.704134,2163.5],[-0.069134,42.704092,2162.7],[-0.069098,42.704049,2162.1],[-0.069174,42.704031,2158.9],[-0.069311,42.704053,2157.0],[-0.069389,42.704102,2157.4],[-0.069482,42.704135,2157.1],[-0.069458,42.704043,2153.5],[-0.069412,42.703998,2152.4],[-0.069591,42.704,2149.8],[-0.069732,42.704014,2148.3],[-0.069782,42.704032,2148.4],[-0.06989,42.704072,2148.6],[-0.069993,42.704081,2147.6],[-0.070049,42.704017,2144.9],[-0.070005,42.703934,2142.8],[-0.070082,42.703908,2141.2],[-0.070178,42.703908,2139.8],[-0.070311,42.703874,2137.0],[-0.070389,42.703878,2135.9],[-0.070444,42.703872,2134.9],[-0.070391,42.703805,2133.7],[-0.070338,42.703765,2132.9],[-0.070329,42.703748,2132.4],[-0.070448,42.703698,2128.7],[-0.070624,42.703699,2126.3],[-0.070868,42.703671,2122.2],[-0.071127,42.703674,2119.5],[-0.071183,42.703682,2119.2],[-0.071239,42.703669,2118.2],[-0.071274,42.703642,2116.8],[-0.071311,42.703598,2114.7],[-0.071398,42.703559,2112.5],[-0.071485,42.703524,2110.4],[-0.071616,42.703445,2106.3],[-0.072074,42.703391,2100.6],[-0.07226,42.703395,2099.1],[-0.072363,42.703434,2099.2],[-0.072438,42.703482,2099.7],[-0.07248,42.703444,2097.8],[-0.072572,42.703454,2094.9],[-0.07262,42.703475,2093.1],[-0.072691,42.703567,2092.5],[-0.072724,42.703637,2093.3],[-0.072798,42.703699,2092.5],[-0.072825,42.703625,2088.1],[-0.072938,42.703643,2083.1],[-0.073079,42.703678,2078.0],[-0.073192,42.703696,2074.7],[-0.073298,42.70376,2075.3],[-0.073306,42.703761,2075.1],[-0.073323,42.703767,2075.0],[-0.073353,42.703773,2074.4],[-0.073405,42.703807,2074.9],[-0.073443,42.70381,2073.9],[-0.07346,42.703743,2069.4],[-0.073499,42.703749,2068.6],[-0.073605,42.703779,2067.2],[-0.07379,42.70379,2062.4],[-0.073965,42.703785,2057.4],[-0.07416,42.703765,2051.8],[-0.074435,42.703746,2044.9],[-0.074656,42.703767,2041.6],[-0.074793,42.703766,2038.4],[-0.07494,42.70376,2034.5],[-0.075104,42.703772,2031.3],[-0.075358,42.703753,2025.1],[-0.075508,42.703774,2023.8],[-0.075751,42.703715,2018.1],[-0.075991,42.703676,2013.9],[-0.076252,42.703619,2009.3],[-0.076435,42.703573,2006.7],[-0.076609,42.703593,2006.8],[-0.076743,42.703553,2004.6],[-0.076845,42.703487,2002.5],[-0.076967,42.703422,2001.3],[-0.077026,42.703393,2000.5],[-0.077109,42.703383,2000.2],[-0.077176,42.703361,2000.1],[-0.077238,42.703275,1998.3],[-0.077311,42.703271,1998.6],[-0.077385,42.703305,1999.7],[-0.077397,42.70336,2001.5],[-0.077454,42.703327,2000.5],[-0.07745,42.703266,1999.0],[-0.077524,42.703218,1997.9],[-0.077606,42.70315,1996.4],[-0.077812,42.703136,1995.7],[-0.078097,42.703147,1995.0],[-0.078234,42.703081,1992.8],[-0.078338,42.703042,1991.6],[-0.078529,42.702922,1988.3],[-0.078889,42.702769,1984.3],[-0.079128,42.702644,1982.9],[-0.079406,42.702469,1981.8],[-0.079633,42.702337,1982.6],[-0.079918,42.702226,1982.7],[-0.080112,42.702151,1981.3],[-0.080385,42.702061,1979.6],[-0.080712,42.701976,1978.2],[-0.080936,42.701948,1977.5],[-0.081227,42.701951,1976.6],[-0.081521,42.701896,1973.6],[-0.081755,42.70193,1972.9],[-0.081993,42.70198,1972.6],[-0.082218,42.701995,1971.9],[-0.082633,42.702024,1971.8],[-0.08283,42.702045,1972.6],[-0.083013,42.702079,1973.4],[-0.083228,42.702091,1972.9],[-0.083442,42.702065,1971.4],[-0.083673,42.702046,1969.4],[-0.083872,42.702064,1968.2],[-0.08421,42.702138,1968.0],[-0.084357,42.702094,1966.0],[-0.084486,42.702021,1963.4],[-0.084555,42.701946,1960.8],[-0.084504,42.701872,1961.1],[-0.08439,42.70182,1962.2],[-0.084295,42.701785,1962.9],[-0.08426,42.701729,1963.4],[-0.084294,42.701696,1963.4],[-0.084391,42.701699,1962.7],[-0.084547,42.701745,1961.0],[-0.084698,42.701765,1958.1],[-0.084876,42.701734,1955.0],[-0.085108,42.70166,1953.6],[-0.085409,42.70165,1952.3],[-0.085723,42.70164,1947.7],[-0.085987,42.701647,1945.1],[-0.086105,42.701664,1943.5],[-0.086187,42.701681,1942.2],[-0.086292,42.701705,1940.6],[-0.0865,42.701731,1937.9],[-0.086727,42.701758,1933.7],[-0.086872,42.701713,1935.2],[-0.08697,42.701696,1935.1],[-0.087056,42.701651,1936.5],[-0.087161,42.701607,1937.7],[-0.087269,42.70161,1935.7],[-0.087393,42.701551,1936.7],[-0.087601,42.701503,1934.2],[-0.087751,42.70147,1932.1],[-0.088025,42.701401,1928.9],[-0.088305,42.701249,1928.0],[-0.088378,42.701199,1927.3],[-0.088362,42.701116,1930.1],[-0.088383,42.70105,1930.8],[-0.088485,42.700975,1928.8],[-0.08854,42.700923,1927.7],[-0.088594,42.700883,1926.6],[-0.088643,42.700915,1924.6],[-0.088617,42.70099,1924.5],[-0.088674,42.701003,1922.7],[-0.088699,42.700954,1922.4],[-0.088742,42.700896,1921.6],[-0.088822,42.700899,1918.9],[-0.088843,42.701025,1917.6],[-0.088818,42.701098,1917.9],[-0.088739,42.701229,1915.0],[-0.088788,42.70128,1910.8],[-0.08892,42.701213,1909.1],[-0.089002,42.701126,1911.7],[-0.089085,42.701072,1910.0],[-0.089145,42.70103,1908.5],[-0.089217,42.700989,1906.0],[-0.08922,42.701069,1903.8],[-0.089311,42.700947,1903.0],[-0.089518,42.700877,1896.3],[-0.089704,42.7008,1891.2],[-0.089799,42.700709,1890.7],[-0.089895,42.700677,1888.1],[-0.090165,42.70059,1879.8],[-0.090377,42.700481,1873.8],[-0.090472,42.700452,1871.6],[-0.090514,42.700363,1873.0],[-0.090677,42.700323,1869.4],[-0.090763,42.700281,1868.6],[-0.090854,42.700289,1866.0],[-0.090964,42.70031,1862.5],[-0.091249,42.700214,1857.0],[-0.091543,42.700064,1851.9],[-0.09175,42.699919,1846.0],[-0.091977,42.699775,1840.5],[-0.092242,42.699652,1836.1],[-0.092509,42.699581,1830.2],[-0.092685,42.699548,1826.6],[-0.092802,42.699535,1824.0],[-0.092863,42.699474,1826.0],[-0.092824,42.699407,1830.7],[-0.092861,42.699385,1830.9],[-0.092982,42.69936,1828.7],[-0.093024,42.699372,1827.0],[-0.093093,42.699386,1824.3],[-0.093361,42.699356,1818.5],[-0.093498,42.699315,1816.8],[-0.09356,42.699355,1812.3],[-0.093691,42.699304,1810.5],[-0.093768,42.699276,1809.4],[-0.093883,42.699268,1806.0],[-0.094086,42.699256,1799.8],[-0.094259,42.699296,1794.1],[-0.094465,42.699332,1788.1],[-0.094614,42.699363,1783.9],[-0.094837,42.699407,1778.3],[-0.09503,42.699389,1777.4],[-0.095227,42.699411,1772.6],[-0.095443,42.699438,1768.3],[-0.095549,42.699439,1767.1],[-0.095621,42.699437,1766.2],[-0.095909,42.699415,1761.3],[-0.096092,42.699404,1756.0],[-0.096368,42.699336,1751.5],[-0.096727,42.699328,1742.9],[-0.096815,42.699272,1743.7],[-0.096901,42.699209,1744.2],[-0.096988,42.69912,1745.5],[-0.09704,42.699118,1744.0],[-0.097086,42.699266,1736.9],[-0.097222,42.699263,1733.4],[-0.097356,42.699227,1731.1],[-0.0975,42.699189,1728.5],[-0.09762,42.699186,1725.3],[-0.097642,42.699086,1727.7],[-0.097765,42.699087,1724.1],[-0.097838,42.699129,1721.0],[-0.097878,42.699238,1717.0],[-0.097895,42.699351,1713.2],[-0.097955,42.699328,1712.5],[-0.098134,42.699271,1709.8],[-0.098185,42.699259,1709.0],[-0.098271,42.699208,1708.5],[-0.098383,42.699204,1706.1],[-0.098355,42.699325,1703.4],[-0.098417,42.699384,1700.6],[-0.098602,42.699418,1696.1],[-0.098707,42.699421,1693.9],[-0.098825,42.699501,1689.4],[-0.098884,42.699511,1688.0],[-0.098934,42.699443,1688.6],[-0.098996,42.699396,1688.3],[-0.099026,42.699461,1686.2],[-0.099052,42.699491,1685.1],[-0.099133,42.699399,1684.9],[-0.099274,42.699353,1682.0],[-0.099422,42.6993,1677.8],[-0.099443,42.699309,1677.0],[-0.099421,42.6994,1676.6],[-0.09944,42.699403,1675.9],[-0.099452,42.699462,1674.7],[-0.099483,42.699499,1673.2],[-0.099512,42.699535,1671.7],[-0.099494,42.699593,1671.5],[-0.099556,42.6996,1669.1],[-0.099599,42.699548,1668.8],[-0.099674,42.699588,1666.6],[-0.099668,42.699677,1665.0],[-0.099708,42.699684,1664.1],[-0.099766,42.699647,1663.5],[-0.099847,42.699631,1662.0],[-0.099879,42.699709,1660.2],[-0.099875,42.699832,1658.5],[-0.099926,42.699825,1657.5],[-0.100009,42.699819,1655.6],[-0.100055,42.699952,1651.7],[-0.100109,42.69998,1650.2],[-0.100169,42.700053,1647.7],[-0.100239,42.700034,1646.2],[-0.10035,42.699897,1646.0],[-0.10047,42.699964,1641.6],[-0.100545,42.69989,1641.0],[-0.100613,42.699918,1638.8],[-0.100649,42.700042,1636.5],[-0.100613,42.700166,1632.2],[-0.100642,42.700171,1631.4],[-0.100758,42.700145,1630.3],[-0.100954,42.700065,1627.7],[-0.101011,42.69995,1626.1],[-0.101025,42.699738,1625.1],[-0.101082,42.699739,1622.9],[-0.101203,42.699864,1618.2],[-0.101254,42.699951,1615.0],[-0.101332,42.700082,1609.3],[-0.101422,42.700142,1604.2],[-0.101508,42.700121,1602.6],[-0.101587,42.700056,1601.8],[-0.101691,42.699969,1599.8],[-0.101757,42.699917,1597.9],[-0.101829,42.699898,1595.3],[-0.101867,42.699944,1593.7],[-0.1019,42.699983,1592.4],[-0.10198,42.700009,1589.7],[-0.102047,42.700018,1588.1],[-0.102098,42.699979,1586.6],[-0.102138,42.699918,1585.3],[-0.102226,42.699816,1581.1],[-0.10225,42.699758,1579.0],[-0.102245,42.699593,1575.7],[-0.102226,42.69956,1575.8],[-0.102227,42.699506,1575.0],[-0.102223,42.699402,1573.8],[-0.102262,42.699277,1571.3],[-0.102356,42.699234,1567.4],[-0.102512,42.699133,1563.7],[-0.102593,42.699095,1561.2],[-0.102773,42.698974,1555.2],[-0.102849,42.69897,1552.0],[-0.10294,42.698926,1549.2],[-0.102983,42.698919,1547.9],[-0.102985,42.699017,1545.8],[-0.102953,42.699064,1547.0],[-0.102966,42.699115,1546.6],[-0.103008,42.699135,1545.2],[-0.103094,42.699126,1542.3],[-0.103235,42.699057,1537.5],[-0.103336,42.699018,1534.2],[-0.103444,42.699106,1530.8],[-0.103586,42.699159,1526.2],[-0.103686,42.699178,1522.5],[-0.103751,42.699101,1519.3],[-0.103779,42.699096,1518.1],[-0.103825,42.699042,1515.7],[-0.10386,42.698937,1514.3],[-0.103859,42.698867,1514.5],[-0.103853,42.698794,1514.8],[-0.103865,42.698739,1513.1],[-0.10388,42.698679,1511.1],[-0.103914,42.698671,1508.7],[-0.103965,42.698719,1506.4],[-0.104014,42.698762,1504.2],[-0.104067,42.698783,1501.3],[-0.104096,42.698709,1497.8],[-0.104074,42.698615,1497.1],[-0.104031,42.698574,1498.9],[-0.104069,42.698548,1495.5],[-0.104208,42.698641,1489.2],[-0.104257,42.698699,1488.0],[-0.104326,42.698707,1484.5],[-0.104297,42.698545,1481.9],[-0.104274,42.698397,1478.5],[-0.104269,42.6983,1476.7],[-0.104267,42.698243,1475.8],[-0.10429,42.698089,1473.3],[-0.10427,42.698022,1474.5],[-0.104316,42.698001,1472.6],[-0.104421,42.69797,1468.5],[-0.104374,42.697939,1470.7],[-0.104359,42.697862,1472.1],[-0.104466,42.697882,1467.4],[-0.10448,42.697919,1466.7],[-0.104564,42.698091,1460.8],[-0.104653,42.698179,1457.5],[-0.104698,42.698197,1456.2],[-0.104703,42.698133,1455.2],[-0.104739,42.698023,1454.1],[-0.104779,42.698026,1452.4],[-0.104992,42.698428,1445.6],[-0.105065,42.698393,1441.5],[-0.1051,42.698233,1437.9],[-0.105114,42.698134,1436.3],[-0.105153,42.698028,1433.5],[-0.105169,42.697916,1431.8],[-0.105263,42.697645,1424.9],[-0.105382,42.69743,1418.1],[-0.105453,42.69729,1413.3],[-0.105486,42.697128,1405.8],[-0.105467,42.697012,1403.6],[-0.105464,42.696979,1402.9],[-0.105478,42.696921,1399.1],[-0.105494,42.696809,1393.8],[-0.105499,42.696741,1393.7],[-0.105518,42.696646,1392.8],[-0.105529,42.696597,1392.2],[-0.105564,42.696545,1391.6],[-0.105592,42.696461,1392.0],[-0.105645,42.696344,1389.0],[-0.105669,42.696239,1384.2],[-0.105693,42.696108,1377.7],[-0.105692,42.695959,1370.7],[-0.105669,42.69587,1369.3],[-0.105645,42.695731,1367.5],[-0.105617,42.695686,1368.1],[-0.105574,42.69566,1370.2],[-0.10559,42.695609,1368.1],[-0.105636,42.695594,1365.1],[-0.105696,42.6956,1361.7],[-0.105692,42.695553,1361.1],[-0.105704,42.695509,1359.7],[-0.105725,42.695533,1358.9],[-0.105779,42.695582,1356.6],[-0.105811,42.69554,1354.3],[-0.105814,42.695434,1352.0],[-0.105842,42.695387,1349.2],[-0.105842,42.69534,1347.8],[-0.105855,42.695272,1345.2],[-0.105917,42.695203,1342.0],[-0.105969,42.695137,1339.9],[-0.105967,42.695134,1339.9],[-0.105895,42.695053,1338.6],[-0.105786,42.694986,1341.2],[-0.105748,42.694995,1342.5],[-0.10569,42.694792,1342.5],[-0.105579,42.694715,1343.9],[-0.105514,42.694648,1344.9],[-0.105362,42.694515,1346.7],[-0.105274,42.694463,1348.2],[-0.105237,42.694431,1349.0],[-0.105208,42.694338,1347.7],[-0.105169,42.694247,1348.5],[-0.105159,42.694164,1348.3],[-0.105111,42.694107,1350.2],[-0.105109,42.694024,1350.4],[-0.105093,42.693978,1351.3],[-0.105087,42.693865,1351.8],[-0.10512,42.693767,1350.5],[-0.105128,42.693665,1350.3],[-0.105154,42.693618,1349.8],[-0.105181,42.693595,1348.9],[-0.105172,42.693547,1350.0],[-0.105182,42.693508,1350.2],[-0.105194,42.693422,1351.1],[-0.105214,42.693313,1352.4],[-0.105219,42.693242,1353.5],[-0.105253,42.693185,1353.0],[-0.105286,42.693089,1353.1],[-0.105297,42.692967,1354.4],[-0.105332,42.692599,1355.1],[-0.105364,42.692293,1355.5],[-0.105463,42.692107,1354.8],[-0.105611,42.691641,1354.5],[-0.105689,42.691349,1352.1],[-0.105919,42.691067,1347.1],[-0.105977,42.690953,1346.6],[-0.106078,42.690626,1346.7],[-0.106086,42.690367,1347.1],[-0.106104,42.690173,1346.4],[-0.106175,42.689673,1345.2],[-0.106171,42.68946,1345.4],[-0.106118,42.689336,1346.1],[-0.106114,42.689259,1345.8],[-0.106195,42.689172,1344.4],[-0.106452,42.689163,1340.9],[-0.106538,42.68909,1339.5],[-0.106465,42.688965,1340.0],[-0.106572,42.688808,1338.0],[-0.106589,42.688755,1337.6],[-0.10667,42.688659,1336.1],[-0.106787,42.688548,1334.1],[-0.106774,42.688479,1333.9],[-0.106823,42.68843,1332.9],[-0.106898,42.688359,1331.8],[-0.106946,42.688281,1330.9],[-0.107009,42.688208,1329.8],[-0.107115,42.688104,1328.2],[-0.107204,42.687904,1326.1],[-0.107218,42.68774,1324.7],[-0.107231,42.687595,1323.4],[-0.107207,42.687504,1323.0],[-0.107146,42.687358,1322.6],[-0.107104,42.687296,1323.0],[-0.107046,42.686975,1324.6],[-0.107146,42.686693,1325.4],[-0.107246,42.686516,1327.1],[-0.107522,42.686228,1324.4],[-0.107879,42.685861,1321.0],[-0.108187,42.685658,1320.2],[-0.108614,42.685466,1323.0],[-0.109031,42.685371,1322.5],[-0.109433,42.685226,1318.8],[-0.109644,42.685051,1320.6],[-0.10984,42.684877,1322.9],[-0.110037,42.684685,1323.5],[-0.110512,42.684263,1324.0],[-0.110911,42.683962,1323.2],[-0.111182,42.683765,1322.4],[-0.111743,42.683569,1324.6],[-0.112243,42.683402,1320.9],[-0.112872,42.683181,1322.1],[-0.113238,42.683014,1322.7],[-0.11368,42.682794,1330.4],[-0.11417,42.682539,1330.1],[-0.114632,42.682283,1322.6],[-0.11485,42.682133,1322.3],[-0.115117,42.681838,1319.7],[-0.115238,42.681502,1320.5],[-0.115418,42.681171,1316.4],[-0.115582,42.681002,1317.6],[-0.115926,42.680788,1312.7],[-0.116161,42.680672,1304.6],[-0.116568,42.680524,1292.6],[-0.117069,42.680383,1289.5],[-0.117448,42.680245,1288.9],[-0.11811,42.680013,1285.6],[-0.118482,42.679854,1287.6],[-0.118831,42.679752,1284.8],[-0.119687,42.679345,1279.4],[-0.120327,42.678981,1274.5],[-0.12092,42.678388,1274.6],[-0.121263,42.678101,1261.0],[-0.121585,42.677792,1257.1],[-0.121873,42.67744,1256.0],[-0.122114,42.677029,1251.8],[-0.122293,42.676727,1241.7],[-0.122343,42.676411,1240.9],[-0.12241,42.676207,1239.6],[-0.122624,42.675753,1234.4],[-0.122762,42.67566,1232.5],[-0.122874,42.675458,1230.6],[-0.123152,42.675016,1227.8],[-0.123332,42.674679,1223.9],[-0.123302,42.674456,1222.7],[-0.123249,42.674297,1222.8],[-0.123216,42.674147,1222.4],[-0.12322,42.673312,1218.9],[-0.123169,42.673221,1219.5],[-0.122875,42.672811,1220.1],[-0.122681,42.6725,1219.2],[-0.122604,42.672001,1221.3],[-0.122522,42.671598,1219.2],[-0.122485,42.670863,1216.1],[-0.122655,42.670429,1212.7],[-0.122971,42.670034,1210.0],[-0.122993,42.669853,1210.5],[-0.122903,42.669708,1210.9],[-0.122681,42.669306,1212.2],[-0.122342,42.668929,1216.4],[-0.12214,42.668635,1214.8],[-0.121906,42.66834,1215.3],[-0.121781,42.668029,1209.7],[-0.12164,42.667723,1212.8],[-0.121494,42.667459,1214.0],[-0.121498,42.667333,1211.2],[-0.121772,42.66731,1209.0],[-0.121821,42.667223,1209.8],[-0.121799,42.667001,1209.2],[-0.121785,42.666782,1208.8],[-0.121763,42.666741,1209.1],[-0.121637,42.666529,1207.1],[-0.12119,42.666078,1198.3],[-0.120819,42.665842,1197.4],[-0.120589,42.665707,1196.9],[-0.120129,42.665468,1200.6],[-0.119796,42.665454,1201.5],[-0.1196,42.665396,1206.0],[-0.119332,42.66519,1215.7],[-0.119003,42.664989,1235.0],[-0.118572,42.664735,1255.8],[-0.118102,42.664486,1266.9],[-0.117391,42.664343,1223.9],[-0.117033,42.664365,1191.8],[-0.116467,42.664325,1188.3],[-0.11604,42.664102,1188.4],[-0.11568,42.663749,1197.2],[-0.115536,42.663456,1212.3],[-0.115064,42.663002,1228.7],[-0.11447,42.662823,1208.5],[-0.114095,42.66263,1205.3],[-0.113907,42.662504,1217.4],[-0.113435,42.662309,1220.3],[-0.113038,42.662231,1218.6],[-0.112853,42.662137,1223.0],[-0.11265,42.662054,1227.7],[-0.112439,42.661955,1229.7],[-0.112264,42.661857,1230.9],[-0.112151,42.661792,1236.3],[-0.111959,42.661691,1237.5],[-0.111683,42.661559,1234.1],[-0.111549,42.661489,1236.8],[-0.11128,42.661369,1234.7],[-0.111117,42.661268,1241.3],[-0.111006,42.661235,1239.2],[-0.110848,42.661156,1243.1],[-0.110664,42.661048,1240.9],[-0.110548,42.660895,1257.4],[-0.110468,42.660612,1257.5],[-0.110484,42.660492,1256.8],[-0.110496,42.660217,1256.7],[-0.11052,42.65955,1257.7],[-0.110553,42.659476,1259.5],[-0.11025,42.659262,1256.0],[-0.110023,42.659042,1260.1],[-0.109813,42.658836,1262.8],[-0.109606,42.658686,1262.5],[-0.109418,42.658594,1259.5],[-0.109218,42.658514,1256.6],[-0.109036,42.658515,1253.3],[-0.108825,42.658452,1250.4],[-0.108675,42.658427,1249.6],[-0.108497,42.658406,1249.0],[-0.108281,42.658333,1250.2],[-0.108109,42.65818,1250.0],[-0.107931,42.658025,1249.4],[-0.107771,42.657901,1249.2],[-0.107643,42.657855,1249.1],[-0.10733,42.657645,1250.3],[-0.107012,42.657505,1251.2],[-0.10679,42.657332,1251.1],[-0.10657,42.657139,1248.2],[-0.106462,42.656919,1247.4],[-0.106479,42.65676,1247.6],[-0.106471,42.656656,1247.6],[-0.106399,42.65656,1245.2],[-0.106384,42.656326,1245.4],[-0.10639,42.656129,1245.3],[-0.106532,42.655954,1247.3],[-0.106598,42.655856,1246.8],[-0.106563,42.65565,1240.0],[-0.106371,42.655545,1235.7],[-0.106269,42.655332,1231.5],[-0.106395,42.65523,1230.8],[-0.106506,42.655197,1230.9],[-0.106735,42.655162,1232.4],[-0.106862,42.655092,1232.6],[-0.106885,42.654918,1226.6],[-0.106962,42.654681,1220.5],[-0.107018,42.654476,1215.4],[-0.107032,42.654011,1208.2],[-0.107003,42.653797,1205.2],[-0.10672,42.65369,1194.1],[-0.106507,42.65375,1187.6],[-0.106435,42.653863,1186.2],[-0.106404,42.653952,1186.4],[-0.106269,42.654,1182.7],[-0.106141,42.654,1178.8],[-0.105966,42.653995,1173.4],[-0.105736,42.653932,1168.3],[-0.105512,42.653808,1163.0],[-0.105348,42.653727,1159.1],[-0.105157,42.653662,1158.0],[-0.105012,42.6535,1155.9],[-0.105,42.653347,1153.5],[-0.105043,42.653251,1151.8],[-0.105253,42.653145,1150.6],[-0.10543,42.653075,1149.8],[-0.105522,42.653,1149.2],[-0.105564,42.652761,1143.0],[-0.105496,42.652624,1138.1],[-0.105459,42.652452,1133.1],[-0.105482,42.652332,1128.8],[-0.105471,42.652183,1120.8],[-0.105488,42.652113,1116.5],[-0.105724,42.651993,1118.1],[-0.105801,42.651955,1118.9],[-0.105874,42.651831,1115.6],[-0.105738,42.651708,1104.7],[-0.105608,42.651559,1097.7],[-0.105458,42.651448,1090.6],[-0.105383,42.65137,1085.6],[-0.105333,42.651286,1081.8],[-0.105323,42.651173,1079.4],[-0.105324,42.651108,1078.2],[-0.105246,42.651093,1074.6],[-0.105178,42.651109,1072.1],[-0.105117,42.651531,1073.5],[-0.105008,42.652005,1080.9],[-0.104756,42.652224,1078.8],[-0.104004,42.652574,1084.9],[-0.103438,42.652868,1081.0],[-0.103114,42.653106,1075.7],[-0.103111,42.653206,1075.9],[-0.103075,42.653347,1074.8],[-0.102933,42.653434,1070.5],[-0.102848,42.653478,1071.4],[-0.102761,42.653526,1073.2],[-0.102713,42.653533,1074.4],[-0.1027,42.653517,1074.2],[-0.102698,42.653476,1073.5],[-0.102706,42.653439,1072.8],[-0.102647,42.653383,1072.1],[-0.102607,42.653365,1072.0],[-0.102629,42.653313,1070.3],[-0.102584,42.653229,1068.4],[-0.102551,42.653174,1067.3],[-0.102561,42.653043,1063.6],[-0.102527,42.652952,1063.1],[-0.102494,42.652871,1063.0],[-0.102509,42.65276,1061.7],[-0.102509,42.65268,1061.3],[-0.102543,42.652582,1060.3],[-0.102659,42.652499,1055.8],[-0.102723,42.652431,1055.4],[-0.102792,42.652317,1056.1],[-0.102859,42.652226,1054.1],[-0.102944,42.652177,1048.4],[-0.102952,42.65208,1049.2],[-0.102931,42.651956,1052.0],[-0.10301,42.651856,1050.5],[-0.103252,42.65178,1042.4],[-0.103371,42.651599,1045.9],[-0.103482,42.6515,1045.8],[-0.103623,42.651391,1041.4],[-0.103675,42.651325,1040.9],[-0.103573,42.651199,1040.7],[-0.10354,42.651137,1039.8],[-0.103508,42.651103,1039.3],[-0.103493,42.651086,1039.0],[-0.103493,42.651056,1039.4],[-0.10365,42.651022,1038.7],[-0.10378,42.650992,1036.1],[-0.103828,42.650929,1035.7],[-0.103846,42.650835,1036.4],[-0.103773,42.6508,1040.3],[-0.103692,42.650722,1046.1],[-0.103653,42.650661,1049.8],[-0.103634,42.650573,1052.3],[-0.103608,42.650449,1054.5],[-0.103622,42.650311,1054.0],[-0.103597,42.650223,1054.6],[-0.103511,42.650198,1057.7],[-0.103414,42.650242,1061.5],[-0.103329,42.650298,1064.5],[-0.10321,42.650304,1067.8],[-0.103027,42.650263,1072.5],[-0.102929,42.650201,1075.0],[-0.102879,42.650134,1076.3],[-0.102837,42.650016,1078.3],[-0.102756,42.649949,1082.6],[-0.102641,42.649947,1088.9],[-0.102534,42.649918,1095.1],[-0.102442,42.649907,1099.8],[-0.102397,42.649832,1101.4],[-0.102471,42.64976,1097.5],[-0.102364,42.649633,1100.8],[-0.102243,42.649562,1105.0],[-0.102132,42.649547,1110.0],[-0.102141,42.649607,1110.5],[-0.102182,42.649645,1109.4],[-0.102268,42.649708,1106.5],[-0.102287,42.649761,1106.0],[-0.102274,42.649881,1107.4],[-0.102229,42.649954,1108.6],[-0.102131,42.649856,1112.8],[-0.102008,42.64984,1116.1],[-0.101963,42.649828,1117.4],[-0.101932,42.649772,1118.6],[-0.101932,42.649709,1119.1],[-0.101942,42.649568,1119.1],[-0.102056,42.64944,1113.5],[-0.102205,42.649228,1109.9],[-0.102291,42.649098,1109.5],[-0.102392,42.648966,1104.5],[-0.10238,42.648842,1109.4],[-0.102441,42.648461,1106.9],[-0.102502,42.648247,1097.5],[-0.102591,42.647985,1086.6],[-0.102626,42.647776,1084.6],[-0.102662,42.647488,1083.2],[-0.102681,42.647214,1082.2],[-0.10276,42.647008,1079.4],[-0.102928,42.646781,1073.2],[-0.103074,42.646623,1064.8],[-0.103211,42.64643,1057.5],[-0.103267,42.646248,1054.8],[-0.103326,42.645988,1052.1],[-0.103422,42.645654,1049.2],[-0.103496,42.6454,1047.3],[-0.103625,42.645141,1042.3],[-0.103809,42.644874,1038.6],[-0.103965,42.644732,1034.0],[-0.104007,42.644625,1034.1],[-0.104059,42.644566,1033.5],[-0.104096,42.64446,1033.3],[-0.104218,42.644249,1031.0],[-0.104282,42.644015,1030.4],[-0.104393,42.643849,1029.4],[-0.104492,42.64365,1028.2],[-0.104583,42.64353,1026.0],[-0.10469,42.643395,1024.2],[-0.104854,42.643133,1022.7],[-0.104952,42.643044,1022.2],[-0.10502,42.642883,1023.3],[-0.105161,42.642671,1022.1],[-0.10518,42.642519,1021.8],[-0.105173,42.642409,1021.4],[-0.105227,42.642191,1017.7],[-0.105263,42.642027,1015.7],[-0.10523,42.641802,1015.8],[-0.105236,42.641669,1015.0],[-0.105105,42.641543,1015.9],[-0.104995,42.641378,1015.7],[-0.104994,42.641153,1014.3],[-0.104984,42.641003,1014.3],[-0.104934,42.640849,1013.4],[-0.104839,42.640551,1011.8],[-0.104644,42.640189,1010.6],[-0.104533,42.63992,1009.9],[-0.104511,42.639716,1008.5],[-0.104659,42.639621,1005.7],[-0.104893,42.639438,1002.8],[-0.104928,42.639365,1002.4],[-0.105028,42.639248,1000.8],[-0.105279,42.639091,996.5],[-0.105363,42.638935,996.3],[-0.105527,42.638742,994.9],[-0.105616,42.638605,994.4],[-0.105754,42.638234,992.9],[-0.105866,42.638024,991.4],[-0.105918,42.637788,990.5],[-0.105856,42.63751,990.5],[-0.105886,42.637301,989.8],[-0.105918,42.63715,989.0],[-0.105989,42.63687,988.7],[-0.106115,42.636673,988.5],[-0.106343,42.63645,987.6],[-0.106626,42.636214,986.5],[-0.106733,42.636071,986.5],[-0.107076,42.635657,984.2],[-0.1073,42.635441,982.1],[-0.107761,42.635006,980.0],[-0.108102,42.634581,980.0],[-0.108213,42.634402,980.0],[-0.108629,42.633954,979.3],[-0.108986,42.633611,977.2],[-0.109194,42.63331,975.0],[-0.109168,42.633125,974.4],[-0.109059,42.632922,973.5],[-0.108742,42.63273,973.2],[-0.108429,42.632467,973.0],[-0.108042,42.631991,971.6],[-0.107717,42.631527,970.7],[-0.107623,42.631177,970.1],[-0.107638,42.631004,969.9],[-0.10762,42.63084,970.0],[-0.107621,42.630624,970.3],[-0.107707,42.630416,971.0],[-0.107813,42.630306,970.5],[-0.108189,42.630289,967.2],[-0.108434,42.630291,968.1],[-0.108608,42.630308,969.2],[-0.108787,42.630333,970.2],[-0.10898,42.63024,971.7],[-0.109177,42.630056,974.9],[-0.109285,42.629928,978.3],[-0.10943,42.629883,980.3],[-0.109601,42.629908,981.2],[-0.109707,42.629942,981.4],[-0.109856,42.629929,983.5],[-0.110049,42.629855,988.2],[-0.110207,42.629778,992.3],[-0.110428,42.629759,995.6],[-0.110559,42.629658,1001.5],[-0.110763,42.629638,1005.3],[-0.110881,42.629577,1007.3],[-0.110833,42.629463,1007.5],[-0.110862,42.629325,1008.6],[-0.110902,42.629259,1009.5],[-0.111265,42.629197,1014.7],[-0.111588,42.629156,1019.3],[-0.111727,42.629136,1021.3],[-0.111985,42.629152,1024.3],[-0.112341,42.629131,1028.6],[-0.112303,42.62885,1029.7],[-0.11228,42.628576,1031.4],[-0.112225,42.628242,1033.8],[-0.112144,42.628019,1035.0],[-0.112095,42.627763,1036.0],[-0.11211,42.627655,1036.6],[-0.112134,42.627472,1035.9],[-0.112264,42.627285,1035.6],[-0.112411,42.62718,1035.8],[-0.112582,42.627091,1036.4],[-0.112524,42.626928,1034.1],[-0.112476,42.626744,1031.0],[-0.112596,42.62656,1030.4],[-0.11282,42.626337,1030.2],[-0.112984,42.626064,1028.9],[-0.113003,42.625866,1028.3],[-0.112876,42.625553,1028.5],[-0.112768,42.625366,1027.5],[-0.112632,42.625142,1027.0],[-0.112514,42.624941,1025.6],[-0.112446,42.624775,1023.0],[-0.112529,42.624406,1019.5],[-0.112606,42.624175,1016.0],[-0.112706,42.62407,1015.5],[-0.1128,42.623981,1014.3],[-0.112855,42.623937,1013.7],[-0.112975,42.623869,1013.6],[-0.113015,42.62381,1011.8],[-0.113109,42.623716,1009.5],[-0.113217,42.623671,1009.5],[-0.113062,42.623688,1007.2],[-0.112916,42.62371,1005.1],[-0.112756,42.623772,1004.9],[-0.112698,42.623791,1004.9],[-0.112699,42.623682,1000.9],[-0.112779,42.62358,997.6],[-0.11294,42.623492,996.2],[-0.112949,42.623421,993.4],[-0.1129,42.623322,990.6],[-0.112705,42.623203,986.8],[-0.11258,42.623061,982.9],[-0.11255,42.622962,981.1],[-0.11247,42.622784,979.0],[-0.112448,42.622638,977.8],[-0.112357,42.622295,975.4],[-0.112322,42.622182,973.5],[-0.11228,42.622025,970.5],[-0.112277,42.621915,968.6],[-0.112411,42.621804,969.2],[-0.112533,42.621679,968.6],[-0.112807,42.621407,966.3],[-0.112968,42.62129,965.5],[-0.113129,42.621171,965.9],[-0.11317,42.621057,963.2],[-0.113314,42.62079,958.7],[-0.113471,42.620581,958.0],[-0.113632,42.620359,955.2],[-0.113747,42.620145,953.0],[-0.113929,42.619908,950.7],[-0.114067,42.619728,949.6],[-0.11427,42.619452,946.2],[-0.11439,42.619355,946.3],[-0.114576,42.619283,948.4],[-0.114628,42.6192,948.2],[-0.114712,42.61888,946.6],[-0.114764,42.618747,946.2],[-0.114799,42.618614,946.3],[-0.114845,42.618478,947.7],[-0.114884,42.61837,949.0],[-0.11491,42.618246,949.9],[-0.114926,42.618045,951.4],[-0.114935,42.617965,951.8],[-0.114948,42.617689,953.0],[-0.114955,42.617602,953.9],[-0.114971,42.61753,953.8],[-0.11506,42.617455,955.5],[-0.115161,42.617411,957.7],[-0.115317,42.61731,960.3],[-0.115444,42.61716,962.1],[-0.115496,42.617052,961.7],[-0.115553,42.616858,960.4],[-0.115699,42.616654,964.0],[-0.115833,42.616394,963.5],[-0.115986,42.61614,965.9],[-0.116079,42.616002,968.9],[-0.116081,42.615764,969.0],[-0.116114,42.615474,969.8],[-0.116082,42.6152,968.6],[-0.116039,42.614983,966.5],[-0.11602,42.614861,964.8],[-0.116101,42.61469,964.4],[-0.116257,42.614468,964.9],[-0.116361,42.614299,961.3],[-0.116427,42.614221,958.9],[-0.116532,42.614166,957.6],[-0.116678,42.614039,952.9],[-0.116832,42.613941,950.0],[-0.116959,42.613889,949.5],[-0.117104,42.613785,947.4],[-0.117223,42.613694,945.8],[-0.117331,42.613593,943.3],[-0.117452,42.613454,938.8],[-0.117563,42.61338,937.9],[-0.11778,42.613221,937.3],[-0.117841,42.613192,938.4],[-0.11786,42.61311,934.7],[-0.11798,42.612941,932.2],[-0.118088,42.612812,932.5],[-0.118155,42.612713,932.3],[-0.118202,42.612583,930.8],[-0.118228,42.612425,927.2],[-0.118242,42.612246,923.0],[-0.118229,42.61212,919.7],[-0.118195,42.612199,920.2],[-0.11816,42.612271,920.1],[-0.118148,42.612278,919.8],[-0.11813,42.612274,918.9],[-0.118125,42.612232,918.1],[-0.118169,42.612028,916.3],[-0.11814,42.611906,914.0],[-0.118157,42.611903,914.4],[-0.118176,42.611661,913.2],[-0.118229,42.611446,912.1],[-0.11828,42.611293,911.1],[-0.118321,42.611069,909.8],[-0.118329,42.610908,908.3],[-0.118332,42.610775,907.5],[-0.118321,42.610527,906.2],[-0.118368,42.610399,906.0],[-0.118429,42.610293,906.0],[-0.118507,42.61021,906.4],[-0.118699,42.610038,907.3],[-0.118832,42.609857,906.8],[-0.118916,42.609646,906.2],[-0.118973,42.6095,905.2],[-0.119096,42.609393,904.5],[-0.119124,42.609251,903.3],[-0.11923,42.60912,902.5],[-0.119455,42.608946,901.6],[-0.119631,42.608776,901.3],[-0.119772,42.608628,901.1],[-0.120036,42.608426,901.0],[-0.120371,42.608193,901.0],[-0.120583,42.60803,900.9],[-0.120816,42.607845,900.8],[-0.121006,42.60765,900.4],[-0.121074,42.607505,900.3],[-0.121244,42.607266,900.0],[-0.121397,42.607047,900.0],[-0.121506,42.606918,900.0],[-0.121694,42.606689,899.9],[-0.12189,42.60642,900.0],[-0.122041,42.606316,900.0],[-0.122209,42.606242,899.8],[-0.122271,42.606191,899.5],[-0.122386,42.605987,899.0],[-0.122423,42.605852,899.0],[-0.122431,42.605749,899.0],[-0.122517,42.605563,899.0],[-0.122676,42.60536,899.0],[-0.122732,42.605279,899.0],[-0.122935,42.60503,898.8],[-0.123022,42.604891,898.3],[-0.122909,42.604832,898.3],[-0.12291,42.604832,898.3],[-0.123152,42.604615,896.9]]}},{"type":"Feature","properties":{"Name":"E — La Cabezonada–San Victorián–Aínsa","etapa":"E","original_name":"E_La Cabezonada-San Victorián-Aínsa","point_count":1527,"length_km":16.584},"geometry":{"type":"LineString","coordinates":[[0.285449,42.451028,907.0],[0.285342,42.451034,907.0],[0.285185,42.451048,907.2],[0.285064,42.451036,906.9],[0.284829,42.450978,907.8],[0.284631,42.450911,908.6],[0.284494,42.450869,908.8],[0.284429,42.450876,909.3],[0.284348,42.450908,909.6],[0.284175,42.450996,910.4],[0.284029,42.451077,911.8],[0.283826,42.451126,912.8],[0.28354,42.451142,910.8],[0.283281,42.451122,908.3],[0.283024,42.451103,908.0],[0.282723,42.451049,907.2],[0.282397,42.451062,907.9],[0.282235,42.451044,906.7],[0.282079,42.45102,905.9],[0.281945,42.451002,905.5],[0.281816,42.45101,906.1],[0.28166,42.451073,908.7],[0.281491,42.451071,908.5],[0.281228,42.451106,908.7],[0.280994,42.451166,909.1],[0.280811,42.451243,910.5],[0.280556,42.451352,909.6],[0.280487,42.451439,909.5],[0.280445,42.451525,908.7],[0.280338,42.451609,906.2],[0.280265,42.451717,905.7],[0.280194,42.451819,905.5],[0.280127,42.451903,906.7],[0.280048,42.451977,908.2],[0.279906,42.45209,911.1],[0.279824,42.452167,912.8],[0.279769,42.452208,912.8],[0.279685,42.452303,912.7],[0.279589,42.452377,911.3],[0.279471,42.452448,910.5],[0.279359,42.452472,908.4],[0.279249,42.452486,907.1],[0.27913,42.452494,906.7],[0.279048,42.452551,907.1],[0.27897,42.452587,907.7],[0.278915,42.452579,908.4],[0.278846,42.452576,909.2],[0.278814,42.452522,908.9],[0.278768,42.452438,908.3],[0.278711,42.452408,908.6],[0.278628,42.452347,909.8],[0.278579,42.452259,910.4],[0.278562,42.452195,910.3],[0.278442,42.452211,913.3],[0.278266,42.45221,916.0],[0.278073,42.452214,918.0],[0.277915,42.452211,919.0],[0.277752,42.452202,920.1],[0.277624,42.452168,921.6],[0.277492,42.452081,923.2],[0.277398,42.451967,924.6],[0.27736,42.45191,925.2],[0.277289,42.45186,926.8],[0.277246,42.451795,927.7],[0.2772,42.451641,928.5],[0.277125,42.451544,930.2],[0.276976,42.451477,933.4],[0.276829,42.451397,936.4],[0.276732,42.451359,939.1],[0.276599,42.451305,943.2],[0.27654,42.451234,943.3],[0.276354,42.451146,945.0],[0.276238,42.451099,946.2],[0.276212,42.451011,944.8],[0.276211,42.450938,943.9],[0.276118,42.450934,946.4],[0.275996,42.450939,950.2],[0.275837,42.45093,953.5],[0.275641,42.450912,954.1],[0.275465,42.450911,954.4],[0.275267,42.450926,955.2],[0.27516,42.450927,955.5],[0.275048,42.450919,955.2],[0.274924,42.450927,955.7],[0.274767,42.45095,956.8],[0.274588,42.450963,956.4],[0.274495,42.450961,955.2],[0.274337,42.450982,954.4],[0.27416,42.451028,953.7],[0.274077,42.451049,953.2],[0.273966,42.4511,952.5],[0.273896,42.451151,952.2],[0.273812,42.451207,951.3],[0.273736,42.451288,951.4],[0.273676,42.451348,951.1],[0.273634,42.451414,951.1],[0.273569,42.451463,950.0],[0.273491,42.451521,948.5],[0.273457,42.45157,948.9],[0.273402,42.45163,950.1],[0.27334,42.45166,950.3],[0.273251,42.451689,949.7],[0.273176,42.451771,951.0],[0.273073,42.451818,948.7],[0.272974,42.451888,947.3],[0.27293,42.451949,948.1],[0.272832,42.452024,948.4],[0.272724,42.452078,947.6],[0.272561,42.452168,946.8],[0.272509,42.4522,946.7],[0.272394,42.452265,946.0],[0.272296,42.45232,945.1],[0.272244,42.452357,944.9],[0.272148,42.452407,943.7],[0.272061,42.452436,942.0],[0.271972,42.452531,941.8],[0.271881,42.452663,941.9],[0.271776,42.452762,940.4],[0.271739,42.452834,939.3],[0.271735,42.452924,939.0],[0.271686,42.453028,937.8],[0.271666,42.453166,937.5],[0.271658,42.453242,937.7],[0.27161,42.453288,937.6],[0.271558,42.453376,938.1],[0.271504,42.453402,937.8],[0.271421,42.453412,936.5],[0.271352,42.453446,935.7],[0.271262,42.453542,934.9],[0.271158,42.453651,933.5],[0.271107,42.453693,932.5],[0.271049,42.453773,931.6],[0.270994,42.453863,931.3],[0.270982,42.453933,931.9],[0.270877,42.453956,930.5],[0.270779,42.45402,929.9],[0.270689,42.454084,929.5],[0.270654,42.454151,929.9],[0.270584,42.454278,930.6],[0.270479,42.454337,931.5],[0.270417,42.454403,932.3],[0.270374,42.45447,933.2],[0.270335,42.454606,935.0],[0.270242,42.45472,936.2],[0.270141,42.454805,936.9],[0.270004,42.454909,937.8],[0.269826,42.455052,939.7],[0.269667,42.455108,940.7],[0.269536,42.455133,941.7],[0.269467,42.455125,941.7],[0.269365,42.455127,942.0],[0.269244,42.455138,942.5],[0.269164,42.455122,942.4],[0.269051,42.455095,942.5],[0.268971,42.455122,943.8],[0.268903,42.455135,944.7],[0.268839,42.455145,945.4],[0.268774,42.455139,945.9],[0.268677,42.455117,946.4],[0.268585,42.455105,947.0],[0.268529,42.455094,947.2],[0.268444,42.4551,947.7],[0.268296,42.455128,948.8],[0.268185,42.455149,949.3],[0.268034,42.455197,948.5],[0.267999,42.455213,948.4],[0.267908,42.455251,948.1],[0.267833,42.455285,947.9],[0.267721,42.455339,947.7],[0.267586,42.455401,948.0],[0.267487,42.455454,948.9],[0.267431,42.455487,949.3],[0.26737,42.455491,948.8],[0.267293,42.455505,948.3],[0.267215,42.455534,948.4],[0.267101,42.45557,948.2],[0.267044,42.455593,948.1],[0.266968,42.455623,948.6],[0.266901,42.455645,949.4],[0.266794,42.45565,949.7],[0.266708,42.455654,950.0],[0.266648,42.455658,950.0],[0.266601,42.455668,950.3],[0.266509,42.45566,950.0],[0.266414,42.455639,949.4],[0.266351,42.45562,948.7],[0.266249,42.455589,947.7],[0.266162,42.455584,947.3],[0.266061,42.455594,947.2],[0.265973,42.455623,947.3],[0.265932,42.455654,947.7],[0.265874,42.455707,948.1],[0.26583,42.455717,947.9],[0.265744,42.455695,948.1],[0.265638,42.455632,947.8],[0.265582,42.455598,947.5],[0.265554,42.455543,946.8],[0.265421,42.45551,946.6],[0.265349,42.455515,946.8],[0.265282,42.455522,947.1],[0.265194,42.455524,947.3],[0.26512,42.45554,947.8],[0.265063,42.455599,949.1],[0.264969,42.455663,950.2],[0.264916,42.455663,950.0],[0.26486,42.455646,949.8],[0.26481,42.455607,949.6],[0.264737,42.455556,949.3],[0.264655,42.455548,949.9],[0.264591,42.455548,950.5],[0.264566,42.455527,950.5],[0.264536,42.455439,949.6],[0.264458,42.455368,950.3],[0.264429,42.455289,949.5],[0.264364,42.455197,949.2],[0.264318,42.455125,948.5],[0.26417,42.454966,948.6],[0.264072,42.454872,949.2],[0.26396,42.45477,949.3],[0.263796,42.454722,953.0],[0.26361,42.454633,954.4],[0.263502,42.454579,953.7],[0.263363,42.454514,953.3],[0.263186,42.454477,952.8],[0.263012,42.454488,953.6],[0.262878,42.454528,953.2],[0.262742,42.454539,951.8],[0.262537,42.454555,947.3],[0.262342,42.454628,943.8],[0.262194,42.454706,942.0],[0.262121,42.454767,941.7],[0.262041,42.454806,941.3],[0.261967,42.45481,940.0],[0.261903,42.454843,939.7],[0.261828,42.454821,937.6],[0.261851,42.454859,939.0],[0.261864,42.454912,940.5],[0.261837,42.454911,939.9],[0.26175,42.454877,939.3],[0.261677,42.454823,939.2],[0.261604,42.45477,939.3],[0.261512,42.454696,939.5],[0.261418,42.454673,940.6],[0.261329,42.454669,941.8],[0.261178,42.454642,942.9],[0.26106,42.454609,943.5],[0.260946,42.4546,944.8],[0.260885,42.454542,944.3],[0.260766,42.454484,945.5],[0.260655,42.454434,946.8],[0.260496,42.454363,947.9],[0.260448,42.454339,948.1],[0.260351,42.454313,949.2],[0.260247,42.454257,949.2],[0.260119,42.454205,949.0],[0.260035,42.454189,949.4],[0.259971,42.454199,950.5],[0.259841,42.454271,952.8],[0.259687,42.454353,956.0],[0.259564,42.454422,959.0],[0.259446,42.454451,959.6],[0.259352,42.45446,959.3],[0.259245,42.454428,958.5],[0.259094,42.45441,958.7],[0.258903,42.454401,959.3],[0.258705,42.454427,960.7],[0.25862,42.454461,960.9],[0.258479,42.45457,962.5],[0.258385,42.454646,962.6],[0.258317,42.454731,962.5],[0.258234,42.454795,960.7],[0.25809,42.454894,957.4],[0.258043,42.454985,957.3],[0.25807,42.455037,958.5],[0.258039,42.455118,957.8],[0.258027,42.455212,957.9],[0.258039,42.455271,958.6],[0.258049,42.455345,959.4],[0.258011,42.455379,957.9],[0.257955,42.455426,955.6],[0.257933,42.455506,956.4],[0.257905,42.455543,956.1],[0.257856,42.455548,955.7],[0.257773,42.455538,956.0],[0.257722,42.455534,956.3],[0.257708,42.455585,957.9],[0.257665,42.455616,959.2],[0.257607,42.455641,960.5],[0.257596,42.455692,962.2],[0.257606,42.455761,964.3],[0.257641,42.455835,966.1],[0.257652,42.455912,968.2],[0.257634,42.45598,970.3],[0.25749,42.455962,973.0],[0.257368,42.45593,974.8],[0.257247,42.455883,976.7],[0.257124,42.455814,979.4],[0.25695,42.455709,982.9],[0.256901,42.455665,983.6],[0.256822,42.45557,985.2],[0.256702,42.455508,988.4],[0.256598,42.455456,989.5],[0.256491,42.455462,990.2],[0.256391,42.45547,990.9],[0.25635,42.455504,991.2],[0.256308,42.455568,991.3],[0.256271,42.455603,991.3],[0.256219,42.455634,991.1],[0.256158,42.455654,990.8],[0.256085,42.455671,990.3],[0.255995,42.455725,988.4],[0.255941,42.455811,987.8],[0.255898,42.455939,988.6],[0.255831,42.45605,987.3],[0.255833,42.456153,988.0],[0.255836,42.456214,989.4],[0.255802,42.456228,989.1],[0.255755,42.456244,989.2],[0.25575,42.456279,990.3],[0.255714,42.456293,990.7],[0.255646,42.456314,991.6],[0.255581,42.456319,992.0],[0.255483,42.456344,993.7],[0.2554,42.456365,996.1],[0.255364,42.456391,997.8],[0.2553,42.456387,998.4],[0.255189,42.456367,999.1],[0.255139,42.456321,998.9],[0.255063,42.456286,999.7],[0.25495,42.45627,1002.4],[0.25488,42.456259,1004.0],[0.254814,42.456223,1004.9],[0.254783,42.456174,1004.3],[0.25475,42.456139,1004.4],[0.254723,42.456138,1005.4],[0.254673,42.456145,1007.4],[0.254644,42.456124,1007.9],[0.254619,42.456136,1009.2],[0.25458,42.45614,1010.7],[0.254496,42.456124,1014.4],[0.254392,42.45607,1018.0],[0.254251,42.455978,1021.7],[0.254161,42.455933,1025.0],[0.254065,42.455869,1028.2],[0.253976,42.455773,1030.1],[0.253913,42.4557,1029.0],[0.2538,42.455653,1030.2],[0.253679,42.455622,1032.4],[0.253581,42.455578,1032.8],[0.253562,42.455483,1031.2],[0.253563,42.455394,1031.3],[0.253537,42.45532,1032.5],[0.253487,42.455211,1032.7],[0.253422,42.455139,1033.4],[0.253337,42.455151,1036.4],[0.253189,42.455179,1038.7],[0.25311,42.455211,1039.9],[0.252995,42.45525,1041.3],[0.252849,42.455281,1043.2],[0.252747,42.455314,1044.9],[0.252657,42.455364,1046.9],[0.252533,42.455404,1048.6],[0.252407,42.455472,1051.4],[0.252332,42.455518,1052.5],[0.252297,42.455548,1053.2],[0.252226,42.455604,1054.6],[0.252171,42.455683,1056.9],[0.252152,42.455749,1059.1],[0.252131,42.455822,1061.4],[0.252071,42.455868,1061.8],[0.251971,42.455935,1062.2],[0.251811,42.455998,1062.5],[0.251741,42.456041,1063.9],[0.251615,42.45611,1066.2],[0.251436,42.456231,1069.8],[0.251341,42.456313,1071.6],[0.25126,42.456382,1072.8],[0.251117,42.456464,1073.6],[0.250966,42.45659,1073.6],[0.250824,42.456681,1070.7],[0.250847,42.456731,1070.8],[0.250873,42.45688,1069.3],[0.250874,42.457002,1067.5],[0.250834,42.457095,1065.5],[0.25075,42.457168,1062.8],[0.250655,42.457274,1061.6],[0.250645,42.457373,1062.6],[0.25058,42.457396,1061.8],[0.250473,42.457386,1059.9],[0.250384,42.457392,1058.5],[0.2503,42.457431,1059.5],[0.250245,42.457486,1061.4],[0.250184,42.457475,1061.4],[0.250054,42.457401,1060.0],[0.249836,42.457293,1058.2],[0.249664,42.457184,1055.5],[0.249514,42.457128,1054.6],[0.249373,42.457054,1053.0],[0.249184,42.456965,1051.3],[0.248952,42.456856,1049.2],[0.248785,42.456789,1045.1],[0.24852,42.456727,1049.4],[0.248244,42.456709,1047.7],[0.248142,42.456677,1046.9],[0.247939,42.456648,1048.6],[0.247717,42.45664,1053.2],[0.247557,42.45664,1056.3],[0.247425,42.456698,1061.2],[0.247239,42.456713,1062.0],[0.247085,42.456735,1060.3],[0.246867,42.456798,1059.8],[0.246614,42.456807,1055.3],[0.246377,42.456853,1051.2],[0.246229,42.456947,1048.7],[0.24612,42.457047,1047.0],[0.245937,42.457173,1045.1],[0.245752,42.457302,1043.1],[0.245692,42.457362,1043.6],[0.245569,42.457453,1044.4],[0.245458,42.457525,1046.0],[0.245265,42.457564,1044.8],[0.245194,42.457594,1045.1],[0.24499,42.457637,1042.9],[0.244914,42.457646,1041.9],[0.24481,42.457644,1041.1],[0.244696,42.4576,1038.3],[0.244596,42.457621,1038.7],[0.244485,42.457675,1038.8],[0.244382,42.457744,1040.0],[0.244167,42.457823,1039.8],[0.243959,42.457877,1039.1],[0.24383,42.457914,1039.2],[0.243673,42.457954,1038.7],[0.243465,42.458,1036.9],[0.243185,42.458053,1032.7],[0.243058,42.458055,1029.2],[0.242824,42.45808,1023.3],[0.242632,42.458087,1019.0],[0.242419,42.458122,1015.8],[0.242151,42.4582,1012.7],[0.241898,42.458261,1009.5],[0.241562,42.458331,1005.1],[0.241371,42.458321,1001.5],[0.241288,42.458365,1001.7],[0.241138,42.458356,999.8],[0.240818,42.458394,998.8],[0.240641,42.458439,999.5],[0.24053,42.458454,999.5],[0.240404,42.458491,1000.1],[0.240194,42.458513,999.2],[0.240056,42.458517,998.0],[0.239889,42.458529,996.0],[0.239789,42.45859,996.4],[0.239603,42.458593,993.4],[0.239491,42.458595,991.7],[0.239341,42.458617,991.2],[0.239193,42.458628,990.4],[0.238911,42.458633,991.3],[0.238744,42.458602,991.4],[0.238553,42.458582,992.1],[0.238436,42.458561,992.5],[0.238352,42.458536,992.6],[0.238188,42.458543,994.5],[0.238005,42.458524,996.1],[0.23782,42.458515,998.6],[0.237658,42.45852,1001.1],[0.237537,42.45852,1002.2],[0.237316,42.458517,1004.6],[0.237207,42.458539,1006.7],[0.237082,42.458559,1009.1],[0.237027,42.458551,1009.8],[0.236914,42.458538,1011.4],[0.236838,42.458542,1012.7],[0.236758,42.458548,1014.0],[0.236675,42.45852,1014.1],[0.236603,42.458481,1013.6],[0.236421,42.458489,1014.9],[0.236183,42.458512,1017.8],[0.236111,42.458532,1018.9],[0.235941,42.458574,1021.0],[0.235717,42.458644,1023.0],[0.235533,42.458693,1023.8],[0.23535,42.45882,1027.1],[0.235205,42.458899,1029.3],[0.23506,42.458974,1031.3],[0.234916,42.45904,1033.4],[0.234746,42.459177,1036.4],[0.234574,42.459266,1038.3],[0.234374,42.459315,1040.0],[0.234218,42.459368,1042.9],[0.234125,42.459385,1044.5],[0.233957,42.459336,1046.8],[0.233792,42.45928,1049.5],[0.233735,42.459252,1050.5],[0.233595,42.459176,1053.3],[0.233391,42.459174,1056.2],[0.233135,42.459185,1058.9],[0.232872,42.459184,1059.6],[0.232638,42.459192,1060.2],[0.232413,42.459239,1061.0],[0.232213,42.459223,1060.3],[0.231878,42.459234,1060.3],[0.23167,42.459263,1060.7],[0.231283,42.459368,1062.8],[0.231145,42.459413,1064.2],[0.231036,42.459442,1065.0],[0.230833,42.459498,1064.9],[0.230567,42.459545,1065.7],[0.230348,42.459547,1065.8],[0.230097,42.459552,1064.6],[0.229968,42.459574,1063.0],[0.229858,42.459654,1064.3],[0.229743,42.459724,1066.2],[0.229664,42.459725,1065.6],[0.229562,42.459669,1062.8],[0.229439,42.459611,1061.7],[0.229264,42.459597,1063.9],[0.229162,42.459547,1063.7],[0.22914,42.459478,1061.8],[0.229069,42.459383,1060.1],[0.228954,42.45933,1061.2],[0.228741,42.459256,1063.2],[0.228535,42.459185,1064.3],[0.228264,42.459144,1067.1],[0.228097,42.459151,1067.5],[0.227967,42.459192,1069.1],[0.227821,42.45923,1071.4],[0.227717,42.459246,1072.6],[0.227668,42.459216,1071.8],[0.227614,42.45913,1072.1],[0.22758,42.459081,1072.5],[0.227504,42.459003,1073.4],[0.227366,42.458933,1074.9],[0.227245,42.458894,1076.5],[0.22714,42.458847,1077.7],[0.22702,42.4588,1079.4],[0.226946,42.458745,1080.9],[0.226886,42.458656,1081.5],[0.226847,42.458549,1081.2],[0.226786,42.458433,1079.3],[0.226714,42.458374,1079.7],[0.22664,42.458343,1081.0],[0.226556,42.458313,1082.6],[0.226466,42.458304,1085.1],[0.226355,42.458251,1086.2],[0.226203,42.458175,1087.7],[0.226079,42.45809,1088.4],[0.225916,42.458034,1090.9],[0.225854,42.458012,1092.0],[0.225689,42.457955,1094.0],[0.225602,42.45789,1093.5],[0.225543,42.45783,1092.3],[0.225445,42.457793,1093.0],[0.225344,42.457778,1094.8],[0.225169,42.457744,1097.7],[0.225017,42.457735,1100.3],[0.224873,42.457716,1102.3],[0.224725,42.457676,1104.0],[0.224596,42.457639,1105.3],[0.224541,42.457623,1105.7],[0.224418,42.457595,1106.6],[0.224293,42.457556,1106.9],[0.224176,42.457529,1107.6],[0.224106,42.457525,1108.5],[0.223967,42.457509,1109.8],[0.223811,42.457507,1110.8],[0.223696,42.457506,1111.4],[0.223563,42.457517,1112.8],[0.223559,42.457518,1112.9],[0.223461,42.457525,1114.2],[0.223376,42.457526,1114.9],[0.223072,42.457526,1117.4],[0.222782,42.457526,1118.1],[0.222586,42.457547,1118.3],[0.222421,42.457589,1119.0],[0.222208,42.457662,1119.8],[0.222076,42.457707,1119.8],[0.221908,42.45774,1118.7],[0.221729,42.457765,1117.0],[0.221583,42.457795,1115.8],[0.22143,42.457845,1114.2],[0.221248,42.457884,1111.5],[0.221142,42.457902,1109.7],[0.221024,42.457878,1107.2],[0.220917,42.457854,1105.2],[0.220761,42.457827,1102.5],[0.220629,42.457828,1100.3],[0.220559,42.45782,1098.9],[0.220526,42.45778,1097.8],[0.220528,42.457707,1097.0],[0.220491,42.457651,1095.7],[0.220491,42.457651,1095.7],[0.220528,42.457707,1097.0],[0.220526,42.45778,1097.8],[0.220559,42.45782,1098.9],[0.220629,42.457828,1100.3],[0.220761,42.457827,1102.5],[0.220917,42.457854,1105.2],[0.221024,42.457878,1107.2],[0.221142,42.457902,1109.7],[0.221248,42.457884,1111.5],[0.22143,42.457845,1114.2],[0.221583,42.457795,1115.8],[0.221729,42.457765,1117.0],[0.221908,42.45774,1118.7],[0.222076,42.457707,1119.8],[0.222208,42.457662,1119.8],[0.222421,42.457589,1119.0],[0.222586,42.457547,1118.3],[0.222782,42.457526,1118.1],[0.223072,42.457526,1117.4],[0.223376,42.457526,1114.9],[0.223461,42.457525,1114.2],[0.223559,42.457518,1112.9],[0.223608,42.457474,1110.5],[0.223634,42.457438,1108.7],[0.223575,42.457408,1107.6],[0.223592,42.457352,1105.0],[0.223595,42.457293,1102.3],[0.223535,42.457244,1099.7],[0.223462,42.457151,1094.6],[0.223368,42.457068,1089.9],[0.223266,42.457007,1086.7],[0.223195,42.45695,1084.0],[0.223151,42.456894,1081.3],[0.223046,42.456706,1072.4],[0.22298,42.456551,1065.4],[0.222982,42.456439,1060.4],[0.223041,42.456387,1057.7],[0.222973,42.456379,1057.8],[0.222922,42.456335,1056.3],[0.222844,42.456274,1054.4],[0.222759,42.456208,1052.5],[0.22264,42.456074,1049.0],[0.222555,42.455949,1045.9],[0.222462,42.455848,1044.1],[0.222367,42.45575,1042.5],[0.222279,42.45562,1039.7],[0.222271,42.455476,1034.8],[0.222242,42.455395,1031.9],[0.222161,42.455283,1028.7],[0.222095,42.45521,1027.0],[0.221971,42.455125,1025.7],[0.221883,42.45503,1023.0],[0.221778,42.454908,1019.0],[0.221634,42.454795,1015.6],[0.221519,42.454752,1014.5],[0.221432,42.454681,1012.0],[0.221338,42.45461,1009.4],[0.221256,42.454557,1007.3],[0.221174,42.454468,1003.6],[0.221074,42.454408,1001.0],[0.221036,42.454349,998.6],[0.220992,42.45428,995.9],[0.220972,42.4542,992.7],[0.221003,42.45412,989.4],[0.22088,42.454109,989.1],[0.220763,42.454097,988.6],[0.220659,42.454062,987.1],[0.220514,42.454002,984.8],[0.220391,42.453948,982.5],[0.220329,42.453938,981.7],[0.220265,42.453939,981.4],[0.220198,42.453926,980.4],[0.220155,42.453898,978.8],[0.220134,42.453869,977.3],[0.22013,42.453817,974.7],[0.220131,42.453745,971.6],[0.220112,42.453713,970.2],[0.220079,42.453696,969.3],[0.220001,42.453686,968.3],[0.219869,42.453625,964.8],[0.219819,42.453627,964.5],[0.219738,42.453652,964.8],[0.219667,42.453594,961.7],[0.219598,42.45358,960.4],[0.21951,42.453581,959.4],[0.219398,42.453537,956.2],[0.219352,42.4535,954.1],[0.219192,42.45346,950.2],[0.218977,42.453495,948.8],[0.218863,42.453537,948.8],[0.218762,42.453577,948.8],[0.218679,42.453605,948.6],[0.218525,42.453615,946.6],[0.218345,42.453638,944.2],[0.218224,42.453667,943.2],[0.218055,42.45375,943.4],[0.21793,42.453817,943.5],[0.217743,42.453967,945.0],[0.217635,42.454035,944.9],[0.217542,42.454075,944.0],[0.217515,42.454061,943.2],[0.217531,42.454014,942.5],[0.217595,42.453959,942.4],[0.217609,42.453922,941.7],[0.217569,42.453847,939.4],[0.217525,42.453808,938.1],[0.217468,42.453772,936.7],[0.217414,42.453745,935.5],[0.217351,42.453699,934.0],[0.217304,42.45365,932.6],[0.217297,42.45362,932.1],[0.217231,42.45359,930.9],[0.217053,42.453555,928.4],[0.216929,42.453518,926.7],[0.216819,42.453459,925.0],[0.216725,42.453405,923.4],[0.216574,42.453301,920.3],[0.216464,42.453237,918.6],[0.216295,42.453164,915.8],[0.216187,42.453109,913.9],[0.216048,42.453053,911.8],[0.215955,42.452995,910.4],[0.215902,42.452967,909.7],[0.215873,42.452923,908.8],[0.215854,42.452848,907.4],[0.21587,42.452772,906.1],[0.21583,42.452688,904.5],[0.21581,42.452653,903.8],[0.215755,42.452628,903.2],[0.215681,42.45263,903.1],[0.21562,42.452652,903.5],[0.215596,42.452689,904.3],[0.215577,42.452676,904.0],[0.215557,42.452649,903.4],[0.215552,42.452599,902.1],[0.215524,42.452528,900.7],[0.215493,42.452464,899.7],[0.215435,42.452388,899.0],[0.215363,42.452414,900.2],[0.215297,42.452381,900.4],[0.215292,42.452342,899.6],[0.215108,42.452091,893.5],[0.214981,42.451879,887.8],[0.214964,42.451772,884.2],[0.214712,42.451637,884.7],[0.214516,42.451499,883.1],[0.214317,42.451403,881.5],[0.214015,42.451394,881.7],[0.213777,42.451417,881.8],[0.21341,42.451393,876.1],[0.212901,42.451452,868.2],[0.212748,42.451447,865.5],[0.212527,42.451445,862.9],[0.212331,42.451436,861.4],[0.212057,42.451368,859.9],[0.211942,42.451294,858.7],[0.211758,42.451199,858.9],[0.211677,42.45111,858.0],[0.211622,42.451017,856.4],[0.211539,42.450926,855.8],[0.21141,42.450814,855.8],[0.211285,42.450717,855.9],[0.211147,42.450627,856.1],[0.211045,42.450549,856.0],[0.210951,42.450465,855.5],[0.210879,42.450375,854.1],[0.210853,42.450301,851.9],[0.210848,42.450214,848.5],[0.210808,42.45015,846.9],[0.210734,42.450085,844.4],[0.210629,42.450094,844.4],[0.210551,42.450119,845.8],[0.210466,42.450128,845.8],[0.210348,42.450175,846.5],[0.210235,42.450192,845.2],[0.210103,42.450211,842.9],[0.209937,42.450244,839.6],[0.209769,42.450275,837.1],[0.20963,42.450312,835.1],[0.209539,42.450332,835.1],[0.209477,42.450327,835.2],[0.209447,42.450318,834.9],[0.20943,42.450303,834.1],[0.209368,42.450278,833.1],[0.209303,42.450269,833.2],[0.209292,42.45025,832.2],[0.209217,42.450221,830.6],[0.209098,42.450201,829.7],[0.209006,42.450208,830.1],[0.208921,42.450221,830.3],[0.208859,42.450236,830.3],[0.208808,42.450232,829.7],[0.208726,42.450241,829.3],[0.208652,42.450233,828.2],[0.208592,42.450236,827.4],[0.208514,42.450237,826.2],[0.208443,42.450274,826.5],[0.208418,42.450329,826.6],[0.208399,42.450383,826.1],[0.208401,42.450429,826.0],[0.208415,42.450476,826.3],[0.208411,42.450515,826.1],[0.208364,42.450587,825.8],[0.208296,42.450665,824.5],[0.208248,42.450772,823.9],[0.208234,42.450824,823.5],[0.208208,42.450842,822.5],[0.208136,42.450848,819.6],[0.208016,42.450864,816.2],[0.207869,42.450879,813.0],[0.207752,42.450898,811.0],[0.207587,42.45095,809.7],[0.207451,42.450954,808.3],[0.207229,42.450978,807.8],[0.207116,42.450996,806.7],[0.207025,42.451008,805.4],[0.206883,42.451049,803.9],[0.20678,42.451082,803.2],[0.206642,42.451082,801.3],[0.206526,42.451086,801.2],[0.206436,42.451109,802.5],[0.206296,42.451067,802.9],[0.206241,42.451019,802.6],[0.206133,42.450973,804.2],[0.206073,42.450923,805.0],[0.206056,42.450844,805.1],[0.206096,42.450737,803.7],[0.206105,42.450649,803.0],[0.206157,42.450568,801.0],[0.206142,42.450375,801.1],[0.206163,42.450123,800.9],[0.206154,42.45002,800.3],[0.206132,42.449944,800.2],[0.206125,42.449889,799.8],[0.206059,42.449762,798.9],[0.205949,42.449649,799.0],[0.205893,42.449545,798.9],[0.205863,42.449468,798.7],[0.205856,42.449409,798.8],[0.205861,42.449365,798.9],[0.205881,42.449317,798.8],[0.20589,42.449273,798.8],[0.205874,42.449251,799.1],[0.205866,42.449228,799.3],[0.205799,42.449243,800.1],[0.205702,42.449285,801.4],[0.205643,42.449314,802.2],[0.205597,42.449343,802.9],[0.205562,42.449336,803.4],[0.205538,42.449314,803.7],[0.20552,42.449281,803.9],[0.205507,42.449233,804.1],[0.205484,42.449148,805.2],[0.205474,42.449076,806.1],[0.20546,42.448995,806.9],[0.20544,42.44895,807.5],[0.205409,42.448921,807.9],[0.205358,42.448899,808.5],[0.205284,42.448867,809.2],[0.205189,42.448806,810.0],[0.205087,42.448743,810.5],[0.204996,42.448666,810.8],[0.204929,42.448597,810.9],[0.204888,42.448549,811.0],[0.204817,42.448435,811.0],[0.204789,42.44838,811.0],[0.204766,42.448315,810.8],[0.204736,42.448209,810.4],[0.204699,42.448078,809.8],[0.20467,42.447992,809.5],[0.204634,42.447908,809.1],[0.204621,42.447854,808.6],[0.204539,42.447759,807.0],[0.204455,42.447652,805.3],[0.204348,42.447407,802.4],[0.204216,42.447453,801.5],[0.204048,42.447563,801.2],[0.20389,42.447667,801.4],[0.203674,42.44781,801.8],[0.20354,42.447889,802.0],[0.203471,42.447905,801.9],[0.203399,42.447893,801.5],[0.20336,42.447864,801.3],[0.203323,42.447827,801.1],[0.20328,42.447738,800.4],[0.203213,42.447644,800.3],[0.203125,42.447544,800.1],[0.203088,42.447445,800.0],[0.203056,42.447382,800.0],[0.203046,42.447316,800.0],[0.20302,42.447282,800.0],[0.202975,42.447223,799.4],[0.202871,42.447099,798.3],[0.202792,42.447012,797.8],[0.202749,42.446885,797.2],[0.202632,42.446648,796.1],[0.202569,42.446569,795.6],[0.202547,42.446516,795.3],[0.202427,42.44644,794.4],[0.20217,42.446311,793.1],[0.201953,42.446211,792.2],[0.201669,42.446076,791.5],[0.201418,42.445982,790.9],[0.201301,42.445932,789.8],[0.201262,42.4459,789.2],[0.201157,42.44589,788.7],[0.201105,42.445944,789.0],[0.200939,42.446041,789.1],[0.200789,42.446143,789.3],[0.20067,42.446181,789.0],[0.200543,42.446234,788.8],[0.200431,42.446257,787.9],[0.200328,42.446289,787.3],[0.200246,42.44631,786.8],[0.200146,42.446332,786.4],[0.199978,42.446315,785.0],[0.199864,42.446318,784.8],[0.199731,42.446337,784.8],[0.199567,42.44637,785.0],[0.199403,42.446408,785.3],[0.199222,42.446429,785.4],[0.199097,42.446433,785.4],[0.198957,42.446423,785.3],[0.198711,42.446427,785.2],[0.198536,42.446422,784.9],[0.198365,42.446435,784.6],[0.19828,42.446414,784.0],[0.198185,42.446423,783.7],[0.198083,42.446426,782.9],[0.197999,42.446441,781.9],[0.197874,42.446512,780.4],[0.197787,42.446556,777.5],[0.197756,42.446561,776.1],[0.197726,42.446547,774.4],[0.197689,42.44652,772.3],[0.197677,42.44645,771.7],[0.197625,42.446382,769.0],[0.197549,42.446294,765.7],[0.197496,42.446203,766.7],[0.197444,42.446144,766.9],[0.197381,42.446089,766.6],[0.197294,42.446004,765.0],[0.197158,42.445897,762.7],[0.197007,42.445812,759.2],[0.196885,42.445675,760.2],[0.196729,42.445556,757.5],[0.196587,42.445435,755.4],[0.196442,42.445289,750.3],[0.196251,42.445093,742.4],[0.196169,42.44509,741.5],[0.196205,42.445169,742.0],[0.196207,42.445242,742.1],[0.196161,42.445277,741.3],[0.196107,42.445277,740.7],[0.196032,42.445282,739.8],[0.196032,42.445272,739.7],[0.19597,42.445256,738.6],[0.19587,42.445196,739.3],[0.195784,42.445183,740.2],[0.195679,42.445184,741.2],[0.195554,42.445163,741.7],[0.195386,42.445213,744.5],[0.195229,42.44527,745.8],[0.195066,42.445367,745.3],[0.194981,42.445399,745.4],[0.194872,42.445439,745.6],[0.194752,42.445463,745.4],[0.194635,42.44546,744.2],[0.194526,42.445427,743.9],[0.194386,42.445386,744.2],[0.194138,42.445352,742.3],[0.194009,42.445362,742.2],[0.193835,42.445387,742.3],[0.193727,42.445431,744.1],[0.193627,42.445483,745.4],[0.193512,42.445574,747.2],[0.193424,42.44564,748.3],[0.19328,42.445706,747.7],[0.193188,42.445734,747.6],[0.193099,42.445748,748.1],[0.193034,42.44574,748.6],[0.192994,42.445724,749.0],[0.192908,42.445728,749.6],[0.192855,42.445741,749.8],[0.19283,42.445729,750.3],[0.192814,42.445698,751.1],[0.192784,42.445679,752.0],[0.192732,42.445673,753.0],[0.192691,42.445664,754.0],[0.192667,42.445636,755.5],[0.192644,42.445605,757.3],[0.192599,42.445592,758.2],[0.192543,42.445563,759.6],[0.192503,42.445556,759.9],[0.192388,42.445457,761.9],[0.192329,42.445413,763.2],[0.192268,42.445379,764.0],[0.192221,42.445358,764.5],[0.192157,42.445346,764.8],[0.19211,42.445336,765.1],[0.192022,42.445304,766.0],[0.191948,42.445261,767.2],[0.191882,42.445215,768.3],[0.191818,42.445176,769.1],[0.191742,42.445142,769.8],[0.19166,42.445079,771.1],[0.191573,42.444998,772.7],[0.191512,42.444921,774.0],[0.191454,42.44486,774.6],[0.191368,42.44479,775.1],[0.19132,42.444712,776.4],[0.191309,42.444592,778.1],[0.191319,42.444443,779.9],[0.191301,42.444387,779.9],[0.191228,42.444343,780.0],[0.191195,42.444272,780.4],[0.191147,42.444207,780.8],[0.191057,42.444178,781.7],[0.190972,42.444162,783.1],[0.190873,42.444174,784.4],[0.190779,42.444213,784.7],[0.190687,42.444233,785.5],[0.190595,42.444268,786.2],[0.190455,42.44431,787.6],[0.190266,42.444383,790.7],[0.190126,42.444455,791.9],[0.190052,42.444483,793.2],[0.189979,42.44453,794.2],[0.189937,42.444542,795.1],[0.189869,42.444504,798.1],[0.189822,42.444527,799.0],[0.189752,42.444582,799.9],[0.189655,42.44465,801.1],[0.189576,42.44466,803.3],[0.189488,42.444707,804.5],[0.189451,42.444707,805.5],[0.189457,42.444654,807.0],[0.189484,42.444607,807.7],[0.189489,42.444536,809.7],[0.189457,42.444544,810.4],[0.189288,42.444548,815.4],[0.18918,42.44459,816.7],[0.189097,42.44461,817.8],[0.188935,42.444624,820.8],[0.188881,42.444598,821.9],[0.18881,42.444563,823.4],[0.188783,42.444433,826.1],[0.188783,42.444348,827.5],[0.188805,42.444321,827.6],[0.188796,42.444257,828.4],[0.188781,42.444213,829.1],[0.188707,42.444159,831.3],[0.188705,42.444067,832.4],[0.188676,42.443872,834.6],[0.188671,42.443812,834.8],[0.188654,42.443744,835.4],[0.1886,42.443683,837.3],[0.188549,42.443647,838.3],[0.188444,42.443588,838.0],[0.188319,42.443534,837.7],[0.188236,42.44354,838.9],[0.18812,42.443502,840.8],[0.188046,42.443428,841.5],[0.187944,42.443364,842.7],[0.187853,42.443315,842.5],[0.187749,42.443316,843.6],[0.187644,42.443338,845.6],[0.187542,42.443399,848.8],[0.187456,42.443404,849.4],[0.1873,42.443378,849.5],[0.187135,42.443353,851.3],[0.186974,42.443302,852.2],[0.1869,42.443238,850.9],[0.186793,42.443188,852.0],[0.186664,42.443127,853.5],[0.186599,42.443117,854.8],[0.18648,42.443109,857.3],[0.186345,42.443052,859.1],[0.186254,42.443001,860.7],[0.186149,42.442926,863.8],[0.186047,42.44294,865.3],[0.185953,42.442935,866.8],[0.185842,42.442898,868.3],[0.185702,42.442827,869.8],[0.185599,42.442801,871.7],[0.185538,42.442848,872.8],[0.185468,42.442808,874.0],[0.185413,42.442763,875.7],[0.185357,42.442708,877.2],[0.185271,42.442655,878.9],[0.185182,42.442578,880.1],[0.185108,42.442506,881.4],[0.185002,42.442414,882.7],[0.18494,42.442343,883.3],[0.184929,42.442271,883.4],[0.184894,42.442196,883.3],[0.184885,42.442178,883.2],[0.184851,42.442169,883.0],[0.184829,42.442156,883.0],[0.184809,42.442137,883.0],[0.1848,42.442108,883.1],[0.18479,42.442081,883.1],[0.184773,42.442059,883.0],[0.184746,42.442049,882.8],[0.184729,42.442041,882.6],[0.184728,42.44202,882.6],[0.184736,42.441995,882.6],[0.184733,42.441962,882.5],[0.184699,42.441945,882.1],[0.184658,42.441941,881.4],[0.184634,42.441919,880.6],[0.184629,42.441872,879.6],[0.184645,42.441797,878.4],[0.184646,42.441754,877.6],[0.184614,42.441729,876.3],[0.184576,42.441708,875.1],[0.184549,42.441673,874.1],[0.184545,42.441638,873.7],[0.18454,42.441601,873.3],[0.18454,42.441568,873.1],[0.184521,42.441552,872.4],[0.1845,42.441555,871.6],[0.184487,42.441565,871.1],[0.184462,42.441587,870.3],[0.184422,42.441611,869.0],[0.184386,42.441642,868.0],[0.18436,42.441674,867.5],[0.18434,42.441718,867.5],[0.184308,42.441753,867.3],[0.184272,42.44176,866.3],[0.184243,42.441757,865.2],[0.184242,42.441729,864.4],[0.184237,42.441691,863.5],[0.184228,42.44165,862.3],[0.184212,42.441635,861.4],[0.184185,42.441629,860.3],[0.184156,42.44163,859.3],[0.184148,42.441617,858.7],[0.18415,42.441595,858.3],[0.184155,42.441541,857.2],[0.184152,42.441517,856.6],[0.184134,42.441499,855.7],[0.18411,42.441492,854.7],[0.184082,42.441508,853.7],[0.18406,42.441516,852.9],[0.184046,42.441506,852.2],[0.184034,42.441476,851.7],[0.184019,42.441452,851.0],[0.18399,42.441449,849.9],[0.183981,42.441467,849.6],[0.183971,42.4415,849.2],[0.183958,42.441527,849.1],[0.183937,42.441523,848.1],[0.183922,42.441515,847.3],[0.183917,42.441487,847.1],[0.183922,42.441438,847.2],[0.183912,42.441406,846.7],[0.183892,42.441398,845.8],[0.183875,42.441394,845.1],[0.183847,42.441421,844.1],[0.183796,42.441471,842.2],[0.183757,42.441531,841.1],[0.183718,42.441576,840.9],[0.183662,42.441606,839.5],[0.183594,42.441642,837.8],[0.183547,42.441647,836.2],[0.183515,42.441628,834.5],[0.183525,42.441604,834.3],[0.18355,42.441571,834.3],[0.183557,42.441529,833.3],[0.18355,42.441502,832.9],[0.18351,42.441481,831.4],[0.183472,42.441484,830.1],[0.183453,42.441528,829.8],[0.183408,42.441565,829.2],[0.183377,42.441616,829.2],[0.18335,42.441653,829.1],[0.183299,42.441665,827.7],[0.183278,42.441662,827.3],[0.183271,42.441636,826.6],[0.183254,42.441606,825.7],[0.18321,42.441576,824.3],[0.183195,42.441537,823.2],[0.18321,42.441488,822.9],[0.183236,42.441458,823.1],[0.183247,42.441427,823.0],[0.183249,42.4414,822.8],[0.183215,42.441375,821.8],[0.183175,42.441359,820.8],[0.183128,42.441348,819.6],[0.183097,42.441326,818.6],[0.183092,42.441299,818.0],[0.183105,42.441272,817.8],[0.183123,42.441251,817.8],[0.183121,42.441236,817.5],[0.183101,42.44122,816.6],[0.183047,42.441195,814.5],[0.183004,42.441145,812.1],[0.183014,42.441095,811.2],[0.182942,42.441068,810.6],[0.182861,42.441017,811.3],[0.18262,42.440916,808.9],[0.18253,42.440827,806.9],[0.182266,42.440681,797.4],[0.182043,42.440558,793.5],[0.181983,42.440465,795.2],[0.181854,42.440379,795.8],[0.181691,42.440294,793.8],[0.181384,42.440161,788.2],[0.181132,42.440046,784.5],[0.180987,42.440002,780.8],[0.18088,42.439941,777.9],[0.18073,42.439883,774.5],[0.180621,42.439799,773.7],[0.180498,42.439722,771.6],[0.180194,42.439433,768.9],[0.180019,42.439355,767.1],[0.179733,42.439285,763.0],[0.179601,42.439335,761.5],[0.179424,42.439305,757.7],[0.179424,42.439233,757.7],[0.179417,42.439168,757.6],[0.179266,42.439098,753.7],[0.179254,42.439053,752.9],[0.179219,42.438982,751.3],[0.179097,42.438944,747.2],[0.179027,42.438917,744.8],[0.178938,42.438811,741.4],[0.178861,42.438672,738.6],[0.17874,42.438522,735.0],[0.178601,42.438425,731.4],[0.178462,42.438351,728.5],[0.178276,42.438176,723.4],[0.178244,42.438102,722.1],[0.178197,42.437979,720.0],[0.178184,42.43791,718.9],[0.178162,42.437821,717.3],[0.178114,42.437765,715.7],[0.178094,42.437694,714.2],[0.178111,42.437649,713.6],[0.178097,42.437591,712.6],[0.178045,42.437518,711.0],[0.177986,42.437452,709.3],[0.177927,42.437384,707.7],[0.17785,42.437208,705.1],[0.177779,42.437065,702.4],[0.177613,42.437035,701.3],[0.177592,42.436982,700.3],[0.177541,42.436889,698.6],[0.177432,42.436735,695.9],[0.177334,42.436608,694.1],[0.177209,42.436468,692.5],[0.177109,42.436373,691.8],[0.177073,42.43634,691.7],[0.177024,42.436298,691.5],[0.176924,42.436256,691.2],[0.176828,42.436197,690.8],[0.176688,42.436113,690.8],[0.176607,42.436051,690.1],[0.176532,42.435955,688.1],[0.176438,42.435801,685.5],[0.176341,42.435716,684.4],[0.176178,42.435616,683.4],[0.176028,42.435542,682.9],[0.175811,42.435451,681.9],[0.175642,42.435368,680.9],[0.175467,42.435288,680.5],[0.175237,42.435156,679.2],[0.175052,42.43512,678.9],[0.174879,42.435092,678.2],[0.17478,42.435053,677.5],[0.174671,42.435022,676.4],[0.174605,42.434991,675.4],[0.174534,42.434985,674.9],[0.174503,42.434963,674.4],[0.174479,42.434912,673.6],[0.174459,42.434814,672.2],[0.1744,42.434611,669.4],[0.174339,42.434414,667.5],[0.174305,42.43427,666.2],[0.174247,42.43416,665.4],[0.174219,42.434112,665.2],[0.174171,42.434058,665.0],[0.174057,42.433961,664.8],[0.173945,42.433882,664.9],[0.173845,42.433792,665.5],[0.173762,42.43371,666.3],[0.173686,42.433613,666.2],[0.173613,42.433461,665.5],[0.173532,42.433302,663.4],[0.173502,42.433249,663.0],[0.173459,42.433222,662.9],[0.1734,42.433204,663.1],[0.173293,42.433188,664.2],[0.173089,42.433155,665.5],[0.172817,42.433108,664.6],[0.172549,42.433072,663.8],[0.172381,42.433048,662.6],[0.172303,42.433019,661.5],[0.172221,42.432974,659.9],[0.172176,42.432914,657.8],[0.172143,42.432832,655.2],[0.172091,42.432672,652.4],[0.172056,42.4326,651.2],[0.172021,42.432555,650.4],[0.171971,42.432517,650.1],[0.171918,42.432485,650.1],[0.171793,42.432409,649.5],[0.171689,42.432378,649.4],[0.171685,42.432303,648.3],[0.171649,42.432207,647.4],[0.171552,42.432099,646.2],[0.171354,42.43196,643.7],[0.171182,42.431834,641.0],[0.171084,42.431656,636.7],[0.171043,42.431529,633.3],[0.171004,42.431383,629.7],[0.170961,42.431223,626.5],[0.170859,42.431087,624.5],[0.170628,42.430933,623.0],[0.170472,42.430852,621.8],[0.170384,42.430813,620.9],[0.170286,42.430713,618.6],[0.17016,42.430583,615.4],[0.169978,42.430476,612.9],[0.169935,42.430466,612.4],[0.169845,42.430426,611.1],[0.169845,42.430355,610.5],[0.169864,42.430255,609.8],[0.169906,42.429921,604.3],[0.169895,42.429916,604.2],[0.169836,42.42985,603.3],[0.16973,42.429776,602.3],[0.169635,42.429668,601.2],[0.169544,42.429555,600.2],[0.169491,42.429463,599.5],[0.16939,42.429386,598.8],[0.169309,42.429323,598.0],[0.169264,42.429273,597.6],[0.169169,42.429163,596.5],[0.169032,42.429011,594.5],[0.168886,42.42886,592.6],[0.168746,42.428714,591.1],[0.16865,42.428586,590.2],[0.168583,42.428491,590.2],[0.168527,42.42838,591.3],[0.168497,42.428283,592.9],[0.168479,42.428204,593.9],[0.168464,42.428072,594.0],[0.168458,42.428016,594.0],[0.168432,42.427955,593.3],[0.168385,42.427884,592.0],[0.168331,42.427776,591.0],[0.168292,42.427685,590.1],[0.168241,42.427634,589.4],[0.168196,42.427591,588.9],[0.168115,42.427494,588.4],[0.168047,42.427378,588.2],[0.168012,42.427313,588.1],[0.16797,42.427189,588.2],[0.167945,42.427089,588.3],[0.167888,42.426886,588.8],[0.167835,42.426687,588.1],[0.167799,42.426603,587.9],[0.167739,42.426458,587.6],[0.167695,42.426396,587.4],[0.167609,42.426343,587.2],[0.167554,42.426325,586.9],[0.16748,42.426324,586.4],[0.167399,42.426328,585.9],[0.167255,42.42634,584.9],[0.167039,42.426359,583.4],[0.166824,42.426371,582.7],[0.166592,42.426382,581.9],[0.166404,42.426388,581.4],[0.166323,42.426385,581.4],[0.166252,42.426375,581.4],[0.16614,42.426353,581.5],[0.165981,42.426326,581.4],[0.165793,42.426287,581.0],[0.16563,42.426253,581.0],[0.165464,42.426221,580.5],[0.165318,42.426189,579.6],[0.165257,42.426173,579.2],[0.16517,42.426145,578.6],[0.165016,42.426096,577.1],[0.164889,42.42606,575.9],[0.164728,42.426025,574.9],[0.164637,42.426011,574.3],[0.164527,42.426007,573.7],[0.164431,42.426003,573.3],[0.164356,42.425992,572.9],[0.164288,42.425978,572.6],[0.1642,42.42595,572.3],[0.164145,42.425923,572.2],[0.164067,42.425878,572.0],[0.163939,42.425817,571.9],[0.163853,42.425776,571.8],[0.163789,42.425754,571.8],[0.16372,42.425734,571.7],[0.163603,42.425702,571.7],[0.163445,42.425668,571.9],[0.16328,42.425622,572.0],[0.163189,42.425607,572.1],[0.1631,42.425598,572.1],[0.163024,42.425599,572.1],[0.162876,42.425603,572.0],[0.16269,42.425617,571.8],[0.162498,42.425629,571.3],[0.162364,42.425639,571.0],[0.162285,42.425646,570.9],[0.16218,42.425669,570.9],[0.162057,42.425691,570.5],[0.161947,42.425696,569.8],[0.161835,42.42569,569.0],[0.161733,42.425685,568.9],[0.161665,42.425673,568.8],[0.161577,42.425649,568.5],[0.161418,42.425594,567.2],[0.161323,42.425562,566.3],[0.161266,42.425551,565.8],[0.161184,42.425553,565.3],[0.16109,42.425568,564.6],[0.160993,42.425576,563.9],[0.160891,42.425571,563.0],[0.160784,42.425558,561.9],[0.160677,42.425539,560.7],[0.160535,42.4255,560.0],[0.160405,42.425457,560.0],[0.160323,42.425479,560.0],[0.160321,42.42548,560.0],[0.16011,42.425304,560.0],[0.159908,42.425129,559.8],[0.159661,42.424861,559.0],[0.159492,42.424794,559.1],[0.159323,42.424746,558.9],[0.15919,42.424675,558.9],[0.159004,42.424603,558.6],[0.158881,42.424581,558.1],[0.158779,42.424581,557.8],[0.158644,42.424596,557.4],[0.158506,42.42463,557.1],[0.158334,42.424682,556.6],[0.158154,42.42477,556.0],[0.157978,42.424852,555.2],[0.157807,42.424907,555.0],[0.157691,42.424931,555.3],[0.157557,42.424948,555.6],[0.157414,42.424954,556.0],[0.157319,42.424946,556.1],[0.157216,42.424919,556.4],[0.157082,42.424845,555.7],[0.156945,42.424762,553.5],[0.1568,42.424706,552.7],[0.15665,42.424644,553.2],[0.156563,42.424585,553.9],[0.156473,42.424504,554.6],[0.156338,42.424378,555.6],[0.156206,42.424241,557.1],[0.156103,42.4241,555.7],[0.156016,42.423956,554.5],[0.15596,42.423839,553.7],[0.155895,42.423689,554.5],[0.155836,42.423593,554.9],[0.155765,42.423521,554.2],[0.155638,42.423402,551.8],[0.155496,42.423275,552.6],[0.155344,42.423124,552.4],[0.155142,42.422934,552.6],[0.154978,42.422782,551.4],[0.154836,42.422672,551.5],[0.154731,42.422572,550.8],[0.154663,42.422478,550.1],[0.154561,42.422379,549.6],[0.154444,42.422287,548.3],[0.15426,42.422163,548.5],[0.154078,42.422022,549.8],[0.153943,42.421913,550.4],[0.153662,42.421738,549.6],[0.153484,42.421624,548.3],[0.153366,42.421531,546.4],[0.153187,42.421395,543.6],[0.153019,42.42124,541.3],[0.15286,42.421109,540.0],[0.152696,42.420988,539.1],[0.152522,42.420883,539.7],[0.152408,42.420742,539.8],[0.152248,42.42059,539.3],[0.152071,42.420451,539.8],[0.151909,42.420341,539.4],[0.151691,42.420237,538.0],[0.151471,42.42017,537.6],[0.15128,42.42013,538.7],[0.151079,42.420089,539.3],[0.150975,42.420034,539.6],[0.150901,42.419906,540.1],[0.150845,42.419791,541.8],[0.150756,42.419735,541.1],[0.150664,42.41971,539.3],[0.15045,42.419686,537.5],[0.150302,42.419674,537.0],[0.150096,42.419643,537.4],[0.149927,42.419609,537.7],[0.149778,42.419566,538.0],[0.149634,42.4195,538.0],[0.1495,42.419428,537.9],[0.149372,42.41934,538.0],[0.14929,42.419248,537.9],[0.149244,42.419162,537.7],[0.149179,42.419026,537.5],[0.149101,42.418866,537.1],[0.149028,42.418731,537.5],[0.148954,42.418577,537.8],[0.148907,42.418468,537.6],[0.148892,42.418296,537.6],[0.148866,42.418076,537.4],[0.148861,42.417937,537.1],[0.148854,42.417766,536.7],[0.148837,42.417621,536.3],[0.148802,42.417411,535.9],[0.148753,42.417273,535.6],[0.148675,42.417095,535.8],[0.148588,42.416962,535.3],[0.148504,42.416872,534.7],[0.148391,42.416779,534.2],[0.148139,42.416633,533.4],[0.147805,42.416428,532.3],[0.147687,42.416378,531.9],[0.147573,42.416351,531.6],[0.147483,42.416331,531.3],[0.147317,42.416294,530.9],[0.147102,42.416196,530.1],[0.147014,42.416108,530.0],[0.146929,42.415963,530.0],[0.146934,42.415786,530.5]]}},{"type":"Feature","properties":{"Name":"F — Mesón de Salinas–Tella","etapa":"F","original_name":"F_Mesón de Salinas-Tella","point_count":328,"length_km":5.937},"geometry":{"type":"LineString","coordinates":[[0.223719,42.585063,794.9],[0.223701,42.584999,795.5],[0.223655,42.584934,797.3],[0.22362,42.584877,797.8],[0.223537,42.584861,800.4],[0.223464,42.58483,802.0],[0.223369,42.584778,803.5],[0.223266,42.584718,804.6],[0.223059,42.584661,806.9],[0.222857,42.584625,808.6],[0.222766,42.584617,809.4],[0.222641,42.584608,810.6],[0.222535,42.584606,811.6],[0.222419,42.584624,813.2],[0.222293,42.584631,814.2],[0.221897,42.584591,812.6],[0.221552,42.584583,813.1],[0.221405,42.584589,813.8],[0.221216,42.584665,817.7],[0.221015,42.584679,817.5],[0.220786,42.584674,814.4],[0.220488,42.584671,809.5],[0.220312,42.584703,809.9],[0.220179,42.584783,814.3],[0.220054,42.584871,820.5],[0.219899,42.584908,821.8],[0.219784,42.585003,828.5],[0.219639,42.585061,831.3],[0.219395,42.585103,831.7],[0.219246,42.585147,833.9],[0.218992,42.585243,839.1],[0.218759,42.585375,846.4],[0.218492,42.585514,854.4],[0.218233,42.585657,863.1],[0.217923,42.58575,868.2],[0.217482,42.585906,876.8],[0.217195,42.585923,876.9],[0.216615,42.586031,881.7],[0.216207,42.586111,885.7],[0.215998,42.586155,885.8],[0.215854,42.586132,881.6],[0.21552,42.586074,878.3],[0.215156,42.586086,891.5],[0.21493,42.5861,898.1],[0.214692,42.586122,902.6],[0.214332,42.586142,906.8],[0.214161,42.586216,912.0],[0.213871,42.586306,917.8],[0.213626,42.586389,923.3],[0.2135,42.586471,928.5],[0.213412,42.586487,929.4],[0.213284,42.586473,928.3],[0.213068,42.586508,930.1],[0.21292,42.58664,938.0],[0.212687,42.586823,948.8],[0.212439,42.586953,954.7],[0.21227,42.587108,961.3],[0.212197,42.58722,965.9],[0.212051,42.587235,965.0],[0.211843,42.587164,959.2],[0.211271,42.586989,955.7],[0.210613,42.5869,962.2],[0.210077,42.586888,969.8],[0.20947,42.586891,977.4],[0.208829,42.586956,982.6],[0.208435,42.587053,985.0],[0.208325,42.587135,987.4],[0.208162,42.587248,988.5],[0.208055,42.587338,989.3],[0.207997,42.587495,995.0],[0.207927,42.587596,997.0],[0.207795,42.587678,994.8],[0.207612,42.587763,985.9],[0.207456,42.587805,981.3],[0.207322,42.587756,981.2],[0.207087,42.587589,977.2],[0.206919,42.587535,980.8],[0.206703,42.587494,984.3],[0.206298,42.587516,993.2],[0.205912,42.587523,996.9],[0.205804,42.587517,997.4],[0.205709,42.587499,997.1],[0.205645,42.587433,995.0],[0.205663,42.587322,991.0],[0.205652,42.587245,989.1],[0.205651,42.587164,986.4],[0.205597,42.587074,986.8],[0.205434,42.586998,994.4],[0.205266,42.586944,1000.6],[0.205021,42.586915,1008.3],[0.204782,42.586927,1014.9],[0.204562,42.586971,1022.6],[0.204268,42.58707,1035.2],[0.204015,42.587196,1048.3],[0.203738,42.587293,1058.5],[0.203524,42.587331,1062.9],[0.203242,42.587389,1067.4],[0.202974,42.587438,1071.0],[0.20258,42.587506,1076.1],[0.202233,42.58755,1077.7],[0.202005,42.587609,1080.9],[0.201837,42.587651,1082.6],[0.201552,42.587673,1082.6],[0.201182,42.587765,1086.7],[0.200937,42.587827,1087.8],[0.200694,42.58791,1088.9],[0.200266,42.588142,1093.3],[0.199971,42.588289,1093.8],[0.199739,42.588375,1092.4],[0.199514,42.588474,1095.3],[0.199321,42.588644,1107.9],[0.199001,42.588813,1117.6],[0.198611,42.589066,1127.2],[0.198284,42.589252,1132.5],[0.198046,42.5893,1130.2],[0.197965,42.589374,1132.5],[0.19785,42.589455,1134.2],[0.19779,42.589509,1135.6],[0.197711,42.589587,1137.7],[0.197648,42.589683,1141.1],[0.196271,42.590186,1138.0],[0.196149,42.59016,1139.1],[0.195964,42.590082,1145.4],[0.195718,42.589945,1157.0],[0.195504,42.589776,1159.3],[0.195324,42.589634,1159.4],[0.195151,42.589595,1167.0],[0.195014,42.589522,1168.3],[0.194857,42.589439,1169.0],[0.194712,42.589401,1172.2],[0.194523,42.589302,1171.7],[0.194286,42.589208,1176.3],[0.194085,42.589223,1186.3],[0.193843,42.589133,1189.4],[0.193254,42.589108,1202.8],[0.192982,42.589072,1202.5],[0.192594,42.589077,1206.6],[0.19224,42.589059,1207.6],[0.191835,42.589,1209.2],[0.191472,42.588882,1206.7],[0.190868,42.588812,1204.9],[0.190301,42.588885,1207.9],[0.189645,42.589034,1207.6],[0.189059,42.589244,1210.6],[0.188737,42.589251,1216.6],[0.188335,42.589211,1233.3],[0.18796,42.589065,1241.5],[0.187756,42.58892,1241.2],[0.187313,42.588735,1244.2],[0.186836,42.588624,1251.7],[0.186687,42.588532,1252.5],[0.186666,42.588428,1249.9],[0.186643,42.588288,1249.0],[0.186631,42.588236,1248.8],[0.186653,42.588091,1247.8],[0.186661,42.587962,1248.1],[0.186662,42.587884,1249.8],[0.186659,42.587784,1252.2],[0.186651,42.587724,1253.6],[0.186666,42.587628,1254.4],[0.186712,42.587558,1253.7],[0.18667,42.587512,1255.3],[0.186614,42.587466,1256.3],[0.186477,42.587414,1260.2],[0.186308,42.587379,1264.2],[0.186137,42.587307,1267.0],[0.186019,42.587255,1268.4],[0.185942,42.587226,1269.3],[0.185839,42.58718,1270.0],[0.185714,42.587135,1271.2],[0.185598,42.587042,1272.8],[0.185491,42.586981,1274.4],[0.185317,42.586837,1276.3],[0.185184,42.586717,1276.9],[0.185087,42.586668,1276.7],[0.18492,42.586588,1276.5],[0.184723,42.58652,1276.3],[0.184527,42.586489,1275.8],[0.184314,42.586457,1275.2],[0.18418,42.586415,1275.0],[0.184068,42.586374,1274.8],[0.183887,42.586336,1274.1],[0.18375,42.586321,1273.3],[0.183666,42.586286,1272.9],[0.183577,42.586276,1272.4],[0.18341,42.586211,1271.7],[0.183178,42.58613,1270.7],[0.183083,42.586081,1270.3],[0.182967,42.586017,1269.8],[0.182867,42.585919,1269.0],[0.182757,42.585829,1268.0],[0.18267,42.585743,1267.0],[0.182594,42.585643,1265.8],[0.182577,42.585603,1265.3],[0.182544,42.585544,1264.2],[0.182462,42.585491,1262.9],[0.182433,42.585455,1262.1],[0.182431,42.58539,1261.1],[0.182393,42.585324,1259.9],[0.182329,42.585351,1260.1],[0.182146,42.585368,1259.6],[0.182095,42.585391,1259.7],[0.182042,42.585368,1259.5],[0.181993,42.585334,1259.1],[0.181949,42.585311,1258.9],[0.181882,42.585287,1258.6],[0.181846,42.585235,1257.7],[0.181825,42.585165,1256.9],[0.181793,42.585132,1256.7],[0.181777,42.585083,1256.5],[0.181793,42.585003,1256.1],[0.181805,42.584927,1255.7],[0.181833,42.58485,1255.1],[0.181849,42.584731,1254.3],[0.181841,42.584674,1253.9],[0.181835,42.584571,1253.0],[0.181811,42.584464,1252.3],[0.181774,42.584352,1251.8],[0.181718,42.584219,1251.0],[0.18165,42.58413,1251.6],[0.18162,42.584095,1252.0],[0.181567,42.584015,1253.1],[0.181633,42.58384,1249.1],[0.18168,42.583721,1248.1],[0.18172,42.583577,1247.8],[0.181787,42.583382,1247.8],[0.181836,42.583262,1247.0],[0.181913,42.583125,1245.1],[0.182024,42.582873,1243.3],[0.182128,42.582648,1241.5],[0.182161,42.582511,1241.7],[0.182215,42.582251,1242.1],[0.182287,42.581944,1242.4],[0.182398,42.581498,1243.2],[0.182434,42.581309,1243.9],[0.182515,42.581047,1243.6],[0.182537,42.580873,1244.3],[0.18259,42.580626,1244.4],[0.182609,42.580518,1244.9],[0.182641,42.580232,1245.6],[0.182643,42.580111,1245.1],[0.182608,42.580053,1245.4],[0.18253,42.580007,1246.4],[0.182379,42.579988,1248.5],[0.182288,42.579972,1249.5],[0.182209,42.579947,1250.1],[0.182127,42.579903,1250.1],[0.18198,42.579803,1249.7],[0.181832,42.579668,1247.2],[0.18175,42.57961,1246.5],[0.181594,42.579523,1246.1],[0.181451,42.579451,1245.4],[0.181318,42.579395,1244.3],[0.181252,42.579391,1244.7],[0.181084,42.579402,1245.8],[0.181009,42.579398,1245.8],[0.180947,42.579379,1245.2],[0.180875,42.579318,1243.7],[0.180774,42.579167,1240.4],[0.180696,42.57912,1240.3],[0.180481,42.579017,1241.8],[0.180347,42.578957,1243.4],[0.180277,42.578957,1244.5],[0.180171,42.578974,1245.6],[0.180074,42.579005,1246.4],[0.180023,42.579023,1246.7],[0.179944,42.579018,1247.3],[0.180184,42.578879,1246.1],[0.180233,42.578811,1246.1],[0.180246,42.578752,1246.3],[0.180225,42.578705,1247.1],[0.180139,42.578667,1248.8],[0.180016,42.578672,1251.1],[0.179833,42.578723,1252.6],[0.179744,42.57875,1252.7],[0.179651,42.57877,1252.9],[0.179543,42.578732,1254.2],[0.179561,42.578653,1256.5],[0.179672,42.578594,1257.4],[0.179909,42.578454,1256.8],[0.179939,42.578393,1257.0],[0.179943,42.578308,1258.2],[0.179986,42.578177,1260.4],[0.18003,42.578077,1262.6],[0.180093,42.578014,1263.4],[0.180202,42.577952,1263.9],[0.180388,42.577886,1263.5],[0.180678,42.577782,1264.5],[0.180846,42.577708,1266.7],[0.181041,42.577626,1268.5],[0.181186,42.577567,1269.1],[0.181343,42.577485,1270.9],[0.181495,42.577431,1271.2],[0.181722,42.577339,1272.6],[0.182061,42.57717,1276.9],[0.182386,42.577057,1278.6],[0.182638,42.576968,1280.1],[0.183055,42.576776,1285.1],[0.183417,42.576544,1293.3],[0.183763,42.576388,1299.3],[0.184297,42.576172,1304.3],[0.184691,42.575986,1309.9],[0.185059,42.575806,1316.9],[0.185294,42.575715,1320.0],[0.185427,42.57562,1323.4],[0.185528,42.575511,1325.6],[0.185632,42.575358,1327.6],[0.185652,42.575286,1327.9],[0.185575,42.575157,1329.8],[0.185472,42.575029,1330.5],[0.18533,42.574871,1331.9],[0.185112,42.574713,1334.2],[0.184884,42.574607,1336.6],[0.184743,42.57453,1337.4],[0.184622,42.574511,1339.2],[0.184393,42.574503,1340.3],[0.184299,42.574469,1340.3],[0.184165,42.574373,1339.2],[0.184028,42.574385,1339.1],[0.183862,42.574437,1339.5],[0.183753,42.574449,1339.3],[0.183551,42.574388,1336.8],[0.183526,42.574302,1333.8],[0.183507,42.574219,1331.0],[0.183432,42.574162,1327.9],[0.183374,42.574136,1326.0],[0.183444,42.574068,1324.9],[0.183489,42.574003,1324.1]]}},{"type":"Feature","properties":{"Name":"G — Bielsa–Tella","etapa":"G","original_name":"G_Bielsa-Tella","point_count":797,"length_km":13.198},"geometry":{"type":"LineString","coordinates":[[0.218608,42.633635,1027.9],[0.218618,42.633611,1027.8],[0.218694,42.633583,1027.0],[0.218798,42.633543,1026.4],[0.2189,42.63346,1025.6],[0.218969,42.633354,1023.9],[0.218999,42.633194,1020.2],[0.218866,42.63311,1019.2],[0.218711,42.633022,1020.8],[0.218464,42.632886,1021.8],[0.218286,42.632734,1019.9],[0.218309,42.632657,1017.2],[0.218342,42.632517,1014.6],[0.218367,42.632408,1015.9],[0.218344,42.632332,1017.5],[0.218439,42.632348,1016.5],[0.218666,42.632325,1016.4],[0.218831,42.632276,1017.5],[0.219145,42.632183,1017.2],[0.219439,42.632104,1015.7],[0.219666,42.63202,1014.2],[0.219776,42.631952,1013.7],[0.219865,42.631913,1013.1],[0.219913,42.631872,1013.0],[0.219932,42.631851,1012.9],[0.219973,42.631818,1012.8],[0.219987,42.631752,1013.2],[0.219988,42.631707,1013.6],[0.219977,42.631663,1014.1],[0.21993,42.631582,1015.0],[0.219867,42.631517,1015.9],[0.219797,42.631431,1016.9],[0.219774,42.63139,1017.3],[0.219762,42.631352,1017.6],[0.219747,42.631294,1018.1],[0.219718,42.63123,1018.7],[0.219683,42.63116,1019.6],[0.219666,42.631119,1020.4],[0.219664,42.631068,1021.0],[0.219673,42.630999,1021.6],[0.219668,42.630954,1022.2],[0.219639,42.630908,1024.2],[0.219632,42.630859,1025.8],[0.219656,42.630802,1026.9],[0.219696,42.630768,1026.8],[0.219817,42.630711,1025.4],[0.219919,42.630629,1026.1],[0.219994,42.630549,1027.1],[0.220093,42.630384,1031.4],[0.22018,42.630233,1036.6],[0.220243,42.630138,1039.6],[0.220306,42.630017,1043.7],[0.220352,42.629864,1049.2],[0.220368,42.629747,1053.8],[0.22039,42.629682,1055.9],[0.220431,42.629632,1057.0],[0.220551,42.629561,1056.8],[0.220651,42.629496,1057.1],[0.22069,42.629427,1059.2],[0.22071,42.629219,1069.5],[0.220723,42.629094,1076.4],[0.220765,42.62901,1080.3],[0.220818,42.628936,1083.1],[0.220859,42.628827,1087.8],[0.220867,42.628645,1097.4],[0.220894,42.628533,1103.4],[0.220888,42.628415,1111.1],[0.220872,42.628231,1123.6],[0.220688,42.628218,1133.6],[0.220642,42.628107,1139.4],[0.220678,42.628036,1139.7],[0.220677,42.627987,1141.1],[0.220702,42.627933,1140.7],[0.220697,42.62788,1141.9],[0.220732,42.627817,1141.5],[0.220768,42.627735,1142.3],[0.220882,42.627678,1141.0],[0.220999,42.627617,1141.5],[0.221133,42.627606,1139.3],[0.221237,42.627609,1136.6],[0.221345,42.627605,1134.2],[0.221439,42.627582,1133.0],[0.221505,42.62755,1132.2],[0.221578,42.627461,1134.3],[0.221647,42.627348,1138.0],[0.221742,42.627242,1140.2],[0.221887,42.627148,1140.1],[0.222115,42.627083,1136.2],[0.222298,42.627014,1135.2],[0.222456,42.626858,1139.8],[0.22258,42.626753,1142.3],[0.222702,42.62666,1143.8],[0.222831,42.626557,1145.4],[0.223063,42.62639,1147.8],[0.223263,42.626241,1148.7],[0.223389,42.626151,1148.8],[0.223468,42.626109,1147.9],[0.223532,42.626059,1146.1],[0.223554,42.626014,1145.9],[0.223563,42.625977,1146.1],[0.223562,42.625887,1147.5],[0.22354,42.625801,1148.7],[0.223516,42.625668,1150.0],[0.22352,42.625509,1150.2],[0.223573,42.625403,1147.5],[0.223591,42.625284,1145.2],[0.223549,42.625191,1145.5],[0.22344,42.625062,1146.6],[0.223383,42.624992,1147.5],[0.223346,42.624916,1147.7],[0.223342,42.624846,1146.4],[0.223391,42.624809,1143.7],[0.223609,42.624759,1140.6],[0.223946,42.6247,1141.8],[0.224183,42.624702,1141.7],[0.224569,42.624735,1140.9],[0.224871,42.624787,1137.3],[0.225082,42.624807,1136.5],[0.225306,42.624799,1136.5],[0.225455,42.624753,1135.5],[0.225605,42.624687,1133.0],[0.225744,42.624607,1128.4],[0.225844,42.624503,1127.2],[0.225937,42.624361,1125.5],[0.225996,42.624193,1126.4],[0.226022,42.624058,1127.5],[0.225979,42.623939,1127.1],[0.225906,42.623889,1128.8],[0.225649,42.623795,1132.7],[0.225357,42.623719,1133.2],[0.224971,42.623614,1137.7],[0.224815,42.623526,1138.8],[0.224687,42.623428,1139.3],[0.224544,42.623278,1140.7],[0.224457,42.623139,1141.3],[0.224425,42.623038,1141.1],[0.224415,42.622952,1140.3],[0.224466,42.622886,1139.5],[0.224576,42.622822,1137.5],[0.224802,42.622771,1131.9],[0.225091,42.622732,1125.6],[0.2254,42.62268,1123.0],[0.225636,42.622629,1122.2],[0.225868,42.622536,1122.4],[0.226063,42.622401,1123.1],[0.226198,42.622172,1129.2],[0.226291,42.621951,1131.9],[0.226338,42.621825,1132.3],[0.226369,42.621749,1132.0],[0.226388,42.621641,1131.0],[0.226337,42.621539,1134.0],[0.226323,42.621445,1135.3],[0.226354,42.621235,1133.7],[0.226361,42.621064,1132.1],[0.226266,42.620886,1133.8],[0.226192,42.620726,1132.6],[0.22601,42.620552,1137.6],[0.225869,42.620385,1136.4],[0.225568,42.620251,1137.8],[0.225467,42.620226,1138.6],[0.225387,42.620217,1140.1],[0.22538,42.620181,1139.5],[0.225325,42.620106,1139.2],[0.225356,42.620069,1137.6],[0.225491,42.619977,1133.7],[0.225828,42.619838,1141.0],[0.226206,42.619698,1150.8],[0.226458,42.619644,1153.4],[0.226652,42.61963,1150.4],[0.226861,42.619646,1143.9],[0.22701,42.61967,1138.4],[0.227104,42.619677,1135.7],[0.227212,42.619687,1130.6],[0.227292,42.619598,1128.6],[0.22734,42.61952,1127.6],[0.227402,42.619356,1125.6],[0.227398,42.619268,1126.4],[0.227356,42.61915,1131.5],[0.227365,42.619062,1132.6],[0.2274,42.61892,1132.1],[0.227495,42.618753,1127.9],[0.227566,42.618597,1125.8],[0.227576,42.618535,1125.4],[0.227543,42.618474,1127.6],[0.227448,42.618392,1133.6],[0.227375,42.618342,1137.4],[0.227327,42.618282,1138.7],[0.227314,42.61824,1138.2],[0.227318,42.618189,1136.0],[0.227304,42.618136,1135.1],[0.227265,42.618083,1136.3],[0.227238,42.617994,1135.7],[0.227172,42.617942,1139.1],[0.227122,42.617872,1142.1],[0.227091,42.617764,1144.3],[0.227103,42.617605,1144.3],[0.227135,42.617539,1143.0],[0.227207,42.617463,1139.8],[0.22724,42.617379,1139.1],[0.227214,42.617203,1142.2],[0.227198,42.617107,1142.4],[0.227172,42.616971,1143.1],[0.227203,42.616922,1141.0],[0.227225,42.616837,1139.4],[0.227219,42.616756,1138.9],[0.227144,42.616654,1141.4],[0.227059,42.616515,1143.9],[0.227064,42.616403,1141.6],[0.22714,42.616238,1135.9],[0.227256,42.616098,1131.2],[0.227493,42.615933,1134.3],[0.227653,42.615799,1135.1],[0.227719,42.615663,1138.0],[0.227818,42.615542,1137.4],[0.22797,42.615406,1133.1],[0.228038,42.615284,1132.4],[0.228066,42.615205,1132.8],[0.22811,42.615053,1131.1],[0.2281,42.61495,1131.4],[0.227837,42.614719,1137.8],[0.227663,42.614432,1134.1],[0.227527,42.614362,1137.3],[0.227312,42.614257,1145.5],[0.227212,42.614119,1146.2],[0.227192,42.614014,1144.5],[0.227277,42.613923,1139.3],[0.22737,42.613891,1136.1],[0.227684,42.613834,1137.1],[0.227775,42.613826,1137.0],[0.227979,42.613827,1133.1],[0.228178,42.613867,1126.5],[0.228493,42.613934,1118.8],[0.228761,42.613934,1117.8],[0.228986,42.613916,1117.4],[0.229333,42.61388,1119.9],[0.229677,42.613766,1122.0],[0.229916,42.613686,1120.2],[0.230045,42.613341,1135.4],[0.23023,42.613242,1132.0],[0.230408,42.613003,1132.6],[0.230496,42.612804,1134.0],[0.230599,42.612683,1130.4],[0.230589,42.612503,1134.7],[0.230614,42.612408,1135.0],[0.230718,42.61228,1130.1],[0.230808,42.612064,1128.8],[0.230862,42.611869,1130.8],[0.23096,42.611448,1128.0],[0.231042,42.611303,1127.1],[0.231069,42.611206,1129.1],[0.231162,42.610955,1130.3],[0.231207,42.610812,1129.4],[0.231266,42.610718,1131.1],[0.231412,42.610582,1130.3],[0.231736,42.610395,1126.6],[0.231769,42.610327,1129.5],[0.231774,42.610272,1131.7],[0.231842,42.610154,1131.1],[0.231886,42.610052,1132.2],[0.231959,42.609947,1132.2],[0.232063,42.609798,1132.9],[0.232174,42.609671,1132.9],[0.232184,42.609581,1133.6],[0.232184,42.609522,1134.4],[0.232204,42.609481,1134.0],[0.232189,42.609414,1134.3],[0.232092,42.609338,1135.4],[0.23173,42.609245,1146.9],[0.231599,42.609192,1153.0],[0.23131,42.609095,1168.8],[0.231244,42.608836,1146.9],[0.231145,42.608671,1140.5],[0.230998,42.608577,1140.1],[0.230858,42.608508,1142.1],[0.23067,42.608503,1146.6],[0.230516,42.608531,1150.3],[0.230386,42.608542,1155.5],[0.230382,42.608472,1156.5],[0.230389,42.608415,1156.5],[0.230526,42.60828,1155.5],[0.230663,42.608178,1157.8],[0.23085,42.608097,1153.5],[0.230859,42.607956,1175.3],[0.230859,42.607865,1186.3],[0.230907,42.607746,1192.2],[0.230976,42.607633,1192.0],[0.231083,42.607564,1184.4],[0.231312,42.607499,1170.0],[0.2318,42.607469,1159.3],[0.232307,42.607431,1162.0],[0.233055,42.607399,1148.4],[0.233831,42.60734,1136.9],[0.234236,42.607322,1134.3],[0.234463,42.6073,1130.2],[0.234586,42.607239,1129.7],[0.234512,42.607117,1145.1],[0.234358,42.606938,1160.1],[0.234329,42.606759,1167.7],[0.234341,42.606562,1177.7],[0.234417,42.606445,1182.0],[0.234661,42.60629,1180.3],[0.234807,42.606178,1178.6],[0.234927,42.605989,1176.2],[0.235047,42.60578,1168.8],[0.235143,42.605685,1162.0],[0.235295,42.605585,1151.4],[0.235464,42.605502,1142.4],[0.235703,42.60544,1133.4],[0.235874,42.605378,1128.6],[0.235989,42.6053,1128.6],[0.236067,42.605182,1136.5],[0.23617,42.605122,1135.1],[0.236292,42.605053,1129.9],[0.236301,42.604882,1139.9],[0.236312,42.604718,1142.3],[0.2363,42.604633,1142.9],[0.236258,42.604508,1141.9],[0.236087,42.604363,1144.7],[0.235719,42.604132,1144.5],[0.235439,42.603952,1142.5],[0.23529,42.603907,1144.9],[0.235207,42.603858,1145.7],[0.235182,42.603826,1145.4],[0.235124,42.603787,1146.3],[0.235136,42.603725,1144.1],[0.235257,42.603538,1142.4],[0.23535,42.603405,1139.9],[0.235389,42.603331,1139.3],[0.235321,42.60322,1142.0],[0.235139,42.603079,1145.2],[0.234824,42.602863,1148.2],[0.234693,42.60275,1148.9],[0.234556,42.602552,1145.8],[0.234472,42.602478,1146.8],[0.234444,42.602356,1145.3],[0.234391,42.602214,1149.7],[0.234523,42.602019,1162.8],[0.234821,42.60192,1158.7],[0.235038,42.601787,1156.6],[0.235143,42.601713,1157.3],[0.235244,42.60161,1158.0],[0.235252,42.601532,1161.7],[0.23516,42.601424,1171.4],[0.235052,42.601285,1182.7],[0.234957,42.601157,1196.1],[0.234942,42.60103,1206.5],[0.235005,42.600923,1214.6],[0.235084,42.60083,1219.5],[0.235296,42.600757,1211.8],[0.235692,42.60069,1193.0],[0.235934,42.600683,1185.5],[0.236106,42.60068,1176.9],[0.236325,42.600679,1157.2],[0.236325,42.600606,1159.5],[0.236194,42.600374,1175.9],[0.236201,42.600293,1171.5],[0.235942,42.600117,1194.1],[0.235932,42.600011,1190.6],[0.235966,42.599876,1181.4],[0.235981,42.599765,1175.9],[0.235967,42.599678,1174.1],[0.235916,42.599592,1176.9],[0.235873,42.599508,1179.3],[0.235851,42.599421,1180.5],[0.235743,42.599316,1190.8],[0.235705,42.599223,1195.7],[0.235661,42.599045,1197.4],[0.235542,42.598763,1181.1],[0.235439,42.598588,1170.7],[0.235444,42.598458,1161.9],[0.235212,42.598274,1179.2],[0.235261,42.598124,1179.3],[0.235271,42.597983,1177.3],[0.235303,42.597815,1168.1],[0.235299,42.597597,1155.3],[0.235252,42.597286,1135.2],[0.235059,42.596851,1122.8],[0.234857,42.596535,1119.3],[0.234573,42.596381,1121.7],[0.234265,42.596233,1119.0],[0.234047,42.596178,1120.1],[0.233782,42.596091,1121.7],[0.233559,42.595984,1128.5],[0.233501,42.595895,1129.7],[0.233384,42.595718,1138.2],[0.233219,42.595555,1147.4],[0.233066,42.595466,1151.0],[0.232937,42.59545,1155.3],[0.232737,42.59541,1162.8],[0.232497,42.595273,1166.5],[0.232218,42.595009,1170.2],[0.232106,42.594835,1169.7],[0.232051,42.594669,1163.6],[0.231954,42.594544,1167.6],[0.231751,42.594376,1182.1],[0.231552,42.594244,1191.0],[0.231319,42.594127,1192.7],[0.23088,42.593782,1182.0],[0.230508,42.593496,1163.8],[0.230368,42.593432,1159.4],[0.230237,42.593381,1156.4],[0.229956,42.593343,1157.7],[0.229797,42.593316,1156.5],[0.229686,42.593301,1157.4],[0.229462,42.593244,1161.2],[0.229061,42.593122,1159.4],[0.228681,42.592944,1158.4],[0.228234,42.592682,1153.8],[0.227839,42.592447,1139.8],[0.227425,42.592179,1121.5],[0.227227,42.59207,1115.3],[0.227057,42.592045,1116.0],[0.226946,42.592046,1118.2],[0.226845,42.592083,1122.8],[0.226652,42.592234,1134.9],[0.22647,42.592351,1143.1],[0.226239,42.592453,1150.0],[0.2261,42.592464,1151.8],[0.225856,42.592453,1153.3],[0.225328,42.59235,1151.0],[0.225131,42.592319,1149.5],[0.224688,42.592309,1150.2],[0.224422,42.592322,1150.1],[0.224161,42.592392,1152.5],[0.223973,42.592405,1153.5],[0.223831,42.592365,1153.0],[0.223603,42.5922,1148.5],[0.223129,42.592059,1147.6],[0.222918,42.592034,1148.3],[0.222595,42.592007,1150.0],[0.222405,42.591997,1152.5],[0.222332,42.591972,1152.4],[0.222274,42.59184,1149.0],[0.222152,42.591634,1146.2],[0.221979,42.59149,1147.9],[0.221814,42.591353,1148.2],[0.221668,42.591296,1150.6],[0.2214,42.591121,1149.5],[0.221163,42.59104,1153.0],[0.220915,42.590945,1156.4],[0.220799,42.590883,1157.0],[0.220704,42.590794,1155.0],[0.220588,42.590703,1153.9],[0.220502,42.590553,1149.2],[0.220431,42.590452,1146.8],[0.220365,42.590346,1145.0],[0.220305,42.590258,1143.9],[0.220192,42.590148,1144.4],[0.220046,42.590016,1143.9],[0.219941,42.58996,1142.8],[0.219825,42.589959,1144.7],[0.219568,42.589964,1146.6],[0.219119,42.589984,1148.8],[0.219077,42.589979,1148.5],[0.218844,42.589994,1149.9],[0.218412,42.589987,1149.2],[0.217998,42.589996,1148.9],[0.217692,42.590001,1147.7],[0.217336,42.590015,1148.8],[0.217038,42.590026,1148.9],[0.216752,42.590032,1147.6],[0.216527,42.590056,1147.1],[0.216339,42.590086,1147.4],[0.216084,42.590167,1150.7],[0.215898,42.59023,1151.9],[0.215796,42.590238,1150.8],[0.215687,42.590266,1151.7],[0.215563,42.590257,1149.7],[0.215412,42.590179,1149.8],[0.215283,42.590124,1151.0],[0.215223,42.590028,1147.5],[0.215179,42.590003,1148.0],[0.215179,42.58982,1136.1],[0.215042,42.58975,1136.3],[0.214917,42.589739,1140.0],[0.214846,42.589712,1139.6],[0.214778,42.589645,1135.3],[0.214514,42.589541,1130.4],[0.214361,42.589504,1129.4],[0.21426,42.589518,1132.0],[0.214183,42.589539,1134.2],[0.21407,42.589553,1135.9],[0.213958,42.589554,1136.4],[0.213832,42.589557,1137.4],[0.213763,42.589537,1135.9],[0.213696,42.589507,1133.4],[0.213588,42.589515,1134.0],[0.21343,42.589465,1129.0],[0.213302,42.589507,1132.0],[0.213139,42.589584,1137.1],[0.212939,42.589614,1136.5],[0.212658,42.589688,1137.6],[0.212444,42.589728,1137.5],[0.212089,42.589831,1137.0],[0.21183,42.589846,1129.8],[0.211416,42.589966,1125.0],[0.210775,42.589961,1128.7],[0.210423,42.589801,1127.7],[0.209761,42.589359,1128.2],[0.209267,42.589361,1139.9],[0.208909,42.58933,1135.7],[0.208666,42.589399,1134.5],[0.2085,42.589539,1133.7],[0.208358,42.589643,1130.4],[0.208295,42.589715,1130.7],[0.208214,42.589832,1133.2],[0.208149,42.590042,1144.3],[0.207998,42.590269,1150.3],[0.207827,42.590375,1149.6],[0.207694,42.590418,1148.3],[0.207584,42.59042,1147.5],[0.207464,42.590412,1148.8],[0.2073,42.59036,1147.6],[0.20716,42.590299,1146.7],[0.207005,42.590245,1146.9],[0.206825,42.590115,1143.6],[0.206652,42.589897,1137.5],[0.206512,42.58979,1137.0],[0.206419,42.589706,1135.7],[0.206239,42.58966,1138.4],[0.206085,42.58963,1140.7],[0.205921,42.589578,1141.4],[0.205665,42.589462,1139.2],[0.205497,42.589403,1138.7],[0.205343,42.589357,1138.4],[0.205167,42.589321,1139.3],[0.204987,42.58926,1138.4],[0.204911,42.589248,1139.1],[0.204781,42.589226,1139.9],[0.204703,42.589204,1139.5],[0.204628,42.58918,1138.8],[0.20451,42.589173,1140.2],[0.204384,42.589169,1142.3],[0.204301,42.589164,1143.5],[0.204246,42.589148,1143.3],[0.204209,42.589126,1142.6],[0.204192,42.589089,1140.5],[0.204162,42.588942,1134.5],[0.204127,42.588798,1130.6],[0.204126,42.588689,1127.0],[0.204051,42.588609,1129.7],[0.203994,42.588564,1132.4],[0.203897,42.588423,1135.1],[0.20389,42.588436,1136.0],[0.203825,42.58828,1130.6],[0.203729,42.588222,1129.3],[0.203646,42.588199,1129.3],[0.203572,42.58821,1131.6],[0.203375,42.588197,1130.9],[0.203214,42.58816,1127.9],[0.202998,42.588164,1128.4],[0.202827,42.588147,1126.6],[0.20272,42.588148,1126.3],[0.202522,42.588211,1129.7],[0.202366,42.588269,1132.8],[0.202133,42.588326,1133.5],[0.201938,42.588383,1135.8],[0.201769,42.588406,1136.5],[0.201615,42.588402,1134.7],[0.201445,42.588411,1133.6],[0.201173,42.58848,1135.3],[0.200879,42.588611,1139.4],[0.200635,42.588737,1141.0],[0.200403,42.588839,1140.5],[0.200201,42.588917,1138.2],[0.199952,42.588997,1136.9],[0.199699,42.589053,1138.9],[0.199518,42.589081,1139.7],[0.199277,42.589089,1138.3],[0.199032,42.589146,1139.2],[0.198865,42.589136,1136.1],[0.198714,42.589211,1138.6],[0.198661,42.589244,1139.7],[0.198547,42.589289,1140.2],[0.19833,42.589357,1140.1],[0.198111,42.589401,1138.2],[0.197979,42.58945,1137.5],[0.197867,42.589528,1139.1],[0.197735,42.589609,1139.7],[0.197662,42.589694,1142.2],[0.197558,42.589787,1144.6],[0.197365,42.589895,1145.5],[0.197188,42.589978,1145.5],[0.196914,42.590121,1147.0],[0.196738,42.590172,1146.2],[0.196581,42.59022,1145.9],[0.196462,42.590231,1143.4],[0.196297,42.590185,1137.5],[0.196216,42.590159,1137.7],[0.196271,42.590186,1138.0],[0.196149,42.59016,1139.1],[0.195964,42.590082,1145.4],[0.195718,42.589945,1157.0],[0.195504,42.589776,1159.3],[0.195324,42.589634,1159.4],[0.195151,42.589595,1167.0],[0.195014,42.589522,1168.3],[0.194857,42.589439,1169.0],[0.194712,42.589401,1172.2],[0.194523,42.589302,1171.7],[0.194286,42.589208,1176.3],[0.194085,42.589223,1186.3],[0.193843,42.589133,1189.4],[0.193254,42.589108,1202.8],[0.192982,42.589072,1202.5],[0.192594,42.589077,1206.6],[0.19224,42.589059,1207.6],[0.191835,42.589,1209.2],[0.191472,42.588882,1206.7],[0.190868,42.588812,1204.9],[0.190301,42.588885,1207.9],[0.189645,42.589034,1207.6],[0.189059,42.589244,1210.6],[0.188737,42.589251,1216.6],[0.188335,42.589211,1233.3],[0.18796,42.589065,1241.5],[0.187756,42.58892,1241.2],[0.187313,42.588735,1244.2],[0.186836,42.588624,1251.7],[0.186687,42.588532,1252.5],[0.186666,42.588428,1249.9],[0.186643,42.588288,1249.0],[0.186631,42.588236,1248.8],[0.186653,42.588091,1247.8],[0.186661,42.587962,1248.1],[0.186662,42.587884,1249.8],[0.186659,42.587784,1252.2],[0.186651,42.587724,1253.6],[0.186666,42.587628,1254.4],[0.186712,42.587558,1253.7],[0.18667,42.587512,1255.3],[0.186614,42.587466,1256.3],[0.186477,42.587414,1260.2],[0.186308,42.587379,1264.2],[0.186137,42.587307,1267.0],[0.186019,42.587255,1268.4],[0.185942,42.587226,1269.3],[0.185839,42.58718,1270.0],[0.185714,42.587135,1271.2],[0.185598,42.587042,1272.8],[0.185491,42.586981,1274.4],[0.185317,42.586837,1276.3],[0.185184,42.586717,1276.9],[0.185087,42.586668,1276.7],[0.18492,42.586588,1276.5],[0.184723,42.58652,1276.3],[0.184527,42.586489,1275.8],[0.184314,42.586457,1275.2],[0.18418,42.586415,1275.0],[0.184068,42.586374,1274.8],[0.183887,42.586336,1274.1],[0.18375,42.586321,1273.3],[0.183666,42.586286,1272.9],[0.183577,42.586276,1272.4],[0.18341,42.586211,1271.7],[0.183178,42.58613,1270.7],[0.183083,42.586081,1270.3],[0.182967,42.586017,1269.8],[0.182867,42.585919,1269.0],[0.182757,42.585829,1268.0],[0.18267,42.585743,1267.0],[0.182594,42.585643,1265.8],[0.182577,42.585603,1265.3],[0.182544,42.585544,1264.2],[0.182462,42.585491,1262.9],[0.182433,42.585455,1262.1],[0.182431,42.58539,1261.1],[0.182393,42.585324,1259.9],[0.182329,42.585351,1260.1],[0.182146,42.585368,1259.6],[0.182095,42.585391,1259.7],[0.182042,42.585368,1259.5],[0.181993,42.585334,1259.1],[0.181949,42.585311,1258.9],[0.181882,42.585287,1258.6],[0.181846,42.585235,1257.7],[0.181825,42.585165,1256.9],[0.181793,42.585132,1256.7],[0.181777,42.585083,1256.5],[0.181793,42.585003,1256.1],[0.181805,42.584927,1255.7],[0.181833,42.58485,1255.1],[0.181849,42.584731,1254.3],[0.181841,42.584674,1253.9],[0.181835,42.584571,1253.0],[0.181811,42.584464,1252.3],[0.181774,42.584352,1251.8],[0.181718,42.584219,1251.0],[0.18165,42.58413,1251.6],[0.18162,42.584095,1252.0],[0.181567,42.584015,1253.1],[0.181633,42.58384,1249.1],[0.18168,42.583721,1248.1],[0.18172,42.583577,1247.8],[0.181787,42.583382,1247.8],[0.181836,42.583262,1247.0],[0.181913,42.583125,1245.1],[0.182024,42.582873,1243.3],[0.182128,42.582648,1241.5],[0.182161,42.582511,1241.7],[0.182215,42.582251,1242.1],[0.182287,42.581944,1242.4],[0.182398,42.581498,1243.2],[0.182434,42.581309,1243.9],[0.182515,42.581047,1243.6],[0.182537,42.580873,1244.3],[0.18259,42.580626,1244.4],[0.182609,42.580518,1244.9],[0.182641,42.580232,1245.6],[0.182643,42.580111,1245.1],[0.182608,42.580053,1245.4],[0.18253,42.580007,1246.4],[0.182379,42.579988,1248.5],[0.182288,42.579972,1249.5],[0.182209,42.579947,1250.1],[0.182127,42.579903,1250.1],[0.18198,42.579803,1249.7],[0.181832,42.579668,1247.2],[0.18175,42.57961,1246.5],[0.181594,42.579523,1246.1],[0.181451,42.579451,1245.4],[0.181318,42.579395,1244.3],[0.181252,42.579391,1244.7],[0.181084,42.579402,1245.8],[0.181009,42.579398,1245.8],[0.180947,42.579379,1245.2],[0.180875,42.579318,1243.7],[0.180774,42.579167,1240.4],[0.180696,42.57912,1240.3],[0.180481,42.579017,1241.8],[0.180347,42.578957,1243.4],[0.180277,42.578957,1244.5],[0.180171,42.578974,1245.6],[0.180074,42.579005,1246.4],[0.180023,42.579023,1246.7],[0.179944,42.579018,1247.3],[0.180184,42.578879,1246.1],[0.180233,42.578811,1246.1],[0.180246,42.578752,1246.3],[0.180225,42.578705,1247.1],[0.180139,42.578667,1248.8],[0.180016,42.578672,1251.1],[0.179833,42.578723,1252.6],[0.179744,42.57875,1252.7],[0.179651,42.57877,1252.9],[0.179543,42.578732,1254.2],[0.179561,42.578653,1256.5],[0.179672,42.578594,1257.4],[0.179909,42.578454,1256.8],[0.179939,42.578393,1257.0],[0.179943,42.578308,1258.2],[0.179986,42.578177,1260.4],[0.18003,42.578077,1262.6],[0.180093,42.578014,1263.4],[0.180202,42.577952,1263.9],[0.180388,42.577886,1263.5],[0.180678,42.577782,1264.5],[0.180846,42.577708,1266.7],[0.181041,42.577626,1268.5],[0.181186,42.577567,1269.1],[0.181343,42.577485,1270.9],[0.181495,42.577431,1271.2],[0.181722,42.577339,1272.6],[0.182061,42.57717,1276.9],[0.182386,42.577057,1278.6],[0.182638,42.576968,1280.1],[0.183055,42.576776,1285.1],[0.183417,42.576544,1293.3],[0.183763,42.576388,1299.3],[0.184297,42.576172,1304.3],[0.184691,42.575986,1309.9],[0.185059,42.575806,1316.9],[0.185294,42.575715,1320.0],[0.185427,42.57562,1323.4],[0.185528,42.575511,1325.6],[0.185632,42.575358,1327.6],[0.185652,42.575286,1327.9],[0.185575,42.575157,1329.8],[0.185472,42.575029,1330.5],[0.18533,42.574871,1331.9],[0.185112,42.574713,1334.2],[0.184884,42.574607,1336.6],[0.184743,42.57453,1337.4],[0.184622,42.574511,1339.2],[0.184393,42.574503,1340.3],[0.184299,42.574469,1340.3],[0.184165,42.574373,1339.2],[0.184028,42.574385,1339.1],[0.183862,42.574437,1339.5],[0.183753,42.574449,1339.3],[0.183551,42.574388,1336.8],[0.183526,42.574302,1333.8],[0.183507,42.574219,1331.0],[0.183432,42.574162,1327.9],[0.183374,42.574136,1326.0],[0.183444,42.574068,1324.9],[0.183489,42.574003,1324.1]]}},{"type":"Feature","properties":{"Name":"H — Tella–Hospital de Tella","etapa":"H","original_name":"H_Tella-Hospital de Tella","point_count":321,"length_km":4.887},"geometry":{"type":"LineString","coordinates":[[0.183482,42.573996,1323.7],[0.18344,42.573953,1321.0],[0.183343,42.573951,1317.6],[0.183247,42.573955,1316.0],[0.18318,42.573928,1313.4],[0.183178,42.573897,1311.8],[0.18318,42.573855,1310.2],[0.183137,42.57382,1307.7],[0.182893,42.573809,1303.6],[0.182714,42.573798,1301.9],[0.182573,42.573786,1301.8],[0.182453,42.573787,1302.5],[0.182316,42.573786,1303.7],[0.18219,42.57372,1301.0],[0.182045,42.573617,1297.6],[0.181964,42.573546,1295.3],[0.18193,42.573479,1292.4],[0.18187,42.573413,1289.7],[0.181884,42.573313,1284.1],[0.181784,42.573246,1282.1],[0.181627,42.573137,1279.5],[0.181578,42.57308,1277.6],[0.181476,42.57301,1275.9],[0.181459,42.572976,1274.6],[0.18145,42.572889,1270.5],[0.181429,42.572771,1265.8],[0.181389,42.572638,1262.0],[0.181294,42.572501,1260.8],[0.181183,42.572353,1259.4],[0.181076,42.572278,1258.9],[0.180827,42.572249,1259.3],[0.180629,42.572239,1256.9],[0.180375,42.572242,1254.3],[0.180133,42.572239,1252.8],[0.180044,42.572183,1250.0],[0.17996,42.572121,1249.4],[0.179939,42.572047,1247.5],[0.179949,42.571899,1242.6],[0.179879,42.571825,1244.6],[0.179878,42.571766,1243.4],[0.179934,42.571653,1240.1],[0.180034,42.571579,1234.6],[0.180051,42.571491,1234.1],[0.180076,42.571303,1233.7],[0.180116,42.571093,1229.2],[0.18007,42.570958,1227.4],[0.179957,42.570818,1227.5],[0.179844,42.57071,1226.1],[0.179785,42.570622,1222.5],[0.179704,42.570541,1218.4],[0.179626,42.570505,1217.3],[0.179463,42.570503,1219.8],[0.179325,42.570515,1220.1],[0.179259,42.570497,1218.1],[0.179215,42.570453,1214.0],[0.179164,42.570384,1211.0],[0.179065,42.570149,1206.8],[0.178957,42.56997,1203.2],[0.178932,42.569898,1201.7],[0.178912,42.569766,1197.5],[0.178799,42.569591,1196.0],[0.178655,42.56945,1197.1],[0.178627,42.569378,1194.8],[0.178656,42.569242,1187.6],[0.178625,42.569065,1185.9],[0.178583,42.568953,1184.0],[0.178546,42.568916,1184.7],[0.178439,42.568856,1184.1],[0.178093,42.56891,1182.9],[0.177779,42.569074,1185.1],[0.177709,42.569109,1185.3],[0.177588,42.569035,1176.3],[0.177462,42.568863,1168.5],[0.177331,42.568762,1168.2],[0.177176,42.568667,1168.8],[0.177053,42.568507,1163.7],[0.176926,42.568408,1161.4],[0.176717,42.568335,1159.3],[0.176574,42.568317,1157.6],[0.176486,42.568297,1154.9],[0.176417,42.568339,1157.8],[0.176276,42.568367,1159.3],[0.176175,42.568354,1158.0],[0.176052,42.56825,1150.3],[0.17592,42.568115,1146.0],[0.175775,42.568018,1145.5],[0.175663,42.567966,1146.8],[0.175626,42.567879,1143.4],[0.175639,42.567705,1135.9],[0.175592,42.567585,1135.3],[0.175512,42.567448,1135.2],[0.175437,42.567167,1131.9],[0.1754,42.566922,1128.7],[0.175388,42.566733,1124.6],[0.175318,42.566696,1125.9],[0.175124,42.566702,1129.9],[0.174973,42.566633,1125.7],[0.174909,42.566542,1119.6],[0.174717,42.566537,1121.2],[0.174537,42.566653,1120.5],[0.174355,42.566836,1119.9],[0.17429,42.5669,1120.1],[0.174114,42.566861,1112.9],[0.173864,42.566727,1107.5],[0.173621,42.566614,1103.4],[0.173402,42.566566,1101.6],[0.173131,42.566596,1099.4],[0.172904,42.566697,1097.2],[0.172731,42.566726,1095.4],[0.172483,42.56664,1087.6],[0.1723,42.566576,1084.1],[0.172046,42.566468,1080.6],[0.171825,42.566375,1076.3],[0.171635,42.566328,1073.8],[0.171397,42.566323,1070.9],[0.171244,42.566327,1068.3],[0.171212,42.566297,1066.5],[0.171278,42.566237,1065.1],[0.171237,42.566186,1062.5],[0.170973,42.566054,1053.7],[0.170938,42.565952,1049.8],[0.170844,42.56588,1046.3],[0.170862,42.565803,1044.4],[0.170763,42.565773,1042.9],[0.170659,42.565776,1040.7],[0.170647,42.565704,1039.4],[0.170725,42.565625,1038.2],[0.17066,42.565576,1035.5],[0.17049,42.565512,1032.1],[0.170411,42.565466,1030.4],[0.170484,42.565389,1027.8],[0.170596,42.565336,1025.9],[0.17069,42.565305,1024.8],[0.170767,42.565262,1022.6],[0.170603,42.565204,1019.9],[0.170445,42.565112,1015.2],[0.170471,42.565083,1013.7],[0.17072,42.56505,1011.8],[0.171087,42.564957,1006.1],[0.171318,42.564938,1002.4],[0.171767,42.565009,994.7],[0.172014,42.565095,995.1],[0.172189,42.565146,995.9],[0.172281,42.565128,996.5],[0.17229,42.565042,993.1],[0.17231,42.564959,990.6],[0.172331,42.564804,987.4],[0.172425,42.564594,986.4],[0.172456,42.564521,985.8],[0.172523,42.564262,980.7],[0.172616,42.564077,976.7],[0.172806,42.564034,977.0],[0.173019,42.564039,977.5],[0.173246,42.564005,978.2],[0.173243,42.563907,972.5],[0.173059,42.563878,971.1],[0.172718,42.563861,969.6],[0.172463,42.563853,967.2],[0.1723,42.563925,966.1],[0.172199,42.564097,966.9],[0.17211,42.564138,964.5],[0.172074,42.564064,962.3],[0.172132,42.563878,961.3],[0.172197,42.563756,959.1],[0.172316,42.5637,958.7],[0.172533,42.563686,959.9],[0.172589,42.563628,956.9],[0.172551,42.563561,952.0],[0.172381,42.563556,952.1],[0.172148,42.563605,952.9],[0.172053,42.563665,952.4],[0.171952,42.563718,951.1],[0.171889,42.563678,948.2],[0.171995,42.563585,948.3],[0.172124,42.563502,948.0],[0.172148,42.563433,945.4],[0.172066,42.563391,942.6],[0.171951,42.563452,943.4],[0.171862,42.563527,943.9],[0.171777,42.563528,942.0],[0.1718,42.563429,940.2],[0.171845,42.563338,938.8],[0.171835,42.563221,935.1],[0.171732,42.563111,931.1],[0.171569,42.562985,929.5],[0.1715,42.56291,929.1],[0.171509,42.562833,928.1],[0.171489,42.562751,927.2],[0.171441,42.562656,926.4],[0.171304,42.562444,928.8],[0.171212,42.562209,931.2],[0.171197,42.562088,930.2],[0.171191,42.561966,929.5],[0.171164,42.561779,929.3],[0.171137,42.561672,929.6],[0.171058,42.561549,932.0],[0.171013,42.561421,933.9],[0.171009,42.561302,934.0],[0.171048,42.561208,931.8],[0.17108,42.561064,930.3],[0.171082,42.56099,930.3],[0.171041,42.560903,933.2],[0.170985,42.56082,937.0],[0.170997,42.560759,936.6],[0.171091,42.560649,931.7],[0.171126,42.560561,930.0],[0.171127,42.560461,929.7],[0.171116,42.560321,928.6],[0.17108,42.560216,928.8],[0.170985,42.560065,930.9],[0.170941,42.559998,932.4],[0.170947,42.559903,930.3],[0.17095,42.559842,929.0],[0.170975,42.55968,925.4],[0.170952,42.559578,925.0],[0.170938,42.559432,923.4],[0.170912,42.55931,921.2],[0.170922,42.559211,918.3],[0.1709,42.559133,916.6],[0.170869,42.559065,915.5],[0.170814,42.559011,915.1],[0.170811,42.558934,913.1],[0.170795,42.558807,911.0],[0.170712,42.558677,910.8],[0.170651,42.558578,910.2],[0.170593,42.558476,909.4],[0.170575,42.558337,908.2],[0.170545,42.558174,907.2],[0.170543,42.558029,906.0],[0.170461,42.557905,905.7],[0.170569,42.557641,901.2],[0.170843,42.557396,893.2],[0.171019,42.557156,890.1],[0.171202,42.556878,889.5],[0.171215,42.556538,882.1],[0.171209,42.556205,875.3],[0.171192,42.555815,873.7],[0.171161,42.55558,872.9],[0.171179,42.555458,870.8],[0.171132,42.555332,869.0],[0.171056,42.555266,866.1],[0.17107,42.555178,863.7],[0.171145,42.55506,860.1],[0.171188,42.554886,853.4],[0.171237,42.554736,847.1],[0.171289,42.554585,841.5],[0.171276,42.554436,836.9],[0.171217,42.554296,834.0],[0.17108,42.554093,831.7],[0.171012,42.553965,829.6],[0.170947,42.553594,820.0],[0.170904,42.55318,812.7],[0.170894,42.552977,812.0],[0.170985,42.552645,811.1],[0.171031,42.552321,805.6],[0.171051,42.552033,801.0],[0.171016,42.551811,799.2],[0.170975,42.55165,799.2],[0.170953,42.551539,799.5],[0.170723,42.551456,797.7],[0.170571,42.551342,795.1],[0.170398,42.551172,792.3],[0.170254,42.551038,791.5],[0.170227,42.550881,789.8],[0.17017,42.550713,787.8],[0.170023,42.550536,786.8],[0.169892,42.55039,786.6],[0.169855,42.550259,784.6],[0.169776,42.550076,781.2],[0.169679,42.549981,779.8],[0.169503,42.549964,780.1],[0.169275,42.54993,777.9],[0.16916,42.549895,776.0],[0.169042,42.549861,774.9],[0.168969,42.549793,771.7],[0.168834,42.549791,771.4],[0.16865,42.549794,770.1],[0.168528,42.549835,767.4],[0.168362,42.549792,764.3],[0.168159,42.54968,758.3],[0.168007,42.549558,754.7],[0.167887,42.549422,748.1],[0.167733,42.549373,747.3],[0.167593,42.549273,743.3],[0.167401,42.549206,740.6],[0.167131,42.549204,737.3],[0.16692,42.54918,736.2],[0.16667,42.549087,732.2],[0.16647,42.549025,729.2],[0.166277,42.54895,727.9],[0.16632,42.548889,727.1],[0.166219,42.548824,724.0],[0.166133,42.548822,723.3],[0.166019,42.548752,721.3],[0.165856,42.548673,718.3],[0.165662,42.548638,716.2],[0.165438,42.54857,713.0],[0.165337,42.548543,712.0],[0.165234,42.548544,711.7],[0.165138,42.548515,710.5],[0.165281,42.548457,707.0],[0.165103,42.548406,702.5],[0.164922,42.548341,698.0],[0.164727,42.548227,693.1],[0.16449,42.548178,689.3],[0.164345,42.548184,687.8],[0.164267,42.548235,686.8],[0.164179,42.548308,685.1],[0.164149,42.548281,683.5],[0.164146,42.548204,682.4],[0.16413,42.548147,681.1],[0.164095,42.548111,679.9],[0.164038,42.54814,678.8],[0.163889,42.548196,675.5],[0.1637,42.548161,671.5],[0.16349,42.548061,667.9],[0.163268,42.548014,665.1],[0.162969,42.548013,664.0],[0.162714,42.548024,665.7],[0.162624,42.547977,666.4],[0.162503,42.547853,666.2]]}},{"type":"Feature","properties":{"Name":"I — Hospital de Tella–Escalona","etapa":"I","original_name":"I_Hospital de Tella-Escalona","point_count":575,"length_km":10.423},"geometry":{"type":"LineString","coordinates":[[0.162461,42.547844,665.2],[0.162233,42.547794,668.9],[0.162001,42.547739,670.5],[0.161752,42.54767,670.6],[0.161635,42.547653,670.9],[0.161428,42.547583,668.9],[0.161306,42.547526,666.6],[0.161204,42.547502,665.7],[0.161154,42.5475,666.2],[0.161144,42.54753,667.7],[0.161221,42.54757,668.7],[0.161241,42.547605,670.2],[0.161195,42.547629,671.6],[0.161133,42.547624,672.2],[0.161058,42.547606,672.4],[0.160968,42.5476,673.3],[0.160933,42.547611,674.3],[0.160886,42.547639,676.8],[0.160819,42.547654,680.1],[0.16075,42.547661,683.2],[0.160641,42.547606,683.9],[0.160452,42.547517,688.0],[0.160324,42.547445,690.8],[0.160188,42.547387,693.8],[0.160088,42.547352,696.6],[0.15995,42.547326,701.1],[0.159795,42.547367,706.1],[0.159492,42.547396,707.2],[0.159282,42.547407,704.1],[0.15913,42.547439,704.2],[0.159095,42.547447,704.3],[0.159116,42.547355,694.9],[0.159103,42.547239,689.4],[0.159031,42.547196,691.6],[0.159004,42.54718,693.3],[0.158954,42.547251,696.7],[0.158833,42.547353,704.6],[0.158746,42.547396,708.0],[0.158687,42.547411,709.5],[0.158747,42.547301,709.6],[0.158723,42.547236,711.0],[0.158679,42.547182,713.3],[0.158627,42.547147,715.7],[0.158598,42.54717,716.8],[0.158576,42.547212,717.3],[0.158551,42.54722,718.3],[0.158529,42.547186,719.5],[0.158516,42.547144,720.5],[0.158473,42.547179,721.9],[0.158462,42.547224,721.9],[0.158414,42.547263,723.6],[0.158351,42.547295,726.1],[0.158308,42.547326,727.8],[0.158198,42.547432,729.9],[0.158083,42.547515,733.2],[0.157936,42.547584,738.1],[0.15784,42.547659,739.9],[0.157724,42.547717,742.8],[0.157687,42.547749,743.4],[0.157679,42.54771,744.8],[0.15772,42.547574,747.2],[0.157708,42.547487,750.3],[0.15771,42.547435,751.9],[0.157638,42.547418,755.3],[0.15756,42.547443,757.5],[0.157488,42.54748,758.3],[0.157425,42.547542,758.1],[0.157324,42.54758,760.1],[0.15726,42.547563,762.3],[0.157232,42.547506,764.2],[0.15719,42.547486,765.6],[0.157097,42.547502,767.3],[0.156967,42.547486,770.5],[0.156858,42.547417,773.6],[0.156746,42.547356,776.5],[0.156625,42.54732,779.2],[0.156496,42.547284,781.6],[0.156243,42.54725,785.4],[0.156011,42.547222,788.2],[0.15573,42.54725,790.3],[0.155632,42.547293,791.1],[0.155611,42.547357,791.0],[0.15545,42.547398,793.4],[0.155331,42.547454,795.2],[0.155219,42.547496,797.0],[0.155124,42.547513,798.8],[0.155047,42.547552,799.7],[0.154921,42.547588,801.2],[0.15479,42.547685,803.1],[0.154733,42.547747,803.6],[0.154661,42.547807,804.8],[0.154594,42.547839,806.1],[0.154541,42.547994,807.7],[0.154455,42.548083,808.9],[0.154361,42.548183,809.8],[0.154166,42.548301,812.6],[0.153651,42.548581,826.7],[0.153358,42.548578,834.0],[0.152993,42.54843,838.8],[0.152866,42.548393,840.7],[0.152817,42.548518,844.8],[0.152974,42.548737,846.8],[0.153034,42.54881,847.6],[0.15304,42.548897,849.6],[0.153042,42.549003,852.0],[0.153016,42.549128,855.6],[0.152909,42.549127,858.1],[0.152788,42.549162,861.8],[0.15282,42.549267,863.9],[0.152772,42.549452,868.2],[0.152664,42.549571,872.7],[0.152597,42.549673,875.3],[0.152495,42.549901,879.6],[0.152362,42.550071,884.1],[0.152184,42.550134,889.4],[0.152059,42.550219,892.9],[0.151873,42.550467,899.2],[0.151712,42.550692,904.3],[0.151621,42.550778,907.1],[0.151523,42.55093,910.6],[0.151407,42.55108,914.6],[0.15133,42.551201,917.3],[0.151277,42.551267,919.1],[0.151194,42.551339,922.0],[0.151127,42.551397,924.7],[0.151047,42.55144,927.7],[0.150908,42.551466,930.9],[0.150748,42.551495,934.5],[0.150644,42.551532,936.0],[0.150562,42.551582,937.3],[0.150478,42.55161,938.6],[0.150382,42.551671,939.4],[0.150317,42.551735,939.8],[0.150321,42.551736,939.7],[0.150196,42.551731,939.9],[0.150096,42.551687,939.3],[0.150007,42.551635,937.8],[0.149954,42.551659,937.1],[0.149882,42.551771,937.3],[0.149781,42.551863,937.7],[0.149638,42.551902,937.3],[0.149427,42.551962,935.4],[0.149245,42.551993,932.9],[0.149047,42.551944,929.9],[0.148722,42.551838,925.5],[0.148516,42.551786,925.6],[0.148379,42.55185,930.5],[0.148276,42.55191,934.2],[0.148157,42.551943,936.5],[0.148054,42.551922,936.0],[0.147937,42.551928,935.5],[0.147868,42.551953,936.2],[0.147787,42.55197,936.4],[0.147734,42.551923,933.0],[0.147702,42.551897,930.8],[0.147579,42.551866,926.1],[0.147478,42.551872,923.7],[0.147393,42.551903,922.7],[0.147298,42.551937,921.2],[0.147342,42.551899,921.0],[0.147379,42.551849,920.2],[0.14742,42.551813,920.0],[0.147437,42.55176,918.2],[0.147357,42.551728,915.1],[0.14726,42.551745,913.3],[0.14713,42.551792,911.4],[0.146987,42.551903,909.3],[0.146936,42.55182,905.6],[0.146969,42.551773,905.6],[0.146962,42.551701,903.7],[0.146885,42.551738,902.1],[0.146775,42.551796,899.5],[0.146678,42.551879,897.4],[0.146581,42.551657,890.4],[0.146507,42.55152,884.4],[0.146402,42.551448,882.2],[0.14621,42.551344,879.8],[0.146137,42.551219,876.7],[0.146224,42.551162,874.4],[0.146204,42.551073,871.6],[0.146154,42.550941,867.1],[0.146161,42.550837,863.3],[0.146121,42.550674,862.6],[0.146118,42.550287,855.9],[0.146124,42.550102,852.3],[0.146176,42.549895,846.3],[0.14595,42.549821,853.5],[0.145609,42.549732,858.0],[0.145344,42.549656,856.2],[0.145198,42.549539,851.6],[0.145234,42.549494,850.2],[0.145487,42.549395,852.8],[0.145762,42.549266,848.1],[0.14605,42.549172,845.2],[0.146323,42.549095,845.4],[0.146425,42.549037,847.2],[0.146528,42.548982,850.0],[0.146718,42.548876,855.2],[0.146912,42.548781,859.5],[0.147006,42.548692,860.3],[0.147094,42.548586,862.1],[0.147215,42.548435,864.5],[0.14731,42.548339,864.3],[0.14736,42.548311,863.6],[0.147546,42.548189,862.1],[0.147677,42.548059,863.4],[0.147883,42.547817,865.1],[0.148008,42.547669,864.6],[0.148053,42.547474,864.0],[0.148079,42.547364,862.3],[0.148003,42.547262,863.0],[0.147935,42.547137,864.8],[0.147981,42.546974,868.2],[0.148055,42.546891,868.2],[0.148116,42.546794,868.2],[0.148169,42.546668,868.4],[0.148227,42.546505,868.1],[0.148233,42.546395,867.8],[0.148362,42.546311,865.7],[0.14847,42.546288,864.6],[0.148618,42.546206,863.8],[0.148668,42.546115,864.2],[0.148725,42.546015,864.9],[0.148798,42.5459,866.2],[0.148807,42.545779,867.8],[0.148766,42.545653,870.2],[0.148826,42.545536,871.4],[0.148832,42.545415,872.5],[0.148805,42.545274,872.4],[0.148748,42.545143,871.3],[0.148637,42.544952,867.3],[0.148511,42.544774,863.9],[0.14858,42.544671,858.8],[0.148555,42.544562,857.4],[0.148519,42.54439,854.4],[0.148393,42.544229,853.7],[0.148213,42.543971,854.3],[0.14821,42.543766,848.5],[0.148268,42.543684,846.2],[0.14837,42.543534,841.9],[0.148447,42.543425,838.1],[0.14858,42.543352,834.5],[0.148764,42.543206,830.5],[0.14876,42.543133,830.9],[0.1486,42.54306,829.7],[0.148576,42.542971,827.1],[0.148541,42.542888,824.8],[0.148545,42.542747,823.4],[0.148499,42.54261,822.1],[0.148315,42.542447,820.2],[0.148378,42.542379,820.2],[0.148519,42.5423,817.9],[0.148601,42.54222,814.8],[0.148626,42.542109,817.2],[0.148552,42.542028,820.9],[0.148376,42.54194,823.6],[0.148333,42.541864,823.4],[0.148447,42.541797,820.4],[0.148504,42.541691,821.0],[0.14853,42.541584,822.8],[0.148533,42.54141,827.8],[0.14865,42.541326,827.1],[0.148836,42.541226,823.2],[0.149144,42.540998,822.7],[0.149354,42.540906,821.2],[0.149726,42.540691,819.0],[0.150054,42.540523,814.8],[0.150208,42.540406,812.6],[0.150433,42.540232,810.1],[0.150544,42.540114,808.7],[0.150627,42.539982,807.0],[0.150633,42.539863,807.2],[0.150679,42.53977,807.7],[0.150607,42.53974,808.8],[0.150551,42.539779,809.1],[0.150475,42.539749,810.2],[0.150498,42.539662,810.8],[0.150581,42.539533,811.6],[0.150703,42.539382,812.3],[0.150874,42.539224,812.5],[0.151004,42.539088,813.0],[0.151139,42.538903,812.9],[0.151264,42.538749,811.5],[0.151318,42.538586,808.7],[0.151258,42.538409,807.9],[0.151084,42.538125,808.7],[0.150932,42.537973,808.6],[0.150602,42.537855,808.9],[0.150193,42.537794,809.6],[0.149617,42.53766,808.3],[0.14944,42.537636,807.3],[0.149283,42.537566,806.6],[0.14924,42.537618,808.3],[0.149132,42.537649,809.7],[0.149102,42.53759,809.4],[0.149057,42.53747,807.6],[0.149027,42.537336,809.0],[0.148992,42.537117,811.6],[0.148978,42.536913,813.8],[0.148889,42.536779,815.4],[0.148748,42.536694,815.6],[0.14857,42.536632,818.2],[0.148417,42.536541,818.4],[0.148238,42.536471,817.6],[0.148029,42.536506,817.6],[0.147825,42.536569,817.7],[0.147655,42.536525,813.2],[0.147563,42.536409,808.8],[0.147369,42.536276,813.7],[0.147218,42.536133,816.6],[0.147141,42.536016,818.5],[0.147008,42.535838,819.5],[0.146845,42.535641,817.0],[0.146771,42.535643,816.9],[0.146677,42.535711,819.1],[0.146573,42.535735,819.5],[0.146446,42.535617,811.9],[0.146192,42.535531,805.0],[0.146096,42.535404,800.7],[0.146065,42.535327,798.2],[0.146018,42.535106,794.4],[0.146017,42.534927,791.9],[0.145934,42.534745,790.5],[0.145786,42.534605,786.2],[0.145568,42.534354,776.1],[0.145483,42.534238,771.2],[0.145385,42.534376,773.3],[0.145233,42.534581,773.3],[0.145166,42.534685,773.2],[0.145047,42.534815,772.4],[0.144918,42.534793,772.4],[0.144639,42.534682,771.4],[0.14435,42.534601,771.6],[0.144218,42.534544,771.0],[0.144019,42.534463,770.2],[0.14389,42.534391,768.5],[0.143789,42.534388,768.3],[0.143682,42.534434,768.3],[0.143523,42.534534,768.1],[0.143472,42.534677,769.4],[0.14344,42.534747,769.5],[0.143406,42.534771,769.3],[0.143289,42.534783,768.6],[0.143193,42.534809,768.4],[0.143105,42.534837,768.7],[0.143033,42.53481,768.1],[0.142909,42.53475,766.8],[0.142692,42.534698,765.7],[0.142462,42.534618,764.2],[0.142228,42.534558,762.8],[0.141993,42.534466,759.9],[0.141703,42.534356,754.6],[0.14151,42.534326,750.1],[0.141347,42.53434,747.8],[0.141223,42.534277,747.4],[0.141214,42.53424,747.6],[0.141152,42.534227,748.7],[0.141164,42.53412,749.2],[0.141222,42.534034,749.5],[0.141313,42.533887,753.0],[0.141411,42.533749,754.8],[0.141515,42.533648,756.1],[0.141641,42.533515,756.4],[0.141675,42.533416,757.6],[0.141618,42.53329,758.9],[0.141507,42.533091,759.4],[0.141472,42.533043,759.2],[0.141405,42.532987,759.0],[0.141306,42.532948,758.9],[0.141197,42.532832,758.5],[0.141099,42.532752,757.9],[0.140874,42.532687,757.3],[0.140762,42.53262,755.6],[0.140649,42.532451,750.0],[0.140538,42.532378,748.7],[0.140389,42.532285,747.3],[0.140188,42.532094,749.1],[0.140097,42.531903,749.8],[0.139928,42.531815,753.1],[0.139756,42.531794,755.1],[0.139605,42.531833,756.8],[0.139427,42.531852,758.0],[0.139278,42.531767,754.3],[0.13913,42.531693,751.1],[0.138976,42.531746,753.8],[0.138679,42.531725,756.3],[0.138462,42.531758,759.8],[0.138346,42.531828,762.4],[0.138244,42.531854,763.5],[0.138036,42.531893,763.5],[0.137924,42.531925,763.7],[0.137769,42.531941,762.7],[0.13776,42.531849,760.0],[0.137792,42.531712,755.8],[0.13778,42.531467,754.1],[0.137683,42.531409,756.1],[0.137506,42.531296,757.9],[0.137333,42.531199,756.1],[0.137146,42.53119,757.3],[0.136965,42.531175,757.3],[0.136928,42.531124,755.0],[0.137193,42.530966,751.3],[0.137291,42.530906,750.9],[0.137391,42.530866,750.0],[0.137458,42.530806,750.0],[0.13749,42.530742,750.7],[0.13749,42.530655,752.2],[0.137525,42.530504,753.9],[0.137454,42.53042,756.2],[0.137417,42.530299,758.5],[0.137402,42.530072,761.0],[0.13741,42.529933,761.2],[0.13741,42.529841,761.0],[0.137425,42.529756,760.3],[0.137477,42.529625,758.7],[0.137481,42.529391,757.3],[0.137409,42.529281,757.1],[0.137289,42.529145,757.1],[0.137243,42.529014,756.0],[0.137069,42.528811,753.4],[0.136977,42.528678,751.6],[0.136859,42.52858,750.6],[0.13678,42.528487,750.9],[0.136774,42.528371,749.8],[0.136717,42.528246,750.4],[0.136712,42.528148,750.3],[0.136609,42.528038,751.4],[0.136485,42.527967,752.4],[0.136283,42.527839,753.3],[0.136147,42.527765,753.6],[0.136096,42.527697,753.3],[0.136087,42.527591,752.9],[0.13604,42.527517,753.4],[0.135962,42.527427,754.9],[0.135859,42.527311,757.3],[0.135826,42.527214,758.1],[0.1359,42.527137,757.0],[0.135958,42.527049,756.5],[0.135917,42.526842,757.8],[0.135928,42.526746,758.1],[0.135879,42.526557,759.5],[0.13585,42.526437,760.1],[0.135792,42.526294,761.2],[0.135777,42.526156,761.9],[0.135787,42.526034,763.2],[0.135618,42.525857,764.0],[0.135462,42.525633,759.5],[0.135364,42.525451,756.7],[0.135263,42.52532,755.1],[0.135232,42.525194,752.9],[0.135156,42.525047,751.0],[0.134911,42.524993,754.0],[0.134691,42.524967,755.2],[0.134413,42.524935,754.9],[0.13441,42.524877,753.1],[0.134574,42.524728,751.3],[0.134762,42.524573,752.3],[0.134999,42.524486,752.0],[0.13514,42.524346,755.0],[0.135154,42.524237,758.3],[0.135075,42.524079,763.8],[0.135082,42.523958,766.4],[0.135188,42.523825,768.7],[0.135325,42.523671,771.0],[0.135488,42.523488,772.6],[0.135491,42.523408,773.6],[0.135405,42.523311,775.1],[0.135276,42.523231,777.6],[0.135167,42.52309,777.6],[0.135028,42.522799,778.4],[0.134999,42.522696,779.6],[0.134758,42.522639,779.1],[0.134397,42.522597,777.6],[0.134175,42.522612,778.0],[0.133845,42.522716,780.2],[0.133651,42.522655,777.8],[0.13353,42.522505,772.0],[0.133395,42.522298,765.3],[0.133041,42.522166,768.8],[0.132711,42.52204,767.1],[0.132631,42.521915,764.7],[0.132425,42.521776,766.4],[0.13227,42.521728,766.7],[0.132023,42.521706,769.3],[0.131972,42.521613,766.3],[0.132003,42.521459,762.5],[0.132039,42.521331,765.7],[0.13211,42.521101,770.3],[0.132103,42.521042,771.7],[0.131944,42.520981,772.8],[0.131726,42.520955,775.5],[0.131629,42.520836,770.8],[0.131534,42.520589,775.0],[0.13162,42.520369,777.2],[0.131656,42.520199,780.0],[0.131623,42.519811,780.7],[0.13142,42.519278,777.9],[0.131278,42.51875,778.1],[0.131032,42.518263,779.7],[0.130812,42.51768,779.2],[0.130862,42.51731,776.7],[0.131211,42.516938,776.9],[0.131415,42.516582,769.0],[0.131638,42.516287,765.9],[0.132087,42.516076,757.9],[0.132282,42.515838,760.9],[0.132473,42.515686,760.2],[0.132418,42.515512,763.2],[0.132605,42.515116,755.9],[0.132562,42.514697,743.4],[0.132625,42.514441,741.0],[0.132904,42.514184,742.7],[0.133168,42.513961,750.7],[0.133196,42.513592,759.4],[0.133071,42.513239,760.2],[0.133284,42.512904,760.7],[0.133398,42.512578,756.7],[0.133332,42.512189,755.8],[0.13337,42.511876,757.9],[0.133618,42.511615,756.1],[0.133665,42.511336,752.6],[0.133651,42.511053,749.3],[0.13379,42.510766,749.1],[0.133998,42.510194,740.2],[0.134332,42.510037,734.8],[0.134335,42.510031,734.5],[0.134578,42.51003,732.5],[0.134768,42.510084,733.5],[0.134911,42.510063,731.8],[0.13505,42.510018,729.1],[0.135196,42.509998,727.2],[0.135219,42.509889,724.0],[0.135146,42.509822,722.3],[0.135118,42.509742,719.9],[0.135172,42.509708,718.6],[0.135217,42.509657,716.7],[0.135353,42.509562,713.2],[0.135456,42.509338,708.3],[0.135383,42.509091,704.9],[0.135414,42.508648,699.0],[0.135518,42.508418,696.6],[0.135775,42.50789,693.0],[0.136124,42.507212,686.8],[0.136658,42.506874,683.6],[0.137221,42.506508,681.1],[0.137988,42.505909,675.4],[0.138411,42.505484,668.2],[0.138789,42.504941,661.4],[0.138989,42.504641,661.0],[0.138976,42.50438,660.5],[0.139083,42.50423,660.1],[0.139274,42.503919,660.5],[0.139262,42.503533,654.8],[0.139496,42.503347,654.2],[0.139739,42.5031,651.8],[0.139884,42.502762,646.4],[0.140067,42.502482,644.4],[0.140131,42.502155,637.5],[0.140568,42.50186,636.5],[0.140813,42.501656,635.3],[0.141065,42.501375,629.0],[0.141475,42.501124,624.5],[0.141831,42.500964,622.9],[0.141977,42.500939,623.4],[0.142525,42.500787,624.5],[0.143611,42.500468,617.0],[0.144137,42.500426,614.3],[0.14449,42.50028,609.4],[0.144386,42.50005,607.8],[0.144029,42.499477,605.5],[0.143962,42.499071,600.2],[0.144037,42.498581,599.3],[0.144067,42.497963,600.0],[0.144099,42.497673,600.0],[0.143941,42.497428,599.7]]}},{"type":"Feature","properties":{"Name":"I2 — Hospital de Tella–Escalona–Laspuña","etapa":"I2","original_name":"I2_Hospital de Tella-Escalona-Laspuña","point_count":679,"length_km":12.611},"geometry":{"type":"LineString","coordinates":[[0.162461,42.547844,665.2],[0.162233,42.547794,668.9],[0.162001,42.547739,670.5],[0.161752,42.54767,670.6],[0.161635,42.547653,670.9],[0.161428,42.547583,668.9],[0.161306,42.547526,666.6],[0.161204,42.547502,665.7],[0.161154,42.5475,666.2],[0.161144,42.54753,667.7],[0.161221,42.54757,668.7],[0.161241,42.547605,670.2],[0.161195,42.547629,671.6],[0.161133,42.547624,672.2],[0.161058,42.547606,672.4],[0.160968,42.5476,673.3],[0.160933,42.547611,674.3],[0.160886,42.547639,676.8],[0.160819,42.547654,680.1],[0.16075,42.547661,683.2],[0.160641,42.547606,683.9],[0.160452,42.547517,688.0],[0.160324,42.547445,690.8],[0.160188,42.547387,693.8],[0.160088,42.547352,696.6],[0.15995,42.547326,701.1],[0.159795,42.547367,706.1],[0.159492,42.547396,707.2],[0.159282,42.547407,704.1],[0.15913,42.547439,704.2],[0.159095,42.547447,704.3],[0.159116,42.547355,694.9],[0.159103,42.547239,689.4],[0.159031,42.547196,691.6],[0.159004,42.54718,693.3],[0.158954,42.547251,696.7],[0.158833,42.547353,704.6],[0.158746,42.547396,708.0],[0.158687,42.547411,709.5],[0.158747,42.547301,709.6],[0.158723,42.547236,711.0],[0.158679,42.547182,713.3],[0.158627,42.547147,715.7],[0.158598,42.54717,716.8],[0.158576,42.547212,717.3],[0.158551,42.54722,718.3],[0.158529,42.547186,719.5],[0.158516,42.547144,720.5],[0.158473,42.547179,721.9],[0.158462,42.547224,721.9],[0.158414,42.547263,723.6],[0.158351,42.547295,726.1],[0.158308,42.547326,727.8],[0.158198,42.547432,729.9],[0.158083,42.547515,733.2],[0.157936,42.547584,738.1],[0.15784,42.547659,739.9],[0.157724,42.547717,742.8],[0.157687,42.547749,743.4],[0.157679,42.54771,744.8],[0.15772,42.547574,747.2],[0.157708,42.547487,750.3],[0.15771,42.547435,751.9],[0.157638,42.547418,755.3],[0.15756,42.547443,757.5],[0.157488,42.54748,758.3],[0.157425,42.547542,758.1],[0.157324,42.54758,760.1],[0.15726,42.547563,762.3],[0.157232,42.547506,764.2],[0.15719,42.547486,765.6],[0.157097,42.547502,767.3],[0.156967,42.547486,770.5],[0.156858,42.547417,773.6],[0.156746,42.547356,776.5],[0.156625,42.54732,779.2],[0.156496,42.547284,781.6],[0.156243,42.54725,785.4],[0.156011,42.547222,788.2],[0.15573,42.54725,790.3],[0.155632,42.547293,791.1],[0.155611,42.547357,791.0],[0.15545,42.547398,793.4],[0.155331,42.547454,795.2],[0.155219,42.547496,797.0],[0.155124,42.547513,798.8],[0.155047,42.547552,799.7],[0.154921,42.547588,801.2],[0.15479,42.547685,803.1],[0.154733,42.547747,803.6],[0.154661,42.547807,804.8],[0.154594,42.547839,806.1],[0.154541,42.547994,807.7],[0.154455,42.548083,808.9],[0.154361,42.548183,809.8],[0.154166,42.548301,812.6],[0.153651,42.548581,826.7],[0.153358,42.548578,834.0],[0.152993,42.54843,838.8],[0.152866,42.548393,840.7],[0.152817,42.548518,844.8],[0.152974,42.548737,846.8],[0.153034,42.54881,847.6],[0.15304,42.548897,849.6],[0.153042,42.549003,852.0],[0.153016,42.549128,855.6],[0.152909,42.549127,858.1],[0.152788,42.549162,861.8],[0.15282,42.549267,863.9],[0.152772,42.549452,868.2],[0.152664,42.549571,872.7],[0.152597,42.549673,875.3],[0.152495,42.549901,879.6],[0.152362,42.550071,884.1],[0.152184,42.550134,889.4],[0.152059,42.550219,892.9],[0.151873,42.550467,899.2],[0.151712,42.550692,904.3],[0.151621,42.550778,907.1],[0.151523,42.55093,910.6],[0.151407,42.55108,914.6],[0.15133,42.551201,917.3],[0.151277,42.551267,919.1],[0.151194,42.551339,922.0],[0.151127,42.551397,924.7],[0.151047,42.55144,927.7],[0.150908,42.551466,930.9],[0.150748,42.551495,934.5],[0.150644,42.551532,936.0],[0.150562,42.551582,937.3],[0.150478,42.55161,938.6],[0.150382,42.551671,939.4],[0.150317,42.551735,939.8],[0.150321,42.551736,939.7],[0.150196,42.551731,939.9],[0.150096,42.551687,939.3],[0.150007,42.551635,937.8],[0.149954,42.551659,937.1],[0.149882,42.551771,937.3],[0.149781,42.551863,937.7],[0.149638,42.551902,937.3],[0.149427,42.551962,935.4],[0.149245,42.551993,932.9],[0.149047,42.551944,929.9],[0.148722,42.551838,925.5],[0.148516,42.551786,925.6],[0.148379,42.55185,930.5],[0.148276,42.55191,934.2],[0.148157,42.551943,936.5],[0.148054,42.551922,936.0],[0.147937,42.551928,935.5],[0.147868,42.551953,936.2],[0.147787,42.55197,936.4],[0.147734,42.551923,933.0],[0.147702,42.551897,930.8],[0.147579,42.551866,926.1],[0.147478,42.551872,923.7],[0.147393,42.551903,922.7],[0.147298,42.551937,921.2],[0.147342,42.551899,921.0],[0.147379,42.551849,920.2],[0.14742,42.551813,920.0],[0.147437,42.55176,918.2],[0.147357,42.551728,915.1],[0.14726,42.551745,913.3],[0.14713,42.551792,911.4],[0.146987,42.551903,909.3],[0.146936,42.55182,905.6],[0.146969,42.551773,905.6],[0.146962,42.551701,903.7],[0.146885,42.551738,902.1],[0.146775,42.551796,899.5],[0.146678,42.551879,897.4],[0.146581,42.551657,890.4],[0.146507,42.55152,884.4],[0.146402,42.551448,882.2],[0.14621,42.551344,879.8],[0.146137,42.551219,876.7],[0.146224,42.551162,874.4],[0.146204,42.551073,871.6],[0.146154,42.550941,867.1],[0.146161,42.550837,863.3],[0.146121,42.550674,862.6],[0.146118,42.550287,855.9],[0.146124,42.550102,852.3],[0.146176,42.549895,846.3],[0.14595,42.549821,853.5],[0.145609,42.549732,858.0],[0.145344,42.549656,856.2],[0.145198,42.549539,851.6],[0.145234,42.549494,850.2],[0.145487,42.549395,852.8],[0.145762,42.549266,848.1],[0.14605,42.549172,845.2],[0.146323,42.549095,845.4],[0.146425,42.549037,847.2],[0.146528,42.548982,850.0],[0.146718,42.548876,855.2],[0.146912,42.548781,859.5],[0.147006,42.548692,860.3],[0.147094,42.548586,862.1],[0.147215,42.548435,864.5],[0.14731,42.548339,864.3],[0.14736,42.548311,863.6],[0.147546,42.548189,862.1],[0.147677,42.548059,863.4],[0.147883,42.547817,865.1],[0.148008,42.547669,864.6],[0.148053,42.547474,864.0],[0.148079,42.547364,862.3],[0.148003,42.547262,863.0],[0.147935,42.547137,864.8],[0.147981,42.546974,868.2],[0.148055,42.546891,868.2],[0.148116,42.546794,868.2],[0.148169,42.546668,868.4],[0.148227,42.546505,868.1],[0.148233,42.546395,867.8],[0.148362,42.546311,865.7],[0.14847,42.546288,864.6],[0.148618,42.546206,863.8],[0.148668,42.546115,864.2],[0.148725,42.546015,864.9],[0.148798,42.5459,866.2],[0.148807,42.545779,867.8],[0.148766,42.545653,870.2],[0.148826,42.545536,871.4],[0.148832,42.545415,872.5],[0.148805,42.545274,872.4],[0.148748,42.545143,871.3],[0.148637,42.544952,867.3],[0.148511,42.544774,863.9],[0.14858,42.544671,858.8],[0.148555,42.544562,857.4],[0.148519,42.54439,854.4],[0.148393,42.544229,853.7],[0.148213,42.543971,854.3],[0.14821,42.543766,848.5],[0.148268,42.543684,846.2],[0.14837,42.543534,841.9],[0.148447,42.543425,838.1],[0.14858,42.543352,834.5],[0.148764,42.543206,830.5],[0.14876,42.543133,830.9],[0.1486,42.54306,829.7],[0.148576,42.542971,827.1],[0.148541,42.542888,824.8],[0.148545,42.542747,823.4],[0.148499,42.54261,822.1],[0.148315,42.542447,820.2],[0.148378,42.542379,820.2],[0.148519,42.5423,817.9],[0.148601,42.54222,814.8],[0.148626,42.542109,817.2],[0.148552,42.542028,820.9],[0.148376,42.54194,823.6],[0.148333,42.541864,823.4],[0.148447,42.541797,820.4],[0.148504,42.541691,821.0],[0.14853,42.541584,822.8],[0.148533,42.54141,827.8],[0.14865,42.541326,827.1],[0.148836,42.541226,823.2],[0.149144,42.540998,822.7],[0.149354,42.540906,821.2],[0.149726,42.540691,819.0],[0.150054,42.540523,814.8],[0.150208,42.540406,812.6],[0.150433,42.540232,810.1],[0.150544,42.540114,808.7],[0.150627,42.539982,807.0],[0.150633,42.539863,807.2],[0.150679,42.53977,807.7],[0.150607,42.53974,808.8],[0.150551,42.539779,809.1],[0.150475,42.539749,810.2],[0.150498,42.539662,810.8],[0.150581,42.539533,811.6],[0.150703,42.539382,812.3],[0.150874,42.539224,812.5],[0.151004,42.539088,813.0],[0.151139,42.538903,812.9],[0.151264,42.538749,811.5],[0.151318,42.538586,808.7],[0.151258,42.538409,807.9],[0.151084,42.538125,808.7],[0.150932,42.537973,808.6],[0.150602,42.537855,808.9],[0.150193,42.537794,809.6],[0.149617,42.53766,808.3],[0.14944,42.537636,807.3],[0.149283,42.537566,806.6],[0.14924,42.537618,808.3],[0.149132,42.537649,809.7],[0.149102,42.53759,809.4],[0.149057,42.53747,807.6],[0.149027,42.537336,809.0],[0.148992,42.537117,811.6],[0.148978,42.536913,813.8],[0.148889,42.536779,815.4],[0.148748,42.536694,815.6],[0.14857,42.536632,818.2],[0.148417,42.536541,818.4],[0.148238,42.536471,817.6],[0.148029,42.536506,817.6],[0.147825,42.536569,817.7],[0.147655,42.536525,813.2],[0.147563,42.536409,808.8],[0.147369,42.536276,813.7],[0.147218,42.536133,816.6],[0.147141,42.536016,818.5],[0.147008,42.535838,819.5],[0.146845,42.535641,817.0],[0.146771,42.535643,816.9],[0.146677,42.535711,819.1],[0.146573,42.535735,819.5],[0.146446,42.535617,811.9],[0.146192,42.535531,805.0],[0.146096,42.535404,800.7],[0.146065,42.535327,798.2],[0.146018,42.535106,794.4],[0.146017,42.534927,791.9],[0.145934,42.534745,790.5],[0.145786,42.534605,786.2],[0.145568,42.534354,776.1],[0.145483,42.534238,771.2],[0.145385,42.534376,773.3],[0.145233,42.534581,773.3],[0.145166,42.534685,773.2],[0.145047,42.534815,772.4],[0.144918,42.534793,772.4],[0.144639,42.534682,771.4],[0.14435,42.534601,771.6],[0.144218,42.534544,771.0],[0.144019,42.534463,770.2],[0.14389,42.534391,768.5],[0.143789,42.534388,768.3],[0.143682,42.534434,768.3],[0.143523,42.534534,768.1],[0.143472,42.534677,769.4],[0.14344,42.534747,769.5],[0.143406,42.534771,769.3],[0.143289,42.534783,768.6],[0.143193,42.534809,768.4],[0.143105,42.534837,768.7],[0.143033,42.53481,768.1],[0.142909,42.53475,766.8],[0.142692,42.534698,765.7],[0.142462,42.534618,764.2],[0.142228,42.534558,762.8],[0.141993,42.534466,759.9],[0.141703,42.534356,754.6],[0.14151,42.534326,750.1],[0.141347,42.53434,747.8],[0.141223,42.534277,747.4],[0.141214,42.53424,747.6],[0.141152,42.534227,748.7],[0.141164,42.53412,749.2],[0.141222,42.534034,749.5],[0.141313,42.533887,753.0],[0.141411,42.533749,754.8],[0.141515,42.533648,756.1],[0.141641,42.533515,756.4],[0.141675,42.533416,757.6],[0.141618,42.53329,758.9],[0.141507,42.533091,759.4],[0.141472,42.533043,759.2],[0.141405,42.532987,759.0],[0.141306,42.532948,758.9],[0.141197,42.532832,758.5],[0.141099,42.532752,757.9],[0.140874,42.532687,757.3],[0.140762,42.53262,755.6],[0.140649,42.532451,750.0],[0.140538,42.532378,748.7],[0.140389,42.532285,747.3],[0.140188,42.532094,749.1],[0.140097,42.531903,749.8],[0.139928,42.531815,753.1],[0.139756,42.531794,755.1],[0.139605,42.531833,756.8],[0.139427,42.531852,758.0],[0.139278,42.531767,754.3],[0.13913,42.531693,751.1],[0.138976,42.531746,753.8],[0.138679,42.531725,756.3],[0.138462,42.531758,759.8],[0.138346,42.531828,762.4],[0.138244,42.531854,763.5],[0.138036,42.531893,763.5],[0.137924,42.531925,763.7],[0.137769,42.531941,762.7],[0.13776,42.531849,760.0],[0.137792,42.531712,755.8],[0.13778,42.531467,754.1],[0.137683,42.531409,756.1],[0.137506,42.531296,757.9],[0.137333,42.531199,756.1],[0.137146,42.53119,757.3],[0.136965,42.531175,757.3],[0.136928,42.531124,755.0],[0.137193,42.530966,751.3],[0.137291,42.530906,750.9],[0.137391,42.530866,750.0],[0.137458,42.530806,750.0],[0.13749,42.530742,750.7],[0.13749,42.530655,752.2],[0.137525,42.530504,753.9],[0.137454,42.53042,756.2],[0.137417,42.530299,758.5],[0.137402,42.530072,761.0],[0.13741,42.529933,761.2],[0.13741,42.529841,761.0],[0.137425,42.529756,760.3],[0.137477,42.529625,758.7],[0.137481,42.529391,757.3],[0.137409,42.529281,757.1],[0.137289,42.529145,757.1],[0.137243,42.529014,756.0],[0.137069,42.528811,753.4],[0.136977,42.528678,751.6],[0.136859,42.52858,750.6],[0.13678,42.528487,750.9],[0.136774,42.528371,749.8],[0.136717,42.528246,750.4],[0.136712,42.528148,750.3],[0.136609,42.528038,751.4],[0.136485,42.527967,752.4],[0.136283,42.527839,753.3],[0.136147,42.527765,753.6],[0.136096,42.527697,753.3],[0.136087,42.527591,752.9],[0.13604,42.527517,753.4],[0.135962,42.527427,754.9],[0.135859,42.527311,757.3],[0.135826,42.527214,758.1],[0.1359,42.527137,757.0],[0.135958,42.527049,756.5],[0.135917,42.526842,757.8],[0.135928,42.526746,758.1],[0.135879,42.526557,759.5],[0.13585,42.526437,760.1],[0.135792,42.526294,761.2],[0.135777,42.526156,761.9],[0.135787,42.526034,763.2],[0.135618,42.525857,764.0],[0.135462,42.525633,759.5],[0.135364,42.525451,756.7],[0.135263,42.52532,755.1],[0.135232,42.525194,752.9],[0.135156,42.525047,751.0],[0.134911,42.524993,754.0],[0.134691,42.524967,755.2],[0.134413,42.524935,754.9],[0.13441,42.524877,753.1],[0.134574,42.524728,751.3],[0.134762,42.524573,752.3],[0.134999,42.524486,752.0],[0.13514,42.524346,755.0],[0.135154,42.524237,758.3],[0.135075,42.524079,763.8],[0.135082,42.523958,766.4],[0.135188,42.523825,768.7],[0.135325,42.523671,771.0],[0.135488,42.523488,772.6],[0.135491,42.523408,773.6],[0.135405,42.523311,775.1],[0.135276,42.523231,777.6],[0.135167,42.52309,777.6],[0.135028,42.522799,778.4],[0.134999,42.522696,779.6],[0.134758,42.522639,779.1],[0.134397,42.522597,777.6],[0.134175,42.522612,778.0],[0.133845,42.522716,780.2],[0.133651,42.522655,777.8],[0.13353,42.522505,772.0],[0.133395,42.522298,765.3],[0.133041,42.522166,768.8],[0.132711,42.52204,767.1],[0.132631,42.521915,764.7],[0.132425,42.521776,766.4],[0.13227,42.521728,766.7],[0.132023,42.521706,769.3],[0.131972,42.521613,766.3],[0.132003,42.521459,762.5],[0.132039,42.521331,765.7],[0.13211,42.521101,770.3],[0.132103,42.521042,771.7],[0.131944,42.520981,772.8],[0.131726,42.520955,775.5],[0.131629,42.520836,770.8],[0.131534,42.520589,775.0],[0.13162,42.520369,777.2],[0.131656,42.520199,780.0],[0.131623,42.519811,780.7],[0.13142,42.519278,777.9],[0.131278,42.51875,778.1],[0.131032,42.518263,779.7],[0.130812,42.51768,779.2],[0.130862,42.51731,776.7],[0.131211,42.516938,776.9],[0.131415,42.516582,769.0],[0.131638,42.516287,765.9],[0.132087,42.516076,757.9],[0.132282,42.515838,760.9],[0.132473,42.515686,760.2],[0.132418,42.515512,763.2],[0.132605,42.515116,755.9],[0.132562,42.514697,743.4],[0.132625,42.514441,741.0],[0.132904,42.514184,742.7],[0.133168,42.513961,750.7],[0.133196,42.513592,759.4],[0.133071,42.513239,760.2],[0.133284,42.512904,760.7],[0.133398,42.512578,756.7],[0.133332,42.512189,755.8],[0.13337,42.511876,757.9],[0.133618,42.511615,756.1],[0.133665,42.511336,752.6],[0.133651,42.511053,749.3],[0.13379,42.510766,749.1],[0.133998,42.510194,740.2],[0.134332,42.510037,734.8],[0.134335,42.510031,734.5],[0.134578,42.51003,732.5],[0.134768,42.510084,733.5],[0.134911,42.510063,731.8],[0.13505,42.510018,729.1],[0.135196,42.509998,727.2],[0.135219,42.509889,724.0],[0.135146,42.509822,722.3],[0.135118,42.509742,719.9],[0.135172,42.509708,718.6],[0.135217,42.509657,716.7],[0.135353,42.509562,713.2],[0.135456,42.509338,708.3],[0.135383,42.509091,704.9],[0.135414,42.508648,699.0],[0.135518,42.508418,696.6],[0.135775,42.50789,693.0],[0.136124,42.507212,686.8],[0.136658,42.506874,683.6],[0.137221,42.506508,681.1],[0.137988,42.505909,675.4],[0.138411,42.505484,668.2],[0.138789,42.504941,661.4],[0.138989,42.504641,661.0],[0.138976,42.50438,660.5],[0.139083,42.50423,660.1],[0.139274,42.503919,660.5],[0.139262,42.503533,654.8],[0.139496,42.503347,654.2],[0.139739,42.5031,651.8],[0.139884,42.502762,646.4],[0.140067,42.502482,644.4],[0.140131,42.502155,637.5],[0.140568,42.50186,636.5],[0.140813,42.501656,635.3],[0.141065,42.501375,629.0],[0.141475,42.501124,624.5],[0.141831,42.500964,622.9],[0.141977,42.500939,623.4],[0.142525,42.500787,624.5],[0.143611,42.500468,617.0],[0.144137,42.500426,614.3],[0.14449,42.50028,609.4],[0.144386,42.50005,607.8],[0.144029,42.499477,605.5],[0.143962,42.499071,600.2],[0.144037,42.498581,599.3],[0.144077,42.498101,599.5],[0.14406,42.498087,599.6],[0.144155,42.498303,598.9],[0.144211,42.498346,598.8],[0.144349,42.498351,598.5],[0.144574,42.49836,598.1],[0.144826,42.498324,597.7],[0.145049,42.498255,597.0],[0.145224,42.498199,597.0],[0.145415,42.498154,597.0],[0.145607,42.498117,597.0],[0.145779,42.498062,597.0],[0.14582,42.498095,597.0],[0.145932,42.498373,597.0],[0.146064,42.498731,598.0],[0.146223,42.499028,598.0],[0.14641,42.499478,598.9],[0.146485,42.499652,599.0],[0.146598,42.499907,597.3],[0.146778,42.500265,596.0],[0.146916,42.500596,596.8],[0.146994,42.500762,597.0],[0.147102,42.501017,602.1],[0.147268,42.501479,605.9],[0.147402,42.501773,607.0],[0.147478,42.501972,607.6],[0.147556,42.502195,607.4],[0.147566,42.502418,608.0],[0.147546,42.50255,608.3],[0.147577,42.502733,608.4],[0.147579,42.502889,608.4],[0.147504,42.503043,608.7],[0.147497,42.503244,608.4],[0.147468,42.503576,609.3],[0.147413,42.50398,610.0],[0.1474,42.504268,610.0],[0.147378,42.504496,610.0],[0.147336,42.504863,610.0],[0.147301,42.505051,610.0],[0.147242,42.505178,610.0],[0.147112,42.505398,610.0],[0.146889,42.505688,610.0],[0.146747,42.505805,610.0],[0.146457,42.505867,610.0],[0.146197,42.505911,610.0],[0.146207,42.505947,610.0],[0.146342,42.505959,610.0],[0.146491,42.505941,610.0],[0.146924,42.505912,609.4],[0.147437,42.505889,607.7],[0.148117,42.505849,610.6],[0.148445,42.505839,616.6],[0.148579,42.505785,618.1],[0.148817,42.505719,620.6],[0.149175,42.505604,622.1],[0.149383,42.505546,622.3],[0.149861,42.50548,624.4],[0.150072,42.505476,625.1],[0.150414,42.50554,627.2],[0.150739,42.505614,630.9],[0.150906,42.505674,633.1],[0.151145,42.505804,636.0],[0.151556,42.506076,642.1],[0.15186,42.506239,647.0],[0.152201,42.506406,650.3],[0.152452,42.506542,652.8],[0.152574,42.506573,656.1],[0.152673,42.506557,656.7],[0.152746,42.506499,657.8],[0.152759,42.506414,661.0],[0.152705,42.506327,661.0],[0.152527,42.506198,657.5],[0.152399,42.506054,655.5],[0.152302,42.505893,658.7],[0.152276,42.505798,661.3],[0.152273,42.505702,664.7],[0.152296,42.505549,671.5],[0.152269,42.505478,672.7],[0.152207,42.50542,672.1],[0.152024,42.505362,664.7],[0.151953,42.505302,662.9],[0.151946,42.505265,662.9],[0.151964,42.505205,663.3],[0.152323,42.504845,681.5],[0.152589,42.504675,690.8],[0.152739,42.504481,692.5],[0.1529,42.504299,692.1],[0.153107,42.504141,697.7],[0.153247,42.504013,700.4],[0.153284,42.503887,700.2],[0.153325,42.50379,700.9],[0.153381,42.503708,702.9],[0.153452,42.503625,705.7],[0.153482,42.503504,707.0],[0.153506,42.503391,708.1],[0.153625,42.503337,710.5],[0.153676,42.503275,711.3],[0.153726,42.503188,712.0],[0.153796,42.503149,713.2],[0.153954,42.503112,714.6],[0.154043,42.503045,715.1],[0.154123,42.502953,715.5],[0.154336,42.503017,717.2],[0.154552,42.503122,718.6],[0.154738,42.503219,719.1],[0.154836,42.503284,719.4],[0.154913,42.503251,719.5]]}},{"type":"Feature","properties":{"Name":"J — Broto–Yosa–Otal","etapa":"J","original_name":"J_Broto-Yosa-Otal","point_count":1271,"length_km":14.086},"geometry":{"type":"LineString","coordinates":[[-0.12312,42.604605,897.1],[-0.123139,42.604609,897.1],[-0.123183,42.604616,897.1],[-0.123214,42.604488,896.0],[-0.123287,42.604337,894.4],[-0.123432,42.604162,891.8],[-0.123601,42.603933,890.0],[-0.123709,42.603838,890.3],[-0.123821,42.603862,890.8],[-0.123924,42.603935,891.5],[-0.124038,42.604027,892.7],[-0.124151,42.604091,893.7],[-0.124201,42.604014,893.7],[-0.124252,42.603933,894.2],[-0.124312,42.603834,895.8],[-0.124344,42.603725,897.7],[-0.124315,42.603608,897.7],[-0.124221,42.603483,897.2],[-0.124172,42.603381,898.5],[-0.124115,42.603274,897.9],[-0.124111,42.60321,898.6],[-0.124174,42.603236,901.0],[-0.124191,42.603298,900.6],[-0.12423,42.603321,901.7],[-0.124286,42.603259,905.2],[-0.124365,42.60316,909.7],[-0.124403,42.603027,912.0],[-0.124465,42.60287,914.3],[-0.12454,42.602743,916.3],[-0.124587,42.602636,917.4],[-0.124594,42.602535,917.4],[-0.124593,42.602285,919.1],[-0.124608,42.602105,920.1],[-0.124591,42.601899,919.7],[-0.1246,42.601773,919.8],[-0.124603,42.601659,919.6],[-0.124653,42.601565,919.4],[-0.124792,42.601486,922.2],[-0.124953,42.601369,926.2],[-0.125116,42.601291,927.0],[-0.125277,42.601256,929.5],[-0.125416,42.60122,931.1],[-0.125561,42.601148,929.8],[-0.125748,42.601091,928.4],[-0.12591,42.601058,929.2],[-0.126121,42.601016,931.9],[-0.126266,42.600995,933.8],[-0.126428,42.600988,936.8],[-0.126545,42.600982,938.2],[-0.126649,42.600958,937.4],[-0.126754,42.600906,934.0],[-0.126902,42.600818,928.0],[-0.127003,42.600731,923.9],[-0.127111,42.600633,921.6],[-0.127172,42.600562,919.3],[-0.127229,42.60041,917.8],[-0.127244,42.600278,916.5],[-0.127284,42.600126,916.3],[-0.127332,42.600016,916.7],[-0.127372,42.599903,917.1],[-0.127451,42.599773,919.1],[-0.127484,42.59968,919.9],[-0.127455,42.599562,919.4],[-0.127425,42.599481,918.6],[-0.127428,42.599386,919.1],[-0.127458,42.599273,921.0],[-0.127489,42.599197,921.9],[-0.12762,42.599135,922.4],[-0.127719,42.599126,923.6],[-0.127856,42.599118,923.9],[-0.12791,42.598987,920.3],[-0.127974,42.598839,916.9],[-0.128016,42.598762,915.5],[-0.128128,42.598774,915.8],[-0.128225,42.598739,915.2],[-0.128311,42.598702,914.7],[-0.128475,42.598711,914.3],[-0.128578,42.598777,913.8],[-0.128709,42.598844,913.0],[-0.12871,42.598969,912.9],[-0.128713,42.599084,913.6],[-0.129005,42.599205,910.5],[-0.129224,42.599272,908.4],[-0.129443,42.599336,907.2],[-0.129585,42.599377,906.1],[-0.129673,42.59939,905.3],[-0.129758,42.599381,904.1],[-0.129757,42.599313,902.5],[-0.129744,42.599275,901.7],[-0.129794,42.599235,900.7],[-0.130009,42.599223,899.2],[-0.130219,42.599209,898.3],[-0.130522,42.59919,898.1],[-0.130805,42.599174,899.3],[-0.131023,42.599179,900.0],[-0.131201,42.599208,900.9],[-0.131354,42.599208,901.4],[-0.131478,42.5992,901.7],[-0.131582,42.59914,901.2],[-0.131839,42.599073,901.4],[-0.13208,42.599019,902.1],[-0.132268,42.59896,903.1],[-0.132448,42.598912,904.2],[-0.132792,42.598796,906.8],[-0.132981,42.598753,908.0],[-0.133241,42.598682,909.6],[-0.133416,42.598662,911.9],[-0.133586,42.598693,914.9],[-0.133785,42.598748,918.5],[-0.133965,42.598817,921.7],[-0.134082,42.598907,924.5],[-0.134182,42.598979,927.2],[-0.134334,42.599008,929.5],[-0.134461,42.599007,930.8],[-0.134664,42.598973,933.4],[-0.134863,42.598947,937.5],[-0.135061,42.598858,940.7],[-0.135161,42.598832,943.0],[-0.13536,42.59882,949.8],[-0.135561,42.598772,953.8],[-0.135695,42.598738,955.8],[-0.135852,42.598695,958.3],[-0.136044,42.598658,961.5],[-0.136286,42.598635,966.2],[-0.136515,42.598649,972.1],[-0.136692,42.598655,975.4],[-0.137013,42.598599,974.5],[-0.13728,42.598545,974.9],[-0.137478,42.598521,976.7],[-0.137602,42.5985,977.3],[-0.137777,42.598408,975.3],[-0.138025,42.598287,974.3],[-0.138204,42.59822,974.4],[-0.138417,42.598181,975.6],[-0.138674,42.598131,976.9],[-0.138871,42.598066,976.5],[-0.138982,42.598024,976.0],[-0.139147,42.597974,976.0],[-0.139314,42.597912,976.0],[-0.13952,42.597859,976.7],[-0.139794,42.597824,977.7],[-0.139972,42.597811,977.1],[-0.140126,42.597873,980.2],[-0.140301,42.597954,985.5],[-0.140482,42.597995,988.5],[-0.140655,42.59802,991.0],[-0.140784,42.598021,991.9],[-0.140917,42.598003,991.6],[-0.141032,42.597993,990.6],[-0.141111,42.598,990.5],[-0.141196,42.59803,991.6],[-0.141221,42.597958,988.9],[-0.141242,42.597853,988.4],[-0.141265,42.59779,988.8],[-0.141332,42.597694,991.5],[-0.141421,42.597611,995.1],[-0.141501,42.597542,997.9],[-0.141649,42.597478,1001.2],[-0.141769,42.597406,1002.9],[-0.14195,42.597311,1005.2],[-0.142065,42.597234,1006.3],[-0.142182,42.597149,1007.4],[-0.142354,42.596995,1009.0],[-0.142493,42.596878,1010.7],[-0.142642,42.59679,1012.9],[-0.142778,42.596733,1014.7],[-0.142894,42.596691,1015.8],[-0.143146,42.596697,1018.6],[-0.143357,42.596734,1022.8],[-0.143502,42.596755,1025.8],[-0.143687,42.59675,1028.9],[-0.14388,42.596724,1031.7],[-0.144122,42.596694,1035.3],[-0.14424,42.596701,1037.7],[-0.144353,42.596702,1039.9],[-0.144451,42.59668,1041.3],[-0.144545,42.596648,1042.1],[-0.144747,42.596651,1046.3],[-0.144932,42.596638,1049.6],[-0.145119,42.596613,1052.3],[-0.145237,42.596603,1054.3],[-0.14536,42.596572,1055.7],[-0.145498,42.596551,1057.8],[-0.145634,42.596562,1060.9],[-0.145759,42.596565,1063.1],[-0.145846,42.59657,1064.8],[-0.145995,42.596612,1068.6],[-0.146137,42.596677,1074.3],[-0.146242,42.596734,1078.0],[-0.146395,42.59679,1080.4],[-0.146484,42.596804,1080.8],[-0.146638,42.596794,1080.3],[-0.146755,42.596762,1078.5],[-0.146905,42.596706,1078.9],[-0.147037,42.596688,1081.3],[-0.147243,42.596661,1084.6],[-0.147405,42.59666,1088.0],[-0.147546,42.596634,1089.2],[-0.147725,42.59657,1088.3],[-0.147854,42.59655,1088.7],[-0.14807,42.596537,1090.4],[-0.14822,42.596567,1093.9],[-0.148332,42.59659,1096.6],[-0.148422,42.596584,1096.9],[-0.148505,42.596549,1095.4],[-0.148695,42.596541,1097.0],[-0.148893,42.596538,1099.8],[-0.149082,42.596576,1102.9],[-0.14926,42.596668,1107.9],[-0.149451,42.596812,1111.3],[-0.149661,42.597023,1116.0],[-0.149785,42.597156,1117.9],[-0.149857,42.597229,1119.2],[-0.149971,42.597367,1122.4],[-0.150034,42.597354,1119.6],[-0.150104,42.597286,1113.1],[-0.1502,42.597193,1110.9],[-0.150335,42.597095,1111.5],[-0.150511,42.596975,1114.2],[-0.150694,42.596833,1116.6],[-0.15085,42.596716,1118.8],[-0.151025,42.596618,1120.6],[-0.151161,42.596555,1123.0],[-0.151371,42.596452,1125.2],[-0.151546,42.596372,1125.3],[-0.151711,42.596315,1125.3],[-0.1519,42.596347,1128.5],[-0.152142,42.59643,1131.4],[-0.152321,42.596513,1132.9],[-0.152438,42.596602,1134.4],[-0.152523,42.596653,1134.6],[-0.152586,42.596672,1133.9],[-0.152659,42.59664,1131.9],[-0.152698,42.596564,1128.5],[-0.152748,42.596479,1125.5],[-0.152814,42.596355,1122.4],[-0.152931,42.59621,1122.6],[-0.153024,42.596076,1123.6],[-0.153144,42.59591,1124.2],[-0.153227,42.595792,1123.7],[-0.153351,42.595692,1125.2],[-0.153453,42.595618,1126.7],[-0.153624,42.595556,1129.8],[-0.153802,42.59546,1129.6],[-0.154005,42.595384,1131.6],[-0.154258,42.595292,1134.3],[-0.154417,42.595236,1136.0],[-0.154604,42.595189,1138.1],[-0.15474,42.595195,1141.9],[-0.154977,42.595192,1144.8],[-0.155156,42.595205,1146.4],[-0.155355,42.595289,1150.2],[-0.155547,42.595461,1156.4],[-0.155713,42.595621,1159.9],[-0.155846,42.595761,1162.1],[-0.155978,42.595907,1163.7],[-0.156087,42.595992,1164.9],[-0.156351,42.596165,1163.5],[-0.156537,42.596289,1162.5],[-0.156822,42.596512,1163.7],[-0.157011,42.596667,1163.6],[-0.157157,42.596779,1164.4],[-0.157337,42.596899,1162.8],[-0.157478,42.596971,1160.2],[-0.157601,42.597073,1160.0],[-0.157695,42.597163,1160.1],[-0.15778,42.597271,1161.0],[-0.15785,42.597447,1162.4],[-0.15788,42.597548,1164.1],[-0.157907,42.597653,1167.9],[-0.158049,42.597591,1157.7],[-0.158172,42.597555,1156.0],[-0.158334,42.597555,1157.1],[-0.158542,42.597554,1159.9],[-0.158851,42.59758,1164.7],[-0.159046,42.597575,1165.1],[-0.159173,42.597565,1164.5],[-0.159411,42.597616,1168.3],[-0.15955,42.597681,1172.7],[-0.159674,42.597697,1174.6],[-0.159741,42.597671,1174.1],[-0.15971,42.597593,1170.3],[-0.159667,42.597513,1167.6],[-0.159544,42.597364,1165.1],[-0.159445,42.597266,1164.2],[-0.159332,42.59718,1165.1],[-0.159196,42.597067,1167.5],[-0.159097,42.596951,1168.4],[-0.159093,42.596843,1172.1],[-0.15915,42.596677,1177.5],[-0.159163,42.596502,1180.5],[-0.159162,42.59635,1182.9],[-0.159161,42.596119,1186.3],[-0.159203,42.596029,1188.5],[-0.159314,42.595935,1194.1],[-0.15946,42.595842,1200.2],[-0.159573,42.595783,1205.0],[-0.159656,42.59574,1208.6],[-0.159654,42.595646,1209.1],[-0.159646,42.595567,1209.2],[-0.159662,42.595522,1210.2],[-0.159661,42.59549,1211.0],[-0.159619,42.595401,1211.8],[-0.159575,42.595311,1213.0],[-0.159528,42.595233,1213.7],[-0.159519,42.595185,1214.6],[-0.159548,42.595094,1218.5],[-0.159579,42.595025,1221.5],[-0.159626,42.59497,1224.9],[-0.159693,42.594911,1229.1],[-0.159736,42.594922,1230.7],[-0.159773,42.594965,1232.0],[-0.159776,42.595047,1231.5],[-0.159814,42.59509,1232.4],[-0.159835,42.595115,1232.4],[-0.159867,42.595119,1233.9],[-0.159894,42.595096,1236.4],[-0.159917,42.595043,1238.7],[-0.159968,42.594974,1240.7],[-0.160019,42.59497,1242.5],[-0.16008,42.595009,1245.2],[-0.160128,42.595064,1248.0],[-0.160166,42.595077,1249.8],[-0.160215,42.595082,1251.8],[-0.160253,42.595052,1252.8],[-0.160306,42.594997,1253.1],[-0.16033,42.595017,1254.5],[-0.160359,42.595084,1257.4],[-0.160402,42.595133,1257.5],[-0.160428,42.595201,1256.6],[-0.160476,42.595203,1258.7],[-0.160499,42.595161,1260.7],[-0.160493,42.595112,1261.7],[-0.160484,42.595079,1261.8],[-0.160491,42.595048,1260.9],[-0.160564,42.595017,1262.3],[-0.160645,42.59502,1265.1],[-0.160657,42.595058,1266.9],[-0.160678,42.595118,1268.1],[-0.160704,42.595151,1268.5],[-0.160749,42.59518,1269.6],[-0.160789,42.595202,1270.7],[-0.160824,42.595168,1272.5],[-0.160875,42.595167,1274.3],[-0.160961,42.595243,1276.6],[-0.161023,42.595305,1278.5],[-0.161073,42.59534,1280.1],[-0.161117,42.59536,1281.5],[-0.161154,42.595361,1283.0],[-0.16119,42.595315,1285.0],[-0.161219,42.595261,1286.2],[-0.161259,42.595202,1287.9],[-0.161327,42.595142,1290.4],[-0.161413,42.595075,1292.7],[-0.161542,42.594994,1295.6],[-0.161632,42.594926,1298.0],[-0.161782,42.594841,1302.5],[-0.161894,42.5948,1304.0],[-0.162038,42.594764,1305.8],[-0.162203,42.594779,1309.4],[-0.162321,42.594766,1310.3],[-0.162421,42.594783,1312.4],[-0.162618,42.594806,1315.4],[-0.162816,42.594822,1318.1],[-0.162929,42.594835,1319.8],[-0.163028,42.594845,1321.3],[-0.163149,42.594861,1323.4],[-0.163321,42.594856,1324.7],[-0.163525,42.594833,1326.0],[-0.163651,42.594805,1326.7],[-0.16375,42.594735,1326.3],[-0.163853,42.594672,1327.8],[-0.163955,42.59462,1330.2],[-0.164018,42.594574,1331.9],[-0.164074,42.594515,1333.3],[-0.164141,42.59446,1335.4],[-0.164222,42.594386,1338.1],[-0.164298,42.59434,1340.5],[-0.164344,42.594301,1341.7],[-0.164389,42.59426,1342.7],[-0.164443,42.594246,1344.1],[-0.164495,42.594246,1345.5],[-0.164523,42.594256,1346.4],[-0.16453,42.594286,1347.0],[-0.164516,42.594332,1347.2],[-0.164517,42.594365,1347.7],[-0.164557,42.594408,1349.6],[-0.164636,42.594482,1352.6],[-0.164674,42.594509,1354.1],[-0.164714,42.594525,1355.4],[-0.16474,42.594553,1356.7],[-0.164755,42.594586,1357.8],[-0.164757,42.594657,1359.4],[-0.164753,42.594731,1361.0],[-0.164748,42.594803,1362.6],[-0.164742,42.594867,1364.0],[-0.164748,42.594928,1365.7],[-0.164754,42.594985,1367.4],[-0.164757,42.595031,1368.9],[-0.164822,42.595041,1370.9],[-0.164906,42.595031,1371.9],[-0.164966,42.595024,1372.5],[-0.164997,42.595025,1372.9],[-0.165024,42.595076,1375.0],[-0.165072,42.595088,1376.1],[-0.165115,42.595112,1377.5],[-0.165159,42.595158,1379.3],[-0.165218,42.595213,1380.9],[-0.165258,42.595231,1381.4],[-0.165284,42.595232,1381.2],[-0.165321,42.595266,1382.5],[-0.165371,42.595316,1384.6],[-0.165409,42.595338,1385.4],[-0.165439,42.595359,1386.2],[-0.165494,42.595422,1388.3],[-0.16555,42.595483,1389.7],[-0.165602,42.595532,1390.7],[-0.165646,42.595585,1392.0],[-0.165673,42.595639,1393.7],[-0.165677,42.595706,1396.5],[-0.165698,42.595768,1399.2],[-0.165755,42.59581,1400.4],[-0.165837,42.595906,1403.4],[-0.165899,42.595976,1405.1],[-0.165952,42.59606,1407.5],[-0.165995,42.596133,1409.3],[-0.166063,42.596186,1408.9],[-0.166114,42.596236,1408.9],[-0.166146,42.596301,1409.5],[-0.16616,42.596356,1410.3],[-0.166156,42.596506,1412.3],[-0.166168,42.59657,1412.9],[-0.1662,42.596635,1413.1],[-0.16623,42.596685,1413.4],[-0.166258,42.596737,1414.0],[-0.166313,42.596838,1414.7],[-0.166389,42.596962,1414.9],[-0.166435,42.597036,1415.4],[-0.166479,42.597078,1414.6],[-0.166513,42.597111,1414.1],[-0.166557,42.597138,1414.0],[-0.166598,42.597153,1414.2],[-0.166675,42.5972,1414.9],[-0.166756,42.597231,1416.0],[-0.166849,42.597276,1417.5],[-0.166938,42.597313,1418.1],[-0.166988,42.597339,1418.5],[-0.167016,42.597376,1418.4],[-0.167065,42.597408,1419.1],[-0.167162,42.597461,1421.2],[-0.167245,42.597493,1423.8],[-0.167304,42.597528,1424.9],[-0.167364,42.597568,1425.5],[-0.167415,42.597604,1426.0],[-0.167463,42.597648,1426.2],[-0.167529,42.597685,1427.6],[-0.167595,42.597725,1429.0],[-0.167652,42.597758,1430.0],[-0.167719,42.597774,1432.1],[-0.167792,42.597765,1435.4],[-0.167867,42.597796,1437.4],[-0.167997,42.597858,1440.9],[-0.168103,42.597916,1443.7],[-0.168192,42.597944,1446.4],[-0.168233,42.597965,1447.4],[-0.168292,42.597973,1449.6],[-0.168308,42.597909,1451.9],[-0.168297,42.597832,1453.4],[-0.168296,42.59776,1455.3],[-0.1683,42.597704,1456.4],[-0.16828,42.597667,1456.3],[-0.168272,42.597631,1456.7],[-0.168295,42.597613,1457.8],[-0.168323,42.597638,1458.4],[-0.168363,42.597673,1459.2],[-0.168397,42.597694,1460.1],[-0.168439,42.597701,1461.5],[-0.168484,42.597689,1463.4],[-0.168507,42.597663,1464.5],[-0.168526,42.597648,1465.3],[-0.168549,42.597645,1466.1],[-0.168567,42.597654,1466.7],[-0.16858,42.59767,1467.0],[-0.16859,42.597697,1467.2],[-0.168616,42.597711,1468.0],[-0.16864,42.597703,1469.0],[-0.168662,42.597658,1469.9],[-0.168657,42.597667,1469.7],[-0.168686,42.597679,1470.8],[-0.168725,42.597702,1472.5],[-0.168765,42.597694,1474.3],[-0.168808,42.597677,1476.2],[-0.168836,42.597663,1477.3],[-0.168875,42.59764,1478.8],[-0.168951,42.597643,1482.0],[-0.168951,42.597675,1482.4],[-0.16895,42.597714,1482.9],[-0.168955,42.597753,1483.7],[-0.168988,42.597768,1485.3],[-0.169015,42.597778,1486.3],[-0.169033,42.597768,1486.9],[-0.16903,42.597748,1486.5],[-0.169039,42.597726,1486.5],[-0.169064,42.59771,1487.0],[-0.169091,42.597715,1488.0],[-0.169112,42.597726,1489.0],[-0.169136,42.597721,1489.7],[-0.169154,42.597702,1489.9],[-0.1692,42.597682,1491.0],[-0.169257,42.597675,1492.7],[-0.169314,42.597676,1494.8],[-0.169403,42.597677,1498.3],[-0.169472,42.597678,1501.1],[-0.169573,42.597652,1503.9],[-0.169636,42.597646,1505.4],[-0.169704,42.597651,1507.2],[-0.16973,42.597665,1508.5],[-0.169726,42.597698,1510.1],[-0.169686,42.597722,1510.1],[-0.169663,42.597741,1510.4],[-0.169664,42.597771,1511.8],[-0.169661,42.597793,1512.5],[-0.169641,42.597816,1511.7],[-0.169649,42.597835,1512.0],[-0.169703,42.597841,1513.9],[-0.169772,42.597821,1516.3],[-0.169855,42.597815,1519.1],[-0.169952,42.597809,1521.7],[-0.170024,42.597801,1523.2],[-0.170096,42.597796,1524.5],[-0.170144,42.597799,1525.7],[-0.170169,42.597809,1526.6],[-0.170152,42.597844,1527.2],[-0.17011,42.597883,1527.1],[-0.170075,42.597929,1527.2],[-0.170052,42.597973,1527.5],[-0.170065,42.597998,1528.5],[-0.170099,42.598014,1530.0],[-0.170137,42.598019,1531.3],[-0.170164,42.598006,1531.8],[-0.170217,42.597996,1533.1],[-0.170283,42.597993,1535.0],[-0.170354,42.597995,1537.1],[-0.170413,42.597992,1538.7],[-0.170484,42.59798,1540.2],[-0.170549,42.597979,1541.3],[-0.170635,42.597965,1542.0],[-0.170718,42.597975,1543.9],[-0.1708,42.597983,1545.6],[-0.170848,42.597998,1546.5],[-0.170821,42.598026,1548.1],[-0.170805,42.598043,1549.0],[-0.170763,42.598064,1548.9],[-0.170717,42.598094,1548.6],[-0.170688,42.598124,1548.5],[-0.170697,42.598174,1549.7],[-0.170715,42.598215,1551.0],[-0.170712,42.598248,1551.6],[-0.170711,42.598275,1551.9],[-0.170722,42.598324,1552.1],[-0.170735,42.598357,1552.5],[-0.170765,42.598382,1553.6],[-0.170788,42.598398,1554.3],[-0.170837,42.598395,1555.4],[-0.170871,42.598389,1556.1],[-0.170913,42.59842,1557.3],[-0.170941,42.598451,1558.4],[-0.170955,42.598479,1559.2],[-0.170976,42.598487,1559.9],[-0.171028,42.598482,1561.2],[-0.171063,42.598474,1562.0],[-0.17107,42.598508,1562.9],[-0.171084,42.598553,1563.8],[-0.171097,42.598603,1564.7],[-0.171116,42.598641,1565.6],[-0.171126,42.598652,1565.9],[-0.171178,42.598675,1567.1],[-0.171222,42.5987,1568.4],[-0.17122,42.598741,1569.2],[-0.171216,42.598791,1569.7],[-0.17122,42.598817,1570.1],[-0.171263,42.598832,1571.3],[-0.171309,42.598843,1572.6],[-0.171348,42.598853,1573.7],[-0.171389,42.598872,1574.7],[-0.171407,42.598885,1575.2],[-0.171396,42.598924,1575.9],[-0.171381,42.598952,1576.2],[-0.17138,42.598976,1576.8],[-0.171412,42.598992,1577.7],[-0.171498,42.599002,1579.4],[-0.171632,42.599025,1582.4],[-0.17173,42.599049,1583.8],[-0.171843,42.599088,1585.4],[-0.171969,42.599138,1587.6],[-0.172073,42.599169,1588.1],[-0.172165,42.599213,1589.1],[-0.172222,42.599232,1589.5],[-0.172306,42.599249,1589.6],[-0.172471,42.599294,1590.1],[-0.172597,42.599346,1591.1],[-0.172759,42.599399,1591.5],[-0.172938,42.599432,1591.3],[-0.173118,42.599481,1591.3],[-0.173298,42.599536,1592.0],[-0.173367,42.59957,1592.5],[-0.173413,42.599606,1593.0],[-0.173423,42.599628,1593.3],[-0.173517,42.599616,1593.3],[-0.173629,42.599621,1593.0],[-0.173769,42.599622,1592.7],[-0.173987,42.599628,1593.4],[-0.174158,42.599626,1594.6],[-0.174366,42.599637,1596.9],[-0.174601,42.59964,1599.9],[-0.174825,42.599633,1602.9],[-0.174989,42.599621,1605.4],[-0.175145,42.599604,1608.0],[-0.175234,42.599594,1609.5],[-0.175491,42.599581,1613.7],[-0.175643,42.59956,1616.7],[-0.175782,42.599526,1619.7],[-0.175888,42.599535,1621.3],[-0.176212,42.599567,1625.5],[-0.176398,42.599584,1627.8],[-0.176513,42.599608,1629.0],[-0.176663,42.599638,1630.6],[-0.176846,42.599645,1633.1],[-0.176958,42.599663,1634.9],[-0.177076,42.599702,1637.0],[-0.177207,42.59974,1638.9],[-0.177377,42.599778,1641.4],[-0.177464,42.599788,1642.5],[-0.177561,42.599817,1643.3],[-0.177687,42.599832,1644.8],[-0.177788,42.599857,1645.6],[-0.177871,42.599878,1646.4],[-0.177953,42.599906,1647.1],[-0.178077,42.599937,1648.5],[-0.178169,42.599946,1649.6],[-0.178305,42.599951,1651.4],[-0.178381,42.599956,1652.4],[-0.178576,42.599949,1654.8],[-0.178752,42.599948,1657.1],[-0.178937,42.599955,1659.7],[-0.179113,42.599966,1662.7],[-0.179297,42.599973,1665.7],[-0.179456,42.599973,1668.0],[-0.17966,42.599939,1670.4],[-0.179799,42.599912,1672.3],[-0.179879,42.59988,1672.8],[-0.179983,42.599844,1674.3],[-0.180075,42.599799,1675.0],[-0.180167,42.599738,1674.8],[-0.180284,42.599681,1675.6],[-0.180349,42.59965,1676.1],[-0.180452,42.599587,1676.9],[-0.180577,42.599511,1679.3],[-0.180668,42.599446,1680.6],[-0.180765,42.599371,1681.8],[-0.180864,42.599291,1683.1],[-0.180959,42.599222,1684.9],[-0.181077,42.599152,1687.6],[-0.181142,42.599109,1688.4],[-0.181191,42.599073,1688.8],[-0.181258,42.599059,1690.4],[-0.1813,42.599042,1691.2],[-0.181317,42.599004,1690.6],[-0.181377,42.598978,1691.8],[-0.181458,42.598926,1693.3],[-0.18152,42.598893,1694.7],[-0.181551,42.598869,1695.2],[-0.181607,42.598834,1696.4],[-0.181679,42.59877,1697.4],[-0.181752,42.598677,1698.9],[-0.181806,42.598609,1700.2],[-0.181839,42.598531,1700.6],[-0.18187,42.59848,1701.6],[-0.181908,42.598402,1702.9],[-0.181956,42.598318,1704.8],[-0.181996,42.598219,1706.2],[-0.182024,42.598134,1706.9],[-0.182065,42.598049,1707.8],[-0.182135,42.597966,1709.6],[-0.182148,42.597922,1709.8],[-0.182221,42.59784,1711.1],[-0.182275,42.597771,1711.4],[-0.182404,42.597684,1714.3],[-0.182487,42.597626,1716.8],[-0.182534,42.59757,1717.9],[-0.182589,42.597494,1718.9],[-0.182613,42.597386,1719.0],[-0.182619,42.59732,1719.6],[-0.182675,42.597248,1722.2],[-0.182717,42.597167,1724.3],[-0.182715,42.597079,1724.4],[-0.182721,42.596972,1724.9],[-0.182738,42.596904,1725.8],[-0.182756,42.596782,1727.0],[-0.182786,42.596668,1729.3],[-0.182805,42.596585,1730.9],[-0.182782,42.596556,1729.9],[-0.182789,42.596529,1730.5],[-0.182815,42.596491,1732.2],[-0.182833,42.596405,1734.0],[-0.182854,42.59629,1736.3],[-0.182881,42.596205,1738.8],[-0.182858,42.596121,1738.9],[-0.182858,42.596014,1740.5],[-0.182835,42.595904,1741.2],[-0.182807,42.595809,1741.2],[-0.182779,42.595644,1741.7],[-0.182754,42.595547,1742.7],[-0.182751,42.595462,1744.3],[-0.182721,42.59541,1744.1],[-0.182711,42.595364,1744.7],[-0.182681,42.595295,1745.0],[-0.182635,42.595144,1746.2],[-0.182615,42.595039,1748.0],[-0.182587,42.594917,1749.7],[-0.182562,42.594793,1751.5],[-0.182552,42.594701,1753.1],[-0.182548,42.594598,1755.0],[-0.18257,42.594517,1757.7],[-0.182602,42.594366,1760.7],[-0.18264,42.594279,1762.9],[-0.182674,42.594236,1763.5],[-0.182715,42.594167,1763.8],[-0.182766,42.59415,1765.1],[-0.182863,42.594094,1766.9],[-0.182941,42.594082,1768.5],[-0.183081,42.594077,1771.6],[-0.183192,42.594066,1773.0],[-0.18332,42.594075,1774.1],[-0.183387,42.594085,1775.1],[-0.183446,42.594065,1774.3],[-0.183523,42.594029,1773.2],[-0.183651,42.594004,1773.7],[-0.183716,42.593993,1773.9],[-0.183836,42.593962,1773.7],[-0.183965,42.593944,1774.5],[-0.184068,42.593943,1775.9],[-0.184131,42.593902,1774.8],[-0.184196,42.593887,1774.8],[-0.184287,42.59392,1776.9],[-0.184347,42.593927,1777.8],[-0.184443,42.593894,1777.4],[-0.184553,42.593851,1776.4],[-0.184669,42.593807,1775.7],[-0.184749,42.593793,1776.8],[-0.184802,42.593798,1778.4],[-0.184911,42.593786,1780.4],[-0.185046,42.593768,1782.2],[-0.18517,42.59376,1783.7],[-0.185275,42.593766,1785.8],[-0.185331,42.593777,1787.4],[-0.185396,42.593781,1788.6],[-0.185496,42.593784,1790.3],[-0.185544,42.593782,1790.8],[-0.185639,42.593744,1789.9],[-0.185739,42.593719,1790.3],[-0.185796,42.5937,1790.2],[-0.18589,42.593678,1790.9],[-0.185969,42.593654,1791.9],[-0.186032,42.593636,1793.3],[-0.186088,42.593586,1793.3],[-0.186109,42.5935,1790.8],[-0.186117,42.593371,1789.2],[-0.186124,42.593306,1789.2],[-0.186165,42.593227,1791.5],[-0.186233,42.593141,1795.5],[-0.186299,42.593128,1799.3],[-0.186345,42.593101,1801.5],[-0.186376,42.592995,1801.2],[-0.186462,42.592939,1803.5],[-0.18648,42.592906,1803.3],[-0.186548,42.592883,1805.7],[-0.186626,42.59284,1807.1],[-0.186735,42.592799,1809.2],[-0.186806,42.592776,1810.6],[-0.187001,42.592704,1811.8],[-0.187164,42.592698,1813.5],[-0.187227,42.592698,1813.9],[-0.187315,42.592714,1814.9],[-0.187425,42.592722,1815.6],[-0.187492,42.592722,1816.0],[-0.187561,42.592707,1816.3],[-0.187654,42.592682,1816.5],[-0.187711,42.592638,1815.3],[-0.187793,42.592569,1813.6],[-0.187854,42.592504,1812.9],[-0.187922,42.592486,1814.3],[-0.188025,42.592453,1816.1],[-0.18813,42.592406,1817.0],[-0.188193,42.592364,1816.1],[-0.188267,42.592361,1817.2],[-0.188331,42.5924,1819.9],[-0.188367,42.592405,1820.7],[-0.188416,42.59237,1820.0],[-0.188467,42.592335,1820.3],[-0.188541,42.592304,1821.4],[-0.188668,42.592276,1824.1],[-0.188708,42.592234,1823.6],[-0.188778,42.592236,1826.2],[-0.188834,42.592239,1828.4],[-0.18889,42.592218,1829.7],[-0.188966,42.592187,1831.4],[-0.189042,42.592163,1834.0],[-0.189151,42.592133,1839.2],[-0.189203,42.592045,1840.7],[-0.189272,42.591958,1843.4],[-0.18928,42.591889,1843.3],[-0.189329,42.591816,1845.3],[-0.189387,42.591735,1847.5],[-0.189465,42.591656,1850.8],[-0.189526,42.591587,1853.2],[-0.189599,42.591522,1856.0],[-0.189669,42.591507,1858.8],[-0.189709,42.591468,1858.3],[-0.189777,42.591409,1858.2],[-0.189926,42.591344,1861.6],[-0.190053,42.591302,1865.5],[-0.19012,42.591273,1867.1],[-0.190214,42.591242,1869.9],[-0.190245,42.591222,1870.4],[-0.19026,42.59116,1868.2],[-0.190273,42.591079,1865.6],[-0.190303,42.591002,1866.9],[-0.190368,42.590915,1870.3],[-0.190445,42.590822,1874.7],[-0.19051,42.590735,1878.6],[-0.190584,42.590637,1882.8],[-0.190687,42.590524,1888.1],[-0.190742,42.590434,1890.9],[-0.190767,42.590341,1892.5],[-0.190815,42.590237,1895.1],[-0.190857,42.590149,1897.2],[-0.190897,42.590041,1899.2],[-0.190942,42.589941,1901.7],[-0.190973,42.589845,1904.2],[-0.191,42.589757,1906.4],[-0.191033,42.589682,1909.1],[-0.191054,42.589607,1911.1],[-0.19107,42.589518,1913.1],[-0.191088,42.589437,1914.9],[-0.191099,42.589362,1916.3],[-0.191125,42.589319,1917.8],[-0.191154,42.589279,1919.3],[-0.191193,42.589288,1920.6],[-0.191243,42.589334,1922.0],[-0.19131,42.589398,1923.5],[-0.191321,42.58949,1922.8],[-0.191394,42.589509,1923.4],[-0.191486,42.589484,1924.5],[-0.191602,42.589442,1925.8],[-0.191709,42.589459,1924.2],[-0.191871,42.589518,1922.1],[-0.192031,42.589549,1919.2],[-0.192234,42.589671,1917.3],[-0.192401,42.589693,1913.3],[-0.192525,42.589638,1908.9],[-0.19265,42.589612,1905.4],[-0.192748,42.589537,1902.2],[-0.192824,42.589425,1900.0],[-0.192865,42.589391,1898.7],[-0.192885,42.589364,1898.0],[-0.192926,42.58935,1896.8],[-0.192991,42.589282,1894.9],[-0.193013,42.589213,1894.4],[-0.19305,42.589115,1893.4],[-0.193121,42.589,1890.9],[-0.193194,42.5889,1888.0],[-0.193428,42.58873,1879.1],[-0.193525,42.58858,1875.8],[-0.193606,42.588476,1872.9],[-0.193652,42.588413,1871.3],[-0.193708,42.5884,1869.2],[-0.193776,42.588447,1866.7],[-0.193807,42.588532,1866.1],[-0.193869,42.588564,1864.3],[-0.193925,42.588481,1862.4],[-0.193965,42.588417,1861.0],[-0.19404,42.588332,1858.5],[-0.194116,42.588202,1855.8],[-0.1942,42.588217,1853.0],[-0.194234,42.588333,1852.3],[-0.194315,42.588449,1849.9],[-0.194464,42.588403,1845.6],[-0.194569,42.588287,1842.3],[-0.194589,42.58814,1841.3],[-0.194718,42.588007,1837.3],[-0.194943,42.587805,1829.8],[-0.195057,42.587668,1825.6],[-0.195118,42.587576,1823.1],[-0.195303,42.587419,1816.4],[-0.195573,42.587209,1808.1],[-0.195857,42.587065,1801.1],[-0.196189,42.58694,1795.0],[-0.196209,42.587089,1795.9],[-0.196215,42.587175,1796.6],[-0.196483,42.587246,1791.9],[-0.196849,42.58724,1782.4],[-0.197174,42.587237,1773.8],[-0.197361,42.58726,1769.3],[-0.197459,42.587282,1766.9],[-0.197594,42.587281,1763.9],[-0.197789,42.587246,1759.8],[-0.197942,42.587196,1755.9],[-0.198079,42.587104,1751.9],[-0.198315,42.586945,1744.8],[-0.198428,42.586827,1740.8],[-0.198535,42.586694,1736.3],[-0.198648,42.58648,1731.7],[-0.198907,42.586274,1725.9],[-0.19907,42.586142,1723.4],[-0.199235,42.585973,1719.6],[-0.199363,42.585863,1716.2],[-0.19947,42.585804,1713.1],[-0.199639,42.58583,1708.1],[-0.199736,42.585887,1705.8],[-0.199898,42.585933,1702.5],[-0.200077,42.586031,1697.8],[-0.200166,42.58606,1695.3],[-0.20023,42.586121,1693.3],[-0.20044,42.586124,1687.9],[-0.200607,42.586212,1683.3],[-0.200743,42.586309,1680.2],[-0.200894,42.586369,1676.5],[-0.200948,42.58642,1674.8],[-0.201129,42.586471,1669.8],[-0.201344,42.586444,1664.4],[-0.201534,42.586454,1659.5],[-0.201691,42.586463,1655.2],[-0.201794,42.586464,1652.5],[-0.202008,42.586392,1647.1],[-0.202151,42.586467,1643.5],[-0.202258,42.586392,1641.0],[-0.202504,42.586245,1635.4],[-0.202825,42.58611,1628.6],[-0.203032,42.586039,1622.6],[-0.203129,42.585965,1619.5],[-0.203176,42.585872,1617.4],[-0.203264,42.585786,1613.6],[-0.203466,42.585669,1607.9],[-0.203643,42.585547,1604.3],[-0.20391,42.585513,1599.4],[-0.204145,42.585504,1595.4],[-0.204252,42.585493,1593.6],[-0.204409,42.585617,1588.2],[-0.204489,42.58572,1584.8],[-0.204557,42.585835,1581.6],[-0.204717,42.585777,1576.4],[-0.204771,42.58582,1574.1],[-0.204876,42.585886,1570.0],[-0.205032,42.585984,1563.2],[-0.205118,42.586137,1558.4],[-0.205136,42.586253,1556.4],[-0.205146,42.586379,1553.8],[-0.205128,42.58658,1548.9],[-0.204946,42.586742,1548.7],[-0.204865,42.586879,1547.5],[-0.204868,42.58704,1545.0],[-0.204872,42.587154,1544.3],[-0.20482,42.587368,1540.8],[-0.204833,42.587516,1535.0],[-0.20477,42.587776,1525.2],[-0.204732,42.587855,1523.1],[-0.204576,42.587996,1530.9],[-0.204687,42.588019,1524.7],[-0.204799,42.588053,1519.0],[-0.204888,42.588075,1514.9],[-0.204892,42.58817,1512.2],[-0.204821,42.588293,1512.4],[-0.204815,42.588446,1510.9],[-0.204767,42.58859,1512.0],[-0.204694,42.588696,1514.0],[-0.204851,42.588676,1512.5],[-0.205018,42.588605,1507.8],[-0.205178,42.588453,1501.6],[-0.205386,42.588346,1494.6],[-0.205509,42.588357,1499.1],[-0.205677,42.588211,1495.1],[-0.205848,42.588119,1492.9],[-0.205937,42.588039,1490.2],[-0.205983,42.588035,1490.7],[-0.206019,42.588013,1489.5],[-0.206174,42.587915,1485.1],[-0.20623,42.587906,1485.4],[-0.206232,42.587898,1485.0],[-0.206317,42.587905,1485.8],[-0.206425,42.587893,1484.4],[-0.206565,42.587915,1484.4],[-0.206756,42.587977,1484.4],[-0.207234,42.588164,1482.4],[-0.207308,42.588224,1483.4],[-0.207359,42.588327,1486.4],[-0.207511,42.588257,1482.2],[-0.207524,42.588218,1480.8],[-0.207732,42.588082,1479.5],[-0.207869,42.588019,1479.3],[-0.207932,42.588021,1480.1],[-0.208113,42.58797,1479.9],[-0.208175,42.587962,1479.2],[-0.208235,42.587973,1479.4],[-0.208413,42.587999,1479.6],[-0.208637,42.588021,1479.0],[-0.208807,42.587992,1477.7],[-0.208905,42.587967,1477.2],[-0.209031,42.587957,1477.2],[-0.209162,42.587961,1477.2],[-0.209265,42.587967,1477.3],[-0.209394,42.587928,1475.9],[-0.209562,42.587859,1473.4],[-0.209742,42.587833,1472.2],[-0.209981,42.587845,1471.7],[-0.210226,42.587857,1471.3],[-0.210479,42.587832,1470.6],[-0.210634,42.587757,1468.9],[-0.210829,42.587703,1467.8],[-0.211068,42.587625,1466.8],[-0.211261,42.587595,1466.5],[-0.211387,42.587606,1466.7],[-0.211476,42.587606,1466.6],[-0.211565,42.58769,1467.7],[-0.211664,42.587779,1468.9],[-0.211697,42.587848,1470.4],[-0.21171,42.58793,1472.2],[-0.211732,42.588006,1473.9],[-0.211648,42.58806,1475.5],[-0.211614,42.588133,1477.4],[-0.211657,42.588165,1477.9],[-0.211671,42.58826,1480.3],[-0.211694,42.588336,1482.7],[-0.211621,42.588403,1485.4],[-0.211534,42.588438,1486.9],[-0.211621,42.588515,1488.9],[-0.211636,42.588512,1488.7],[-0.211661,42.588522,1488.9],[-0.211697,42.588555,1489.6],[-0.211688,42.58857,1490.0],[-0.21166,42.588619,1491.6],[-0.211761,42.588709,1493.3],[-0.211745,42.588845,1496.3],[-0.211715,42.588955,1498.7],[-0.211608,42.589202,1503.9],[-0.211654,42.589358,1506.4],[-0.211679,42.589462,1508.8],[-0.211663,42.589503,1510.2],[-0.211693,42.589536,1510.6],[-0.211712,42.589554,1510.9],[-0.211777,42.589551,1510.3],[-0.211821,42.589605,1511.6],[-0.21196,42.589669,1513.0],[-0.212018,42.589735,1515.5],[-0.212051,42.589772,1516.9],[-0.212111,42.589873,1521.1],[-0.212111,42.589953,1524.7],[-0.212042,42.589991,1526.9],[-0.212048,42.590034,1528.8],[-0.212106,42.590072,1529.8],[-0.212165,42.590123,1531.0],[-0.212116,42.590185,1533.2],[-0.212153,42.590231,1534.5],[-0.212256,42.590273,1535.8],[-0.21241,42.59035,1537.0],[-0.212478,42.590433,1539.0],[-0.21251,42.590518,1541.4],[-0.212571,42.590572,1542.5],[-0.212582,42.590657,1544.6],[-0.212629,42.590721,1545.8],[-0.212613,42.590828,1548.9],[-0.212529,42.590884,1551.0],[-0.212431,42.590934,1552.7],[-0.212359,42.591106,1556.2],[-0.212282,42.591222,1558.6],[-0.212299,42.591299,1559.9],[-0.212265,42.591388,1561.6],[-0.212273,42.591522,1564.1],[-0.21227,42.591571,1565.0],[-0.212244,42.591613,1565.8],[-0.212252,42.591745,1568.6],[-0.212244,42.591845,1570.8],[-0.212265,42.591968,1573.0],[-0.212241,42.59206,1574.6],[-0.212208,42.592136,1576.2],[-0.212195,42.592217,1578.0],[-0.212182,42.592285,1579.6],[-0.212247,42.592336,1580.3],[-0.21238,42.592387,1580.7],[-0.21247,42.592447,1581.5],[-0.212527,42.59253,1582.7],[-0.212512,42.592621,1585.1],[-0.212468,42.592723,1588.0],[-0.212469,42.592867,1591.8],[-0.212439,42.592891,1592.5],[-0.21242,42.592922,1593.4],[-0.212456,42.592973,1594.7],[-0.212477,42.593001,1595.4],[-0.212464,42.593052,1597.3],[-0.212507,42.593123,1599.4],[-0.212566,42.593175,1600.5],[-0.212566,42.593237,1602.8],[-0.212581,42.593259,1603.5],[-0.21262,42.593308,1605.2],[-0.212679,42.59343,1609.9],[-0.212684,42.593548,1613.3],[-0.212653,42.593648,1616.3],[-0.212557,42.593764,1620.4],[-0.212568,42.593768,1620.4],[-0.212517,42.593855,1623.4],[-0.212513,42.593953,1626.1],[-0.212512,42.593959,1626.3],[-0.21251,42.593963,1626.4],[-0.212546,42.593997,1626.7],[-0.212543,42.594078,1628.8],[-0.212595,42.594193,1631.1],[-0.212615,42.594227,1631.6],[-0.212615,42.594302,1633.7],[-0.212659,42.594424,1635.6],[-0.212656,42.594492,1637.1],[-0.212634,42.594573,1639.2],[-0.21251,42.594659,1642.5],[-0.212367,42.594758,1646.0],[-0.212427,42.594844,1646.2],[-0.212438,42.594994,1648.7],[-0.212416,42.595093,1652.5],[-0.21249,42.595256,1657.4],[-0.212526,42.59533,1659.2],[-0.212527,42.595404,1661.7],[-0.212478,42.595442,1663.6],[-0.212358,42.595447,1665.5],[-0.212343,42.595525,1668.3],[-0.212391,42.595653,1672.0],[-0.212544,42.595799,1674.9],[-0.212681,42.595938,1677.9],[-0.212783,42.596041,1679.7],[-0.212881,42.596159,1682.1],[-0.213002,42.596238,1682.5],[-0.213094,42.59633,1684.1],[-0.213123,42.596401,1685.9],[-0.21306,42.596455,1688.3],[-0.213129,42.59658,1690.7],[-0.213234,42.596691,1692.3],[-0.2133,42.596813,1695.1],[-0.213395,42.596913,1696.8],[-0.213459,42.596991,1698.3],[-0.213552,42.597066,1699.5],[-0.213631,42.597129,1700.6],[-0.213689,42.59718,1701.4],[-0.213773,42.59729,1703.1],[-0.213846,42.597421,1706.1],[-0.213918,42.597483,1706.5],[-0.213972,42.597552,1707.4],[-0.214025,42.597628,1708.5],[-0.214043,42.597699,1710.2],[-0.214027,42.597742,1711.9],[-0.214037,42.597838,1713.4],[-0.214025,42.597943,1715.6],[-0.214031,42.598064,1717.5],[-0.214052,42.598144,1718.1],[-0.214096,42.598289,1718.5],[-0.2141,42.598286,1718.3],[-0.21411,42.598348,1718.7],[-0.214144,42.598403,1718.3],[-0.214111,42.598505,1721.2],[-0.214104,42.598576,1722.9],[-0.214066,42.59862,1725.1],[-0.214085,42.598704,1725.7],[-0.214083,42.598815,1727.1],[-0.214095,42.59888,1727.4],[-0.214081,42.598928,1728.5],[-0.214123,42.599006,1728.0],[-0.214129,42.599059,1728.5],[-0.214158,42.599119,1728.4],[-0.214142,42.599234,1730.3],[-0.214147,42.59936,1731.5],[-0.214156,42.599479,1732.0],[-0.214155,42.599592,1733.1],[-0.214102,42.599664,1735.6],[-0.214141,42.599755,1735.5],[-0.214158,42.599847,1736.9],[-0.214192,42.599958,1738.9],[-0.21423,42.599988,1739.1],[-0.214368,42.600086,1741.2],[-0.214501,42.600181,1744.0],[-0.214547,42.600229,1745.6],[-0.214617,42.600323,1748.9],[-0.214684,42.600412,1752.3],[-0.21477,42.600472,1754.7],[-0.214949,42.60054,1758.1],[-0.215181,42.600679,1764.1],[-0.215361,42.600776,1767.7],[-0.215512,42.600834,1770.3],[-0.215699,42.600886,1773.6],[-0.215798,42.600897,1775.1],[-0.216024,42.600852,1777.2],[-0.216224,42.600836,1780.6],[-0.216484,42.600753,1783.2],[-0.216692,42.600723,1785.6],[-0.216925,42.60068,1786.6],[-0.21693,42.600761,1788.9],[-0.21685,42.600878,1791.9],[-0.216732,42.601003,1794.2],[-0.216677,42.601098,1796.8],[-0.216549,42.601218,1799.7],[-0.216449,42.601306,1802.0],[-0.216545,42.60137,1805.8],[-0.216727,42.601481,1811.4],[-0.216898,42.601587,1816.1],[-0.216973,42.601654,1818.0],[-0.21734,42.60162,1819.8],[-0.217679,42.601571,1821.6],[-0.217901,42.601518,1824.6],[-0.218172,42.601489,1830.1],[-0.218384,42.601446,1832.9],[-0.218629,42.601412,1836.3],[-0.218875,42.601393,1841.1],[-0.219037,42.60132,1844.6],[-0.21924,42.601208,1849.0],[-0.219366,42.601106,1850.8],[-0.219453,42.601046,1852.6],[-0.219546,42.600987,1854.1],[-0.219707,42.600926,1858.0],[-0.219855,42.600916,1862.3],[-0.219967,42.600862,1864.2],[-0.220188,42.600805,1869.9],[-0.220344,42.600785,1874.4],[-0.220515,42.600754,1877.4],[-0.220721,42.600747,1881.5],[-0.220893,42.600761,1884.6],[-0.221048,42.600776,1887.2],[-0.22129,42.600792,1891.0],[-0.221462,42.600815,1893.9],[-0.221702,42.600869,1898.7],[-0.221861,42.600868,1900.0],[-0.222332,42.600928,1903.5],[-0.222616,42.600979,1906.0],[-0.222865,42.601033,1908.0],[-0.223115,42.60107,1909.0],[-0.223389,42.601135,1910.0],[-0.223571,42.601177,1909.8],[-0.223834,42.601181,1910.3],[-0.224039,42.601203,1910.7],[-0.224225,42.60122,1911.2],[-0.224423,42.601215,1913.5],[-0.224796,42.601205,1919.3],[-0.225004,42.601176,1922.1],[-0.225218,42.601117,1922.1],[-0.225391,42.601052,1923.4],[-0.225586,42.600988,1926.0],[-0.225808,42.600891,1928.2],[-0.226019,42.600792,1929.4],[-0.226192,42.600708,1931.5],[-0.226277,42.60065,1933.1],[-0.22647,42.600548,1936.8],[-0.22661,42.600453,1939.2],[-0.226746,42.600371,1941.6],[-0.227023,42.600261,1945.0],[-0.227267,42.600187,1947.9],[-0.227472,42.600134,1950.3],[-0.22763,42.600088,1952.7],[-0.227771,42.60003,1953.5],[-0.227976,42.599935,1954.4],[-0.228139,42.599882,1955.9],[-0.228465,42.599809,1959.8],[-0.228566,42.599812,1961.7],[-0.228791,42.599777,1963.1],[-0.228935,42.599791,1964.4],[-0.228997,42.599789,1964.5],[-0.229082,42.599755,1964.7],[-0.229127,42.59977,1964.9]]}},{"type":"Feature","properties":{"Name":"K — Laspuña–Escalona–Boltaña","etapa":"K","original_name":"K_Laspuña-Escalona-Boltaña","point_count":1032,"length_km":15.5},"geometry":{"type":"LineString","coordinates":[[0.154913,42.503251,719.3],[0.154836,42.503284,719.1],[0.154738,42.503219,718.9],[0.154552,42.503122,718.3],[0.154336,42.503017,716.6],[0.154123,42.502953,714.5],[0.154043,42.503045,714.0],[0.153954,42.503112,713.6],[0.153796,42.503149,711.4],[0.153726,42.503188,710.1],[0.153676,42.503275,709.5],[0.153625,42.503337,708.7],[0.153506,42.503391,704.6],[0.153482,42.503504,703.1],[0.153452,42.503625,701.5],[0.153381,42.503708,698.7],[0.153325,42.50379,696.7],[0.153284,42.503887,696.1],[0.153247,42.504013,696.3],[0.153107,42.504141,692.9],[0.1529,42.504299,688.6],[0.152739,42.504481,688.4],[0.152589,42.504675,686.6],[0.152323,42.504845,677.6],[0.151964,42.505205,662.7],[0.151946,42.505265,661.7],[0.151953,42.505302,661.2],[0.152024,42.505362,662.2],[0.152207,42.50542,668.5],[0.152269,42.505478,668.9],[0.152296,42.505549,667.3],[0.152273,42.505702,660.3],[0.152276,42.505798,657.3],[0.152302,42.505893,655.1],[0.152399,42.506054,652.1],[0.152527,42.506198,652.9],[0.152705,42.506327,657.3],[0.152759,42.506414,658.0],[0.152746,42.506499,656.1],[0.152673,42.506557,655.2],[0.152574,42.506573,654.6],[0.152452,42.506542,653.5],[0.152201,42.506406,650.2],[0.15186,42.506239,648.0],[0.151556,42.506076,642.7],[0.151145,42.505804,636.2],[0.150906,42.505674,632.7],[0.150739,42.505614,630.2],[0.150414,42.50554,627.0],[0.150072,42.505476,624.8],[0.149861,42.50548,623.6],[0.149383,42.505546,621.1],[0.149175,42.505604,620.9],[0.148817,42.505719,619.1],[0.148579,42.505785,616.3],[0.148445,42.505839,614.7],[0.148117,42.505849,609.7],[0.147437,42.505889,608.3],[0.146924,42.505912,609.6],[0.146491,42.505941,610.0],[0.146342,42.505959,610.0],[0.146207,42.505947,610.0],[0.146197,42.505911,610.0],[0.146457,42.505867,610.0],[0.146747,42.505805,610.0],[0.146889,42.505688,610.0],[0.147112,42.505398,610.0],[0.147242,42.505178,610.0],[0.147301,42.505051,610.0],[0.147336,42.504863,610.0],[0.147378,42.504496,610.0],[0.1474,42.504268,610.0],[0.147413,42.50398,610.0],[0.147468,42.503576,609.2],[0.147497,42.503244,608.3],[0.147504,42.503043,608.9],[0.147579,42.502889,608.7],[0.147577,42.502733,608.7],[0.147546,42.50255,608.5],[0.147566,42.502418,608.1],[0.147556,42.502195,607.7],[0.147478,42.501972,607.9],[0.147402,42.501773,607.3],[0.147268,42.501479,605.8],[0.147102,42.501017,601.8],[0.146994,42.500762,596.9],[0.146916,42.500596,596.5],[0.146778,42.500265,596.0],[0.146598,42.499907,597.4],[0.146485,42.499652,599.0],[0.14641,42.499478,598.9],[0.146223,42.499028,598.0],[0.146064,42.498731,598.0],[0.145932,42.498373,597.0],[0.14582,42.498095,597.0],[0.145779,42.498062,597.0],[0.145607,42.498117,597.0],[0.145415,42.498154,597.0],[0.145224,42.498199,597.0],[0.145049,42.498255,597.2],[0.144826,42.498324,598.0],[0.144574,42.49836,598.3],[0.144349,42.498351,598.7],[0.144211,42.498346,599.0],[0.144155,42.498303,599.2],[0.14406,42.498087,599.8],[0.14394,42.497431,599.9],[0.14393,42.49738,599.8],[0.143858,42.497089,599.0],[0.143811,42.496882,598.9],[0.143774,42.496648,599.8],[0.143861,42.496512,603.6],[0.143885,42.496482,604.3],[0.143824,42.496445,605.4],[0.143836,42.496433,605.7],[0.143872,42.496418,606.1],[0.143906,42.496382,607.9],[0.143931,42.496342,609.8],[0.143958,42.496221,615.6],[0.143913,42.496078,621.5],[0.143947,42.495955,624.8],[0.143996,42.495849,626.8],[0.143886,42.495862,628.6],[0.143803,42.49591,628.7],[0.143688,42.495928,630.6],[0.143617,42.495895,633.1],[0.143636,42.49584,634.1],[0.143592,42.495779,636.5],[0.143446,42.495811,638.5],[0.143284,42.495848,641.3],[0.143218,42.495929,640.8],[0.143185,42.496018,638.8],[0.143075,42.496028,640.6],[0.142964,42.496003,644.0],[0.142865,42.49591,648.5],[0.142789,42.495787,652.0],[0.142627,42.495703,654.8],[0.142461,42.495637,657.6],[0.142189,42.495633,659.8],[0.142035,42.495572,662.4],[0.142015,42.495491,664.5],[0.141778,42.495467,668.1],[0.141454,42.495471,670.7],[0.14135,42.495362,673.4],[0.141449,42.495315,676.1],[0.141594,42.495251,679.4],[0.141659,42.495048,688.0],[0.141766,42.49485,693.9],[0.141752,42.494706,696.5],[0.141628,42.494704,698.1],[0.141401,42.494716,699.6],[0.141111,42.494739,701.5],[0.140788,42.49469,707.0],[0.14068,42.494583,710.8],[0.140463,42.494492,715.7],[0.140225,42.494412,719.8],[0.140099,42.494254,722.8],[0.139883,42.494131,726.1],[0.139726,42.494049,728.3],[0.13955,42.49402,730.2],[0.139362,42.494076,731.1],[0.139266,42.494132,732.0],[0.1391,42.494254,733.5],[0.138975,42.494416,734.7],[0.138795,42.494463,737.3],[0.138697,42.49445,738.3],[0.138586,42.494347,741.6],[0.138448,42.494199,745.7],[0.138361,42.494085,748.8],[0.138367,42.494019,750.8],[0.138353,42.493972,752.1],[0.138316,42.493919,753.8],[0.138216,42.49388,755.8],[0.138118,42.493831,756.8],[0.138098,42.493752,760.5],[0.138159,42.493687,764.8],[0.13822,42.493611,768.6],[0.138256,42.49358,769.3],[0.138264,42.493542,770.9],[0.138255,42.493497,773.3],[0.138229,42.493457,776.0],[0.13814,42.493404,780.4],[0.138076,42.49342,780.5],[0.138011,42.493449,779.6],[0.137998,42.493382,783.0],[0.137984,42.493286,787.4],[0.138051,42.493201,789.6],[0.138075,42.493105,791.7],[0.138143,42.492934,794.9],[0.1382,42.492844,796.1],[0.138251,42.492795,795.7],[0.138321,42.492716,795.0],[0.138346,42.492656,795.4],[0.13835,42.492581,797.0],[0.13846,42.492447,797.5],[0.138608,42.492318,795.1],[0.138752,42.492117,795.2],[0.138939,42.491838,803.0],[0.13921,42.491558,802.5],[0.139537,42.491178,807.6],[0.139678,42.491005,809.2],[0.139598,42.490803,811.0],[0.139241,42.490685,818.0],[0.138636,42.490826,823.5],[0.138239,42.49085,827.3],[0.137997,42.490861,830.5],[0.137729,42.490803,827.5],[0.137487,42.490738,830.1],[0.13729,42.490667,832.3],[0.13693,42.490609,835.0],[0.136631,42.490603,835.3],[0.136467,42.49058,835.1],[0.136181,42.490552,837.9],[0.135868,42.490516,838.7],[0.135853,42.49043,842.0],[0.135885,42.490358,843.8],[0.135882,42.490282,846.5],[0.135928,42.49021,847.5],[0.135986,42.49012,848.5],[0.136017,42.490053,850.3],[0.136107,42.489959,852.0],[0.1362,42.489884,853.5],[0.136341,42.489809,851.5],[0.136371,42.489784,850.8],[0.136377,42.489764,850.7],[0.136348,42.489736,851.8],[0.136313,42.489759,852.8],[0.13628,42.489772,853.7],[0.136239,42.489784,854.7],[0.136208,42.48974,856.6],[0.136179,42.489676,859.2],[0.1361,42.489665,860.5],[0.135992,42.489702,861.1],[0.135934,42.489721,861.6],[0.135843,42.489752,862.9],[0.135786,42.489769,864.2],[0.135745,42.489765,865.2],[0.1357,42.489749,866.2],[0.135652,42.489723,867.3],[0.135598,42.489712,868.5],[0.135557,42.489716,869.4],[0.135537,42.489745,870.0],[0.135539,42.489791,870.2],[0.135515,42.489808,870.9],[0.135448,42.489841,872.9],[0.135418,42.489838,873.6],[0.135376,42.48981,874.4],[0.13534,42.489778,875.0],[0.135294,42.489758,875.9],[0.135261,42.489768,876.8],[0.135237,42.489794,877.9],[0.135227,42.489833,878.7],[0.135208,42.489863,879.7],[0.135135,42.48986,882.3],[0.135093,42.48984,883.5],[0.135052,42.489827,884.7],[0.135022,42.489856,886.2],[0.134982,42.489871,887.8],[0.134961,42.489893,888.8],[0.134946,42.489926,889.2],[0.134915,42.489991,888.0],[0.134864,42.490037,888.0],[0.134802,42.490026,890.2],[0.13476,42.489978,893.2],[0.134702,42.489895,896.4],[0.134641,42.489761,896.1],[0.134511,42.489752,898.7],[0.134348,42.489748,902.2],[0.134252,42.48981,904.0],[0.134153,42.489799,905.4],[0.133994,42.489874,907.8],[0.133855,42.489958,909.0],[0.133516,42.490054,911.3],[0.133374,42.490133,910.5],[0.133193,42.490216,911.7],[0.132806,42.490331,919.3],[0.132615,42.490525,918.4],[0.132491,42.490658,919.1],[0.13222,42.490932,923.3],[0.132048,42.491052,926.7],[0.13186,42.491246,928.8],[0.131661,42.491359,930.6],[0.131447,42.491228,934.9],[0.131275,42.49111,938.4],[0.131225,42.490945,939.8],[0.131249,42.490827,940.9],[0.131341,42.49055,943.8],[0.131502,42.490248,947.5],[0.13156,42.490065,951.7],[0.131536,42.489981,952.1],[0.131507,42.489871,952.2],[0.131507,42.489767,953.1],[0.131519,42.489685,953.4],[0.131562,42.489589,954.7],[0.131641,42.489512,956.2],[0.131664,42.489436,955.6],[0.131611,42.489402,953.7],[0.131523,42.489367,950.7],[0.131496,42.489322,949.1],[0.131503,42.489269,947.3],[0.131413,42.489221,944.1],[0.131332,42.489176,941.7],[0.131239,42.489122,939.7],[0.131159,42.489073,937.5],[0.131075,42.489077,937.0],[0.130919,42.489094,936.6],[0.130841,42.489088,936.6],[0.130762,42.489078,936.7],[0.130666,42.489062,937.2],[0.130567,42.489009,938.9],[0.13046,42.488945,941.7],[0.13039,42.488915,943.5],[0.130273,42.488876,945.8],[0.130128,42.488822,948.6],[0.129982,42.488749,951.2],[0.129888,42.488695,952.5],[0.129857,42.488641,952.4],[0.129889,42.488556,952.1],[0.129828,42.488492,952.6],[0.129741,42.488472,953.5],[0.129627,42.488439,953.5],[0.129524,42.488337,956.1],[0.129494,42.488251,958.7],[0.129428,42.488093,962.0],[0.129411,42.487916,964.9],[0.129363,42.487812,968.9],[0.129278,42.48777,971.7],[0.129163,42.48771,976.5],[0.129134,42.487616,977.3],[0.129117,42.487526,978.7],[0.129104,42.487396,980.5],[0.129108,42.487309,983.0],[0.129151,42.487248,983.0],[0.129245,42.487144,984.3],[0.129342,42.487019,985.7],[0.129435,42.486894,986.2],[0.129494,42.486787,987.5],[0.129543,42.48666,990.0],[0.12956,42.486572,990.5],[0.129521,42.486495,993.2],[0.129475,42.486411,996.4],[0.129473,42.486363,997.0],[0.129468,42.486279,998.2],[0.129489,42.486184,998.1],[0.129477,42.486115,999.3],[0.129417,42.486077,1003.3],[0.129382,42.485961,1007.1],[0.129381,42.48585,1008.6],[0.129434,42.485769,1007.1],[0.129438,42.48569,1010.5],[0.129428,42.485617,1014.5],[0.129483,42.485564,1013.2],[0.129511,42.485505,1013.5],[0.129527,42.485434,1015.2],[0.129529,42.485376,1017.3],[0.129494,42.485184,1017.6],[0.129478,42.485019,1013.9],[0.129455,42.484924,1011.3],[0.129527,42.484903,1010.5],[0.129319,42.484835,1008.1],[0.129158,42.484713,1003.6],[0.129023,42.484594,999.4],[0.128815,42.484539,998.0],[0.128559,42.484468,994.6],[0.128395,42.484316,990.3],[0.128348,42.484131,986.6],[0.128358,42.484046,985.0],[0.128236,42.483974,986.1],[0.128119,42.483872,986.1],[0.127967,42.483756,986.0],[0.127833,42.483641,984.7],[0.127766,42.483616,984.7],[0.127691,42.483519,982.8],[0.127567,42.483399,981.4],[0.127506,42.483335,981.0],[0.127443,42.483253,980.2],[0.127193,42.483204,983.7],[0.12705,42.483108,982.3],[0.126943,42.483084,982.8],[0.126905,42.483006,979.5],[0.126825,42.482931,976.9],[0.1266,42.4829,976.9],[0.126384,42.482902,977.6],[0.12626,42.482905,978.4],[0.126077,42.482834,973.7],[0.125926,42.482813,974.5],[0.125754,42.482841,978.9],[0.125463,42.482836,978.1],[0.125349,42.48284,976.9],[0.12521,42.482854,976.0],[0.125003,42.482866,973.5],[0.124838,42.482908,972.3],[0.124776,42.482945,972.0],[0.124694,42.483002,971.4],[0.124496,42.483098,967.7],[0.124407,42.483157,967.5],[0.124337,42.483192,967.2],[0.124271,42.483194,965.6],[0.124179,42.483201,964.9],[0.12413,42.483233,966.4],[0.124035,42.483239,965.7],[0.123874,42.483227,964.4],[0.123652,42.483189,961.6],[0.123538,42.483184,961.4],[0.123388,42.483184,961.8],[0.123283,42.483158,959.7],[0.123126,42.483119,957.1],[0.122919,42.483035,951.8],[0.12281,42.483009,951.0],[0.122731,42.482953,949.1],[0.12258,42.482959,946.6],[0.122491,42.483019,944.9],[0.122415,42.483072,942.7],[0.122345,42.483196,941.4],[0.122158,42.483273,937.8],[0.121943,42.483282,938.4],[0.121734,42.483274,941.3],[0.121548,42.4832,941.1],[0.121268,42.483099,938.5],[0.121111,42.483023,937.8],[0.120882,42.482996,938.8],[0.120775,42.483078,937.6],[0.120729,42.483152,937.9],[0.120606,42.48326,935.5],[0.120516,42.483337,934.3],[0.120417,42.483416,933.8],[0.120347,42.483511,934.4],[0.120281,42.483634,938.3],[0.120243,42.483737,941.9],[0.120182,42.483749,941.4],[0.120117,42.483704,938.7],[0.120092,42.483671,937.1],[0.120023,42.483616,936.2],[0.11996,42.483597,938.7],[0.119865,42.483605,943.7],[0.119856,42.483551,942.7],[0.119772,42.483427,944.1],[0.119719,42.48325,943.2],[0.119672,42.483126,943.0],[0.119596,42.483058,943.1],[0.119501,42.483002,943.8],[0.119326,42.483004,946.8],[0.119214,42.483042,949.2],[0.119059,42.483043,949.2],[0.118866,42.483031,947.0],[0.118724,42.483017,946.0],[0.118582,42.483005,945.8],[0.118492,42.482952,944.0],[0.118535,42.482915,943.5],[0.118602,42.482888,943.6],[0.118685,42.482839,943.3],[0.118779,42.482793,941.4],[0.118867,42.482719,938.8],[0.118958,42.482615,938.2],[0.119022,42.482528,937.8],[0.119006,42.482364,942.8],[0.119044,42.482279,943.3],[0.119031,42.482209,944.1],[0.118938,42.482145,947.1],[0.118849,42.482088,950.4],[0.11876,42.482047,954.1],[0.118672,42.482052,956.8],[0.118588,42.482004,958.7],[0.118504,42.481945,960.1],[0.118385,42.481868,961.1],[0.118305,42.481822,961.4],[0.118316,42.481771,962.1],[0.11839,42.481737,962.0],[0.118483,42.481699,961.9],[0.118574,42.481624,963.2],[0.118688,42.481542,964.5],[0.118772,42.481436,966.1],[0.118818,42.481323,967.6],[0.118887,42.481147,968.7],[0.118978,42.480906,970.5],[0.118982,42.480857,970.7],[0.118967,42.48068,971.8],[0.118941,42.480541,971.4],[0.118835,42.480421,974.3],[0.118802,42.48027,974.7],[0.118758,42.480161,976.8],[0.118751,42.480067,978.6],[0.118816,42.479992,979.3],[0.118914,42.479952,979.8],[0.119103,42.479931,979.5],[0.119311,42.479898,979.9],[0.119402,42.479878,979.8],[0.11957,42.479814,980.6],[0.119636,42.479761,981.1],[0.119667,42.479681,981.8],[0.119697,42.479587,982.4],[0.119654,42.479367,986.8],[0.119653,42.479294,987.5],[0.119628,42.4792,990.6],[0.119703,42.479135,988.5],[0.119815,42.479059,986.0],[0.119889,42.478971,986.4],[0.119917,42.478842,989.7],[0.119937,42.478695,991.4],[0.119954,42.478418,996.3],[0.12002,42.478171,1000.8],[0.1201,42.478008,1001.8],[0.120116,42.477867,1003.8],[0.12017,42.477791,1004.4],[0.1202,42.477446,1005.0],[0.120235,42.477363,1004.1],[0.120294,42.477169,1002.6],[0.120285,42.476977,1002.6],[0.120265,42.476885,1002.7],[0.120067,42.476865,1002.7],[0.119968,42.476871,1002.5],[0.119859,42.476792,1000.1],[0.119781,42.47674,997.8],[0.119636,42.476756,996.7],[0.119509,42.476738,994.4],[0.119438,42.47674,993.7],[0.119295,42.476727,990.8],[0.119186,42.47669,987.4],[0.119124,42.476708,987.1],[0.119,42.476756,985.4],[0.118879,42.476812,983.8],[0.118614,42.476831,978.2],[0.118537,42.476813,975.7],[0.11841,42.476812,972.7],[0.118301,42.476821,970.7],[0.118156,42.476835,967.8],[0.118172,42.476821,967.5],[0.118214,42.476783,966.4],[0.118177,42.476758,963.8],[0.118076,42.476752,960.5],[0.117937,42.476782,958.1],[0.117818,42.476812,956.6],[0.117719,42.476817,954.5],[0.117699,42.476791,952.5],[0.117744,42.476761,951.9],[0.117824,42.476704,950.7],[0.11761,42.476712,945.8],[0.117434,42.476709,942.7],[0.11724,42.47672,940.3],[0.117161,42.47668,937.1],[0.117106,42.476659,935.2],[0.117014,42.476692,935.6],[0.116898,42.476683,934.1],[0.116736,42.47662,929.5],[0.116599,42.476645,928.2],[0.116483,42.476687,926.3],[0.116315,42.476802,926.7],[0.116173,42.476834,922.6],[0.116068,42.476884,920.8],[0.115874,42.476975,921.0],[0.115765,42.476941,915.7],[0.115625,42.476839,911.3],[0.115504,42.476787,908.8],[0.115384,42.476764,907.2],[0.115256,42.476731,904.7],[0.115098,42.476721,903.3],[0.114885,42.476696,899.7],[0.114896,42.47664,897.0],[0.114934,42.476578,894.3],[0.114794,42.476472,888.5],[0.114708,42.476472,887.6],[0.114605,42.476503,887.4],[0.1145,42.476345,881.6],[0.114542,42.476232,878.9],[0.114559,42.476089,875.4],[0.114507,42.475927,870.7],[0.114277,42.475837,868.5],[0.114121,42.475811,867.9],[0.113984,42.47577,866.7],[0.113946,42.475677,864.9],[0.113798,42.475622,863.4],[0.113641,42.475563,862.0],[0.113395,42.475561,862.3],[0.113235,42.475498,862.1],[0.112945,42.475403,860.0],[0.112691,42.475338,856.5],[0.112578,42.475237,856.8],[0.112492,42.475149,858.8],[0.112339,42.475046,862.0],[0.112113,42.474988,860.2],[0.111846,42.474939,852.0],[0.111689,42.474863,849.0],[0.111653,42.474823,849.3],[0.111584,42.474783,847.6],[0.111516,42.474748,845.4],[0.111435,42.474703,843.4],[0.111371,42.474692,841.5],[0.111324,42.474708,839.5],[0.11132,42.474749,838.1],[0.111326,42.474799,836.8],[0.11132,42.474859,837.0],[0.111287,42.474924,837.1],[0.111218,42.474928,836.1],[0.111104,42.474827,830.7],[0.111043,42.474726,832.0],[0.110954,42.474619,832.3],[0.110702,42.474481,829.5],[0.110469,42.474454,826.3],[0.110102,42.474359,827.0],[0.109679,42.474152,814.9],[0.109503,42.47408,813.7],[0.109306,42.474035,809.2],[0.109213,42.473985,804.3],[0.109267,42.47393,803.5],[0.109342,42.473884,806.0],[0.109348,42.473767,807.6],[0.109267,42.473741,802.2],[0.109213,42.473717,799.1],[0.109186,42.473682,799.1],[0.109176,42.473711,798.2],[0.109142,42.473749,797.1],[0.109104,42.473818,797.6],[0.109061,42.47382,796.7],[0.108994,42.473795,794.4],[0.108987,42.473708,792.9],[0.108917,42.473637,790.6],[0.108755,42.473525,793.0],[0.108693,42.473395,794.5],[0.108562,42.473314,797.1],[0.108401,42.473212,799.8],[0.108198,42.473023,800.9],[0.107974,42.472877,804.9],[0.107899,42.472833,806.4],[0.107766,42.472727,808.5],[0.107698,42.472637,809.1],[0.107575,42.472539,813.1],[0.107515,42.47246,814.5],[0.10749,42.472392,813.5],[0.107472,42.472306,810.8],[0.107407,42.47224,812.6],[0.10736,42.472166,814.1],[0.107377,42.472098,811.1],[0.107365,42.472003,809.7],[0.107311,42.471825,812.7],[0.107297,42.471783,813.3],[0.10724,42.471726,815.5],[0.107157,42.471565,817.1],[0.107076,42.471383,816.6],[0.107043,42.471313,816.5],[0.106976,42.471205,816.8],[0.106916,42.47114,816.6],[0.106861,42.471068,816.3],[0.106808,42.470928,815.2],[0.106822,42.470877,814.4],[0.106848,42.470721,812.2],[0.106935,42.470492,810.3],[0.106969,42.470428,809.5],[0.107055,42.470258,808.9],[0.107141,42.470113,809.0],[0.107289,42.46997,807.4],[0.107345,42.469902,805.1],[0.107359,42.469749,803.5],[0.107381,42.469593,802.2],[0.107482,42.469505,801.1],[0.107564,42.469406,800.5],[0.107626,42.469332,800.5],[0.107653,42.469144,801.6],[0.107635,42.469035,802.0],[0.107561,42.469043,801.5],[0.107416,42.469086,800.5],[0.107253,42.469142,799.2],[0.107093,42.469177,797.7],[0.106958,42.469213,796.2],[0.106778,42.469273,795.4],[0.106625,42.469258,793.5],[0.106509,42.469236,793.1],[0.106379,42.469157,792.9],[0.106296,42.469114,793.0],[0.106109,42.469025,794.0],[0.10602,42.468955,794.2],[0.105981,42.468867,793.5],[0.105962,42.468688,793.7],[0.106006,42.468638,793.2],[0.106144,42.468549,792.0],[0.106176,42.468472,792.0],[0.106195,42.468365,791.7],[0.106196,42.468302,791.1],[0.106198,42.468225,790.4],[0.106179,42.468169,789.9],[0.106059,42.468135,789.9],[0.105835,42.468134,790.4],[0.105673,42.468135,790.2],[0.105494,42.468147,789.2],[0.105317,42.46813,787.0],[0.105198,42.468095,783.5],[0.105101,42.468085,780.7],[0.105055,42.46814,782.0],[0.104883,42.468256,784.2],[0.10477,42.468367,784.2],[0.104681,42.468352,782.8],[0.104681,42.468243,781.6],[0.104747,42.46797,778.2],[0.104608,42.467872,780.9],[0.104475,42.467774,782.9],[0.104381,42.46767,783.3],[0.104218,42.467634,786.0],[0.103992,42.467633,789.8],[0.103698,42.467623,791.9],[0.10354,42.46763,792.4],[0.103335,42.467498,792.2],[0.10321,42.467261,793.2],[0.103195,42.467077,792.4],[0.103069,42.466743,795.7],[0.102965,42.466502,797.9],[0.102918,42.466356,798.0],[0.102777,42.4661,799.3],[0.102564,42.465914,801.2],[0.102328,42.465715,801.4],[0.102078,42.465604,801.7],[0.101838,42.465554,801.9],[0.101711,42.465458,800.5],[0.101639,42.465304,798.1],[0.101474,42.465112,799.8],[0.101342,42.464912,802.6],[0.101195,42.464769,805.2],[0.101058,42.464716,807.1],[0.100827,42.464625,807.7],[0.100487,42.46454,806.0],[0.100323,42.464485,805.4],[0.100269,42.464383,803.6],[0.100153,42.464196,802.5],[0.099904,42.464031,804.3],[0.099609,42.463822,802.7],[0.099631,42.463645,800.1],[0.099514,42.463501,800.9],[0.099175,42.463237,802.9],[0.099124,42.463022,802.0],[0.099075,42.462837,802.9],[0.099014,42.462704,803.5],[0.098776,42.462518,806.0],[0.098439,42.462367,806.6],[0.098207,42.462197,806.7],[0.098098,42.462093,807.1],[0.097814,42.461888,804.2],[0.097513,42.461736,805.3],[0.097275,42.461541,807.5],[0.096994,42.461296,807.7],[0.096854,42.461128,808.6],[0.096677,42.460932,810.8],[0.096569,42.460794,810.7],[0.096528,42.460764,812.1],[0.09636,42.460762,818.5],[0.096165,42.460765,821.1],[0.095945,42.460768,822.8],[0.095598,42.46078,822.4],[0.095443,42.460725,819.8],[0.095278,42.460673,816.5],[0.095189,42.460714,816.8],[0.095119,42.460775,816.9],[0.094948,42.460834,814.1],[0.094832,42.46085,814.0],[0.094737,42.460785,811.9],[0.094363,42.460678,811.7],[0.094078,42.460591,811.4],[0.093721,42.460483,810.8],[0.093587,42.460353,807.8],[0.093493,42.46019,804.3],[0.093362,42.460124,803.8],[0.093123,42.460108,802.5],[0.092686,42.460034,799.8],[0.092397,42.459983,798.4],[0.092106,42.459979,798.3],[0.092025,42.459995,798.8],[0.091924,42.460059,800.4],[0.091837,42.460023,800.0],[0.091636,42.45992,798.8],[0.091412,42.459881,799.4],[0.090879,42.45985,802.8],[0.090513,42.459857,804.0],[0.090147,42.459919,806.2],[0.089765,42.460043,806.3],[0.089596,42.460126,804.7],[0.08946,42.460288,804.7],[0.089375,42.460356,805.1],[0.089289,42.460338,804.9],[0.089118,42.46022,802.7],[0.088873,42.460078,801.2],[0.088713,42.459933,796.6],[0.088449,42.45983,793.5],[0.088158,42.459819,794.2],[0.087985,42.459819,793.1],[0.087712,42.459881,792.3],[0.087489,42.459998,792.8],[0.087292,42.460154,792.9],[0.08714,42.460217,794.7],[0.086951,42.460231,796.0],[0.086748,42.460246,799.0],[0.086461,42.460188,798.4],[0.086293,42.460249,799.8],[0.085973,42.460373,798.7],[0.085751,42.460515,798.9],[0.085579,42.460632,799.0],[0.085429,42.460742,796.2],[0.0854,42.460841,798.0],[0.085316,42.460917,799.3],[0.085198,42.460889,798.3],[0.085107,42.460781,794.8],[0.084976,42.460588,793.2],[0.084874,42.460441,794.0],[0.084778,42.460236,792.0],[0.084698,42.460093,789.8],[0.084638,42.459996,788.2],[0.084552,42.459919,786.0],[0.084359,42.459836,781.6],[0.08417,42.459733,776.6],[0.084084,42.459711,775.2],[0.083935,42.459756,774.6],[0.083823,42.459777,774.5],[0.083699,42.459749,773.6],[0.083595,42.459655,772.1],[0.083535,42.459578,770.9],[0.083576,42.45954,770.3],[0.083623,42.459482,769.1],[0.083629,42.459316,765.9],[0.083596,42.459195,763.6],[0.083549,42.459089,761.5],[0.083521,42.459042,760.7],[0.083508,42.45895,760.0],[0.083459,42.458823,758.3],[0.083422,42.458733,757.2],[0.08339,42.458641,756.1],[0.083326,42.458479,753.8],[0.083228,42.458334,751.5],[0.083159,42.45818,749.4],[0.083073,42.458119,747.2],[0.08301,42.458052,745.5],[0.082911,42.457975,743.0],[0.082803,42.457881,741.4],[0.082691,42.457872,740.1],[0.082546,42.457871,738.9],[0.082363,42.457865,738.2],[0.082226,42.457807,735.9],[0.082064,42.457697,730.9],[0.081944,42.457585,725.9],[0.081832,42.457535,723.2],[0.08169,42.457522,723.0],[0.081568,42.457566,724.9],[0.08143,42.45759,725.7],[0.081139,42.457603,724.3],[0.080941,42.457584,723.4],[0.080811,42.457559,722.9],[0.080632,42.457497,721.7],[0.080468,42.457448,720.5],[0.080171,42.457476,721.0],[0.079876,42.457462,721.0],[0.079694,42.457439,720.8],[0.07956,42.457406,719.6],[0.079379,42.457372,718.1],[0.079122,42.457351,716.3],[0.078884,42.457358,715.9],[0.078742,42.457341,714.6],[0.078561,42.457362,715.4],[0.078413,42.457344,713.1],[0.07825,42.457368,712.7],[0.078116,42.45743,713.4],[0.077916,42.457466,710.9],[0.077683,42.457532,707.7],[0.077608,42.457565,706.6],[0.07745,42.457647,704.5],[0.077331,42.457687,702.8],[0.077212,42.4577,701.0],[0.077123,42.457655,697.4],[0.077158,42.457611,696.4],[0.077245,42.457534,696.1],[0.077316,42.457446,695.3],[0.077319,42.457353,691.6],[0.077358,42.457324,691.6],[0.077399,42.457238,689.3],[0.07742,42.457114,685.8],[0.077446,42.457045,684.3],[0.077483,42.456972,682.9],[0.077554,42.456847,679.7],[0.077487,42.456814,677.1],[0.077437,42.456816,676.3],[0.077385,42.456767,674.5],[0.077305,42.456686,672.6],[0.077243,42.456632,671.4],[0.077053,42.45659,670.1],[0.076984,42.456589,670.4],[0.076874,42.456595,670.7],[0.076743,42.456581,671.6],[0.076617,42.456562,674.7],[0.076538,42.456532,675.5],[0.076575,42.45641,671.5],[0.07639,42.456335,669.6],[0.076139,42.456195,667.9],[0.076028,42.455972,668.2],[0.076083,42.455827,668.4],[0.076262,42.455768,666.7],[0.076567,42.455727,663.4],[0.076864,42.455642,660.8],[0.077143,42.455566,661.5],[0.077232,42.455392,660.0],[0.077271,42.455266,659.9],[0.077114,42.455142,658.8],[0.076815,42.455003,659.4],[0.076443,42.454958,660.6],[0.076173,42.454932,658.5],[0.075957,42.454897,657.8],[0.075876,42.45484,657.7],[0.075767,42.454719,655.2],[0.075734,42.454497,650.9],[0.075826,42.454375,649.6],[0.07591,42.454289,649.9],[0.075956,42.454208,649.6],[0.076008,42.454091,648.6],[0.075988,42.453979,647.7],[0.075929,42.453912,647.6],[0.075938,42.453833,647.3],[0.07593,42.45377,647.2],[0.075894,42.453704,647.0],[0.075862,42.453672,646.9],[0.075847,42.453614,646.6],[0.075794,42.453567,646.4],[0.075648,42.453405,645.8],[0.075478,42.453341,644.9],[0.075338,42.453255,643.8],[0.075232,42.453182,643.5],[0.075081,42.453182,641.7],[0.074956,42.453156,641.3],[0.07481,42.453102,640.6],[0.074738,42.453031,640.6],[0.074738,42.452917,640.2],[0.074693,42.452822,640.0],[0.074677,42.452692,640.0],[0.074565,42.452424,639.6],[0.074522,42.452267,639.4],[0.07452,42.452159,639.4],[0.074451,42.45204,638.8],[0.074292,42.451992,637.3],[0.074124,42.451983,636.3],[0.074013,42.451886,636.0],[0.073953,42.45174,635.2],[0.073881,42.451552,635.5],[0.073753,42.451401,634.8],[0.073717,42.45129,635.2],[0.073566,42.451124,633.3],[0.073417,42.451009,631.8],[0.073337,42.450931,633.8],[0.073128,42.450877,633.3],[0.072938,42.450845,632.2],[0.07279,42.450812,631.4],[0.072643,42.450789,630.6],[0.072485,42.450747,629.5],[0.072286,42.450684,629.2],[0.072127,42.450667,629.1],[0.072025,42.450637,628.9],[0.071821,42.450597,628.7],[0.071571,42.450554,628.6],[0.071394,42.450505,628.3],[0.071285,42.450543,629.1],[0.071249,42.450642,631.0],[0.0713,42.450758,630.2],[0.071396,42.450851,630.0],[0.071403,42.450948,631.2],[0.071342,42.451142,635.4],[0.071217,42.451215,637.9],[0.070979,42.451201,640.8],[0.070583,42.45122,647.5],[0.070405,42.451244,650.1],[0.070185,42.45124,651.2],[0.07005,42.451263,651.6],[0.069838,42.451356,650.6],[0.06969,42.451435,649.3],[0.069444,42.451472,646.2],[0.069332,42.451443,644.1],[0.06924,42.451327,643.7],[0.069188,42.451181,644.8],[0.069022,42.451156,643.4],[0.068804,42.451188,641.0],[0.068347,42.45114,642.0],[0.068082,42.451089,639.8],[0.06794,42.451011,638.4],[0.067653,42.450929,636.5],[0.067426,42.45094,635.2],[0.067102,42.450979,631.4],[0.067013,42.450953,631.5],[0.066877,42.450858,633.1],[0.066774,42.450762,634.0],[0.066767,42.450689,635.5],[0.066738,42.450604,636.4],[0.066597,42.450357,640.9],[0.066487,42.45021,643.1],[0.06643,42.449986,646.0],[0.06649,42.449915,647.3],[0.066595,42.449904,647.8],[0.066712,42.449866,646.9],[0.066775,42.449815,645.5],[0.06687,42.449747,643.6],[0.066994,42.449733,644.8],[0.067095,42.449695,646.4],[0.06712,42.449543,646.7],[0.067011,42.449375,646.4],[0.066822,42.449319,644.8],[0.066669,42.449291,644.0],[0.06652,42.449248,642.2],[0.066501,42.449168,642.7],[0.066529,42.449052,643.4],[0.066581,42.448839,642.7],[0.066608,42.448715,641.7],[0.06664,42.448551,640.3],[0.066702,42.44837,641.1],[0.066716,42.448233,639.9],[0.066781,42.448116,640.5],[0.066892,42.447956,641.4],[0.06698,42.447759,641.1],[0.066967,42.447681,639.0],[0.067037,42.447566,639.7],[0.067141,42.447429,640.8],[0.067269,42.447209,643.0],[0.067295,42.446855,646.6],[0.067229,42.446656,646.4],[0.067182,42.446617,645.3],[0.067075,42.44655,642.5],[0.066989,42.446494,640.6],[0.066874,42.446413,638.7],[0.066764,42.446329,637.1],[0.066636,42.446255,635.5],[0.066414,42.446149,632.9],[0.066284,42.446064,631.8],[0.066154,42.445959,627.4],[0.065948,42.445733,620.3],[0.065851,42.445632,617.1],[0.06576,42.445527,612.5],[0.065735,42.445203,606.8],[0.065715,42.445146,604.2],[0.065721,42.444964,598.7],[0.065782,42.444818,596.4],[0.065863,42.444771,597.6],[0.065989,42.44468,601.7],[0.066248,42.44447,596.4],[0.066325,42.444385,595.9]]}},{"type":"Feature","properties":{"Name":"L — Laspuña–El Pueyo de Araguás–Aínsa","etapa":"L","original_name":"L_Laspuña-El Pueyo de Araguás-Aínsa","point_count":841,"length_km":12.74},"geometry":{"type":"LineString","coordinates":[[0.154913,42.503251,719.8],[0.15506,42.503108,719.2],[0.15519,42.503023,718.2],[0.155342,42.50289,716.6],[0.155426,42.502821,714.9],[0.155544,42.502748,713.0],[0.155762,42.502784,714.8],[0.155866,42.502827,717.6],[0.156041,42.502857,715.0],[0.156154,42.502922,716.5],[0.156317,42.503001,718.7],[0.156432,42.503043,719.1],[0.156526,42.503047,718.5],[0.156589,42.503019,717.8],[0.156624,42.502972,717.4],[0.156611,42.502908,717.0],[0.156536,42.502769,715.7],[0.156479,42.502711,715.7],[0.15639,42.502557,717.3],[0.156344,42.502493,717.7],[0.156241,42.502405,717.7],[0.156215,42.502362,718.2],[0.156227,42.502307,718.9],[0.156312,42.502154,721.2],[0.156388,42.502017,722.1],[0.156432,42.501917,722.4],[0.156499,42.50173,721.8],[0.156554,42.501564,721.2],[0.156613,42.501442,720.8],[0.156665,42.501355,720.1],[0.156724,42.501289,719.4],[0.156782,42.501255,718.9],[0.156896,42.501224,718.2],[0.156992,42.501238,718.3],[0.157193,42.501306,719.0],[0.157291,42.501302,719.1],[0.157379,42.501259,719.5],[0.157411,42.501199,719.7],[0.157352,42.501086,719.1],[0.157232,42.500922,715.4],[0.157216,42.500845,715.5],[0.157223,42.500727,716.7],[0.157296,42.500544,721.8],[0.157323,42.50035,722.9],[0.157345,42.500075,727.1],[0.157346,42.499829,724.2],[0.157342,42.499617,722.6],[0.157405,42.499446,723.7],[0.157425,42.499254,723.1],[0.15747,42.498993,721.5],[0.157538,42.498853,721.6],[0.157648,42.498699,721.8],[0.157709,42.498581,721.8],[0.157741,42.498501,721.2],[0.157819,42.498418,718.3],[0.157954,42.498366,717.1],[0.15806,42.498343,716.6],[0.158331,42.498336,716.7],[0.158516,42.498301,716.3],[0.15866,42.498254,715.9],[0.158682,42.498199,716.4],[0.158654,42.498126,716.8],[0.158534,42.497995,715.8],[0.158343,42.497806,717.5],[0.158047,42.497537,719.7],[0.15788,42.497381,718.5],[0.15781,42.497309,717.7],[0.157758,42.497184,718.5],[0.157763,42.497083,720.0],[0.157777,42.496975,721.5],[0.157709,42.496835,720.7],[0.157693,42.496682,722.9],[0.157648,42.496608,722.6],[0.157567,42.496558,720.7],[0.157475,42.496521,718.5],[0.157408,42.49646,718.0],[0.157354,42.496349,717.6],[0.157329,42.4962,717.6],[0.157318,42.495939,716.7],[0.157294,42.495697,713.4],[0.157298,42.495398,711.3],[0.157313,42.495212,711.2],[0.157289,42.495087,710.1],[0.157225,42.494817,708.0],[0.157203,42.494686,707.4],[0.15719,42.494508,706.6],[0.157176,42.494441,706.0],[0.157133,42.494365,704.6],[0.157033,42.494253,701.7],[0.156949,42.494082,700.2],[0.15689,42.493964,699.2],[0.156833,42.493867,697.9],[0.156805,42.493803,697.3],[0.156838,42.493604,696.8],[0.156836,42.49347,695.3],[0.15681,42.49338,693.7],[0.156756,42.49322,691.2],[0.156762,42.493108,690.5],[0.156756,42.492976,690.2],[0.156716,42.492787,688.9],[0.156652,42.492635,687.1],[0.156624,42.492485,686.0],[0.156564,42.492385,684.3],[0.156545,42.492314,683.6],[0.156543,42.492228,683.3],[0.156592,42.492057,683.3],[0.156656,42.491928,683.5],[0.156688,42.49171,682.6],[0.156781,42.491493,683.1],[0.156833,42.491329,682.5],[0.156886,42.491259,682.1],[0.157027,42.491147,682.8],[0.157198,42.491012,684.3],[0.15734,42.490883,685.0],[0.157462,42.490754,684.8],[0.157614,42.490547,684.2],[0.15777,42.490382,685.5],[0.157941,42.49017,687.3],[0.158034,42.490052,688.4],[0.158068,42.489941,687.2],[0.158074,42.489838,685.8],[0.158091,42.489737,684.6],[0.158136,42.489672,684.3],[0.158265,42.489573,685.0],[0.158388,42.489472,685.2],[0.158443,42.489395,684.4],[0.158576,42.489278,684.7],[0.158637,42.489231,685.5],[0.158651,42.489194,686.0],[0.158633,42.48914,685.8],[0.158594,42.489057,685.0],[0.15861,42.488918,685.3],[0.158654,42.488726,685.8],[0.158674,42.488624,685.7],[0.158672,42.488488,684.7],[0.158677,42.488396,684.2],[0.158711,42.488318,684.3],[0.158822,42.488235,685.7],[0.158928,42.48814,687.1],[0.159068,42.487937,689.3],[0.159105,42.487741,688.3],[0.159137,42.487651,687.8],[0.159255,42.487499,687.6],[0.159572,42.487171,693.4],[0.159701,42.487005,693.4],[0.159736,42.48695,693.3],[0.159745,42.486874,692.8],[0.159744,42.48676,691.8],[0.15977,42.486699,692.0],[0.159868,42.486588,693.6],[0.159999,42.486406,695.3],[0.160123,42.486208,696.1],[0.160191,42.486077,696.6],[0.160288,42.485985,696.8],[0.160377,42.485916,697.5],[0.160664,42.48577,700.9],[0.160901,42.485622,702.5],[0.161115,42.485524,703.9],[0.161354,42.485418,704.3],[0.161568,42.485345,705.5],[0.161827,42.485223,704.9],[0.162006,42.485123,704.8],[0.162061,42.485037,704.9],[0.162075,42.484971,705.0],[0.162038,42.484899,704.4],[0.161846,42.484673,705.3],[0.161673,42.484474,707.5],[0.161534,42.484335,708.2],[0.161458,42.484251,708.6],[0.161446,42.484159,709.6],[0.161461,42.484028,711.2],[0.161535,42.483847,712.3],[0.161612,42.48373,712.5],[0.1617,42.483584,710.9],[0.161727,42.483478,710.2],[0.161736,42.483381,710.1],[0.161709,42.483197,710.9],[0.16173,42.483091,712.6],[0.161828,42.483007,713.8],[0.162208,42.482817,715.0],[0.162596,42.48259,712.3],[0.162709,42.482485,711.3],[0.162728,42.482402,709.5],[0.162703,42.482342,708.4],[0.162609,42.482324,706.7],[0.162453,42.482346,703.6],[0.162436,42.482337,789.8],[0.162156,42.482419,702.0],[0.161884,42.482448,703.1],[0.161637,42.482437,704.9],[0.161405,42.4824,707.4],[0.161221,42.482336,709.7],[0.161149,42.482288,710.9],[0.161111,42.482224,712.7],[0.161122,42.48214,714.2],[0.161183,42.482052,714.9],[0.161217,42.481977,715.3],[0.161207,42.481898,715.1],[0.161201,42.481844,789.8],[0.161105,42.481827,713.6],[0.160874,42.481724,712.2],[0.1607,42.481651,713.2],[0.160564,42.481581,714.3],[0.160513,42.481489,715.4],[0.160484,42.481314,716.8],[0.160432,42.481246,716.4],[0.160351,42.481196,715.6],[0.160136,42.481054,713.7],[0.160063,42.481004,713.4],[0.160019,42.480947,713.5],[0.160016,42.480858,714.0],[0.160026,42.480622,715.1],[0.160052,42.480534,715.3],[0.160052,42.480454,715.3],[0.160019,42.480314,715.2],[0.160016,42.48023,715.2],[0.160027,42.480146,715.0],[0.160071,42.480065,715.0],[0.160214,42.479874,715.5],[0.160379,42.479636,715.7],[0.160487,42.479488,716.0],[0.160601,42.4793,717.3],[0.160669,42.479214,718.8],[0.160779,42.47913,719.8],[0.160804,42.479071,720.0],[0.160787,42.478996,719.7],[0.160705,42.478915,718.8],[0.160512,42.478796,715.9],[0.160459,42.4787,715.6],[0.160392,42.478575,715.1],[0.160354,42.478442,714.2],[0.160336,42.478234,713.2],[0.160333,42.477987,712.2],[0.160333,42.477818,711.0],[0.160356,42.477732,710.5],[0.160405,42.477658,710.6],[0.160425,42.477622,789.8],[0.160475,42.477586,711.0],[0.160672,42.47746,712.6],[0.160822,42.47736,714.1],[0.160894,42.477278,714.9],[0.160918,42.477187,715.2],[0.160879,42.477095,714.8],[0.160809,42.477008,714.3],[0.160783,42.47692,714.4],[0.16076,42.476701,715.1],[0.160705,42.476515,715.0],[0.160652,42.476415,714.7],[0.160624,42.47633,714.6],[0.160595,42.47621,714.1],[0.160636,42.476029,713.8],[0.16066,42.475885,713.7],[0.160658,42.475777,713.0],[0.160655,42.475668,712.3],[0.160698,42.475481,712.0],[0.160754,42.475294,712.5],[0.160823,42.475133,712.8],[0.160899,42.474983,713.0],[0.16093,42.47484,713.1],[0.160951,42.474696,712.8],[0.160941,42.474545,712.1],[0.160962,42.474423,711.8],[0.161007,42.474317,711.6],[0.161097,42.474239,711.9],[0.161172,42.474178,712.1],[0.161289,42.474106,712.1],[0.161369,42.474022,712.2],[0.161389,42.473941,712.4],[0.161372,42.473828,712.4],[0.161379,42.47366,713.4],[0.161407,42.473486,713.6],[0.161396,42.47337,713.5],[0.161368,42.473284,713.3],[0.161385,42.473262,712.9],[0.161398,42.473234,712.2],[0.161409,42.473193,710.9],[0.161421,42.473129,789.8],[0.161415,42.473047,789.8],[0.161454,42.472912,789.8],[0.161614,42.472904,789.8],[0.161812,42.472899,789.8],[0.162001,42.47291,789.8],[0.162227,42.472852,789.8],[0.162332,42.472806,789.8],[0.16243,42.472709,789.8],[0.162562,42.472613,789.8],[0.162739,42.472537,789.8],[0.162747,42.472396,789.8],[0.162786,42.472254,789.8],[0.16286,42.4721,789.8],[0.163157,42.471918,789.8],[0.16328,42.471863,789.8],[0.163317,42.471838,789.8],[0.163325,42.471747,789.8],[0.163227,42.471699,702.0],[0.163047,42.471626,704.8],[0.162974,42.471542,710.1],[0.163057,42.471456,713.4],[0.163139,42.471332,716.3],[0.163221,42.471237,717.2],[0.163371,42.471122,720.1],[0.163418,42.47104,718.8],[0.163427,42.470947,715.7],[0.163367,42.470934,713.5],[0.163298,42.470942,712.3],[0.163218,42.47095,711.6],[0.163144,42.47092,710.1],[0.163102,42.47087,709.6],[0.163137,42.470803,711.1],[0.163257,42.47073,712.6],[0.163307,42.47069,713.3],[0.163293,42.470548,718.2],[0.163207,42.470284,724.4],[0.163171,42.470044,725.0],[0.163184,42.469923,724.7],[0.163239,42.469802,724.8],[0.163335,42.469714,726.3],[0.163496,42.46963,729.2],[0.163655,42.46958,731.6],[0.163799,42.469463,730.4],[0.163912,42.469335,727.5],[0.163934,42.469273,726.2],[0.163943,42.469216,726.4],[0.163806,42.469046,725.1],[0.163677,42.468871,728.2],[0.163612,42.468701,729.4],[0.163584,42.468558,729.8],[0.163595,42.468466,730.1],[0.163688,42.468389,732.4],[0.16379,42.468222,734.2],[0.163891,42.468101,734.8],[0.164124,42.467972,736.6],[0.164244,42.467889,736.0],[0.164412,42.467692,732.4],[0.164557,42.467488,729.9],[0.164632,42.467342,731.2],[0.164718,42.467132,732.5],[0.164816,42.46696,731.8],[0.164902,42.46682,730.2],[0.164965,42.466726,727.3],[0.165064,42.466559,723.4],[0.165128,42.466453,722.2],[0.165251,42.466347,721.8],[0.165338,42.466229,720.6],[0.165411,42.466167,720.3],[0.165543,42.466082,720.1],[0.165729,42.465999,721.2],[0.165964,42.46597,724.1],[0.16609,42.465926,727.0],[0.166184,42.465862,730.9],[0.166326,42.465785,735.2],[0.16656,42.46572,739.1],[0.166844,42.465553,745.8],[0.167124,42.465352,753.6],[0.167471,42.465197,755.6],[0.16778,42.465078,757.5],[0.168313,42.464895,762.0],[0.168714,42.464847,762.7],[0.168881,42.46485,762.9],[0.169121,42.464779,762.7],[0.169278,42.464746,763.2],[0.169341,42.464672,764.9],[0.16937,42.464602,766.5],[0.169367,42.464511,768.1],[0.169335,42.46436,770.0],[0.16935,42.464278,770.9],[0.169401,42.464178,772.2],[0.169513,42.464079,771.7],[0.169677,42.463945,771.2],[0.169699,42.463907,771.0],[0.169689,42.463866,770.3],[0.169616,42.463799,768.6],[0.16954,42.463709,766.6],[0.169464,42.463584,765.3],[0.169409,42.463498,764.3],[0.169423,42.46341,765.4],[0.169472,42.463312,767.2],[0.1696,42.463228,769.6],[0.169739,42.463142,770.8],[0.169897,42.463117,771.8],[0.170018,42.463089,772.7],[0.170093,42.463071,773.1],[0.170136,42.46301,773.6],[0.170142,42.462945,773.9],[0.170137,42.462879,774.2],[0.170089,42.462806,774.2],[0.169981,42.462723,773.5],[0.169965,42.462652,773.4],[0.169979,42.462573,773.6],[0.170046,42.462449,774.8],[0.170076,42.462379,775.2],[0.170079,42.462204,775.3],[0.170098,42.462109,775.4],[0.170146,42.461999,775.2],[0.170212,42.46191,775.5],[0.170278,42.461774,775.6],[0.170403,42.461631,776.4],[0.17054,42.461423,776.7],[0.170607,42.461359,777.3],[0.170692,42.461345,777.7],[0.17075,42.461332,778.1],[0.170776,42.461287,778.3],[0.170756,42.461016,779.2],[0.170792,42.460878,780.2],[0.170858,42.460723,781.6],[0.170826,42.460657,781.5],[0.170771,42.460623,780.9],[0.170736,42.46061,779.9],[0.170654,42.460588,779.9],[0.170572,42.460554,780.0],[0.1705,42.460491,781.4],[0.170464,42.460383,783.1],[0.170457,42.460277,785.0],[0.170491,42.460187,786.6],[0.170456,42.460083,788.0],[0.170388,42.45998,788.7],[0.170314,42.459862,790.8],[0.170273,42.459782,792.4],[0.170346,42.459649,795.1],[0.170393,42.459451,800.4],[0.170427,42.459338,802.1],[0.170518,42.459174,805.7],[0.170578,42.459064,807.4],[0.170584,42.458971,807.5],[0.170549,42.458822,809.6],[0.170544,42.458694,812.0],[0.170521,42.458637,813.2],[0.170428,42.45858,814.2],[0.170362,42.458515,815.4],[0.17034,42.458462,816.3],[0.170353,42.458373,818.0],[0.170376,42.458324,819.2],[0.170372,42.458292,821.2],[0.170188,42.45815,825.1],[0.170057,42.458071,824.9],[0.17009,42.45794,789.8],[0.170115,42.457937,821.7],[0.170129,42.457853,818.3],[0.170158,42.457772,816.5],[0.170118,42.457665,815.1],[0.170002,42.457644,812.0],[0.169959,42.457565,809.1],[0.170188,42.457431,805.7],[0.170574,42.457182,798.0],[0.1708,42.45707,789.8],[0.170231,42.456948,789.8],[0.170239,42.456945,789.8],[0.169989,42.456864,789.8],[0.169768,42.456656,789.8],[0.16955,42.456572,789.8],[0.169381,42.456496,789.8],[0.169192,42.456425,789.8],[0.168801,42.456276,789.8],[0.168759,42.456181,780.7],[0.168343,42.456073,773.9],[0.168126,42.455934,789.8],[0.167804,42.455854,789.8],[0.167628,42.455687,789.8],[0.167492,42.455657,789.8],[0.167173,42.455528,789.8],[0.166843,42.455476,789.8],[0.166661,42.455272,762.3],[0.166587,42.455252,789.8],[0.166479,42.45519,751.6],[0.166225,42.455075,738.7],[0.165959,42.454949,749.0],[0.165787,42.454857,756.1],[0.165618,42.454769,757.1],[0.165499,42.454689,755.6],[0.165438,42.454644,756.1],[0.165382,42.454533,757.7],[0.165342,42.454437,758.4],[0.165262,42.454324,756.8],[0.165206,42.454263,755.0],[0.165179,42.454172,754.0],[0.165144,42.454098,752.8],[0.165115,42.453955,751.7],[0.165066,42.453819,749.8],[0.165023,42.453752,748.7],[0.165017,42.453611,744.8],[0.164991,42.453477,740.7],[0.16502,42.453376,739.8],[0.165085,42.453254,739.1],[0.165159,42.453177,739.3],[0.165169,42.453126,738.6],[0.165187,42.452995,737.0],[0.16526,42.452803,735.7],[0.16531,42.452621,734.2],[0.165308,42.452555,733.4],[0.165274,42.452488,732.5],[0.165124,42.452441,730.6],[0.164965,42.45237,728.4],[0.164611,42.452157,723.7],[0.164452,42.452065,722.2],[0.164282,42.45202,720.2],[0.164184,42.45196,719.0],[0.16414,42.451878,718.3],[0.164038,42.451796,717.1],[0.164004,42.45174,716.4],[0.164024,42.451584,715.6],[0.163995,42.451532,715.1],[0.16393,42.4514,713.6],[0.163856,42.451314,712.3],[0.163763,42.451275,711.0],[0.163656,42.451216,710.1],[0.163522,42.451165,709.3],[0.163379,42.451111,708.1],[0.163261,42.451016,706.8],[0.16321,42.450892,706.1],[0.163128,42.450776,704.8],[0.163085,42.450707,703.7],[0.162932,42.4506,703.0],[0.162716,42.450512,701.8],[0.16244,42.450351,700.9],[0.162438,42.450299,699.2],[0.162353,42.450246,698.5],[0.162249,42.450196,697.7],[0.162155,42.450104,697.2],[0.162133,42.449902,695.9],[0.16211,42.449762,694.6],[0.162135,42.44969,694.2],[0.162152,42.449618,693.7],[0.162145,42.449524,693.0],[0.162101,42.449462,692.6],[0.161944,42.449379,691.7],[0.161858,42.449265,690.4],[0.161723,42.449032,688.6],[0.161595,42.44882,686.8],[0.161541,42.448692,686.1],[0.161497,42.44857,685.2],[0.161476,42.448468,684.4],[0.161444,42.448358,683.3],[0.161428,42.448004,682.2],[0.161392,42.447733,680.4],[0.161354,42.447443,678.7],[0.161332,42.4472,677.3],[0.161301,42.447042,676.1],[0.161274,42.446946,675.5],[0.161204,42.446821,674.7],[0.161081,42.446663,673.0],[0.160924,42.446457,671.4],[0.160741,42.446254,670.2],[0.160603,42.446122,669.7],[0.160534,42.446069,669.5],[0.160493,42.446014,669.3],[0.160489,42.445946,669.3],[0.160549,42.445846,669.5],[0.160577,42.445732,669.8],[0.160568,42.44565,669.8],[0.160474,42.445601,670.2],[0.160356,42.445577,670.6],[0.160248,42.445555,670.9],[0.160097,42.445499,672.3],[0.159998,42.445432,673.3],[0.159916,42.445315,673.9],[0.159835,42.4452,674.7],[0.159708,42.445019,676.4],[0.159676,42.444923,676.7],[0.159668,42.44483,676.8],[0.159702,42.444736,676.3],[0.159784,42.444564,675.2],[0.159868,42.444368,674.3],[0.160005,42.444134,673.7],[0.160016,42.44405,673.9],[0.160015,42.443928,674.6],[0.16002,42.44382,674.8],[0.160047,42.443693,674.6],[0.160048,42.443543,674.4],[0.160025,42.44345,674.8],[0.15995,42.44333,676.1],[0.159829,42.443172,678.9],[0.159766,42.443032,680.6],[0.159702,42.442916,682.1],[0.15957,42.442777,684.3],[0.159422,42.442624,685.3],[0.159401,42.442555,685.5],[0.159417,42.442422,685.7],[0.159476,42.442396,686.4],[0.159522,42.442379,686.9],[0.159703,42.442365,789.8],[0.159942,42.442336,789.8],[0.160369,42.442272,789.8],[0.160613,42.44219,789.8],[0.161053,42.441971,789.8],[0.161244,42.441832,789.8],[0.161373,42.441725,789.8],[0.161533,42.441634,789.8],[0.161637,42.441523,687.3],[0.161683,42.441326,688.0],[0.16158,42.441213,688.6],[0.161525,42.4411,789.8],[0.161241,42.441052,789.8],[0.16121,42.440966,789.8],[0.160987,42.440856,789.8],[0.160713,42.440751,789.8],[0.160395,42.440583,678.0],[0.160264,42.440582,675.9],[0.160185,42.440548,674.4],[0.160175,42.440453,672.5],[0.160219,42.440293,671.4],[0.160133,42.440101,669.8],[0.160127,42.439988,667.8],[0.16008,42.439891,665.8],[0.159998,42.439759,663.4],[0.159873,42.439631,661.2],[0.159759,42.43952,659.6],[0.159624,42.439379,657.8],[0.15952,42.43925,655.6],[0.159472,42.439096,653.2],[0.159349,42.438794,649.2],[0.159279,42.43868,647.5],[0.159251,42.438592,645.7],[0.159101,42.438442,643.1],[0.158903,42.438235,639.1],[0.158703,42.438017,636.7],[0.158571,42.437861,634.2],[0.15844,42.437691,632.6],[0.158309,42.437512,631.8],[0.158097,42.437356,631.1],[0.157804,42.437092,630.0],[0.157656,42.436953,630.1],[0.15744,42.436818,631.2],[0.157314,42.436738,632.1],[0.157225,42.436683,632.9],[0.157125,42.436593,633.4],[0.157205,42.436455,634.2],[0.157136,42.436414,789.8],[0.157074,42.436361,635.3],[0.156991,42.436353,637.5],[0.156967,42.436283,639.8],[0.156962,42.436205,642.7],[0.156926,42.436173,645.8],[0.156841,42.436146,646.6],[0.156777,42.436007,647.0],[0.156769,42.435935,646.8],[0.15674,42.435854,645.2],[0.156851,42.435726,645.5],[0.1569,42.435632,789.8],[0.156993,42.435528,789.8],[0.15703,42.435444,789.8],[0.156946,42.435447,789.8],[0.156934,42.43542,789.8],[0.156946,42.435342,789.8],[0.156905,42.435222,789.8],[0.156907,42.435128,789.8],[0.156993,42.435027,789.8],[0.157122,42.43491,789.8],[0.157238,42.434832,789.8],[0.157359,42.434749,789.8],[0.157442,42.434671,789.8],[0.157558,42.434593,789.8],[0.157564,42.434526,789.8],[0.157584,42.434473,789.8],[0.157575,42.434417,789.8],[0.157576,42.434349,670.9],[0.15771,42.434268,670.5],[0.157839,42.434115,662.6],[0.157883,42.434013,657.9],[0.157875,42.433909,652.5],[0.157848,42.43381,647.6],[0.157831,42.433721,643.3],[0.157871,42.433601,640.6],[0.157878,42.43354,639.5],[0.15787,42.43346,637.8],[0.157859,42.43335,635.9],[0.157818,42.433268,634.2],[0.15782,42.43321,789.8],[0.157807,42.433143,632.4],[0.157777,42.433062,631.1],[0.157691,42.432861,628.9],[0.157648,42.432795,627.0],[0.15758,42.432711,625.5],[0.157514,42.432648,624.4],[0.157471,42.432615,623.9],[0.157416,42.432572,623.2],[0.157376,42.432516,622.3],[0.157374,42.432375,620.7],[0.157361,42.432102,616.6],[0.157237,42.431996,614.8],[0.157118,42.431984,611.1],[0.156944,42.431906,611.0],[0.156934,42.431764,611.0],[0.156969,42.43158,789.8],[0.157008,42.431431,607.6],[0.156979,42.431294,600.1],[0.156994,42.43123,600.2],[0.157013,42.431162,600.5],[0.157097,42.431048,600.5],[0.157092,42.430953,598.6],[0.157137,42.430863,597.7],[0.157135,42.430708,596.8],[0.157062,42.430629,594.7],[0.156987,42.430542,591.5],[0.156964,42.430474,789.8],[0.157002,42.430319,789.8],[0.157029,42.430206,789.8],[0.157079,42.430101,789.8],[0.157137,42.429995,789.8],[0.157215,42.429902,589.4],[0.157328,42.429771,577.2],[0.157529,42.429594,577.0],[0.157654,42.429453,789.8],[0.157659,42.429375,789.8],[0.157767,42.429268,789.8],[0.158036,42.428992,789.8],[0.158109,42.428871,789.8],[0.158221,42.42871,789.8],[0.158353,42.428565,789.8],[0.1585,42.428429,789.8],[0.158747,42.428207,789.8],[0.158861,42.428094,789.8],[0.159019,42.427927,789.8],[0.15906,42.427766,789.8],[0.159074,42.427625,571.2],[0.159076,42.427594,573.0],[0.159088,42.427564,572.7],[0.159112,42.427481,571.9],[0.159067,42.427334,571.4],[0.158992,42.427171,567.6],[0.158952,42.427018,567.4],[0.158887,42.42685,566.9],[0.158778,42.426714,565.8],[0.15876,42.426548,565.0],[0.158861,42.426475,564.2],[0.159011,42.426392,563.7],[0.159077,42.426332,563.2],[0.159128,42.426296,562.9],[0.159223,42.426234,562.4],[0.159372,42.426157,561.5],[0.159581,42.426024,560.9],[0.159738,42.425927,560.3],[0.159902,42.425816,560.0],[0.160088,42.425738,560.0],[0.160155,42.425701,560.1],[0.160288,42.42558,560.1],[0.160321,42.42548,560.1],[0.160321,42.42548,560.1],[0.16011,42.425304,560.0],[0.159908,42.425129,559.7],[0.159661,42.424861,559.3],[0.159492,42.424794,559.1],[0.159323,42.424746,559.3],[0.15919,42.424675,559.1],[0.159004,42.424603,559.0],[0.158881,42.424581,558.8],[0.158779,42.424581,558.5],[0.158644,42.424596,558.1],[0.158506,42.42463,557.8],[0.158334,42.424682,557.2],[0.158154,42.42477,556.6],[0.157978,42.424852,556.0],[0.157807,42.424907,555.7],[0.157691,42.424931,555.7],[0.157557,42.424948,555.9],[0.157414,42.424954,556.0],[0.157319,42.424946,556.0],[0.157216,42.424919,555.8],[0.157082,42.424845,554.4],[0.156945,42.424762,553.0],[0.1568,42.424706,551.6],[0.15665,42.424644,551.4],[0.156563,42.424585,551.3],[0.156473,42.424504,550.4],[0.156338,42.424378,551.2],[0.156206,42.424241,551.9],[0.156103,42.4241,550.6],[0.156016,42.423956,550.7],[0.15596,42.423839,550.9],[0.155895,42.423689,551.1],[0.155836,42.423593,551.4],[0.155765,42.423521,550.9],[0.155638,42.423402,550.2],[0.155496,42.423275,549.8],[0.155344,42.423124,550.3],[0.155142,42.422934,551.0],[0.154978,42.422782,550.8],[0.154836,42.422672,549.9],[0.154731,42.422572,549.9],[0.154663,42.422478,549.5],[0.154561,42.422379,549.6],[0.154444,42.422287,548.9],[0.15426,42.422163,548.8],[0.154078,42.422022,549.4],[0.153943,42.421913,551.6],[0.153662,42.421738,551.2],[0.153484,42.421624,550.4],[0.153366,42.421531,549.1],[0.153187,42.421395,545.6],[0.153019,42.42124,544.0],[0.15286,42.421109,542.7],[0.152696,42.420988,541.0],[0.152522,42.420883,540.3],[0.152408,42.420742,541.3],[0.152248,42.42059,539.9],[0.152071,42.420451,540.8],[0.151909,42.420341,540.5],[0.151691,42.420237,539.1],[0.151471,42.42017,537.7],[0.15128,42.42013,537.5],[0.151079,42.420089,539.0],[0.150975,42.420034,539.7],[0.150901,42.419906,540.5],[0.150845,42.419791,544.3],[0.150756,42.419735,544.5],[0.150664,42.41971,543.2],[0.15045,42.419686,538.9],[0.150302,42.419674,537.6],[0.150096,42.419643,537.0],[0.149927,42.419609,537.4],[0.149778,42.419566,537.5],[0.149634,42.4195,537.6],[0.1495,42.419428,537.7],[0.149372,42.41934,537.6],[0.14929,42.419248,537.6],[0.149244,42.419162,537.4],[0.149179,42.419026,537.0],[0.149101,42.418866,537.0],[0.149028,42.418731,537.4],[0.148954,42.418577,538.0],[0.148907,42.418468,538.1],[0.148892,42.418296,538.2],[0.148866,42.418076,538.2],[0.148861,42.417937,538.2],[0.148854,42.417766,537.6],[0.148837,42.417621,537.3],[0.148802,42.417411,537.1],[0.148753,42.417273,536.9],[0.148675,42.417095,536.1],[0.148588,42.416962,535.8],[0.148504,42.416872,535.4],[0.148391,42.416779,534.8],[0.148139,42.416633,534.0],[0.147805,42.416428,533.0],[0.147687,42.416378,532.6],[0.147573,42.416351,532.2],[0.147483,42.416331,531.9],[0.147317,42.416294,531.9],[0.147102,42.416196,532.0],[0.147014,42.416108,532.0],[0.146929,42.415963,531.9],[0.146934,42.415786,532.0]]}},{"type":"Feature","properties":{"Name":"L2 — Escalona–Laspuña–El Pueyo de Araguás–Aínsa","etapa":"L2","original_name":"L2_Escalona-Laspuña-El Pueyo de Araguás-Aínsa","point_count":947,"length_km":15.004},"geometry":{"type":"LineString","coordinates":[[0.14406,42.498087,599.8],[0.144155,42.498303,599.2],[0.144211,42.498346,599.0],[0.144349,42.498351,598.7],[0.144574,42.49836,598.3],[0.144826,42.498324,598.0],[0.145049,42.498255,597.2],[0.145224,42.498199,597.0],[0.145415,42.498154,597.0],[0.145607,42.498117,597.0],[0.145779,42.498062,597.0],[0.14582,42.498095,597.0],[0.145932,42.498373,597.0],[0.146064,42.498731,598.0],[0.146223,42.499028,598.0],[0.14641,42.499478,598.9],[0.146485,42.499652,599.0],[0.146598,42.499907,597.4],[0.146778,42.500265,596.0],[0.146916,42.500596,596.5],[0.146994,42.500762,596.9],[0.147102,42.501017,601.8],[0.147268,42.501479,605.8],[0.147402,42.501773,607.3],[0.147478,42.501972,607.9],[0.147556,42.502195,607.7],[0.147566,42.502418,608.1],[0.147546,42.50255,608.5],[0.147577,42.502733,608.7],[0.147579,42.502889,608.7],[0.147504,42.503043,608.9],[0.147497,42.503244,608.3],[0.147468,42.503576,609.2],[0.147413,42.50398,610.0],[0.1474,42.504268,610.0],[0.147378,42.504496,610.0],[0.147336,42.504863,610.0],[0.147301,42.505051,610.0],[0.147242,42.505178,610.0],[0.147112,42.505398,610.0],[0.146889,42.505688,610.0],[0.146747,42.505805,610.0],[0.146457,42.505867,610.0],[0.146197,42.505911,610.0],[0.146207,42.505947,610.0],[0.146342,42.505959,610.0],[0.146491,42.505941,610.0],[0.146924,42.505912,609.6],[0.147437,42.505889,608.3],[0.148117,42.505849,609.7],[0.148445,42.505839,614.7],[0.148579,42.505785,616.3],[0.148817,42.505719,619.1],[0.149175,42.505604,620.9],[0.149383,42.505546,621.1],[0.149861,42.50548,623.6],[0.150072,42.505476,624.8],[0.150414,42.50554,627.0],[0.150739,42.505614,630.2],[0.150906,42.505674,632.7],[0.151145,42.505804,636.2],[0.151556,42.506076,642.7],[0.15186,42.506239,648.0],[0.152201,42.506406,650.2],[0.152452,42.506542,653.5],[0.152574,42.506573,654.6],[0.152673,42.506557,655.2],[0.152746,42.506499,656.1],[0.152759,42.506414,658.0],[0.152705,42.506327,657.3],[0.152527,42.506198,652.9],[0.152399,42.506054,652.1],[0.152302,42.505893,655.1],[0.152276,42.505798,657.3],[0.152273,42.505702,660.3],[0.152296,42.505549,667.3],[0.152269,42.505478,668.9],[0.152207,42.50542,668.5],[0.152024,42.505362,662.2],[0.151953,42.505302,661.2],[0.151946,42.505265,661.7],[0.151964,42.505205,662.7],[0.152323,42.504845,677.6],[0.152589,42.504675,686.6],[0.152739,42.504481,688.4],[0.1529,42.504299,688.6],[0.153107,42.504141,692.9],[0.153247,42.504013,696.3],[0.153284,42.503887,696.1],[0.153325,42.50379,696.7],[0.153381,42.503708,698.7],[0.153452,42.503625,701.5],[0.153482,42.503504,703.1],[0.153506,42.503391,704.6],[0.153625,42.503337,708.7],[0.153676,42.503275,709.5],[0.153726,42.503188,710.1],[0.153796,42.503149,711.4],[0.153954,42.503112,713.6],[0.154043,42.503045,714.0],[0.154123,42.502953,714.5],[0.154336,42.503017,716.6],[0.154552,42.503122,718.3],[0.154738,42.503219,718.9],[0.154836,42.503284,719.1],[0.154913,42.503251,719.3],[0.154913,42.503251,719.3],[0.15506,42.503108,719.1],[0.15519,42.503023,718.2],[0.155342,42.50289,715.8],[0.155426,42.502821,713.8],[0.155544,42.502748,710.4],[0.155762,42.502784,712.8],[0.155866,42.502827,716.6],[0.156041,42.502857,718.3],[0.156154,42.502922,718.0],[0.156317,42.503001,719.3],[0.156432,42.503043,720.3],[0.156526,42.503047,719.6],[0.156589,42.503019,718.2],[0.156624,42.502972,716.6],[0.156611,42.502908,714.6],[0.156536,42.502769,713.0],[0.156479,42.502711,713.4],[0.15639,42.502557,714.1],[0.156344,42.502493,714.7],[0.156241,42.502405,714.7],[0.156215,42.502362,714.8],[0.156227,42.502307,716.0],[0.156312,42.502154,719.5],[0.156388,42.502017,720.3],[0.156432,42.501917,720.7],[0.156499,42.50173,720.8],[0.156554,42.501564,720.4],[0.156613,42.501442,719.8],[0.156665,42.501355,719.1],[0.156724,42.501289,718.7],[0.156782,42.501255,718.8],[0.156896,42.501224,718.2],[0.156992,42.501238,718.4],[0.157193,42.501306,719.1],[0.157291,42.501302,718.9],[0.157379,42.501259,718.3],[0.157411,42.501199,717.6],[0.157352,42.501086,715.4],[0.157232,42.500922,712.7],[0.157216,42.500845,712.6],[0.157223,42.500727,713.8],[0.157296,42.500544,717.9],[0.157323,42.50035,718.2],[0.157345,42.500075,721.1],[0.157346,42.499829,719.2],[0.157342,42.499617,717.6],[0.157405,42.499446,718.6],[0.157425,42.499254,718.9],[0.15747,42.498993,717.6],[0.157538,42.498853,717.2],[0.157648,42.498699,717.0],[0.157709,42.498581,716.7],[0.157741,42.498501,716.2],[0.157819,42.498418,715.3],[0.157954,42.498366,714.8],[0.15806,42.498343,714.7],[0.158331,42.498336,715.6],[0.158516,42.498301,714.4],[0.15866,42.498254,713.9],[0.158682,42.498199,713.8],[0.158654,42.498126,712.9],[0.158534,42.497995,710.5],[0.158343,42.497806,713.2],[0.158047,42.497537,713.3],[0.15788,42.497381,712.2],[0.15781,42.497309,710.7],[0.157758,42.497184,710.7],[0.157763,42.497083,711.8],[0.157777,42.496975,713.3],[0.157709,42.496835,712.5],[0.157693,42.496682,715.4],[0.157648,42.496608,715.8],[0.157567,42.496558,714.7],[0.157475,42.496521,713.4],[0.157408,42.49646,713.0],[0.157354,42.496349,713.0],[0.157329,42.4962,712.8],[0.157318,42.495939,711.4],[0.157294,42.495697,708.6],[0.157298,42.495398,706.7],[0.157313,42.495212,706.4],[0.157289,42.495087,705.2],[0.157225,42.494817,702.0],[0.157203,42.494686,701.2],[0.15719,42.494508,700.8],[0.157176,42.494441,700.4],[0.157133,42.494365,699.2],[0.157033,42.494253,697.0],[0.156949,42.494082,696.0],[0.15689,42.493964,694.7],[0.156833,42.493867,693.1],[0.156805,42.493803,692.2],[0.156838,42.493604,692.8],[0.156836,42.49347,691.3],[0.15681,42.49338,689.6],[0.156756,42.49322,687.2],[0.156762,42.493108,686.5],[0.156756,42.492976,685.5],[0.156716,42.492787,684.2],[0.156652,42.492635,682.5],[0.156624,42.492485,681.3],[0.156564,42.492385,679.4],[0.156545,42.492314,678.7],[0.156543,42.492228,678.2],[0.156592,42.492057,678.5],[0.156656,42.491928,679.5],[0.156688,42.49171,677.8],[0.156781,42.491493,677.7],[0.156833,42.491329,677.3],[0.156886,42.491259,677.5],[0.157027,42.491147,678.2],[0.157198,42.491012,678.5],[0.15734,42.490883,678.8],[0.157462,42.490754,678.8],[0.157614,42.490547,678.1],[0.15777,42.490382,679.5],[0.157941,42.49017,681.3],[0.158034,42.490052,682.7],[0.158068,42.489941,682.4],[0.158074,42.489838,681.3],[0.158091,42.489737,680.4],[0.158136,42.489672,680.2],[0.158265,42.489573,680.8],[0.158388,42.489472,680.9],[0.158443,42.489395,680.3],[0.158576,42.489278,679.9],[0.158637,42.489231,680.6],[0.158651,42.489194,680.9],[0.158633,42.48914,680.5],[0.158594,42.489057,679.3],[0.15861,42.488918,679.6],[0.158654,42.488726,680.3],[0.158674,42.488624,680.5],[0.158672,42.488488,679.5],[0.158677,42.488396,678.9],[0.158711,42.488318,678.9],[0.158822,42.488235,680.5],[0.158928,42.48814,681.8],[0.159068,42.487937,683.5],[0.159105,42.487741,682.9],[0.159137,42.487651,683.0],[0.159255,42.487499,683.5],[0.159572,42.487171,687.4],[0.159701,42.487005,687.9],[0.159736,42.48695,688.0],[0.159745,42.486874,687.4],[0.159744,42.48676,686.0],[0.15977,42.486699,686.4],[0.159868,42.486588,688.4],[0.159999,42.486406,690.1],[0.160123,42.486208,691.7],[0.160191,42.486077,692.5],[0.160288,42.485985,693.3],[0.160377,42.485916,694.1],[0.160664,42.48577,696.5],[0.160901,42.485622,698.3],[0.161115,42.485524,699.9],[0.161354,42.485418,700.5],[0.161568,42.485345,701.7],[0.161827,42.485223,702.3],[0.162006,42.485123,701.9],[0.162061,42.485037,702.6],[0.162075,42.484971,702.8],[0.162038,42.484899,702.3],[0.161846,42.484673,703.7],[0.161673,42.484474,705.2],[0.161534,42.484335,705.5],[0.161458,42.484251,705.9],[0.161446,42.484159,706.7],[0.161461,42.484028,708.2],[0.161535,42.483847,708.6],[0.161612,42.48373,708.8],[0.1617,42.483584,707.4],[0.161727,42.483478,707.2],[0.161736,42.483381,707.4],[0.161709,42.483197,708.3],[0.16173,42.483091,709.4],[0.161828,42.483007,709.8],[0.162208,42.482817,711.2],[0.162596,42.48259,708.8],[0.162709,42.482485,707.0],[0.162728,42.482402,704.8],[0.162703,42.482342,705.1],[0.162609,42.482324,704.1],[0.162453,42.482346,703.9],[0.162436,42.482337,704.5],[0.162156,42.482419,703.7],[0.161884,42.482448,705.2],[0.161637,42.482437,706.3],[0.161405,42.4824,707.6],[0.161221,42.482336,705.8],[0.161149,42.482288,706.3],[0.161111,42.482224,709.2],[0.161122,42.48214,710.1],[0.161183,42.482052,711.5],[0.161217,42.481977,712.1],[0.161207,42.481898,712.3],[0.161201,42.481844,712.5],[0.161105,42.481827,711.5],[0.160874,42.481724,711.8],[0.1607,42.481651,712.8],[0.160564,42.481581,713.2],[0.160513,42.481489,713.6],[0.160484,42.481314,714.4],[0.160432,42.481246,714.0],[0.160351,42.481196,713.3],[0.160136,42.481054,712.2],[0.160063,42.481004,712.0],[0.160019,42.480947,712.3],[0.160016,42.480858,712.9],[0.160026,42.480622,713.9],[0.160052,42.480534,714.1],[0.160052,42.480454,714.1],[0.160019,42.480314,713.9],[0.160016,42.48023,713.9],[0.160027,42.480146,713.7],[0.160071,42.480065,713.6],[0.160214,42.479874,713.8],[0.160379,42.479636,713.6],[0.160487,42.479488,713.5],[0.160601,42.4793,714.2],[0.160669,42.479214,715.5],[0.160779,42.47913,717.8],[0.160804,42.479071,718.4],[0.160787,42.478996,717.7],[0.160705,42.478915,716.0],[0.160512,42.478796,713.8],[0.160459,42.4787,713.7],[0.160392,42.478575,713.3],[0.160354,42.478442,712.8],[0.160336,42.478234,711.4],[0.160333,42.477987,710.2],[0.160333,42.477818,709.3],[0.160356,42.477732,709.0],[0.160405,42.477658,708.9],[0.160425,42.477622,708.8],[0.160475,42.477586,709.1],[0.160672,42.47746,710.7],[0.160822,42.47736,712.3],[0.160894,42.477278,713.0],[0.160918,42.477187,713.3],[0.160879,42.477095,713.0],[0.160809,42.477008,712.5],[0.160783,42.47692,712.7],[0.16076,42.476701,713.0],[0.160705,42.476515,712.8],[0.160652,42.476415,712.6],[0.160624,42.47633,712.3],[0.160595,42.47621,711.7],[0.160636,42.476029,712.1],[0.16066,42.475885,712.1],[0.160658,42.475777,711.2],[0.160655,42.475668,710.5],[0.160698,42.475481,710.0],[0.160754,42.475294,710.6],[0.160823,42.475133,711.1],[0.160899,42.474983,711.4],[0.16093,42.47484,711.6],[0.160951,42.474696,711.4],[0.160941,42.474545,710.7],[0.160962,42.474423,710.4],[0.161007,42.474317,710.2],[0.161097,42.474239,710.4],[0.161172,42.474178,710.7],[0.161289,42.474106,711.1],[0.161369,42.474022,711.0],[0.161389,42.473941,710.8],[0.161372,42.473828,710.7],[0.161379,42.47366,711.6],[0.161407,42.473486,712.2],[0.161396,42.47337,712.3],[0.161368,42.473284,712.1],[0.161385,42.473262,712.2],[0.161398,42.473234,712.3],[0.161409,42.473193,712.3],[0.161421,42.473129,712.0],[0.161415,42.473047,711.5],[0.161454,42.472912,709.6],[0.161614,42.472904,709.4],[0.161812,42.472899,709.5],[0.162001,42.47291,710.5],[0.162227,42.472852,710.1],[0.162332,42.472806,709.5],[0.16243,42.472709,707.7],[0.162562,42.472613,706.6],[0.162739,42.472537,706.8],[0.162747,42.472396,705.2],[0.162786,42.472254,703.7],[0.16286,42.4721,702.4],[0.163157,42.471918,704.0],[0.16328,42.471863,705.7],[0.163317,42.471838,706.2],[0.163325,42.471747,707.8],[0.163227,42.471699,707.5],[0.163047,42.471626,706.7],[0.162974,42.471542,707.4],[0.163057,42.471456,710.1],[0.163139,42.471332,712.2],[0.163221,42.471237,711.9],[0.163371,42.471122,714.5],[0.163418,42.47104,713.7],[0.163427,42.470947,711.2],[0.163367,42.470934,710.3],[0.163298,42.470942,709.9],[0.163218,42.47095,709.3],[0.163144,42.47092,708.7],[0.163102,42.47087,709.5],[0.163137,42.470803,711.2],[0.163257,42.47073,712.9],[0.163307,42.47069,713.7],[0.163293,42.470548,718.0],[0.163207,42.470284,722.0],[0.163171,42.470044,721.3],[0.163184,42.469923,720.5],[0.163239,42.469802,720.3],[0.163335,42.469714,721.3],[0.163496,42.46963,723.8],[0.163655,42.46958,727.2],[0.163799,42.469463,726.8],[0.163912,42.469335,723.9],[0.163934,42.469273,723.3],[0.163943,42.469216,723.5],[0.163806,42.469046,722.5],[0.163677,42.468871,725.1],[0.163612,42.468701,725.7],[0.163584,42.468558,725.8],[0.163595,42.468466,726.1],[0.163688,42.468389,727.9],[0.16379,42.468222,729.7],[0.163891,42.468101,730.9],[0.164124,42.467972,733.3],[0.164244,42.467889,733.0],[0.164412,42.467692,729.5],[0.164557,42.467488,725.0],[0.164632,42.467342,725.5],[0.164718,42.467132,726.8],[0.164816,42.46696,726.9],[0.164902,42.46682,724.3],[0.164965,42.466726,722.9],[0.165064,42.466559,719.8],[0.165128,42.466453,718.6],[0.165251,42.466347,718.4],[0.165338,42.466229,718.5],[0.165411,42.466167,718.7],[0.165543,42.466082,719.2],[0.165729,42.465999,721.1],[0.165964,42.46597,722.7],[0.16609,42.465926,725.1],[0.166184,42.465862,728.3],[0.166326,42.465785,732.0],[0.16656,42.46572,737.3],[0.166844,42.465553,745.0],[0.167124,42.465352,748.8],[0.167471,42.465197,752.2],[0.16778,42.465078,756.4],[0.168313,42.464895,762.5],[0.168714,42.464847,763.0],[0.168881,42.46485,763.1],[0.169121,42.464779,763.5],[0.169278,42.464746,763.8],[0.169341,42.464672,765.0],[0.16937,42.464602,765.9],[0.169367,42.464511,767.0],[0.169335,42.46436,768.1],[0.16935,42.464278,768.8],[0.169401,42.464178,769.5],[0.169513,42.464079,769.8],[0.169677,42.463945,769.4],[0.169699,42.463907,768.9],[0.169689,42.463866,768.1],[0.169616,42.463799,766.0],[0.16954,42.463709,763.9],[0.169464,42.463584,762.6],[0.169409,42.463498,762.1],[0.169423,42.46341,763.0],[0.169472,42.463312,764.4],[0.1696,42.463228,766.5],[0.169739,42.463142,768.9],[0.169897,42.463117,770.6],[0.170018,42.463089,771.4],[0.170093,42.463071,771.9],[0.170136,42.46301,772.4],[0.170142,42.462945,772.8],[0.170137,42.462879,773.0],[0.170089,42.462806,772.9],[0.169981,42.462723,772.1],[0.169965,42.462652,772.1],[0.169979,42.462573,772.5],[0.170046,42.462449,773.5],[0.170076,42.462379,774.0],[0.170079,42.462204,774.1],[0.170098,42.462109,774.0],[0.170146,42.461999,773.9],[0.170212,42.46191,774.0],[0.170278,42.461774,773.9],[0.170403,42.461631,774.8],[0.17054,42.461423,776.0],[0.170607,42.461359,776.5],[0.170692,42.461345,776.8],[0.17075,42.461332,777.2],[0.170776,42.461287,777.4],[0.170756,42.461016,778.5],[0.170792,42.460878,779.2],[0.170858,42.460723,779.9],[0.170826,42.460657,779.9],[0.170771,42.460623,779.9],[0.170736,42.46061,779.9],[0.170654,42.460588,779.9],[0.170572,42.460554,780.8],[0.1705,42.460491,783.7],[0.170464,42.460383,785.9],[0.170457,42.460277,787.2],[0.170491,42.460187,787.5],[0.170456,42.460083,789.2],[0.170388,42.45998,790.7],[0.170314,42.459862,792.1],[0.170273,42.459782,793.0],[0.170346,42.459649,794.9],[0.170393,42.459451,799.1],[0.170427,42.459338,800.3],[0.170518,42.459174,800.9],[0.170578,42.459064,803.9],[0.170584,42.458971,805.5],[0.170549,42.458822,808.9],[0.170544,42.458694,811.9],[0.170521,42.458637,813.1],[0.170428,42.45858,815.4],[0.170362,42.458515,817.5],[0.17034,42.458462,818.4],[0.170353,42.458373,819.3],[0.170376,42.458324,819.7],[0.170372,42.458292,820.1],[0.170188,42.45815,822.5],[0.170057,42.458071,823.3],[0.17009,42.45794,820.8],[0.170115,42.457937,820.7],[0.170129,42.457853,818.8],[0.170158,42.457772,815.8],[0.170118,42.457665,811.2],[0.170002,42.457644,809.2],[0.169959,42.457565,804.3],[0.170188,42.457431,798.5],[0.170574,42.457182,788.0],[0.1708,42.45707,783.9],[0.170231,42.456948,777.1],[0.170239,42.456945,777.1],[0.169989,42.456864,775.3],[0.169768,42.456656,771.7],[0.16955,42.456572,769.4],[0.169381,42.456496,768.2],[0.169192,42.456425,766.7],[0.168801,42.456276,761.0],[0.168759,42.456181,759.2],[0.168343,42.456073,754.0],[0.168126,42.455934,750.9],[0.167804,42.455854,750.9],[0.167628,42.455687,751.2],[0.167492,42.455657,752.2],[0.167173,42.455528,753.6],[0.166843,42.455476,747.6],[0.166661,42.455272,751.8],[0.166587,42.455252,751.0],[0.166479,42.45519,752.3],[0.166225,42.455075,754.2],[0.165959,42.454949,754.4],[0.165787,42.454857,753.6],[0.165618,42.454769,751.5],[0.165499,42.454689,752.4],[0.165438,42.454644,753.7],[0.165382,42.454533,753.3],[0.165342,42.454437,753.0],[0.165262,42.454324,750.6],[0.165206,42.454263,748.9],[0.165179,42.454172,748.3],[0.165144,42.454098,747.4],[0.165115,42.453955,746.6],[0.165066,42.453819,744.1],[0.165023,42.453752,742.2],[0.165017,42.453611,739.0],[0.164991,42.453477,736.0],[0.16502,42.453376,735.4],[0.165085,42.453254,735.1],[0.165159,42.453177,735.4],[0.165169,42.453126,734.9],[0.165187,42.452995,733.6],[0.16526,42.452803,732.7],[0.16531,42.452621,731.9],[0.165308,42.452555,731.3],[0.165274,42.452488,730.4],[0.165124,42.452441,728.4],[0.164965,42.45237,726.3],[0.164611,42.452157,722.1],[0.164452,42.452065,720.1],[0.164282,42.45202,718.6],[0.164184,42.45196,717.6],[0.16414,42.451878,716.7],[0.164038,42.451796,715.2],[0.164004,42.45174,714.6],[0.164024,42.451584,714.1],[0.163995,42.451532,713.6],[0.16393,42.4514,712.1],[0.163856,42.451314,710.9],[0.163763,42.451275,710.0],[0.163656,42.451216,709.1],[0.163522,42.451165,708.0],[0.163379,42.451111,706.9],[0.163261,42.451016,706.0],[0.16321,42.450892,704.8],[0.163128,42.450776,703.7],[0.163085,42.450707,703.2],[0.162932,42.4506,702.2],[0.162716,42.450512,701.0],[0.16244,42.450351,698.5],[0.162438,42.450299,698.3],[0.162353,42.450246,697.7],[0.162249,42.450196,697.2],[0.162155,42.450104,696.5],[0.162133,42.449902,695.1],[0.16211,42.449762,693.8],[0.162135,42.44969,693.6],[0.162152,42.449618,693.3],[0.162145,42.449524,692.8],[0.162101,42.449462,692.1],[0.161944,42.449379,690.9],[0.161858,42.449265,689.8],[0.161723,42.449032,688.1],[0.161595,42.44882,686.5],[0.161541,42.448692,685.4],[0.161497,42.44857,684.6],[0.161476,42.448468,684.1],[0.161444,42.448358,683.6],[0.161428,42.448004,682.0],[0.161392,42.447733,679.8],[0.161354,42.447443,678.5],[0.161332,42.4472,676.8],[0.161301,42.447042,675.7],[0.161274,42.446946,675.1],[0.161204,42.446821,673.9],[0.161081,42.446663,672.1],[0.160924,42.446457,670.7],[0.160741,42.446254,670.0],[0.160603,42.446122,669.8],[0.160534,42.446069,669.8],[0.160493,42.446014,669.8],[0.160489,42.445946,670.0],[0.160549,42.445846,670.2],[0.160577,42.445732,670.5],[0.160568,42.44565,670.5],[0.160474,42.445601,670.8],[0.160356,42.445577,671.5],[0.160248,42.445555,672.6],[0.160097,42.445499,674.1],[0.159998,42.445432,675.0],[0.159916,42.445315,675.8],[0.159835,42.4452,677.0],[0.159708,42.445019,678.9],[0.159676,42.444923,679.2],[0.159668,42.44483,679.3],[0.159702,42.444736,678.8],[0.159784,42.444564,678.0],[0.159868,42.444368,677.4],[0.160005,42.444134,677.1],[0.160016,42.44405,677.6],[0.160015,42.443928,678.4],[0.16002,42.44382,678.7],[0.160047,42.443693,678.3],[0.160048,42.443543,678.2],[0.160025,42.44345,678.5],[0.15995,42.44333,680.0],[0.159829,42.443172,682.9],[0.159766,42.443032,684.3],[0.159702,42.442916,685.4],[0.15957,42.442777,687.5],[0.159422,42.442624,686.3],[0.159401,42.442555,685.7],[0.159417,42.442422,684.5],[0.159476,42.442396,685.0],[0.159522,42.442379,685.5],[0.159703,42.442365,686.3],[0.159942,42.442336,686.5],[0.160369,42.442272,686.8],[0.160613,42.44219,687.8],[0.161053,42.441971,689.2],[0.161244,42.441832,690.1],[0.161373,42.441725,691.4],[0.161533,42.441634,691.9],[0.161637,42.441523,692.7],[0.161683,42.441326,693.7],[0.16158,42.441213,693.7],[0.161525,42.4411,692.1],[0.161241,42.441052,690.1],[0.16121,42.440966,688.5],[0.160987,42.440856,685.7],[0.160713,42.440751,682.6],[0.160395,42.440583,678.2],[0.160264,42.440582,676.8],[0.160185,42.440548,675.4],[0.160175,42.440453,673.6],[0.160219,42.440293,671.6],[0.160133,42.440101,668.1],[0.160127,42.439988,666.1],[0.16008,42.439891,664.3],[0.159998,42.439759,662.3],[0.159873,42.439631,660.5],[0.159759,42.43952,659.0],[0.159624,42.439379,656.4],[0.15952,42.43925,654.0],[0.159472,42.439096,651.7],[0.159349,42.438794,647.9],[0.159279,42.43868,645.9],[0.159251,42.438592,644.6],[0.159101,42.438442,642.3],[0.158903,42.438235,639.0],[0.158703,42.438017,636.0],[0.158571,42.437861,634.1],[0.15844,42.437691,632.7],[0.158309,42.437512,631.5],[0.158097,42.437356,630.7],[0.157804,42.437092,630.0],[0.157656,42.436953,630.0],[0.15744,42.436818,630.5],[0.157314,42.436738,632.0],[0.157225,42.436683,633.3],[0.157125,42.436593,635.3],[0.157205,42.436455,636.5],[0.157136,42.436414,637.9],[0.157074,42.436361,639.9],[0.156991,42.436353,641.3],[0.156967,42.436283,643.4],[0.156962,42.436205,645.5],[0.156926,42.436173,646.9],[0.156841,42.436146,649.1],[0.156777,42.436007,654.0],[0.156769,42.435935,655.9],[0.15674,42.435854,657.8],[0.156851,42.435726,658.6],[0.1569,42.435632,660.0],[0.156993,42.435528,661.3],[0.15703,42.435444,662.8],[0.156946,42.435447,663.3],[0.156934,42.43542,663.9],[0.156946,42.435342,665.2],[0.156905,42.435222,666.3],[0.156907,42.435128,666.6],[0.156993,42.435027,666.3],[0.157122,42.43491,663.7],[0.157238,42.434832,663.5],[0.157359,42.434749,663.1],[0.157442,42.434671,662.2],[0.157558,42.434593,662.9],[0.157564,42.434526,660.5],[0.157584,42.434473,659.1],[0.157575,42.434417,656.6],[0.157576,42.434349,654.1],[0.15771,42.434268,655.1],[0.157839,42.434115,653.6],[0.157883,42.434013,651.3],[0.157875,42.433909,647.1],[0.157848,42.43381,643.0],[0.157831,42.433721,639.7],[0.157871,42.433601,637.4],[0.157878,42.43354,636.4],[0.15787,42.43346,635.0],[0.157859,42.43335,633.6],[0.157818,42.433268,632.4],[0.15782,42.43321,631.7],[0.157807,42.433143,630.8],[0.157777,42.433062,629.5],[0.157691,42.432861,626.9],[0.157648,42.432795,626.1],[0.15758,42.432711,624.8],[0.157514,42.432648,623.9],[0.157471,42.432615,623.5],[0.157416,42.432572,623.0],[0.157376,42.432516,622.3],[0.157374,42.432375,620.4],[0.157361,42.432102,611.3],[0.157237,42.431996,610.9],[0.157118,42.431984,610.6],[0.156944,42.431906,609.7],[0.156934,42.431764,607.1],[0.156969,42.43158,603.7],[0.157008,42.431431,600.9],[0.156979,42.431294,600.9],[0.156994,42.43123,600.9],[0.157013,42.431162,601.1],[0.157097,42.431048,601.3],[0.157092,42.430953,601.7],[0.157137,42.430863,601.8],[0.157135,42.430708,601.0],[0.157062,42.430629,600.6],[0.156987,42.430542,600.3],[0.156964,42.430474,600.1],[0.157002,42.430319,598.7],[0.157029,42.430206,597.9],[0.157079,42.430101,596.4],[0.157137,42.429995,594.6],[0.157215,42.429902,592.8],[0.157328,42.429771,591.5],[0.157529,42.429594,590.9],[0.157654,42.429453,591.1],[0.157659,42.429375,591.3],[0.157767,42.429268,591.0],[0.158036,42.428992,591.4],[0.158109,42.428871,590.8],[0.158221,42.42871,589.3],[0.158353,42.428565,586.5],[0.1585,42.428429,583.7],[0.158747,42.428207,581.0],[0.158861,42.428094,579.6],[0.159019,42.427927,577.2],[0.15906,42.427766,575.1],[0.159074,42.427625,573.6],[0.159076,42.427594,573.2],[0.159088,42.427564,572.9],[0.159112,42.427481,572.1],[0.159067,42.427334,570.6],[0.158992,42.427171,570.1],[0.158952,42.427018,569.9],[0.158887,42.42685,569.2],[0.158778,42.426714,566.7],[0.15876,42.426548,564.5],[0.158861,42.426475,564.3],[0.159011,42.426392,563.5],[0.159077,42.426332,563.0],[0.159128,42.426296,562.7],[0.159223,42.426234,562.1],[0.159372,42.426157,561.8],[0.159581,42.426024,561.1],[0.159738,42.425927,560.7],[0.159902,42.425816,560.1],[0.160088,42.425738,560.0],[0.160155,42.425701,560.0],[0.160288,42.42558,560.0],[0.160321,42.42548,560.0],[0.160321,42.42548,560.0],[0.16011,42.425304,560.0],[0.159908,42.425129,559.8],[0.159661,42.424861,559.0],[0.159492,42.424794,559.1],[0.159323,42.424746,558.9],[0.15919,42.424675,558.9],[0.159004,42.424603,558.6],[0.158881,42.424581,558.1],[0.158779,42.424581,557.8],[0.158644,42.424596,557.4],[0.158506,42.42463,557.1],[0.158334,42.424682,556.6],[0.158154,42.42477,556.0],[0.157978,42.424852,555.2],[0.157807,42.424907,555.0],[0.157691,42.424931,555.3],[0.157557,42.424948,555.6],[0.157414,42.424954,556.0],[0.157319,42.424946,556.1],[0.157216,42.424919,556.4],[0.157082,42.424845,555.7],[0.156945,42.424762,553.5],[0.1568,42.424706,552.7],[0.15665,42.424644,553.2],[0.156563,42.424585,553.9],[0.156473,42.424504,554.6],[0.156338,42.424378,555.6],[0.156206,42.424241,557.1],[0.156103,42.4241,555.7],[0.156016,42.423956,554.5],[0.15596,42.423839,553.7],[0.155895,42.423689,554.5],[0.155836,42.423593,554.9],[0.155765,42.423521,554.2],[0.155638,42.423402,551.8],[0.155496,42.423275,552.6],[0.155344,42.423124,552.4],[0.155142,42.422934,552.6],[0.154978,42.422782,551.4],[0.154836,42.422672,551.5],[0.154731,42.422572,550.8],[0.154663,42.422478,550.1],[0.154561,42.422379,549.6],[0.154444,42.422287,548.3],[0.15426,42.422163,548.5],[0.154078,42.422022,549.8],[0.153943,42.421913,550.4],[0.153662,42.421738,549.6],[0.153484,42.421624,548.3],[0.153366,42.421531,546.4],[0.153187,42.421395,543.6],[0.153019,42.42124,541.3],[0.15286,42.421109,540.0],[0.152696,42.420988,539.1],[0.152522,42.420883,539.7],[0.152408,42.420742,539.8],[0.152248,42.42059,539.3],[0.152071,42.420451,539.8],[0.151909,42.420341,539.4],[0.151691,42.420237,538.0],[0.151471,42.42017,537.6],[0.15128,42.42013,538.7],[0.151079,42.420089,539.3],[0.150975,42.420034,539.6],[0.150901,42.419906,540.1],[0.150845,42.419791,541.8],[0.150756,42.419735,541.1],[0.150664,42.41971,539.3],[0.15045,42.419686,537.5],[0.150302,42.419674,537.0],[0.150096,42.419643,537.4],[0.149927,42.419609,537.7],[0.149778,42.419566,538.0],[0.149634,42.4195,538.0],[0.1495,42.419428,537.9],[0.149372,42.41934,538.0],[0.14929,42.419248,537.9],[0.149244,42.419162,537.7],[0.149179,42.419026,537.5],[0.149101,42.418866,537.1],[0.149028,42.418731,537.5],[0.148954,42.418577,537.8],[0.148907,42.418468,537.6],[0.148892,42.418296,537.6],[0.148866,42.418076,537.4],[0.148861,42.417937,537.1],[0.148854,42.417766,536.7],[0.148837,42.417621,536.3],[0.148802,42.417411,535.9],[0.148753,42.417273,535.6],[0.148675,42.417095,535.8],[0.148588,42.416962,535.3],[0.148504,42.416872,534.7],[0.148391,42.416779,534.2],[0.148139,42.416633,533.4],[0.147805,42.416428,532.3],[0.147687,42.416378,531.9],[0.147573,42.416351,531.6],[0.147483,42.416331,531.3],[0.147317,42.416294,530.9],[0.147102,42.416196,530.1],[0.147014,42.416108,530.0],[0.146929,42.415963,530.0],[0.146934,42.415786,530.5]]}},{"type":"Feature","properties":{"Name":"M — Aínsa–Boltaña","etapa":"M","original_name":"M_Aínsa-Boltaña","point_count":539,"length_km":8.668},"geometry":{"type":"LineString","coordinates":[[0.139833,42.412241,529.5],[0.139713,42.412346,529.0],[0.139642,42.412439,528.6],[0.139619,42.41249,528.4],[0.139628,42.412552,528.1],[0.139622,42.412608,528.0],[0.139571,42.412652,528.0],[0.139486,42.412692,528.0],[0.139383,42.412716,528.0],[0.139238,42.412726,527.8],[0.139035,42.412727,527.4],[0.138828,42.412727,527.2],[0.138676,42.412728,527.1],[0.138505,42.412737,527.7],[0.138363,42.412748,528.0],[0.138253,42.412764,528.0],[0.138129,42.412793,528.0],[0.137953,42.412846,528.5],[0.13776,42.4129,529.1],[0.137558,42.412963,529.4],[0.137392,42.413021,529.3],[0.137254,42.41308,529.0],[0.137111,42.413149,529.3],[0.136988,42.413206,529.4],[0.13681,42.413288,529.5],[0.136657,42.413369,529.7],[0.136472,42.413469,529.7],[0.136375,42.413533,529.8],[0.13627,42.41359,529.9],[0.136099,42.413681,529.9],[0.135933,42.41378,530.0],[0.135805,42.413856,530.0],[0.135671,42.41393,530.0],[0.135502,42.41401,530.0],[0.135338,42.414074,530.0],[0.135142,42.414154,530.0],[0.134927,42.414239,530.1],[0.134745,42.414301,530.0],[0.134609,42.414346,530.0],[0.134473,42.414386,530.0],[0.134248,42.414443,530.0],[0.134011,42.414495,530.0],[0.133819,42.41453,530.0],[0.133549,42.414576,530.0],[0.133243,42.414632,530.2],[0.133083,42.414657,530.5],[0.132967,42.414672,530.6],[0.132825,42.414677,530.8],[0.132617,42.414675,531.6],[0.132455,42.414665,532.5],[0.132325,42.414648,532.8],[0.13212,42.414617,533.0],[0.131875,42.414575,533.9],[0.131716,42.414552,534.4],[0.131506,42.414497,535.0],[0.131259,42.414441,535.8],[0.13091,42.414376,536.9],[0.130655,42.414327,537.8],[0.130327,42.414273,538.5],[0.130068,42.414229,538.9],[0.129629,42.414158,539.3],[0.129329,42.414109,540.0],[0.129115,42.414072,540.0],[0.128723,42.414002,539.9],[0.128439,42.413949,539.3],[0.128124,42.413899,539.5],[0.127526,42.413799,539.0],[0.127289,42.413749,539.3],[0.127125,42.413716,539.6],[0.127075,42.413701,539.7],[0.127009,42.413667,539.9],[0.126964,42.413624,540.0],[0.126918,42.413601,540.0],[0.126815,42.413634,540.0],[0.126677,42.413718,540.0],[0.126488,42.41384,540.0],[0.126341,42.413923,540.0],[0.126341,42.413924,540.0],[0.12623,42.414002,540.0],[0.126234,42.414079,540.0],[0.126294,42.414119,540.0],[0.126397,42.414143,539.9],[0.126789,42.41421,539.1],[0.127073,42.414283,538.6],[0.127324,42.414351,537.8],[0.127553,42.414423,537.7],[0.127666,42.414474,538.0],[0.127757,42.414535,538.0],[0.127812,42.414606,538.0],[0.127828,42.41467,538.0],[0.127827,42.414865,538.7],[0.127794,42.415067,539.0],[0.127795,42.415181,539.1],[0.127826,42.415239,539.4],[0.128113,42.415456,540.0],[0.12827,42.415579,540.0],[0.128361,42.415692,540.0],[0.128418,42.415775,540.0],[0.128451,42.415855,540.0],[0.128476,42.415958,540.0],[0.128481,42.416081,540.0],[0.128506,42.416276,540.0],[0.128541,42.416358,540.0],[0.128593,42.416467,540.0],[0.128655,42.416571,540.0],[0.128729,42.416674,540.0],[0.128803,42.416819,540.0],[0.128805,42.416886,540.0],[0.12875,42.416964,540.0],[0.128687,42.417024,540.0],[0.128618,42.417072,540.0],[0.128522,42.417117,540.0],[0.128412,42.417159,540.0],[0.128287,42.417196,540.0],[0.128134,42.417224,540.0],[0.128005,42.417286,540.0],[0.127887,42.417367,540.0],[0.127718,42.417473,540.0],[0.127569,42.417572,540.0],[0.127481,42.41764,539.9],[0.127429,42.417701,539.4],[0.127279,42.417873,537.5],[0.127194,42.417941,537.2],[0.127131,42.417994,537.0],[0.12704,42.418052,536.9],[0.126938,42.418106,537.0],[0.126824,42.418168,537.0],[0.126541,42.418307,537.0],[0.126379,42.418384,536.9],[0.126305,42.418429,536.9],[0.126265,42.418465,536.9],[0.126242,42.418504,537.0],[0.126197,42.418567,537.0],[0.126081,42.418702,536.7],[0.126004,42.418786,536.8],[0.125898,42.418875,536.7],[0.125874,42.418978,536.4],[0.12588,42.419072,536.3],[0.125877,42.419156,536.3],[0.125847,42.419196,536.4],[0.125686,42.419284,536.9],[0.12546,42.419419,537.7],[0.125196,42.419573,538.6],[0.124896,42.419743,539.0],[0.124636,42.419889,539.5],[0.124441,42.420006,540.0],[0.124212,42.420142,540.0],[0.123898,42.420326,540.0],[0.123669,42.420452,540.0],[0.123382,42.420622,540.0],[0.123241,42.4207,540.0],[0.123029,42.420826,540.0],[0.12277,42.42098,540.0],[0.122425,42.421182,540.0],[0.122164,42.421334,540.0],[0.121983,42.42144,540.1],[0.12182,42.421529,540.6],[0.121648,42.421633,541.0],[0.121417,42.421764,541.0],[0.121215,42.421879,541.2],[0.12107,42.421966,541.8],[0.120898,42.422064,542.1],[0.120758,42.42214,542.7],[0.120418,42.422338,543.8],[0.120124,42.422508,544.0],[0.119869,42.422655,544.4],[0.119731,42.42273,544.7],[0.119611,42.422797,545.0],[0.119398,42.422917,545.2],[0.119152,42.423062,546.0],[0.118907,42.423205,546.0],[0.118791,42.423271,546.0],[0.118669,42.423347,546.0],[0.118537,42.423433,546.2],[0.118433,42.423505,546.5],[0.118315,42.423592,546.9],[0.118216,42.423678,547.2],[0.118135,42.423766,547.5],[0.118073,42.423825,547.7],[0.118022,42.423885,547.9],[0.117915,42.424004,547.9],[0.117769,42.424182,547.8],[0.117632,42.424352,547.3],[0.117405,42.424606,547.0],[0.117165,42.424891,547.0],[0.117016,42.425059,547.0],[0.116838,42.425233,547.0],[0.116623,42.425425,547.0],[0.116494,42.425531,547.2],[0.116346,42.425665,547.7],[0.11616,42.425821,548.0],[0.116004,42.425972,548.6],[0.115867,42.426089,549.0],[0.115587,42.426323,548.9],[0.115369,42.426529,549.0],[0.114979,42.426881,548.4],[0.114587,42.427226,549.8],[0.114361,42.427432,550.0],[0.114166,42.427599,550.0],[0.114029,42.427713,550.0],[0.113882,42.427815,550.0],[0.113649,42.427962,549.8],[0.113501,42.428042,549.2],[0.11334,42.428122,549.0],[0.113077,42.428257,549.4],[0.112912,42.428328,549.9],[0.112739,42.428392,550.0],[0.112561,42.428447,550.0],[0.112325,42.428509,550.0],[0.11195,42.428603,550.7],[0.111591,42.428691,551.0],[0.111332,42.428746,552.0],[0.111098,42.428788,553.3],[0.110943,42.428805,554.0],[0.110784,42.428818,554.0],[0.110698,42.428811,554.0],[0.110552,42.428778,554.1],[0.110364,42.428698,554.1],[0.110131,42.428591,554.4],[0.109792,42.428479,554.8],[0.109559,42.428419,554.5],[0.109419,42.428389,554.0],[0.109202,42.42838,554.0],[0.108813,42.428356,554.0],[0.108429,42.428337,554.0],[0.107985,42.428315,554.6],[0.107574,42.428312,555.0],[0.107005,42.428309,555.0],[0.106382,42.428311,555.0],[0.105952,42.428328,555.1],[0.105614,42.428363,555.0],[0.105307,42.428397,554.9],[0.104493,42.428496,557.2],[0.104151,42.428539,558.3],[0.103824,42.428575,559.1],[0.103482,42.428626,559.6],[0.103149,42.428679,560.0],[0.102882,42.428712,560.0],[0.102558,42.428749,560.0],[0.102404,42.428709,560.0],[0.102282,42.428686,560.0],[0.102214,42.428605,560.0],[0.102146,42.428514,560.0],[0.101996,42.428564,560.2],[0.101775,42.428624,560.2],[0.101601,42.428618,560.1],[0.101436,42.42858,560.0],[0.101291,42.428427,560.1],[0.101221,42.428308,560.0],[0.101173,42.428248,560.0],[0.101062,42.428215,560.2],[0.100977,42.428185,560.3],[0.100855,42.428154,560.4],[0.100786,42.428133,560.4],[0.100689,42.428149,560.2],[0.100576,42.428158,560.0],[0.100466,42.428167,560.2],[0.100284,42.428194,560.4],[0.10008,42.428224,560.3],[0.09995,42.428235,560.3],[0.099842,42.428236,560.6],[0.099724,42.428221,560.9],[0.099582,42.428216,561.0],[0.099421,42.428195,561.0],[0.099261,42.428175,561.0],[0.099166,42.428166,561.0],[0.099058,42.428171,561.0],[0.099012,42.428187,561.0],[0.098923,42.428192,561.0],[0.098812,42.428191,561.0],[0.098693,42.428189,561.0],[0.09857,42.428187,561.0],[0.098386,42.42818,561.2],[0.098154,42.428169,562.0],[0.09795,42.428163,562.1],[0.097731,42.428145,562.5],[0.097534,42.428166,563.0],[0.097413,42.428205,563.1],[0.097288,42.428219,563.3],[0.0972,42.428233,563.6],[0.097128,42.428221,563.8],[0.097092,42.428219,563.9],[0.097046,42.428214,564.0],[0.096993,42.428196,564.1],[0.096854,42.428135,564.0],[0.096729,42.428082,564.3],[0.096569,42.428045,564.4],[0.096394,42.428002,564.5],[0.096275,42.427971,564.7],[0.096214,42.427947,564.9],[0.09617,42.427921,565.2],[0.096116,42.427876,565.8],[0.096067,42.427849,566.2],[0.096019,42.427836,566.4],[0.095926,42.427845,566.5],[0.095801,42.427859,566.6],[0.095742,42.427863,566.7],[0.095669,42.427854,566.9],[0.095563,42.427831,567.1],[0.095382,42.427788,567.5],[0.095241,42.427751,567.9],[0.095154,42.427734,568.2],[0.095053,42.427717,568.6],[0.094859,42.427694,569.0],[0.094714,42.427675,569.1],[0.094585,42.427658,569.1],[0.094501,42.427648,569.0],[0.094416,42.427649,569.6],[0.094255,42.427648,571.0],[0.09404,42.427645,571.8],[0.093898,42.427645,571.9],[0.093769,42.427647,571.9],[0.093649,42.42765,571.9],[0.093541,42.427662,571.8],[0.093421,42.427678,571.7],[0.093302,42.427702,571.5],[0.093193,42.427732,571.4],[0.093028,42.427783,571.1],[0.092895,42.427832,570.9],[0.092788,42.427879,570.8],[0.092673,42.42793,570.9],[0.092532,42.428021,571.1],[0.092419,42.428084,571.2],[0.092282,42.428166,571.0],[0.092154,42.428269,570.6],[0.092028,42.428346,570.8],[0.091897,42.428439,570.9],[0.091723,42.428564,570.8],[0.091537,42.428695,570.3],[0.091369,42.428816,570.1],[0.091273,42.428881,570.2],[0.091101,42.429033,569.8],[0.091031,42.429121,569.7],[0.090929,42.429222,570.0],[0.09082,42.429341,570.0],[0.090774,42.42938,570.0],[0.090687,42.429437,570.0],[0.090601,42.429488,570.0],[0.09048,42.429572,570.0],[0.090438,42.42962,570.0],[0.090323,42.429721,570.0],[0.090252,42.429794,570.0],[0.09015,42.429887,570.0],[0.09008,42.42994,570.0],[0.089912,42.430023,570.0],[0.08965,42.430143,570.0],[0.089442,42.430242,570.0],[0.089255,42.430328,570.0],[0.088813,42.430535,570.0],[0.088581,42.430646,570.0],[0.088421,42.430738,570.0],[0.088336,42.430794,570.0],[0.088329,42.430831,570.0],[0.088321,42.430884,570.0],[0.088285,42.430926,570.0],[0.088216,42.430977,570.2],[0.087853,42.431163,571.0],[0.087716,42.431256,571.0],[0.087652,42.431322,571.1],[0.087616,42.431377,571.2],[0.087594,42.431443,571.3],[0.087567,42.431552,571.4],[0.087528,42.431661,571.5],[0.087504,42.431719,571.6],[0.08745,42.431773,571.8],[0.087362,42.43183,571.8],[0.087224,42.431904,571.8],[0.087003,42.432022,572.3],[0.086693,42.432184,572.5],[0.086488,42.432287,573.1],[0.08621,42.432432,573.2],[0.08603,42.432534,573.6],[0.085901,42.432611,574.0],[0.085777,42.432666,574.5],[0.085688,42.432706,574.8],[0.085561,42.432746,575.2],[0.085393,42.432851,575.8],[0.085221,42.432972,576.0],[0.085077,42.433085,576.0],[0.085041,42.433151,576.0],[0.084907,42.433233,576.5],[0.084743,42.43335,577.0],[0.084664,42.433429,577.3],[0.084574,42.433512,577.6],[0.084403,42.433638,578.0],[0.084006,42.433885,578.5],[0.083801,42.434029,578.4],[0.083547,42.434203,577.7],[0.083266,42.434411,577.0],[0.083194,42.434442,577.0],[0.083112,42.434443,577.0],[0.083059,42.434427,577.0],[0.082729,42.434321,577.3],[0.082285,42.434166,579.8],[0.081978,42.43406,579.5],[0.081565,42.43392,580.0],[0.081565,42.43392,580.0],[0.081479,42.43388,580.0],[0.081384,42.433862,580.0],[0.081199,42.433848,580.0],[0.080984,42.433834,580.0],[0.080422,42.433806,580.0],[0.079896,42.433777,580.0],[0.079793,42.43379,580.0],[0.079688,42.433841,580.0],[0.079495,42.433942,580.3],[0.079134,42.434136,581.0],[0.078732,42.434347,581.6],[0.078499,42.434471,581.7],[0.078397,42.434528,581.9],[0.078219,42.434614,581.8],[0.077908,42.43479,581.8],[0.077752,42.434871,581.5],[0.077707,42.434964,581.4],[0.077317,42.435007,582.0],[0.077107,42.435111,582.2],[0.076926,42.435228,582.0],[0.076804,42.435355,582.2],[0.076732,42.435411,582.1],[0.076585,42.43555,581.5],[0.076421,42.435617,581.3],[0.076211,42.435632,581.6],[0.076004,42.435657,582.1],[0.075842,42.435673,582.1],[0.075759,42.435694,582.0],[0.075837,42.435824,581.4],[0.075764,42.435867,581.2],[0.075647,42.435882,581.5],[0.075417,42.435938,582.0],[0.075168,42.435976,582.5],[0.074894,42.436024,583.6],[0.07463,42.436053,584.7],[0.074313,42.436102,586.4],[0.0741,42.436134,588.7],[0.073912,42.436147,591.4],[0.073803,42.436162,592.9],[0.073712,42.436182,593.6],[0.073601,42.436215,593.8],[0.073446,42.436276,592.8],[0.073271,42.436331,592.1],[0.073016,42.436392,593.2],[0.072742,42.436461,593.3],[0.072467,42.436516,591.9],[0.072332,42.436533,592.4],[0.07213,42.436528,595.4],[0.072033,42.436534,596.9],[0.071968,42.436551,596.9],[0.071874,42.436593,595.3],[0.07177,42.436634,594.1],[0.071628,42.436671,594.7],[0.071457,42.4367,594.4],[0.07122,42.436681,595.8],[0.070935,42.436626,601.0],[0.070667,42.436605,600.4],[0.070493,42.436616,601.0],[0.070324,42.436634,602.7],[0.070158,42.436676,604.6],[0.070007,42.436686,608.8],[0.069807,42.436707,606.1],[0.06967,42.436704,606.1],[0.069483,42.436717,603.6],[0.069335,42.436734,601.3],[0.06905,42.436796,597.7],[0.068881,42.436842,598.1],[0.06875,42.436909,595.8],[0.068464,42.437032,593.3],[0.068292,42.437123,593.3],[0.068152,42.437202,592.7],[0.068024,42.437283,593.3],[0.06792,42.437361,593.6],[0.06782,42.43746,591.7],[0.067761,42.437555,591.0],[0.067684,42.437703,590.5],[0.067654,42.437779,590.5],[0.067608,42.437879,590.3],[0.067526,42.437946,590.0],[0.067336,42.437982,590.0],[0.067123,42.437996,590.0],[0.067072,42.438049,590.0],[0.067046,42.438111,590.0],[0.067389,42.438308,589.9],[0.06736,42.43842,590.0],[0.067342,42.438491,590.1],[0.067323,42.438638,590.3],[0.067287,42.438893,590.6],[0.067248,42.439109,590.9],[0.067218,42.439263,590.9],[0.067186,42.439403,591.2],[0.06715,42.439502,591.6],[0.067117,42.439601,591.6],[0.067066,42.439699,591.9],[0.067004,42.439782,592.5],[0.066938,42.43984,593.3],[0.066894,42.439888,593.9],[0.066814,42.440046,595.5],[0.066827,42.440141,595.8],[0.066852,42.440222,595.7],[0.066863,42.440315,594.8],[0.066874,42.44038,594.2],[0.066878,42.440458,593.5],[0.066863,42.44054,593.0],[0.066855,42.440657,592.1],[0.066842,42.440786,591.2],[0.066842,42.440965,590.9],[0.066871,42.441185,591.6],[0.066881,42.441316,592.1],[0.066856,42.441408,592.5],[0.066843,42.44147,592.5],[0.066834,42.441572,592.4],[0.066826,42.441665,592.5],[0.06681,42.441727,592.8],[0.066786,42.441829,592.9],[0.066754,42.441916,592.9],[0.066742,42.441989,592.6],[0.066721,42.4421,592.5],[0.066683,42.442171,592.7],[0.06665,42.442222,592.9],[0.066588,42.442288,593.1],[0.06649,42.442386,593.5],[0.066375,42.442508,594.3],[0.06625,42.442628,594.5],[0.066136,42.442735,595.0],[0.06607,42.442802,595.4],[0.065991,42.442896,595.6],[0.065893,42.443006,595.3],[0.065836,42.443065,594.9],[0.065781,42.443105,594.7],[0.065725,42.443157,594.4],[0.06558,42.443425,592.8],[0.065467,42.443635,592.0],[0.065423,42.443721,591.4],[0.065416,42.443786,590.8],[0.065428,42.443866,590.2],[0.06545,42.44391,589.9],[0.065639,42.444015,589.2],[0.065827,42.444118,588.8],[0.065962,42.444201,588.7],[0.066122,42.444282,589.0],[0.066325,42.444384,595.9]]}},{"type":"Feature","properties":{"Name":"N — Aínsa–Arcusa","etapa":"N","original_name":"N_Aínsa-Arcusa","point_count":1172,"length_km":16.281},"geometry":{"type":"LineString","coordinates":[[0.140701,42.412323,536.4],[0.140685,42.412213,539.4],[0.140674,42.412117,541.9],[0.140626,42.411919,544.8],[0.140602,42.411827,545.9],[0.140568,42.411629,549.2],[0.140557,42.411531,550.5],[0.140553,42.411412,552.5],[0.140569,42.411361,553.6],[0.140603,42.411304,555.4],[0.140623,42.411265,556.5],[0.14062,42.411221,556.7],[0.140604,42.411176,556.9],[0.140556,42.411113,556.9],[0.140541,42.411072,557.4],[0.140536,42.411007,559.0],[0.140548,42.410913,561.0],[0.14057,42.41079,563.1],[0.140582,42.410736,563.9],[0.140594,42.410638,564.7],[0.140613,42.410567,565.5],[0.140639,42.410489,566.5],[0.140681,42.410417,567.9],[0.140716,42.410365,568.9],[0.140729,42.410292,569.2],[0.140732,42.410231,570.7],[0.140709,42.410171,571.7],[0.140644,42.410069,572.1],[0.14058,42.409972,572.4],[0.140532,42.409889,573.2],[0.140441,42.409703,576.6],[0.140418,42.409633,578.3],[0.140394,42.40947,579.7],[0.14035,42.40937,579.7],[0.140322,42.409273,579.5],[0.140312,42.409192,579.6],[0.14029,42.409076,580.5],[0.140273,42.409036,580.7],[0.14019,42.408927,580.7],[0.140104,42.408723,581.8],[0.14008,42.40865,581.8],[0.140084,42.40858,582.2],[0.140112,42.408526,582.6],[0.140159,42.408482,582.5],[0.140264,42.408421,583.2],[0.140322,42.408388,584.1],[0.140362,42.408338,584.7],[0.140399,42.40825,586.0],[0.140421,42.40819,587.6],[0.140453,42.408138,588.9],[0.140523,42.408057,590.6],[0.140592,42.407957,591.0],[0.140623,42.407883,591.6],[0.14064,42.40779,592.1],[0.140655,42.407754,592.4],[0.140733,42.407666,594.4],[0.140759,42.407559,595.2],[0.140795,42.407465,595.7],[0.140811,42.40738,595.7],[0.140798,42.407314,595.7],[0.140797,42.407274,596.0],[0.140834,42.407213,597.2],[0.140913,42.407085,599.4],[0.141019,42.406943,601.8],[0.141079,42.406836,602.4],[0.141129,42.406734,602.3],[0.141158,42.406596,601.6],[0.141153,42.406503,600.7],[0.14112,42.406347,600.5],[0.141038,42.406053,602.0],[0.141,42.405916,603.2],[0.140987,42.405792,604.3],[0.140989,42.405699,605.0],[0.140999,42.405504,606.3],[0.140977,42.405207,607.9],[0.140978,42.405028,608.6],[0.140988,42.404931,609.0],[0.141007,42.404814,609.4],[0.141042,42.404687,609.9],[0.141103,42.404505,609.9],[0.141157,42.404341,610.2],[0.141239,42.404124,610.5],[0.141299,42.40397,611.0],[0.14135,42.40387,611.0],[0.141393,42.403799,611.0],[0.141496,42.403659,609.6],[0.141568,42.40356,609.0],[0.141653,42.403456,609.0],[0.141682,42.403401,609.0],[0.141692,42.403341,608.7],[0.141692,42.403213,608.6],[0.14167,42.403055,608.6],[0.141669,42.402984,608.0],[0.141696,42.402925,607.9],[0.14175,42.402835,608.2],[0.141791,42.402781,609.6],[0.141812,42.402721,610.6],[0.141827,42.402583,612.3],[0.141764,42.402531,613.1],[0.14169,42.402523,613.3],[0.141522,42.402519,613.9],[0.141276,42.402511,617.1],[0.141164,42.402492,617.4],[0.141038,42.402449,617.6],[0.140903,42.4024,618.1],[0.140782,42.402353,618.8],[0.140685,42.402292,619.6],[0.140629,42.402248,620.2],[0.140588,42.402189,620.6],[0.140546,42.402104,620.7],[0.140551,42.402029,621.4],[0.140502,42.401926,622.1],[0.14038,42.40186,622.7],[0.14031,42.401819,623.1],[0.140244,42.401749,623.7],[0.14019,42.401672,624.0],[0.140124,42.401556,624.3],[0.140046,42.401377,626.2],[0.139993,42.401233,628.4],[0.139882,42.401119,629.1],[0.139816,42.401074,629.2],[0.139768,42.400999,631.2],[0.139722,42.400907,634.4],[0.13969,42.400871,635.8],[0.139665,42.400839,637.0],[0.139502,42.400798,638.5],[0.139383,42.400774,639.5],[0.13932,42.400735,641.3],[0.13916,42.400657,644.4],[0.139042,42.400619,646.4],[0.138978,42.400612,647.9],[0.138931,42.400628,648.4],[0.138859,42.400673,648.3],[0.138783,42.400725,648.2],[0.138692,42.40074,650.0],[0.13864,42.400753,650.5],[0.138545,42.400757,652.1],[0.138457,42.400776,652.9],[0.13837,42.400806,652.4],[0.138276,42.400814,652.6],[0.138195,42.400811,653.3],[0.138125,42.400783,655.1],[0.138047,42.40074,656.7],[0.137939,42.400657,659.3],[0.137874,42.400595,661.6],[0.137809,42.400512,665.0],[0.137749,42.400482,665.4],[0.137672,42.400479,663.9],[0.137631,42.400472,663.3],[0.137576,42.400415,665.9],[0.137464,42.400351,669.0],[0.137413,42.400328,670.9],[0.137283,42.40031,672.9],[0.137152,42.400283,675.5],[0.136984,42.400257,674.8],[0.136874,42.400226,674.7],[0.136749,42.400161,678.9],[0.136575,42.400081,684.2],[0.136437,42.400027,686.8],[0.136271,42.399961,688.6],[0.136107,42.399892,690.0],[0.135983,42.399829,690.8],[0.13594,42.399781,690.9],[0.135905,42.399697,691.6],[0.135901,42.399625,692.6],[0.135888,42.3996,693.2],[0.135751,42.399554,693.7],[0.135536,42.399448,697.0],[0.135426,42.399406,698.4],[0.135335,42.39938,698.8],[0.135214,42.399367,699.4],[0.135033,42.399323,701.4],[0.134874,42.399259,701.0],[0.134746,42.399136,705.1],[0.13465,42.399056,709.7],[0.134569,42.399017,712.4],[0.134501,42.399015,712.6],[0.134444,42.399017,712.5],[0.134361,42.399014,712.8],[0.134319,42.399008,713.5],[0.134222,42.398998,714.8],[0.134103,42.398973,717.5],[0.133898,42.398958,717.4],[0.133707,42.398944,715.9],[0.133582,42.398936,713.5],[0.133482,42.398907,712.9],[0.133416,42.398884,713.2],[0.133355,42.398854,713.9],[0.133264,42.398784,715.8],[0.133093,42.398646,715.9],[0.132992,42.398573,715.0],[0.132939,42.398534,713.5],[0.132903,42.398484,712.6],[0.132875,42.398417,712.1],[0.13286,42.398337,712.8],[0.132845,42.398308,713.7],[0.132798,42.398288,713.7],[0.132641,42.398243,713.0],[0.132432,42.398185,711.2],[0.132333,42.398139,710.7],[0.1322,42.398072,711.0],[0.132005,42.397981,710.7],[0.131891,42.397942,710.0],[0.131769,42.397885,710.9],[0.131632,42.397817,710.9],[0.13153,42.39776,710.1],[0.131458,42.397694,710.4],[0.131411,42.397633,711.3],[0.131369,42.397578,712.1],[0.131304,42.397561,710.5],[0.131219,42.397571,708.4],[0.131149,42.397592,706.9],[0.131032,42.397563,707.0],[0.130923,42.397516,707.6],[0.130825,42.397453,708.0],[0.130697,42.39737,708.2],[0.130612,42.397299,708.7],[0.130545,42.397219,708.0],[0.130388,42.397103,705.7],[0.130307,42.397046,705.7],[0.130229,42.397043,705.8],[0.130173,42.3971,704.8],[0.130117,42.39716,704.7],[0.130066,42.397196,704.9],[0.130018,42.39722,705.4],[0.129932,42.397255,706.9],[0.12984,42.397258,708.5],[0.129738,42.397261,710.3],[0.129675,42.397227,710.8],[0.12964,42.397187,711.2],[0.129636,42.397139,711.0],[0.12967,42.397094,709.8],[0.129697,42.397044,709.7],[0.129692,42.396982,710.9],[0.129655,42.396876,713.7],[0.129613,42.396808,715.0],[0.129536,42.396731,716.4],[0.129488,42.396692,717.1],[0.129477,42.396564,717.0],[0.129498,42.396503,716.8],[0.129562,42.39641,715.7],[0.129603,42.396323,716.0],[0.129641,42.3962,716.7],[0.12966,42.396061,718.0],[0.129654,42.39598,719.0],[0.129633,42.395902,719.4],[0.12959,42.395835,719.8],[0.129515,42.395733,720.5],[0.12947,42.395663,721.5],[0.129422,42.395572,722.4],[0.12934,42.395462,723.8],[0.129289,42.39541,724.9],[0.129198,42.39534,726.1],[0.129109,42.395262,726.9],[0.129028,42.395185,727.5],[0.128992,42.39515,727.9],[0.128988,42.395113,728.1],[0.128977,42.395087,728.3],[0.128971,42.395055,728.3],[0.128946,42.395013,728.5],[0.128934,42.394964,728.5],[0.128912,42.394919,728.7],[0.128821,42.394852,729.3],[0.128684,42.394787,730.7],[0.128579,42.394739,731.6],[0.128503,42.394671,732.9],[0.1284,42.394653,733.9],[0.128264,42.394646,735.3],[0.128181,42.394636,736.3],[0.128034,42.394603,738.0],[0.127928,42.394605,739.1],[0.127816,42.394607,740.2],[0.127707,42.394601,741.7],[0.127744,42.394539,741.7],[0.127654,42.39455,743.2],[0.127673,42.394488,743.5],[0.127581,42.394468,745.5],[0.127444,42.394435,749.3],[0.127335,42.394402,753.7],[0.127264,42.394384,756.6],[0.127321,42.394336,757.0],[0.127337,42.394278,758.9],[0.127211,42.394281,762.9],[0.127018,42.394338,765.4],[0.126924,42.394371,766.8],[0.126794,42.394434,768.3],[0.126663,42.394529,770.2],[0.1266,42.394536,772.0],[0.126492,42.394506,773.4],[0.126352,42.394452,773.6],[0.126217,42.394428,773.0],[0.126097,42.394432,771.3],[0.125934,42.394438,769.0],[0.125756,42.394461,766.8],[0.125629,42.394464,765.1],[0.125276,42.394477,760.0],[0.125158,42.394485,758.1],[0.125046,42.394488,756.2],[0.1249,42.394444,752.5],[0.124806,42.394427,750.5],[0.124658,42.394455,749.1],[0.124554,42.39443,747.2],[0.124444,42.394406,745.5],[0.124381,42.394407,744.4],[0.124285,42.39442,742.8],[0.124146,42.394462,740.9],[0.123959,42.394497,736.6],[0.123883,42.394528,735.0],[0.123773,42.394618,733.7],[0.123632,42.394701,731.4],[0.123546,42.394722,729.4],[0.123399,42.394779,726.2],[0.123276,42.39483,723.7],[0.123198,42.394843,722.2],[0.123041,42.394836,719.1],[0.122936,42.394823,717.1],[0.122851,42.394818,716.0],[0.122786,42.394835,715.1],[0.122612,42.394885,712.7],[0.122471,42.3949,711.2],[0.122349,42.394897,709.8],[0.122211,42.39487,708.7],[0.122065,42.394865,707.4],[0.121953,42.394872,705.9],[0.121845,42.394866,704.3],[0.121709,42.394815,702.0],[0.121524,42.394707,700.2],[0.121341,42.394631,696.3],[0.121296,42.394603,694.7],[0.121269,42.394557,693.9],[0.121242,42.394525,693.3],[0.121107,42.394496,690.3],[0.120899,42.394438,686.7],[0.120783,42.394406,683.9],[0.120686,42.394346,683.4],[0.120594,42.39431,682.6],[0.120479,42.394277,681.2],[0.120402,42.394247,679.7],[0.120318,42.394175,677.5],[0.120237,42.394132,675.6],[0.120161,42.394061,674.7],[0.120115,42.39404,674.1],[0.120077,42.394091,672.9],[0.120097,42.394208,672.5],[0.119994,42.39423,671.9],[0.119751,42.394216,669.4],[0.119555,42.394249,668.7],[0.119317,42.394308,667.1],[0.119174,42.394361,666.4],[0.119045,42.394443,665.9],[0.118981,42.394487,665.6],[0.118814,42.394519,663.3],[0.118731,42.39453,662.2],[0.118653,42.394522,661.0],[0.11857,42.394508,660.7],[0.118437,42.394454,660.0],[0.118273,42.394405,659.6],[0.118121,42.394347,659.0],[0.117895,42.394308,658.4],[0.11775,42.394275,658.1],[0.117624,42.39423,657.3],[0.11749,42.394166,656.3],[0.11737,42.394111,655.4],[0.117225,42.394079,654.6],[0.117053,42.394055,654.0],[0.116905,42.394009,653.5],[0.116773,42.393985,653.3],[0.116519,42.393927,652.7],[0.116329,42.393911,653.0],[0.116181,42.39387,653.1],[0.115947,42.393807,652.5],[0.115871,42.393755,652.0],[0.115837,42.39372,651.6],[0.115801,42.393683,651.1],[0.115805,42.393603,650.3],[0.115846,42.393502,649.6],[0.115859,42.39344,649.1],[0.115872,42.393276,648.4],[0.115875,42.393174,648.0],[0.115917,42.393085,648.0],[0.116002,42.392928,648.2],[0.116048,42.39282,648.1],[0.116116,42.392669,648.0],[0.116153,42.392556,647.6],[0.116197,42.392464,647.0],[0.116246,42.392384,646.2],[0.116249,42.392318,645.0],[0.116263,42.392235,643.7],[0.116224,42.39209,641.2],[0.116137,42.391957,640.2],[0.116092,42.391869,639.9],[0.116058,42.391775,639.8],[0.116024,42.391633,639.6],[0.115991,42.391491,639.0],[0.11595,42.391378,638.5],[0.115911,42.391246,637.8],[0.115859,42.391103,637.0],[0.115799,42.390987,636.2],[0.115675,42.390817,635.0],[0.11557,42.390641,634.4],[0.115422,42.39045,635.1],[0.115262,42.390306,636.5],[0.115167,42.390182,637.9],[0.115093,42.390072,638.9],[0.114962,42.389914,638.6],[0.11478,42.389718,639.0],[0.114348,42.389361,640.1],[0.11417,42.389222,640.8],[0.114019,42.389111,640.7],[0.113913,42.389005,640.9],[0.113842,42.388945,641.0],[0.113792,42.388872,640.9],[0.113739,42.388839,640.7],[0.113629,42.3888,640.3],[0.113508,42.388784,640.1],[0.113444,42.388787,640.3],[0.113406,42.38875,640.4],[0.113351,42.388712,640.6],[0.113331,42.388685,640.6],[0.113303,42.388652,640.7],[0.113266,42.388586,640.8],[0.11323,42.388534,640.9],[0.113103,42.38845,641.2],[0.112961,42.388319,641.0],[0.112879,42.388242,640.8],[0.112793,42.388164,640.9],[0.112696,42.38811,641.3],[0.112499,42.388046,643.1],[0.112461,42.388018,643.7],[0.112411,42.387928,644.5],[0.112346,42.387798,646.2],[0.112288,42.387679,647.6],[0.112238,42.387616,648.3],[0.112144,42.387556,649.0],[0.111963,42.387433,649.9],[0.111833,42.387354,650.0],[0.11172,42.387321,650.0],[0.111619,42.387324,650.0],[0.111534,42.387327,650.0],[0.111376,42.387322,650.0],[0.111269,42.387314,650.1],[0.111178,42.387313,650.2],[0.111088,42.387284,650.2],[0.110982,42.38729,650.3],[0.110864,42.387312,650.5],[0.110769,42.387319,650.6],[0.11068,42.387304,650.6],[0.11052,42.387226,650.5],[0.110394,42.387148,650.4],[0.110298,42.387061,650.5],[0.110183,42.386931,650.9],[0.110132,42.386846,651.1],[0.110048,42.386775,651.2],[0.109908,42.386709,650.9],[0.109821,42.386689,650.3],[0.109586,42.386681,650.2],[0.109483,42.386674,650.3],[0.109421,42.386657,650.9],[0.10933,42.386606,651.9],[0.109185,42.386512,654.2],[0.109129,42.386451,655.2],[0.109107,42.386395,655.8],[0.109052,42.386369,656.9],[0.108991,42.386374,657.8],[0.108927,42.386409,658.7],[0.108898,42.386403,659.2],[0.108872,42.386395,659.7],[0.108801,42.386333,660.9],[0.108645,42.386324,663.9],[0.108587,42.386293,665.2],[0.10853,42.386215,666.9],[0.108517,42.386176,667.4],[0.108512,42.386104,668.1],[0.108517,42.38605,668.5],[0.108518,42.38589,669.1],[0.10851,42.385732,669.1],[0.108485,42.38569,669.9],[0.108446,42.385644,670.8],[0.10842,42.385583,671.6],[0.108415,42.385547,672.0],[0.108265,42.385461,673.5],[0.10808,42.385357,674.5],[0.107792,42.385206,676.0],[0.107545,42.385134,677.7],[0.107413,42.385053,679.7],[0.107242,42.385015,680.0],[0.107142,42.384955,680.5],[0.107075,42.3849,680.6],[0.107048,42.384842,680.6],[0.107036,42.384741,680.6],[0.107062,42.384684,680.8],[0.107121,42.384628,681.1],[0.107184,42.384571,681.3],[0.107172,42.384495,681.0],[0.107151,42.38427,681.2],[0.107148,42.384172,681.8],[0.1071,42.384039,682.8],[0.107075,42.383974,683.1],[0.10705,42.383897,684.9],[0.106999,42.38387,685.4],[0.106978,42.383818,686.9],[0.106875,42.383809,687.4],[0.106781,42.383855,687.8],[0.106729,42.383881,688.3],[0.10668,42.383857,689.7],[0.106655,42.383813,690.7],[0.106647,42.383724,692.2],[0.106608,42.383653,694.1],[0.106492,42.383645,696.6],[0.106446,42.383581,699.2],[0.106387,42.383532,701.8],[0.106312,42.383542,703.3],[0.106192,42.38356,704.8],[0.106085,42.383575,705.9],[0.106063,42.383573,706.3],[0.10606,42.383555,706.8],[0.106129,42.383491,707.0],[0.106141,42.383445,707.7],[0.10607,42.383386,709.1],[0.106019,42.383311,710.0],[0.105983,42.383231,710.1],[0.105986,42.383086,710.1],[0.105939,42.383014,709.5],[0.105893,42.382937,708.6],[0.105878,42.382782,707.3],[0.105916,42.382615,706.4],[0.105901,42.382533,705.6],[0.106004,42.382376,705.0],[0.106089,42.382249,704.1],[0.10612,42.382132,702.7],[0.106102,42.382045,701.1],[0.106085,42.381934,699.2],[0.10606,42.381799,696.9],[0.106112,42.381658,695.6],[0.106088,42.381549,694.3],[0.106125,42.381477,694.1],[0.106207,42.381379,694.1],[0.106278,42.381329,694.4],[0.106387,42.381213,694.1],[0.106463,42.381096,693.4],[0.106515,42.381039,693.5],[0.106558,42.380963,693.1],[0.106523,42.380876,691.0],[0.106519,42.380794,690.1],[0.106523,42.380747,690.0],[0.106474,42.380554,688.7],[0.106361,42.380418,687.0],[0.106319,42.380316,684.5],[0.106486,42.380192,685.0],[0.106596,42.380214,687.4],[0.106647,42.3802,688.0],[0.106673,42.380137,688.0],[0.106692,42.3801,688.2],[0.10664,42.380028,686.9],[0.10645,42.379947,682.9],[0.106379,42.379839,683.9],[0.106338,42.379719,685.7],[0.106275,42.379644,686.5],[0.106183,42.379602,686.4],[0.106009,42.379482,687.3],[0.105871,42.379182,689.8],[0.105866,42.379118,691.2],[0.105817,42.378924,693.8],[0.105773,42.378722,695.2],[0.105503,42.378459,698.7],[0.105417,42.378333,699.8],[0.105063,42.378191,701.5],[0.104604,42.378091,704.7],[0.104272,42.378035,707.8],[0.104017,42.378063,710.1],[0.103457,42.378037,711.4],[0.102937,42.378021,712.1],[0.102367,42.377979,720.0],[0.102166,42.377889,722.0],[0.101936,42.377789,723.3],[0.101747,42.377734,724.9],[0.101394,42.377558,728.5],[0.10131,42.377496,729.6],[0.10126,42.377218,736.0],[0.101136,42.377186,739.4],[0.101151,42.377029,744.0],[0.101249,42.376988,743.2],[0.101385,42.376949,741.5],[0.101489,42.376825,741.6],[0.10147,42.376687,743.9],[0.101396,42.376578,746.2],[0.101146,42.376439,750.8],[0.101054,42.376509,755.0],[0.100671,42.3765,754.7],[0.100403,42.376543,757.1],[0.100225,42.376476,755.5],[0.100022,42.376312,756.3],[0.099965,42.376212,758.8],[0.099875,42.375873,762.9],[0.099883,42.37576,763.5],[0.100026,42.375586,761.5],[0.100188,42.375454,762.1],[0.100256,42.375341,763.6],[0.100203,42.375342,765.0],[0.100139,42.375388,766.8],[0.100114,42.375362,767.6],[0.10013,42.375329,766.8],[0.100039,42.375305,769.0],[0.099922,42.375267,771.9],[0.099827,42.375123,772.1],[0.099745,42.375064,774.2],[0.099683,42.374964,774.7],[0.099675,42.374803,773.9],[0.0997,42.374742,772.5],[0.099662,42.374647,773.5],[0.09964,42.374611,774.0],[0.099564,42.374585,776.4],[0.099574,42.374699,777.9],[0.09951,42.374659,779.9],[0.099448,42.374589,780.9],[0.099447,42.374648,782.4],[0.099449,42.37471,783.8],[0.099317,42.374646,789.0],[0.099217,42.374479,791.6],[0.099199,42.374482,792.6],[0.099224,42.374346,790.7],[0.099171,42.374212,794.3],[0.099179,42.374095,795.2],[0.09913,42.373984,797.4],[0.099064,42.374012,800.8],[0.099012,42.374233,802.5],[0.098882,42.374449,809.4],[0.098822,42.374645,814.1],[0.098853,42.37497,815.9],[0.09896,42.375328,819.2],[0.098959,42.375745,820.6],[0.098911,42.375985,822.6],[0.098814,42.376112,826.8],[0.098738,42.376145,830.7],[0.098719,42.376039,831.4],[0.098739,42.375842,830.0],[0.098726,42.375644,829.5],[0.098593,42.375506,832.4],[0.098536,42.375242,829.3],[0.098437,42.375118,829.5],[0.09849,42.375003,827.9],[0.098366,42.374619,833.3],[0.098264,42.374451,838.0],[0.098223,42.374334,839.8],[0.098202,42.373984,839.5],[0.098126,42.373873,840.1],[0.098072,42.373735,840.7],[0.098074,42.373472,839.6],[0.09806,42.373278,842.1],[0.09803,42.373062,846.5],[0.097984,42.372978,848.1],[0.098023,42.37283,849.4],[0.098113,42.372708,850.6],[0.098202,42.372571,848.7],[0.098365,42.372203,846.0],[0.098341,42.371923,853.8],[0.098228,42.371798,857.4],[0.097921,42.371639,857.9],[0.097748,42.371497,857.0],[0.097679,42.371427,855.9],[0.097676,42.37126,853.8],[0.097733,42.371089,852.2],[0.097753,42.370907,850.5],[0.097854,42.370663,851.1],[0.097806,42.370586,850.5],[0.097693,42.370488,848.9],[0.097732,42.370331,848.5],[0.097725,42.370011,846.0],[0.097602,42.369574,845.0],[0.097593,42.369399,847.6],[0.09758,42.369054,851.9],[0.09764,42.368928,853.6],[0.097697,42.368821,855.1],[0.097656,42.368594,855.1],[0.097413,42.368372,852.3],[0.097184,42.368262,851.0],[0.097038,42.368172,850.5],[0.096909,42.36811,850.8],[0.096938,42.367986,850.8],[0.097019,42.367865,850.4],[0.096962,42.367714,850.0],[0.096873,42.367531,850.2],[0.096674,42.367244,850.0],[0.096197,42.366957,854.1],[0.096077,42.366887,855.0],[0.095761,42.366782,856.9],[0.095369,42.366732,858.0],[0.094968,42.366692,858.5],[0.094604,42.366744,859.7],[0.093881,42.366874,863.2],[0.093543,42.366899,865.3],[0.092971,42.366888,866.6],[0.092309,42.366944,868.3],[0.092061,42.366944,869.2],[0.091863,42.366919,869.8],[0.091737,42.366846,870.8],[0.091651,42.366753,872.0],[0.091594,42.366661,873.1],[0.091574,42.366506,873.9],[0.091483,42.366311,875.5],[0.091389,42.366128,876.0],[0.09136,42.365924,875.1],[0.091315,42.365805,874.8],[0.091099,42.3656,874.5],[0.091099,42.3656,874.5],[0.091106,42.365569,874.0],[0.091107,42.365489,873.0],[0.091139,42.365367,872.4],[0.091152,42.365307,872.1],[0.091187,42.365266,871.8],[0.091235,42.365219,871.3],[0.091314,42.365171,870.6],[0.091521,42.365085,869.4],[0.091792,42.364969,868.2],[0.091986,42.364876,866.8],[0.092066,42.364829,866.3],[0.092149,42.364745,865.8],[0.092223,42.364609,865.2],[0.092232,42.364451,864.4],[0.092239,42.364195,863.2],[0.092251,42.363974,862.4],[0.092269,42.363875,862.0],[0.092327,42.363685,862.3],[0.092344,42.363567,862.3],[0.092326,42.36347,862.3],[0.092278,42.363359,862.5],[0.092238,42.363259,862.8],[0.092213,42.363177,863.0],[0.092179,42.363077,862.9],[0.09212,42.362901,863.0],[0.092051,42.362807,862.9],[0.091978,42.362724,862.5],[0.091803,42.362615,861.7],[0.09157,42.362454,861.0],[0.091345,42.362321,861.0],[0.091117,42.362184,860.5],[0.090938,42.36203,860.0],[0.090847,42.361949,859.9],[0.090811,42.361865,860.0],[0.090794,42.361765,860.0],[0.090792,42.36162,859.9],[0.090792,42.361434,859.5],[0.09081,42.361097,859.0],[0.090813,42.360689,858.0],[0.090828,42.360307,858.0],[0.090831,42.360045,857.7],[0.090831,42.359815,857.0],[0.090834,42.35939,856.8],[0.090841,42.358962,855.1],[0.090845,42.358495,853.9],[0.090849,42.358324,853.1],[0.090857,42.358246,852.8],[0.090872,42.358194,852.5],[0.090935,42.358071,852.0],[0.091024,42.357924,851.4],[0.091081,42.357862,851.1],[0.091152,42.357811,850.9],[0.091196,42.35778,850.7],[0.091244,42.357729,850.5],[0.091267,42.357694,850.4],[0.091334,42.357487,850.0],[0.091382,42.357294,850.0],[0.091403,42.357214,850.0],[0.091403,42.357167,850.0],[0.091362,42.356949,850.9],[0.091319,42.356741,851.9],[0.091321,42.356665,852.5],[0.091372,42.356603,853.3],[0.091473,42.356484,855.2],[0.091578,42.356389,856.7],[0.091679,42.356244,858.4],[0.091769,42.356131,859.7],[0.091834,42.35606,860.5],[0.091971,42.35596,861.1],[0.092037,42.355886,861.3],[0.09206,42.355857,861.4],[0.092132,42.355771,861.8],[0.092166,42.355734,861.8],[0.092211,42.355709,861.7],[0.092392,42.355662,861.9],[0.092698,42.355588,862.0],[0.09294,42.355545,862.0],[0.093199,42.355531,862.0],[0.093382,42.355511,862.1],[0.093743,42.355474,863.4],[0.094126,42.35544,864.8],[0.094431,42.35539,866.3],[0.094786,42.35532,868.4],[0.09485,42.355291,868.8],[0.094996,42.355189,869.6],[0.095234,42.354993,870.0],[0.095381,42.354889,870.0],[0.095449,42.354827,870.0],[0.095487,42.354762,870.3],[0.095512,42.354683,870.7],[0.095514,42.354626,871.0],[0.095501,42.354563,871.2],[0.095436,42.354501,871.3],[0.095336,42.354466,871.1],[0.095207,42.354442,870.8],[0.095087,42.354368,870.9],[0.095012,42.354317,871.4],[0.09495,42.354255,871.9],[0.09488,42.354167,872.7],[0.094801,42.353978,874.4],[0.094699,42.353714,876.8],[0.094632,42.353403,879.3],[0.094602,42.353273,879.9],[0.094589,42.353177,880.2],[0.094603,42.353061,880.4],[0.094689,42.352758,881.1],[0.094793,42.352402,883.8],[0.094869,42.352105,887.6],[0.094961,42.351826,890.7],[0.095091,42.351516,891.1],[0.095172,42.351418,891.0],[0.095257,42.351326,890.6],[0.095312,42.351264,890.3],[0.095366,42.351104,889.9],[0.095415,42.350802,889.9],[0.095408,42.350653,890.8],[0.095388,42.350573,891.6],[0.095344,42.350459,893.2],[0.09529,42.350355,895.3],[0.095181,42.350193,898.9],[0.094967,42.349882,901.6],[0.094792,42.349661,902.9],[0.094666,42.34952,902.7],[0.094554,42.349406,903.0],[0.094453,42.34934,902.9],[0.094371,42.349299,903.2],[0.094172,42.349244,904.2],[0.09382,42.349162,906.1],[0.093306,42.349058,908.9],[0.092644,42.348919,908.7],[0.092133,42.348824,910.0],[0.091856,42.348765,909.6],[0.091612,42.348717,909.6],[0.09105,42.348591,912.5],[0.090494,42.348478,912.3],[0.090093,42.348395,912.1],[0.089596,42.34829,913.5],[0.088892,42.348152,916.7],[0.08868,42.348107,918.3],[0.088337,42.348041,920.5],[0.088107,42.347992,922.2],[0.087819,42.347952,924.1],[0.087525,42.347932,925.0],[0.087385,42.34791,925.5],[0.087278,42.347898,925.8],[0.087067,42.347912,926.8],[0.086935,42.347916,927.5],[0.086863,42.347908,927.7],[0.086742,42.347868,928.6],[0.086657,42.347825,929.7],[0.086535,42.347746,929.7],[0.086383,42.347656,930.8],[0.086306,42.347581,932.3],[0.086279,42.347519,933.2],[0.086264,42.347426,934.3],[0.086232,42.34738,935.2],[0.086155,42.347265,936.6],[0.086138,42.347213,936.9],[0.086141,42.347152,937.0],[0.086327,42.346896,936.2],[0.086497,42.346693,935.0],[0.086775,42.346365,936.3],[0.087011,42.346123,939.0],[0.087124,42.345951,941.0],[0.087168,42.345878,940.9],[0.087192,42.345801,941.3],[0.087199,42.345597,943.6],[0.087217,42.345515,944.3],[0.087254,42.345389,944.9],[0.087244,42.345268,945.5],[0.087217,42.345141,945.6],[0.087259,42.345049,944.9],[0.087275,42.344987,944.9],[0.087253,42.344826,945.7],[0.087255,42.344799,945.7],[0.08726,42.344751,945.7],[0.087386,42.34457,944.8],[0.087476,42.344429,943.9],[0.087511,42.344316,943.7],[0.087523,42.344246,943.8],[0.087502,42.344146,944.1],[0.087446,42.344074,944.5],[0.087417,42.34386,945.3],[0.087375,42.343671,946.3],[0.087353,42.343481,947.4],[0.087348,42.343326,948.7],[0.087358,42.343233,949.5],[0.087436,42.343095,950.4],[0.087505,42.342901,951.9],[0.087641,42.342618,954.5],[0.087701,42.342441,956.1],[0.087741,42.342312,957.0],[0.087768,42.342094,958.8],[0.087841,42.341956,959.9],[0.08789,42.341794,960.1],[0.087887,42.341717,960.5],[0.087901,42.341613,960.5],[0.087875,42.341544,961.1],[0.087823,42.34149,961.8],[0.087766,42.341473,961.8],[0.08769,42.341473,962.3],[0.087614,42.34149,963.2],[0.087284,42.341561,965.0],[0.086873,42.341654,967.4],[0.086714,42.341689,968.9],[0.086597,42.341691,969.8],[0.086504,42.341669,970.0],[0.086398,42.341633,970.2],[0.086275,42.341583,970.4],[0.086179,42.341521,970.7],[0.086109,42.341454,970.8],[0.086056,42.341355,970.6],[0.086006,42.341224,970.8],[0.08596,42.341046,971.3],[0.085831,42.340957,972.6],[0.085766,42.340902,973.1],[0.08573,42.340857,973.3],[0.085709,42.340789,973.2],[0.085697,42.340765,973.2],[0.085616,42.340681,973.5],[0.085516,42.340636,974.3],[0.085373,42.34058,975.7],[0.085211,42.340528,976.7],[0.084992,42.340478,978.2],[0.084878,42.340443,979.2],[0.084796,42.340406,980.2],[0.084749,42.340371,981.0],[0.084717,42.340324,981.8],[0.084679,42.340259,982.9],[0.084719,42.340209,983.3],[0.084758,42.340156,983.7],[0.08484,42.339964,985.3],[0.085061,42.339604,988.2],[0.085385,42.339232,990.7],[0.085507,42.338999,993.4],[0.085656,42.338756,994.8],[0.085684,42.338607,996.2],[0.085732,42.338483,996.9],[0.085754,42.338344,998.1],[0.085759,42.338222,999.2],[0.085732,42.33813,1000.7],[0.085737,42.338024,1001.9],[0.085789,42.337951,1001.8],[0.085836,42.337871,1002.5],[0.085982,42.337774,1002.4],[0.086108,42.337657,1003.4],[0.086253,42.3375,1004.8],[0.086363,42.337407,1004.6],[0.086447,42.337302,1004.4],[0.086527,42.337112,1005.1],[0.086634,42.336964,1005.5],[0.086742,42.336819,1006.6],[0.086799,42.336642,1008.0],[0.086814,42.336523,1009.2],[0.086939,42.336201,1010.5],[0.086985,42.33601,1011.5],[0.08696,42.335985,1012.0],[0.086965,42.33593,1012.4],[0.086923,42.33579,1014.1],[0.086926,42.335648,1015.2],[0.086931,42.335539,1016.1],[0.086929,42.335405,1017.0],[0.086865,42.335221,1018.6],[0.086857,42.335044,1019.4],[0.086896,42.334552,1018.8],[0.086835,42.334377,1020.3],[0.08672,42.334263,1022.2],[0.086569,42.33409,1023.8],[0.086571,42.333959,1023.7],[0.086558,42.33382,1023.5],[0.086594,42.3337,1022.7],[0.086642,42.333569,1022.6],[0.086682,42.333474,1023.2],[0.086674,42.333475,1023.2],[0.086709,42.333407,1023.9],[0.0866,42.333289,1024.6],[0.086534,42.333212,1024.4],[0.086495,42.333189,1023.4],[0.08643,42.333267,1020.8],[0.086398,42.333308,1020.1],[0.086375,42.333219,1018.0],[0.086228,42.333344,1016.4],[0.086218,42.333296,1014.1],[0.086246,42.333216,1012.1],[0.086286,42.333128,1012.9],[0.086268,42.33312,1011.9],[0.086261,42.333031,1010.5],[0.086207,42.332953,1007.0],[0.086151,42.332803,1005.1],[0.086115,42.332719,1004.1],[0.085997,42.332611,999.2],[0.085913,42.332499,995.1],[0.08583,42.33241,990.5],[0.085774,42.332337,987.8],[0.08576,42.332133,983.3],[0.085751,42.332005,979.2],[0.08575,42.33195,977.3],[0.085778,42.33192,977.2],[0.085845,42.331873,977.4],[0.085934,42.331777,977.4],[0.085941,42.33168,974.9],[0.08592,42.331599,972.1],[0.085972,42.331408,968.4],[0.085962,42.331336,966.2],[0.085921,42.331281,964.3],[0.085902,42.331224,962.8],[0.085796,42.331155,960.5],[0.0857,42.331104,957.9],[0.08578,42.331048,956.6],[0.08584,42.330966,955.1],[0.085794,42.330897,953.2],[0.085702,42.330892,952.6],[0.085588,42.330925,952.1],[0.085443,42.330957,950.6],[0.085388,42.330976,949.7],[0.085251,42.330931,948.6],[0.085196,42.330887,948.5],[0.085121,42.330907,946.8],[0.084934,42.330912,943.0],[0.084871,42.330878,942.5],[0.084933,42.330778,945.8],[0.084927,42.330699,946.5],[0.084819,42.330672,945.2],[0.084742,42.330617,944.5],[0.084762,42.330539,945.3],[0.084882,42.330442,945.9],[0.085076,42.330483,948.9],[0.085094,42.330472,949.0],[0.085084,42.330423,948.1],[0.085059,42.33039,947.3],[0.085017,42.330359,946.3],[0.085017,42.33035,946.2],[0.085004,42.330334,945.8],[0.084987,42.330298,945.0],[0.084958,42.330278,944.3],[0.084853,42.330302,943.8],[0.084749,42.330269,942.5],[0.084681,42.330209,941.4],[0.084587,42.330166,940.5],[0.08446,42.33012,939.3],[0.084463,42.330105,939.3],[0.084305,42.330085,937.4],[0.084157,42.330037,935.5],[0.084081,42.330026,934.8],[0.083981,42.329952,933.2],[0.083863,42.329911,931.6],[0.083794,42.329888,930.5],[0.083739,42.329887,929.9],[0.083625,42.329953,929.9],[0.083578,42.329977,929.6],[0.083466,42.329939,926.8],[0.083355,42.329875,922.4],[0.083284,42.329856,920.0],[0.08317,42.329888,919.2],[0.083033,42.329918,918.3],[0.082829,42.329932,916.0],[0.08264,42.329949,914.8],[0.082497,42.329954,914.5],[0.082376,42.329949,914.0],[0.082258,42.329944,914.6],[0.082124,42.329872,909.8],[0.081912,42.329847,908.0],[0.081719,42.329851,907.7],[0.081535,42.329872,907.8],[0.081283,42.329987,910.8],[0.081099,42.330057,908.4],[0.080942,42.330104,905.1],[0.080761,42.330202,902.8],[0.080579,42.330274,898.8],[0.08049,42.33032,898.7],[0.080342,42.330308,893.7],[0.080212,42.330304,890.9],[0.080112,42.330326,891.1],[0.080015,42.330309,888.5],[0.079866,42.330322,887.9],[0.07976,42.330316,886.4],[0.079646,42.330294,884.1],[0.079549,42.330233,880.7],[0.079397,42.330184,878.6],[0.079338,42.330081,874.3],[0.079224,42.329961,871.1],[0.079085,42.32988,871.4],[0.078921,42.329847,869.5],[0.078672,42.32986,866.2],[0.078543,42.329863,864.3],[0.078363,42.329797,862.3],[0.078282,42.329732,861.8],[0.078245,42.329595,861.6],[0.078161,42.329462,861.7],[0.078078,42.329364,861.7],[0.078023,42.329292,861.3],[0.077957,42.329235,861.2],[0.077877,42.329184,861.6],[0.077804,42.329159,862.0],[0.077727,42.32913,862.2],[0.077512,42.329089,862.7],[0.077366,42.329019,862.9],[0.077227,42.328956,863.0],[0.077151,42.328892,863.4],[0.077082,42.328826,863.8],[0.076992,42.328771,864.0],[0.076828,42.328681,864.3],[0.076714,42.328621,864.5],[0.07662,42.328557,864.8],[0.076542,42.328476,865.1],[0.07648,42.328379,865.5],[0.07643,42.328297,866.0],[0.076385,42.328224,866.3],[0.076364,42.328194,866.5],[0.076503,42.32808,866.9],[0.076606,42.328009,867.5],[0.076696,42.327908,868.2],[0.076752,42.327817,868.8],[0.076758,42.327729,869.2],[0.076765,42.327626,869.7],[0.07674,42.32751,870.0],[0.076699,42.327394,870.2],[0.076639,42.327306,870.7],[0.076645,42.327296,870.9],[0.076467,42.327206,870.6],[0.076272,42.327105,870.6],[0.076092,42.327059,870.5],[0.076005,42.326964,870.4],[0.075888,42.326783,869.3],[0.075705,42.326569,863.8],[0.075707,42.326486,862.7],[0.075645,42.32634,860.5],[0.075582,42.326181,857.3],[0.075582,42.326065,855.8],[0.075574,42.325949,853.3],[0.075686,42.325735,853.7],[0.0757,42.325547,851.2],[0.075735,42.325442,849.0],[0.075836,42.325283,845.9],[0.075895,42.325171,842.5],[0.075763,42.325089,837.0],[0.075664,42.324982,835.2],[0.075695,42.324871,833.1],[0.075758,42.32477,830.8],[0.075771,42.324685,831.8],[0.07572,42.324586,839.0],[0.075685,42.324453,845.5],[0.075727,42.32431,847.6],[0.075764,42.324256,848.0],[0.075899,42.324124,848.4],[0.075987,42.323972,849.1],[0.07603,42.323849,849.0],[0.076049,42.323745,849.2],[0.076106,42.323443,850.8],[0.076183,42.323183,852.7],[0.076227,42.323082,853.8],[0.076475,42.322806,856.0],[0.076606,42.322544,860.3],[0.076704,42.322356,862.7],[0.076733,42.322151,864.8],[0.076646,42.322092,865.4],[0.07653,42.322077,865.7],[0.076421,42.321998,866.0],[0.076281,42.32191,866.0],[0.076181,42.321855,865.9],[0.076041,42.321799,865.4],[0.075851,42.32176,864.7],[0.075641,42.321744,863.8],[0.075466,42.321749,863.3],[0.075336,42.321648,862.4],[0.075367,42.321476,861.4],[0.075289,42.321382,860.3]]}},{"type":"Feature","properties":{"Name":"Ñ — Aínsa–Humo de Muro","etapa":"Ñ","original_name":"Ñ_Aínsa-Humo de Muro","point_count":1275,"length_km":19.011},"geometry":{"type":"LineString","coordinates":[[0.146939,42.415781,530.5],[0.146979,42.415779,530.6],[0.147096,42.415789,530.8],[0.147264,42.415795,530.9],[0.147448,42.415803,531.3],[0.147607,42.415809,531.8],[0.147764,42.415809,532.0],[0.147896,42.4158,532.0],[0.148024,42.415767,532.2],[0.14828,42.415681,533.0],[0.148618,42.415589,533.6],[0.148823,42.41552,533.9],[0.149151,42.415416,534.0],[0.149525,42.415308,534.5],[0.149693,42.415247,534.8],[0.149891,42.415152,535.3],[0.150194,42.414966,535.4],[0.150448,42.414788,536.3],[0.150758,42.414574,536.6],[0.150998,42.414393,537.2],[0.151323,42.41412,537.3],[0.151443,42.414009,536.9],[0.151544,42.413939,537.0],[0.151833,42.413835,538.0],[0.152181,42.4137,538.7],[0.152559,42.413577,539.5],[0.15291,42.413503,540.1],[0.153115,42.413462,540.5],[0.153326,42.413424,540.9],[0.153506,42.413339,541.4],[0.153615,42.413291,541.7],[0.153693,42.413234,542.0],[0.153805,42.413159,542.5],[0.153942,42.413065,543.3],[0.154082,42.412949,544.7],[0.154244,42.41283,546.5],[0.154379,42.412708,548.0],[0.154489,42.412596,549.4],[0.1546,42.412481,551.5],[0.154739,42.412309,553.3],[0.154864,42.412157,554.7],[0.155034,42.412035,558.1],[0.155081,42.411966,558.1],[0.155173,42.411912,560.4],[0.15524,42.411834,561.0],[0.155355,42.411707,562.0],[0.155445,42.411604,563.5],[0.155535,42.411504,565.2],[0.155729,42.411326,567.5],[0.155878,42.411225,568.3],[0.156086,42.411155,572.3],[0.156241,42.411126,576.0],[0.156395,42.411108,578.0],[0.156529,42.411086,579.7],[0.156645,42.411025,580.0],[0.156794,42.41095,580.1],[0.15692,42.410938,580.2],[0.157097,42.410937,580.1],[0.157235,42.410931,580.4],[0.157357,42.410901,580.8],[0.15755,42.410866,581.8],[0.157769,42.410811,583.5],[0.157913,42.410756,584.2],[0.158022,42.410704,584.8],[0.158171,42.410612,585.6],[0.15827,42.410568,586.0],[0.158383,42.410543,586.4],[0.158509,42.410525,586.7],[0.158729,42.410512,587.7],[0.158913,42.41051,588.8],[0.159251,42.410508,590.2],[0.159369,42.410502,590.3],[0.159532,42.410479,590.2],[0.159707,42.41046,591.6],[0.159803,42.410454,592.5],[0.159938,42.410448,593.8],[0.160024,42.410407,594.4],[0.160154,42.410317,594.9],[0.160268,42.410259,595.6],[0.160358,42.410262,596.5],[0.160529,42.410268,598.1],[0.160655,42.410267,599.1],[0.160795,42.410257,600.1],[0.16094,42.410222,600.6],[0.161107,42.41017,601.1],[0.161201,42.410149,601.5],[0.161412,42.41012,602.4],[0.16156,42.410094,602.6],[0.16178,42.41007,603.7],[0.161966,42.410043,604.9],[0.162183,42.410021,606.8],[0.162419,42.409976,608.5],[0.162623,42.409949,610.3],[0.162785,42.409921,612.0],[0.16297,42.409919,615.2],[0.163112,42.409911,617.9],[0.163179,42.409867,618.4],[0.163254,42.409802,618.4],[0.163375,42.409661,617.2],[0.163601,42.409523,614.4],[0.163708,42.409343,607.6],[0.163845,42.409315,607.0],[0.163949,42.409256,605.0],[0.164085,42.409163,602.2],[0.164145,42.409166,602.1],[0.164302,42.409243,603.8],[0.164516,42.409326,604.5],[0.164578,42.409319,603.6],[0.164647,42.409269,601.4],[0.16473,42.409221,599.0],[0.164813,42.409171,596.8],[0.16504,42.409197,593.6],[0.165078,42.409144,591.6],[0.16502,42.409005,589.7],[0.164972,42.408966,589.9],[0.165002,42.408833,587.1],[0.164995,42.408708,585.3],[0.164956,42.408623,584.6],[0.164921,42.408565,584.7],[0.164846,42.408448,582.8],[0.164569,42.408166,578.6],[0.16482,42.408227,573.9],[0.165076,42.408271,566.2],[0.165143,42.408235,563.5],[0.16516,42.408168,562.5],[0.165193,42.408059,561.3],[0.165279,42.407943,558.4],[0.165298,42.407815,556.0],[0.165293,42.407648,552.3],[0.165288,42.407558,551.5],[0.16531,42.407504,552.8],[0.16539,42.407443,555.9],[0.165535,42.407437,559.8],[0.165738,42.407436,565.4],[0.165849,42.407422,569.5],[0.165908,42.407398,572.8],[0.165914,42.407355,575.4],[0.1659,42.407254,577.5],[0.165907,42.407179,579.8],[0.165942,42.407098,583.7],[0.166052,42.407,589.0],[0.166177,42.406909,591.0],[0.166318,42.406823,593.4],[0.166505,42.406722,596.1],[0.166537,42.406536,595.8],[0.166626,42.40639,595.7],[0.16674,42.406214,595.4],[0.166885,42.406063,594.2],[0.167028,42.406035,593.9],[0.167223,42.406011,593.7],[0.167307,42.40596,593.3],[0.167319,42.405956,593.3],[0.167332,42.405938,593.1],[0.167342,42.405917,592.9],[0.167401,42.405867,592.6],[0.167497,42.405832,592.3],[0.167703,42.405761,592.5],[0.167785,42.405692,592.7],[0.16785,42.405609,593.4],[0.167849,42.405555,593.4],[0.167825,42.405501,593.2],[0.167825,42.405505,593.1],[0.16787,42.405416,593.8],[0.167886,42.405306,594.1],[0.167911,42.405174,594.8],[0.167913,42.405174,594.8],[0.168082,42.405033,596.9],[0.168248,42.404832,599.7],[0.168634,42.404473,604.5],[0.168701,42.404438,605.2],[0.168857,42.404388,606.5],[0.169065,42.404377,609.4],[0.169348,42.404338,614.0],[0.169616,42.404228,617.6],[0.169814,42.404111,618.6],[0.170143,42.403974,620.8],[0.17056,42.403824,621.5],[0.17107,42.40363,622.8],[0.171281,42.40355,623.5],[0.171589,42.40341,623.1],[0.171799,42.403308,622.5],[0.172065,42.403201,622.0],[0.172222,42.403106,620.4],[0.172391,42.403029,618.8],[0.172524,42.403,618.4],[0.172682,42.403003,618.6],[0.172788,42.403022,619.1],[0.173012,42.403091,621.9],[0.173303,42.403038,623.6],[0.173376,42.402955,623.3],[0.173482,42.402875,623.6],[0.173587,42.402758,622.9],[0.173583,42.402628,620.3],[0.173703,42.402594,620.9],[0.173862,42.402598,622.3],[0.173986,42.402571,622.7],[0.174024,42.402583,623.2],[0.174097,42.402712,625.5],[0.174208,42.40273,625.5],[0.174371,42.402749,625.3],[0.174752,42.402778,623.3],[0.174975,42.402789,622.3],[0.175184,42.40276,624.8],[0.175254,42.402633,623.7],[0.175294,42.402561,623.4],[0.1754,42.402425,624.8],[0.175443,42.402353,625.6],[0.175492,42.402291,626.8],[0.175547,42.402292,629.1],[0.175585,42.402286,629.2],[0.175656,42.402276,629.1],[0.175836,42.40231,630.2],[0.175963,42.402339,630.6],[0.176113,42.402411,632.0],[0.17626,42.402532,635.2],[0.176384,42.402617,638.8],[0.176505,42.402677,642.4],[0.176622,42.402591,640.4],[0.176866,42.402475,642.2],[0.17705,42.402353,645.3],[0.177133,42.40227,646.2],[0.17724,42.402118,646.0],[0.177336,42.402059,647.1],[0.177473,42.402099,648.0],[0.177852,42.402282,650.6],[0.17832,42.402479,646.8],[0.178949,42.40276,647.2],[0.179482,42.402971,645.9],[0.179652,42.402995,644.3],[0.179947,42.403015,641.2],[0.180185,42.402984,638.2],[0.18042,42.402919,635.3],[0.180532,42.402883,633.7],[0.180588,42.40285,632.7],[0.180687,42.402771,631.1],[0.180796,42.402591,629.4],[0.180854,42.40245,628.3],[0.180874,42.402261,627.9],[0.180877,42.402057,626.6],[0.180807,42.401956,626.5],[0.180746,42.401919,626.4],[0.18072,42.401854,625.1],[0.180706,42.401749,622.5],[0.180683,42.401676,621.1],[0.180591,42.401594,619.7],[0.180515,42.4015,618.3],[0.180483,42.401437,617.4],[0.180527,42.401363,615.8],[0.180553,42.401242,613.7],[0.180498,42.401061,611.8],[0.180512,42.400993,611.3],[0.180517,42.400917,610.7],[0.180554,42.400827,610.1],[0.180644,42.40077,609.6],[0.180714,42.400795,609.8],[0.180808,42.400707,609.7],[0.180902,42.400673,609.9],[0.180908,42.400507,609.9],[0.18078,42.40034,609.5],[0.180608,42.400195,609.0],[0.180489,42.399921,607.6],[0.180332,42.399574,605.0],[0.18026,42.399305,602.1],[0.180175,42.398937,600.0],[0.180102,42.398794,599.9],[0.180067,42.398642,599.5],[0.179938,42.39841,599.1],[0.180328,42.398366,600.4],[0.180678,42.398311,602.1],[0.181022,42.398254,605.1],[0.181748,42.398188,612.3],[0.182058,42.398153,615.6],[0.182195,42.398082,617.8],[0.18213,42.397903,616.0],[0.182116,42.397713,615.1],[0.18202,42.397554,613.0],[0.181934,42.397365,611.5],[0.181872,42.397169,610.5],[0.181789,42.39697,609.1],[0.181762,42.396745,607.8],[0.181515,42.396494,603.9],[0.181458,42.396358,603.0],[0.181475,42.396184,601.7],[0.181523,42.395993,600.8],[0.181588,42.395967,601.2],[0.181528,42.395862,600.1],[0.181354,42.395726,597.7],[0.181213,42.395622,595.9],[0.181028,42.395519,593.7],[0.180898,42.395431,592.4],[0.180578,42.395305,590.2],[0.180356,42.395183,589.7],[0.180242,42.394937,588.3],[0.180237,42.394915,588.2],[0.180197,42.394696,587.1],[0.180121,42.394433,585.7],[0.180131,42.394324,585.3],[0.180112,42.394081,584.3],[0.180122,42.393822,583.6],[0.180106,42.393783,583.3],[0.179603,42.393436,580.0],[0.179188,42.393181,578.8],[0.178972,42.393064,578.2],[0.179144,42.392983,578.3],[0.179291,42.392924,578.5],[0.179562,42.392747,578.8],[0.180069,42.392445,580.3],[0.180133,42.392385,580.2],[0.180197,42.392363,580.3],[0.180421,42.392197,580.5],[0.180606,42.392113,580.9],[0.180618,42.392108,581.0],[0.180737,42.392001,581.2],[0.180897,42.39187,581.5],[0.181031,42.391671,581.0],[0.181079,42.391539,581.0],[0.181146,42.391433,581.0],[0.181322,42.391375,580.9],[0.181556,42.391343,580.8],[0.181889,42.391306,580.7],[0.182154,42.391262,580.9],[0.182352,42.391215,580.7],[0.182563,42.391157,580.2],[0.182678,42.390966,579.0],[0.182719,42.390923,578.7],[0.183015,42.39091,577.7],[0.183421,42.390918,576.4],[0.183594,42.39091,575.4],[0.183846,42.390979,574.3],[0.184161,42.39107,572.6],[0.184423,42.391127,570.7],[0.184753,42.391174,569.1],[0.185472,42.391279,557.9],[0.1857,42.391356,554.8],[0.185649,42.39139,555.3],[0.185512,42.391472,556.3],[0.185582,42.391546,555.8],[0.185761,42.391548,554.3],[0.186054,42.391541,552.0],[0.186287,42.391566,550.1],[0.186537,42.391411,547.8],[0.186702,42.391283,546.1],[0.186892,42.391243,544.7],[0.187071,42.39123,543.4],[0.187339,42.391057,540.9],[0.187695,42.391156,538.9],[0.188005,42.391133,536.4],[0.188204,42.391091,533.7],[0.18835,42.391056,531.5],[0.188578,42.390906,527.6],[0.188754,42.390864,527.0],[0.188903,42.390966,527.1],[0.189002,42.391153,528.5],[0.189075,42.391316,528.7],[0.189089,42.391467,528.7],[0.189131,42.391587,528.1],[0.189243,42.391686,527.4],[0.189419,42.391756,527.0],[0.189798,42.391786,527.0],[0.190134,42.391847,527.0],[0.1903,42.391905,527.0],[0.190419,42.391917,527.0],[0.190638,42.391869,527.0],[0.190998,42.391855,527.0],[0.191163,42.391908,527.0],[0.191239,42.391971,527.0],[0.191273,42.392028,527.0],[0.191339,42.392057,527.0],[0.191721,42.392189,527.0],[0.191892,42.392229,527.0],[0.191991,42.392211,527.0],[0.192063,42.392311,527.0],[0.192141,42.392429,527.0],[0.192192,42.392535,527.4],[0.192293,42.392597,527.7],[0.192482,42.392723,528.1],[0.192757,42.393022,529.0],[0.192847,42.393171,529.3],[0.193005,42.393188,529.4],[0.193116,42.393226,529.6],[0.193243,42.393272,529.8],[0.193394,42.393312,530.0],[0.193669,42.393498,530.0],[0.194084,42.393654,530.3],[0.19465,42.39389,530.5],[0.19478,42.393995,530.7],[0.194895,42.394105,531.5],[0.195468,42.394154,533.9],[0.195789,42.394187,535.2],[0.195929,42.394174,535.7],[0.195905,42.394,535.4],[0.195843,42.393666,536.9],[0.195885,42.393571,539.3],[0.19614,42.393564,540.5],[0.196316,42.393607,538.8],[0.196672,42.393677,537.9],[0.197081,42.393782,541.4],[0.197294,42.393833,542.2],[0.197598,42.393737,547.6],[0.197666,42.39371,549.3],[0.197636,42.393686,550.3],[0.197519,42.393637,551.2],[0.197385,42.393575,552.3],[0.197292,42.393489,554.6],[0.197225,42.393399,556.6],[0.197215,42.393315,558.7],[0.197209,42.393244,560.5],[0.197248,42.393246,561.4],[0.197311,42.393256,562.3],[0.197423,42.393284,563.7],[0.197502,42.393275,565.4],[0.197541,42.393231,567.4],[0.197546,42.393171,569.1],[0.197519,42.393118,569.8],[0.197386,42.393032,569.2],[0.197282,42.392971,568.7],[0.19719,42.392863,568.7],[0.197182,42.392718,570.7],[0.197171,42.392717,570.4],[0.19719,42.392589,571.6],[0.197226,42.392531,573.0],[0.197261,42.392486,573.9],[0.197311,42.392492,575.2],[0.197383,42.392526,577.1],[0.197574,42.392592,581.0],[0.197734,42.392658,584.2],[0.19784,42.39271,586.2],[0.198007,42.392743,589.9],[0.198107,42.392744,592.5],[0.198202,42.392726,595.0],[0.198231,42.392673,596.3],[0.198239,42.392607,597.4],[0.198253,42.39255,598.5],[0.198262,42.392488,599.6],[0.198263,42.392433,600.4],[0.198282,42.392396,601.3],[0.198195,42.392313,600.8],[0.198088,42.392244,599.4],[0.198026,42.392175,598.3],[0.197991,42.392098,597.8],[0.197991,42.392057,598.0],[0.198028,42.392003,599.1],[0.198074,42.391939,600.8],[0.198159,42.391866,603.1],[0.198272,42.391779,605.3],[0.198355,42.391691,607.0],[0.198415,42.391604,608.4],[0.198496,42.391535,609.7],[0.198607,42.391448,611.9],[0.198698,42.391371,614.3],[0.198725,42.391311,614.8],[0.198723,42.391203,614.0],[0.198764,42.391104,614.2],[0.198811,42.391027,614.4],[0.198913,42.390956,617.4],[0.199184,42.390879,626.1],[0.19932,42.390821,629.9],[0.199407,42.390752,632.0],[0.199498,42.390609,633.6],[0.199555,42.390489,633.9],[0.199627,42.390415,635.4],[0.199688,42.390356,636.5],[0.19981,42.390287,639.4],[0.19999,42.39022,643.8],[0.200071,42.390136,645.0],[0.200129,42.390096,646.1],[0.200232,42.390018,648.2],[0.200312,42.389917,649.5],[0.200389,42.389791,651.1],[0.200405,42.389709,651.3],[0.200375,42.38962,650.2],[0.200366,42.389548,650.0],[0.200375,42.389462,650.1],[0.200424,42.389377,651.6],[0.200497,42.389295,653.9],[0.200496,42.389213,652.7],[0.200495,42.389143,651.6],[0.200539,42.389026,651.2],[0.200557,42.388939,649.3],[0.200608,42.388813,647.5],[0.200647,42.388714,647.8],[0.20074,42.388658,650.9],[0.200794,42.388624,653.0],[0.200854,42.388459,654.4],[0.200888,42.388369,654.3],[0.200874,42.38831,655.4],[0.200815,42.388283,655.3],[0.200754,42.388265,655.3],[0.200725,42.388288,654.0],[0.200557,42.388336,651.8],[0.200454,42.388365,651.6],[0.20034,42.388395,651.6],[0.200162,42.38842,652.3],[0.200159,42.388438,651.4],[0.200062,42.388412,653.8],[0.20001,42.388354,656.0],[0.200021,42.388282,657.9],[0.200114,42.388191,660.2],[0.200267,42.38808,662.9],[0.200348,42.387983,665.6],[0.200431,42.387896,667.8],[0.200493,42.387749,671.4],[0.200528,42.387637,674.2],[0.200563,42.387569,676.1],[0.200562,42.3875,677.9],[0.200568,42.387401,680.3],[0.200596,42.38729,683.1],[0.200627,42.387202,684.9],[0.20061,42.387093,686.8],[0.200632,42.38697,689.1],[0.200684,42.386899,690.7],[0.200692,42.386854,691.6],[0.200625,42.386768,692.9],[0.200585,42.386708,693.7],[0.200588,42.386642,695.0],[0.200614,42.386563,696.6],[0.200675,42.386517,697.4],[0.200919,42.386405,702.5],[0.201024,42.386327,704.9],[0.201245,42.386216,709.7],[0.201286,42.386171,711.1],[0.20133,42.386027,715.0],[0.201347,42.385975,716.4],[0.20138,42.385941,717.6],[0.201555,42.385846,720.9],[0.201667,42.385748,723.7],[0.201731,42.385706,725.3],[0.201904,42.385587,728.5],[0.201978,42.385522,730.2],[0.202065,42.385436,732.6],[0.202173,42.385359,734.5],[0.202274,42.385322,735.7],[0.202282,42.3853,736.0],[0.202256,42.385275,736.1],[0.202219,42.38524,736.3],[0.202223,42.385197,736.8],[0.202278,42.38507,738.1],[0.202335,42.384814,739.5],[0.202384,42.384674,739.8],[0.202421,42.384595,739.6],[0.202488,42.384515,739.9],[0.202578,42.384448,740.3],[0.202674,42.384374,740.7],[0.202888,42.384294,741.9],[0.203058,42.384206,742.9],[0.203139,42.384153,743.6],[0.203194,42.384098,744.1],[0.203217,42.384026,744.1],[0.203208,42.383939,744.5],[0.203163,42.38382,744.0],[0.20314,42.383632,746.7],[0.203108,42.383452,747.7],[0.20302,42.383184,749.1],[0.202946,42.382999,750.4],[0.202868,42.382802,751.6],[0.202831,42.382633,752.8],[0.202816,42.382543,753.0],[0.202833,42.382455,753.8],[0.202847,42.382387,754.4],[0.202874,42.382226,755.6],[0.202879,42.382037,755.9],[0.202893,42.38194,755.7],[0.202936,42.381878,755.6],[0.202996,42.381812,755.3],[0.203065,42.381776,755.0],[0.203159,42.381764,755.0],[0.203261,42.381783,756.6],[0.203382,42.38182,758.3],[0.203481,42.381834,758.6],[0.203573,42.381837,758.7],[0.203779,42.381832,758.7],[0.203885,42.381838,759.3],[0.204116,42.381925,761.8],[0.204329,42.381991,761.3],[0.204464,42.382021,760.4],[0.20462,42.382046,759.0],[0.204724,42.38204,759.4],[0.204792,42.382009,759.4],[0.204856,42.381929,759.6],[0.204907,42.381818,760.4],[0.204946,42.381702,761.1],[0.205012,42.381619,761.7],[0.205092,42.381503,761.2],[0.205168,42.381375,761.0],[0.205187,42.381331,760.7],[0.205188,42.381263,759.8],[0.205151,42.381229,761.3],[0.205036,42.381194,762.0],[0.204885,42.381169,761.4],[0.204757,42.381125,761.1],[0.20445,42.381016,759.9],[0.204291,42.380922,759.5],[0.204119,42.380817,758.0],[0.203939,42.380715,756.3],[0.203847,42.380651,755.4],[0.203743,42.380528,755.8],[0.203646,42.380425,756.1],[0.203505,42.380291,754.5],[0.203471,42.380229,754.8],[0.203392,42.380067,756.5],[0.203346,42.380024,756.4],[0.203277,42.380004,755.3],[0.203158,42.379992,753.4],[0.20303,42.379964,751.6],[0.202912,42.379914,750.4],[0.202802,42.379847,749.9],[0.202606,42.37974,748.9],[0.202459,42.379671,748.1],[0.202198,42.379594,746.0],[0.202003,42.379555,744.7],[0.201842,42.379536,743.0],[0.201688,42.379487,741.6],[0.201595,42.379453,740.3],[0.201538,42.379411,740.0],[0.201411,42.379292,740.2],[0.201264,42.37915,740.3],[0.201093,42.378958,740.9],[0.200945,42.378794,741.3],[0.200858,42.378742,741.0],[0.200769,42.378729,740.1],[0.20063,42.378728,740.0],[0.200382,42.378788,736.9],[0.200289,42.378795,735.7],[0.200204,42.378782,735.4],[0.200112,42.378747,735.2],[0.200053,42.378692,735.7],[0.2,42.378588,736.2],[0.199981,42.37853,736.7],[0.199926,42.378467,736.6],[0.199862,42.378432,736.2],[0.199689,42.378389,732.7],[0.199505,42.37835,728.6],[0.199431,42.378324,728.2],[0.199372,42.378278,728.4],[0.199298,42.37819,730.2],[0.199215,42.378031,732.3],[0.1991,42.37778,732.4],[0.199006,42.377643,729.5],[0.198838,42.377467,725.9],[0.198815,42.377397,725.9],[0.19881,42.377168,725.1],[0.198772,42.377057,723.8],[0.198761,42.376979,723.4],[0.198791,42.376825,724.4],[0.198841,42.376714,726.0],[0.198843,42.376666,728.0],[0.198825,42.37663,729.1],[0.198551,42.376539,726.8],[0.198289,42.376471,725.2],[0.19824,42.376449,725.1],[0.198191,42.376391,726.4],[0.198125,42.376286,729.1],[0.198115,42.376198,730.1],[0.198159,42.376071,732.2],[0.198279,42.375918,733.9],[0.198402,42.375775,735.8],[0.198479,42.375632,736.9],[0.198546,42.375466,738.7],[0.198542,42.37534,739.1],[0.198604,42.375226,740.2],[0.198709,42.375107,742.1],[0.198849,42.374967,744.8],[0.199013,42.374841,745.9],[0.199144,42.374764,746.7],[0.199256,42.374725,747.5],[0.199262,42.374685,747.1],[0.19922,42.37463,745.9],[0.19922,42.374565,744.9],[0.19926,42.374525,744.6],[0.199381,42.374497,745.0],[0.199502,42.374465,744.9],[0.199826,42.374456,746.9],[0.200214,42.374466,749.3],[0.200556,42.374479,747.0],[0.200839,42.374498,748.4],[0.20092,42.374461,747.5],[0.201006,42.374392,745.3],[0.201088,42.374338,743.1],[0.20132,42.374322,744.6],[0.201426,42.374319,745.4],[0.201521,42.374304,746.2],[0.201724,42.374271,749.5],[0.201719,42.374161,744.9],[0.201728,42.374037,744.1],[0.201761,42.373909,743.3],[0.201797,42.373866,742.5],[0.201945,42.373815,743.8],[0.202284,42.373675,745.8],[0.202609,42.373593,743.8],[0.202773,42.373526,740.5],[0.202957,42.373466,738.0],[0.203165,42.373387,739.5],[0.203297,42.373332,738.9],[0.203411,42.373278,737.4],[0.203576,42.373195,735.7],[0.203748,42.373152,738.7],[0.203973,42.373141,743.0],[0.204153,42.373084,744.5],[0.204288,42.373006,744.6],[0.204382,42.37293,745.7],[0.204364,42.372891,746.1],[0.204225,42.372837,744.8],[0.203987,42.372793,742.0],[0.203711,42.372708,741.9],[0.203372,42.372616,743.4],[0.203032,42.372425,748.4],[0.202734,42.372263,752.3],[0.202578,42.372204,751.8],[0.202381,42.372134,748.5],[0.20224,42.37203,751.0],[0.202069,42.371862,757.2],[0.201705,42.371628,759.0],[0.201603,42.371469,764.3],[0.201527,42.371351,766.2],[0.201468,42.371305,766.4],[0.201304,42.371241,765.1],[0.201141,42.371106,764.4],[0.201028,42.370997,765.2],[0.200961,42.370884,768.5],[0.200937,42.370779,772.5],[0.200939,42.370719,775.1],[0.201002,42.370703,776.3],[0.201145,42.370724,776.7],[0.20141,42.370814,777.7],[0.201648,42.370881,778.9],[0.201778,42.370904,780.4],[0.201859,42.370878,782.3],[0.201888,42.370808,784.4],[0.201855,42.37067,783.6],[0.201785,42.370606,782.3],[0.201765,42.370539,781.5],[0.201767,42.370464,780.2],[0.201886,42.370268,780.5],[0.201922,42.370157,781.6],[0.202041,42.370015,785.2],[0.202099,42.369922,785.6],[0.202152,42.369884,786.4],[0.202421,42.369769,789.5],[0.202707,42.369646,791.0],[0.202945,42.36956,792.6],[0.203166,42.369477,794.1],[0.203409,42.369353,796.0],[0.203718,42.369271,800.3],[0.203736,42.36923,800.0],[0.203662,42.369186,798.1],[0.203608,42.36911,796.5],[0.203583,42.369022,795.8],[0.203609,42.368947,795.9],[0.203685,42.368866,795.7],[0.203876,42.368764,797.0],[0.204003,42.368673,796.8],[0.204198,42.368589,797.7],[0.204307,42.368497,796.9],[0.204425,42.368384,798.1],[0.204457,42.368315,799.0],[0.204487,42.368252,799.8],[0.204563,42.368202,797.2],[0.204604,42.368175,795.1],[0.204721,42.368197,792.8],[0.2048,42.368217,791.6],[0.204951,42.36823,788.5],[0.205099,42.368269,787.4],[0.205368,42.368358,787.9],[0.205612,42.368427,790.1],[0.20572,42.368445,790.5],[0.205824,42.368448,789.8],[0.205982,42.368444,788.1],[0.206059,42.368466,787.8],[0.206177,42.36855,789.9],[0.206293,42.368637,793.2],[0.206441,42.368718,791.3],[0.206585,42.368785,789.2],[0.206714,42.36881,787.1],[0.206861,42.368837,785.8],[0.207066,42.368888,785.5],[0.207301,42.368972,787.2],[0.207396,42.368978,786.5],[0.207536,42.36904,788.1],[0.207719,42.369096,788.5],[0.207985,42.369179,789.7],[0.208174,42.369227,790.0],[0.208421,42.36935,789.8],[0.208583,42.369459,791.1],[0.208736,42.369548,790.2],[0.208883,42.369618,788.7],[0.209007,42.369676,787.8],[0.209147,42.369684,785.3],[0.209319,42.369728,787.6],[0.209525,42.369723,787.3],[0.209648,42.369736,788.5],[0.209768,42.369751,789.6],[0.209912,42.369741,788.9],[0.210042,42.369754,789.4],[0.210254,42.369781,790.2],[0.210327,42.369834,793.0],[0.210414,42.369854,793.3],[0.210539,42.369871,792.8],[0.210789,42.369864,788.6],[0.210906,42.369863,786.4],[0.211083,42.369899,786.0],[0.211275,42.369933,786.3],[0.211333,42.36993,786.4],[0.211419,42.369903,785.3],[0.21158,42.369892,785.4],[0.211811,42.369886,786.0],[0.211997,42.369891,786.8],[0.212148,42.369882,786.8],[0.212393,42.369845,785.2],[0.212533,42.369837,785.5],[0.212654,42.36985,787.7],[0.2128,42.369837,788.8],[0.212864,42.369797,787.8],[0.212903,42.369721,784.7],[0.212961,42.369654,782.4],[0.213031,42.369573,779.7],[0.213136,42.369565,778.5],[0.213298,42.369568,775.9],[0.213408,42.369608,777.1],[0.213606,42.369617,772.7],[0.21393,42.369641,768.8],[0.214041,42.369641,767.3],[0.214146,42.369611,765.4],[0.214249,42.369612,764.1],[0.214408,42.369658,762.6],[0.214531,42.369763,761.8],[0.214691,42.369924,760.1],[0.214754,42.37,760.0],[0.214792,42.370007,759.5],[0.214882,42.37,757.8],[0.214988,42.369983,755.3],[0.215083,42.369993,753.3],[0.215154,42.370023,752.1],[0.21521,42.370071,751.5],[0.215244,42.370086,751.6],[0.215289,42.370083,751.3],[0.215375,42.37006,750.6],[0.215525,42.370075,750.2],[0.215756,42.370157,750.3],[0.215861,42.370203,750.9],[0.215951,42.370216,751.2],[0.216053,42.370206,751.1],[0.216235,42.370132,750.2],[0.216398,42.370087,750.6],[0.216569,42.370085,749.9],[0.216842,42.370176,747.7],[0.217011,42.370253,745.9],[0.217157,42.370406,745.2],[0.217254,42.370408,744.2],[0.217426,42.370407,742.6],[0.217618,42.37043,741.9],[0.217846,42.370502,743.0],[0.21804,42.370592,744.5],[0.21818,42.37065,745.3],[0.218269,42.370644,745.3],[0.218476,42.370634,746.6],[0.218695,42.3706,747.6],[0.218912,42.370588,748.8],[0.219058,42.370597,748.8],[0.219283,42.370624,748.8],[0.219415,42.370622,748.6],[0.219519,42.370532,748.0],[0.219686,42.370428,746.9],[0.219776,42.370374,746.4],[0.219868,42.37038,745.7],[0.220095,42.370454,743.9],[0.220363,42.370576,741.7],[0.220687,42.370739,741.5],[0.220845,42.370812,742.5],[0.220969,42.370829,742.8],[0.221233,42.370813,743.1],[0.221439,42.370753,742.2],[0.221715,42.370703,741.5],[0.221848,42.370727,741.8],[0.222199,42.370854,742.7],[0.222473,42.370899,741.7],[0.222748,42.370927,741.6],[0.223089,42.370936,741.1],[0.223281,42.370961,741.6],[0.223466,42.37102,742.5],[0.223677,42.371116,744.5],[0.223835,42.371211,746.9],[0.223989,42.371274,748.5],[0.224406,42.371369,753.7],[0.224766,42.371454,758.0],[0.224895,42.371527,758.5],[0.224994,42.371593,758.5],[0.225176,42.371674,757.8],[0.225314,42.371721,756.9],[0.22557,42.371774,755.2],[0.225722,42.371786,754.9],[0.225812,42.371776,755.2],[0.226193,42.371685,760.4],[0.226551,42.371585,764.5],[0.226866,42.371517,769.0],[0.227209,42.371414,771.3],[0.227559,42.371318,771.5],[0.227667,42.371277,771.6],[0.227756,42.371192,771.9],[0.227774,42.371055,772.8],[0.227806,42.370943,773.8],[0.227872,42.370873,775.2],[0.227964,42.370832,776.3],[0.228086,42.370819,777.7],[0.228283,42.370855,779.0],[0.2285,42.37092,778.7],[0.228646,42.370932,779.2],[0.228907,42.370917,781.1],[0.229098,42.370895,780.9],[0.229259,42.370795,782.2],[0.229414,42.370667,784.0],[0.229572,42.370437,787.8],[0.229689,42.370313,790.3],[0.229853,42.370188,791.8],[0.230034,42.370115,790.6],[0.230223,42.370035,789.3],[0.230346,42.369902,791.4],[0.230495,42.369742,794.3],[0.230597,42.369671,794.9],[0.230852,42.369565,794.4],[0.230931,42.36949,795.2],[0.231027,42.369357,795.7],[0.231076,42.369235,795.6],[0.231078,42.369101,796.3],[0.23109,42.368959,797.8],[0.231117,42.368872,798.5],[0.231191,42.368806,798.2],[0.231314,42.368761,797.9],[0.231581,42.368734,795.2],[0.231644,42.368697,795.8],[0.231766,42.368606,797.5],[0.231906,42.368541,797.4],[0.232031,42.368416,799.3],[0.232263,42.368295,796.7],[0.232425,42.36823,795.2],[0.232496,42.368157,798.6],[0.232701,42.368034,801.0],[0.232763,42.367962,801.5],[0.232836,42.367835,802.3],[0.232984,42.367669,799.3],[0.233013,42.367611,798.4],[0.233024,42.367547,798.1],[0.233034,42.367426,798.0],[0.233048,42.367171,799.6],[0.233039,42.366974,803.4],[0.233042,42.366877,807.3],[0.233084,42.366834,808.1],[0.233167,42.366818,806.9],[0.233335,42.366837,804.0],[0.23346,42.366852,803.4],[0.233535,42.366826,804.3],[0.233588,42.366766,806.0],[0.2337,42.366662,809.9],[0.233764,42.36663,811.2],[0.233835,42.36664,810.5],[0.233988,42.366713,808.3],[0.234092,42.366738,808.6],[0.234219,42.366758,808.5],[0.234317,42.366752,808.1],[0.234381,42.366719,808.5],[0.234428,42.366665,809.2],[0.234466,42.36654,810.9],[0.234514,42.366474,811.5],[0.234677,42.366368,812.7],[0.234749,42.366315,813.6],[0.234774,42.366267,815.3],[0.234814,42.366187,818.7],[0.234865,42.366165,819.1],[0.23496,42.366156,818.5],[0.235141,42.366194,814.6],[0.235233,42.366173,813.7],[0.235426,42.366077,813.0],[0.235609,42.366,811.7],[0.235803,42.365845,809.9],[0.235836,42.365791,810.0],[0.23585,42.36572,810.9],[0.235845,42.365618,812.8],[0.235856,42.365534,813.6],[0.235908,42.365436,812.8],[0.235962,42.365325,812.3],[0.235997,42.365224,812.7],[0.236146,42.364988,811.2],[0.236245,42.364832,811.1],[0.236419,42.364631,812.5],[0.236563,42.364513,808.0],[0.236598,42.364454,806.8],[0.236611,42.364376,806.5],[0.236588,42.364313,807.4],[0.236519,42.364149,811.1],[0.236495,42.364064,814.3],[0.236496,42.363984,816.2],[0.236559,42.363919,815.0],[0.236677,42.363891,810.7],[0.236863,42.363852,805.0],[0.236901,42.363808,805.3],[0.236955,42.36372,806.5],[0.236975,42.363618,806.1],[0.237037,42.363503,803.8],[0.237091,42.363426,800.0],[0.237086,42.363351,799.5],[0.237046,42.363244,800.7],[0.237053,42.363133,800.0],[0.237038,42.363025,800.6],[0.236932,42.362881,806.7],[0.236892,42.362761,810.0],[0.236881,42.362662,812.2],[0.236884,42.362569,813.9],[0.236912,42.362524,814.1],[0.237022,42.362489,811.8],[0.237224,42.362448,808.3],[0.237293,42.362382,808.3],[0.237385,42.362233,810.0],[0.237536,42.362047,810.3],[0.237617,42.361932,810.8],[0.237632,42.361863,811.5],[0.237632,42.361796,812.3],[0.237609,42.361671,814.4],[0.237611,42.361591,815.0],[0.237623,42.361529,815.3],[0.237667,42.361479,814.6],[0.237861,42.361403,810.9],[0.238021,42.361342,808.1],[0.238142,42.361274,807.1],[0.239098,42.36119,802.8],[0.239141,42.361201,802.5],[0.238887,42.361081,803.3],[0.239112,42.361189,802.9],[0.238696,42.360984,803.3],[0.238434,42.36079,801.7],[0.238319,42.360682,801.5],[0.238297,42.360541,799.3],[0.238292,42.360446,797.7],[0.238302,42.360194,794.0],[0.238316,42.359901,792.2],[0.238321,42.359779,791.6],[0.238271,42.359667,792.1],[0.23821,42.359566,793.9],[0.238199,42.359463,795.2],[0.238267,42.359336,794.4],[0.238373,42.35918,791.9],[0.238421,42.359041,787.9],[0.238478,42.358932,783.8],[0.238545,42.358775,776.9],[0.238554,42.358679,774.6],[0.238517,42.358578,776.1],[0.238489,42.358434,778.6],[0.238521,42.358356,778.2],[0.238541,42.358297,778.4],[0.238489,42.358204,780.4],[0.238429,42.358097,780.8],[0.238376,42.357955,781.0],[0.238376,42.357727,780.2],[0.238494,42.357598,776.7],[0.238606,42.357491,774.5],[0.23879,42.357415,771.7],[0.238945,42.357436,769.7],[0.239083,42.357517,768.0],[0.239168,42.357627,766.2],[0.239251,42.357664,764.9],[0.239326,42.357626,764.4],[0.239415,42.357461,764.0],[0.239446,42.357272,764.0],[0.23949,42.357158,763.2],[0.23955,42.357049,762.4],[0.239673,42.356851,761.1],[0.239802,42.356634,759.1],[0.239882,42.356507,757.7],[0.239978,42.356216,755.5],[0.239993,42.356071,755.5],[0.240014,42.355993,755.6],[0.239997,42.355829,754.5],[0.239987,42.355683,752.6],[0.239844,42.35555,751.9],[0.239765,42.355414,750.9],[0.23966,42.355281,750.7],[0.239583,42.35506,752.1],[0.239624,42.355007,751.4],[0.239733,42.354925,750.5],[0.239749,42.354854,751.0],[0.239765,42.35476,752.6],[0.239735,42.354671,754.7],[0.239696,42.354567,757.5],[0.239698,42.354526,758.4],[0.239804,42.35447,758.4],[0.239911,42.354478,757.0],[0.240038,42.35457,754.1],[0.240162,42.354602,752.7],[0.240262,42.354604,751.8],[0.240328,42.354581,751.6],[0.2404,42.354542,751.7],[0.240455,42.354481,752.8],[0.240499,42.354374,755.1],[0.24058,42.354252,752.3],[0.240683,42.35409,749.5],[0.240733,42.353887,750.2],[0.240862,42.353684,750.1],[0.240994,42.353551,747.9],[0.241045,42.35343,748.9],[0.24114,42.353294,747.9],[0.241323,42.353202,741.1],[0.241417,42.353131,739.7],[0.241474,42.353093,738.6],[0.241553,42.352951,736.1],[0.241617,42.352793,730.7],[0.24162,42.352627,730.4],[0.241598,42.352532,732.0],[0.241534,42.352446,736.5],[0.241467,42.352321,741.5],[0.241506,42.352269,742.0],[0.24164,42.35229,736.6],[0.241725,42.352344,731.5],[0.24179,42.352286,732.2],[0.241894,42.35215,737.2],[0.241993,42.35202,740.9],[0.242063,42.35191,743.3],[0.242144,42.351794,743.7],[0.242272,42.351571,748.1],[0.24238,42.351349,752.7],[0.242466,42.35122,754.2],[0.242587,42.351113,754.1],[0.242616,42.351084,753.8],[0.242686,42.350905,752.6],[0.242736,42.350687,748.5],[0.242759,42.350556,747.7],[0.242842,42.350418,746.4],[0.24291,42.350291,745.3],[0.242929,42.350184,745.6],[0.242944,42.350068,746.4],[0.242847,42.349968,750.9],[0.242835,42.349875,752.1],[0.242997,42.349816,748.3],[0.243139,42.349784,743.7],[0.243283,42.349751,738.7],[0.243376,42.349691,736.1],[0.243438,42.349528,736.1],[0.243563,42.349287,734.7],[0.243602,42.349135,735.2],[0.243624,42.348988,736.1],[0.243662,42.348897,735.9],[0.243713,42.348762,736.6],[0.243735,42.348624,738.8],[0.24378,42.34846,741.5],[0.243891,42.348304,741.1],[0.243982,42.348159,740.0],[0.244043,42.348065,739.3],[0.244148,42.347964,736.7],[0.244173,42.347881,734.8],[0.244094,42.347757,736.8],[0.24404,42.347608,736.1],[0.244058,42.347483,733.7],[0.244069,42.347407,732.6],[0.244093,42.347241,729.7],[0.244166,42.347106,726.0],[0.244172,42.347014,724.3],[0.244013,42.346816,722.2],[0.243825,42.346775,722.5],[0.243805,42.346709,721.1],[0.243887,42.346584,717.6],[0.243888,42.34652,716.3],[0.243826,42.346469,716.0],[0.243792,42.346274,714.4],[0.24372,42.346119,715.2],[0.243635,42.346034,717.0],[0.243584,42.345905,717.8],[0.243581,42.345753,717.0],[0.24357,42.345539,717.3],[0.243567,42.345377,718.9],[0.243565,42.345266,720.4],[0.243571,42.345194,721.8],[0.243594,42.345109,723.0],[0.243673,42.345058,722.2],[0.243739,42.344962,721.4],[0.243797,42.344823,721.0],[0.243752,42.344595,721.4],[0.243715,42.344427,720.4],[0.2435,42.344274,725.0],[0.243375,42.344214,727.3],[0.243292,42.34416,728.6],[0.243268,42.344002,728.2],[0.243336,42.343788,724.8],[0.243351,42.343714,723.6],[0.243257,42.34363,723.9],[0.243124,42.343492,723.6],[0.243086,42.343292,721.9],[0.243043,42.343106,721.5],[0.243063,42.342884,719.2],[0.243088,42.342745,716.3],[0.243044,42.342654,716.1],[0.242947,42.342527,717.1],[0.242841,42.342372,716.9],[0.24282,42.342305,716.0],[0.242773,42.342271,716.3],[0.242761,42.342204,715.0],[0.242675,42.342157,715.4],[0.242612,42.342101,715.1],[0.242574,42.342024,713.5],[0.242511,42.341906,711.0],[0.242381,42.341739,708.1],[0.242308,42.341449,702.8],[0.242305,42.341349,701.4],[0.242235,42.341246,700.7],[0.24222,42.341155,700.1],[0.242228,42.341078,699.8],[0.242173,42.34101,698.1],[0.242179,42.340886,696.1],[0.242189,42.340762,694.0],[0.242175,42.340665,692.1],[0.242071,42.340651,690.1],[0.242,42.340674,689.4],[0.241911,42.34061,686.6],[0.241857,42.340603,685.6],[0.24185,42.340558,684.0],[0.24191,42.340539,684.1],[0.242005,42.340383,679.8],[0.242156,42.340077,671.7],[0.242325,42.339922,664.8],[0.24238,42.339865,661.4],[0.24238,42.339795,658.7],[0.242338,42.339717,656.5],[0.242282,42.339646,654.9],[0.242219,42.339601,654.7],[0.242279,42.33951,650.0],[0.242253,42.339466,649.0],[0.242171,42.339435,649.9],[0.242096,42.339423,649.4],[0.242077,42.339389,648.0],[0.24199,42.339349,646.6],[0.241987,42.33925,642.8],[0.242004,42.339117,638.5],[0.242017,42.339042,636.0],[0.242014,42.338971,634.4],[0.241958,42.338874,632.4],[0.241878,42.338818,631.1],[0.241865,42.338727,629.4],[0.241922,42.338538,626.2],[0.241964,42.338353,623.4],[0.241955,42.338256,622.8],[0.241947,42.338031,621.0],[0.241963,42.337877,619.9],[0.241965,42.33778,619.6],[0.242015,42.337656,619.5],[0.242122,42.337519,618.7],[0.242179,42.337396,617.8],[0.242222,42.337331,617.1],[0.242294,42.337263,615.2],[0.242332,42.337174,614.3],[0.242387,42.337114,613.0],[0.242401,42.337039,613.1],[0.242486,42.336954,611.0],[0.242569,42.336892,608.7],[0.242563,42.336826,609.1],[0.242537,42.336702,609.5],[0.242532,42.336612,609.0],[0.242543,42.336501,607.3],[0.242535,42.336427,605.9],[0.242488,42.336317,604.5],[0.242423,42.336224,604.0],[0.242336,42.336111,603.5],[0.242261,42.336045,603.5],[0.242174,42.336,603.7],[0.242062,42.335927,602.8],[0.24195,42.335871,601.6],[0.241797,42.335884,602.4],[0.241656,42.33589,602.7],[0.241511,42.33593,603.9],[0.241346,42.335953,604.1],[0.241189,42.335957,602.7],[0.241025,42.335948,600.9],[0.240907,42.335898,599.5],[0.240867,42.335832,599.7],[0.241006,42.335717,599.5],[0.241111,42.335598,598.8],[0.241118,42.335446,599.2],[0.241095,42.335361,599.8],[0.24098,42.335317,601.2],[0.240861,42.335274,601.6]]}},{"type":"Feature","properties":{"Name":"Ñ — Humo de Muro–Aínsa","etapa":"Ñ","original_name":"Ñ_Humo de Muro-Aínsa","point_count":1275,"length_km":19.011},"geometry":{"type":"LineString","coordinates":[[0.240861,42.335274,601.6],[0.24098,42.335317,601.2],[0.241095,42.335361,599.8],[0.241118,42.335446,599.2],[0.241111,42.335598,598.8],[0.241006,42.335717,599.5],[0.240867,42.335832,599.7],[0.240907,42.335898,599.5],[0.241025,42.335948,600.9],[0.241189,42.335957,602.7],[0.241346,42.335953,604.1],[0.241511,42.33593,603.9],[0.241656,42.33589,602.7],[0.241797,42.335884,602.4],[0.24195,42.335871,601.6],[0.242062,42.335927,602.8],[0.242174,42.336,603.7],[0.242261,42.336045,603.5],[0.242336,42.336111,603.5],[0.242423,42.336224,604.0],[0.242488,42.336317,604.5],[0.242535,42.336427,605.9],[0.242543,42.336501,607.3],[0.242532,42.336612,609.0],[0.242537,42.336702,609.5],[0.242563,42.336826,609.1],[0.242569,42.336892,608.7],[0.242486,42.336954,611.0],[0.242401,42.337039,613.1],[0.242387,42.337114,613.0],[0.242332,42.337174,614.3],[0.242294,42.337263,615.2],[0.242222,42.337331,617.1],[0.242179,42.337396,617.8],[0.242122,42.337519,618.7],[0.242015,42.337656,619.5],[0.241965,42.33778,619.6],[0.241963,42.337877,619.9],[0.241947,42.338031,621.0],[0.241955,42.338256,622.8],[0.241964,42.338353,623.4],[0.241922,42.338538,626.2],[0.241865,42.338727,629.4],[0.241878,42.338818,631.1],[0.241958,42.338874,632.4],[0.242014,42.338971,634.4],[0.242017,42.339042,636.0],[0.242004,42.339117,638.5],[0.241987,42.33925,642.8],[0.24199,42.339349,646.6],[0.242077,42.339389,648.0],[0.242096,42.339423,649.4],[0.242171,42.339435,649.9],[0.242253,42.339466,649.0],[0.242279,42.33951,650.0],[0.242219,42.339601,654.7],[0.242282,42.339646,654.9],[0.242338,42.339717,656.5],[0.24238,42.339795,658.7],[0.24238,42.339865,661.4],[0.242325,42.339922,664.8],[0.242156,42.340077,671.7],[0.242005,42.340383,679.8],[0.24191,42.340539,684.1],[0.24185,42.340558,684.0],[0.241857,42.340603,685.6],[0.241911,42.34061,686.6],[0.242,42.340674,689.4],[0.242071,42.340651,690.1],[0.242175,42.340665,692.1],[0.242189,42.340762,694.0],[0.242179,42.340886,696.1],[0.242173,42.34101,698.1],[0.242228,42.341078,699.8],[0.24222,42.341155,700.1],[0.242235,42.341246,700.7],[0.242305,42.341349,701.4],[0.242308,42.341449,702.8],[0.242381,42.341739,708.1],[0.242511,42.341906,711.0],[0.242574,42.342024,713.5],[0.242612,42.342101,715.1],[0.242675,42.342157,715.4],[0.242761,42.342204,715.0],[0.242773,42.342271,716.3],[0.24282,42.342305,716.0],[0.242841,42.342372,716.9],[0.242947,42.342527,717.1],[0.243044,42.342654,716.1],[0.243088,42.342745,716.3],[0.243063,42.342884,719.2],[0.243043,42.343106,721.5],[0.243086,42.343292,721.9],[0.243124,42.343492,723.6],[0.243257,42.34363,723.9],[0.243351,42.343714,723.6],[0.243336,42.343788,724.8],[0.243268,42.344002,728.2],[0.243292,42.34416,728.6],[0.243375,42.344214,727.3],[0.2435,42.344274,725.0],[0.243715,42.344427,720.4],[0.243752,42.344595,721.4],[0.243797,42.344823,721.0],[0.243739,42.344962,721.4],[0.243673,42.345058,722.2],[0.243594,42.345109,723.0],[0.243571,42.345194,721.8],[0.243565,42.345266,720.4],[0.243567,42.345377,718.9],[0.24357,42.345539,717.3],[0.243581,42.345753,717.0],[0.243584,42.345905,717.8],[0.243635,42.346034,717.0],[0.24372,42.346119,715.2],[0.243792,42.346274,714.4],[0.243826,42.346469,716.0],[0.243888,42.34652,716.3],[0.243887,42.346584,717.6],[0.243805,42.346709,721.1],[0.243825,42.346775,722.5],[0.244013,42.346816,722.2],[0.244172,42.347014,724.3],[0.244166,42.347106,726.0],[0.244093,42.347241,729.7],[0.244069,42.347407,732.6],[0.244058,42.347483,733.7],[0.24404,42.347608,736.1],[0.244094,42.347757,736.8],[0.244173,42.347881,734.8],[0.244148,42.347964,736.7],[0.244043,42.348065,739.3],[0.243982,42.348159,740.0],[0.243891,42.348304,741.1],[0.24378,42.34846,741.5],[0.243735,42.348624,738.8],[0.243713,42.348762,736.6],[0.243662,42.348897,735.9],[0.243624,42.348988,736.1],[0.243602,42.349135,735.2],[0.243563,42.349287,734.7],[0.243438,42.349528,736.1],[0.243376,42.349691,736.1],[0.243283,42.349751,738.7],[0.243139,42.349784,743.7],[0.242997,42.349816,748.3],[0.242835,42.349875,752.1],[0.242847,42.349968,750.9],[0.242944,42.350068,746.4],[0.242929,42.350184,745.6],[0.24291,42.350291,745.3],[0.242842,42.350418,746.4],[0.242759,42.350556,747.7],[0.242736,42.350687,748.5],[0.242686,42.350905,752.6],[0.242616,42.351084,753.8],[0.242587,42.351113,754.1],[0.242466,42.35122,754.2],[0.24238,42.351349,752.7],[0.242272,42.351571,748.1],[0.242144,42.351794,743.7],[0.242063,42.35191,743.3],[0.241993,42.35202,740.9],[0.241894,42.35215,737.2],[0.24179,42.352286,732.2],[0.241725,42.352344,731.5],[0.24164,42.35229,736.6],[0.241506,42.352269,742.0],[0.241467,42.352321,741.5],[0.241534,42.352446,736.5],[0.241598,42.352532,732.0],[0.24162,42.352627,730.4],[0.241617,42.352793,730.7],[0.241553,42.352951,736.1],[0.241474,42.353093,738.6],[0.241417,42.353131,739.7],[0.241323,42.353202,741.1],[0.24114,42.353294,747.9],[0.241045,42.35343,748.9],[0.240994,42.353551,747.9],[0.240862,42.353684,750.1],[0.240733,42.353887,750.2],[0.240683,42.35409,749.5],[0.24058,42.354252,752.3],[0.240499,42.354374,755.1],[0.240455,42.354481,752.8],[0.2404,42.354542,751.7],[0.240328,42.354581,751.6],[0.240262,42.354604,751.8],[0.240162,42.354602,752.7],[0.240038,42.35457,754.1],[0.239911,42.354478,757.0],[0.239804,42.35447,758.4],[0.239698,42.354526,758.4],[0.239696,42.354567,757.5],[0.239735,42.354671,754.7],[0.239765,42.35476,752.6],[0.239749,42.354854,751.0],[0.239733,42.354925,750.5],[0.239624,42.355007,751.4],[0.239583,42.35506,752.1],[0.23966,42.355281,750.7],[0.239765,42.355414,750.9],[0.239844,42.35555,751.9],[0.239987,42.355683,752.6],[0.239997,42.355829,754.5],[0.240014,42.355993,755.6],[0.239993,42.356071,755.5],[0.239978,42.356216,755.5],[0.239882,42.356507,757.7],[0.239802,42.356634,759.1],[0.239673,42.356851,761.1],[0.23955,42.357049,762.4],[0.23949,42.357158,763.2],[0.239446,42.357272,764.0],[0.239415,42.357461,764.0],[0.239326,42.357626,764.4],[0.239251,42.357664,764.9],[0.239168,42.357627,766.2],[0.239083,42.357517,768.0],[0.238945,42.357436,769.7],[0.23879,42.357415,771.7],[0.238606,42.357491,774.5],[0.238494,42.357598,776.7],[0.238376,42.357727,780.2],[0.238376,42.357955,781.0],[0.238429,42.358097,780.8],[0.238489,42.358204,780.4],[0.238541,42.358297,778.4],[0.238521,42.358356,778.2],[0.238489,42.358434,778.6],[0.238517,42.358578,776.1],[0.238554,42.358679,774.6],[0.238545,42.358775,776.9],[0.238478,42.358932,783.8],[0.238421,42.359041,787.9],[0.238373,42.35918,791.9],[0.238267,42.359336,794.4],[0.238199,42.359463,795.2],[0.23821,42.359566,793.9],[0.238271,42.359667,792.1],[0.238321,42.359779,791.6],[0.238316,42.359901,792.2],[0.238302,42.360194,794.0],[0.238292,42.360446,797.7],[0.238297,42.360541,799.3],[0.238319,42.360682,801.5],[0.238434,42.36079,801.7],[0.238696,42.360984,803.3],[0.239112,42.361189,802.9],[0.238887,42.361081,803.3],[0.239141,42.361201,802.5],[0.239098,42.36119,802.8],[0.238142,42.361274,807.1],[0.238021,42.361342,808.1],[0.237861,42.361403,810.9],[0.237667,42.361479,814.6],[0.237623,42.361529,815.3],[0.237611,42.361591,815.0],[0.237609,42.361671,814.4],[0.237632,42.361796,812.3],[0.237632,42.361863,811.5],[0.237617,42.361932,810.8],[0.237536,42.362047,810.3],[0.237385,42.362233,810.0],[0.237293,42.362382,808.3],[0.237224,42.362448,808.3],[0.237022,42.362489,811.8],[0.236912,42.362524,814.1],[0.236884,42.362569,813.9],[0.236881,42.362662,812.2],[0.236892,42.362761,810.0],[0.236932,42.362881,806.7],[0.237038,42.363025,800.6],[0.237053,42.363133,800.0],[0.237046,42.363244,800.7],[0.237086,42.363351,799.5],[0.237091,42.363426,800.0],[0.237037,42.363503,803.8],[0.236975,42.363618,806.1],[0.236955,42.36372,806.5],[0.236901,42.363808,805.3],[0.236863,42.363852,805.0],[0.236677,42.363891,810.7],[0.236559,42.363919,815.0],[0.236496,42.363984,816.2],[0.236495,42.364064,814.3],[0.236519,42.364149,811.1],[0.236588,42.364313,807.4],[0.236611,42.364376,806.5],[0.236598,42.364454,806.8],[0.236563,42.364513,808.0],[0.236419,42.364631,812.5],[0.236245,42.364832,811.1],[0.236146,42.364988,811.2],[0.235997,42.365224,812.7],[0.235962,42.365325,812.3],[0.235908,42.365436,812.8],[0.235856,42.365534,813.6],[0.235845,42.365618,812.8],[0.23585,42.36572,810.9],[0.235836,42.365791,810.0],[0.235803,42.365845,809.9],[0.235609,42.366,811.7],[0.235426,42.366077,813.0],[0.235233,42.366173,813.7],[0.235141,42.366194,814.6],[0.23496,42.366156,818.5],[0.234865,42.366165,819.1],[0.234814,42.366187,818.7],[0.234774,42.366267,815.3],[0.234749,42.366315,813.6],[0.234677,42.366368,812.7],[0.234514,42.366474,811.5],[0.234466,42.36654,810.9],[0.234428,42.366665,809.2],[0.234381,42.366719,808.5],[0.234317,42.366752,808.1],[0.234219,42.366758,808.5],[0.234092,42.366738,808.6],[0.233988,42.366713,808.3],[0.233835,42.36664,810.5],[0.233764,42.36663,811.2],[0.2337,42.366662,809.9],[0.233588,42.366766,806.0],[0.233535,42.366826,804.3],[0.23346,42.366852,803.4],[0.233335,42.366837,804.0],[0.233167,42.366818,806.9],[0.233084,42.366834,808.1],[0.233042,42.366877,807.3],[0.233039,42.366974,803.4],[0.233048,42.367171,799.6],[0.233034,42.367426,798.0],[0.233024,42.367547,798.1],[0.233013,42.367611,798.4],[0.232984,42.367669,799.3],[0.232836,42.367835,802.3],[0.232763,42.367962,801.5],[0.232701,42.368034,801.0],[0.232496,42.368157,798.6],[0.232425,42.36823,795.2],[0.232263,42.368295,796.7],[0.232031,42.368416,799.3],[0.231906,42.368541,797.4],[0.231766,42.368606,797.5],[0.231644,42.368697,795.8],[0.231581,42.368734,795.2],[0.231314,42.368761,797.9],[0.231191,42.368806,798.2],[0.231117,42.368872,798.5],[0.23109,42.368959,797.8],[0.231078,42.369101,796.3],[0.231076,42.369235,795.6],[0.231027,42.369357,795.7],[0.230931,42.36949,795.2],[0.230852,42.369565,794.4],[0.230597,42.369671,794.9],[0.230495,42.369742,794.3],[0.230346,42.369902,791.4],[0.230223,42.370035,789.3],[0.230034,42.370115,790.6],[0.229853,42.370188,791.8],[0.229689,42.370313,790.3],[0.229572,42.370437,787.8],[0.229414,42.370667,784.0],[0.229259,42.370795,782.2],[0.229098,42.370895,780.9],[0.228907,42.370917,781.1],[0.228646,42.370932,779.2],[0.2285,42.37092,778.7],[0.228283,42.370855,779.0],[0.228086,42.370819,777.7],[0.227964,42.370832,776.3],[0.227872,42.370873,775.2],[0.227806,42.370943,773.8],[0.227774,42.371055,772.8],[0.227756,42.371192,771.9],[0.227667,42.371277,771.6],[0.227559,42.371318,771.5],[0.227209,42.371414,771.3],[0.226866,42.371517,769.0],[0.226551,42.371585,764.5],[0.226193,42.371685,760.4],[0.225812,42.371776,755.2],[0.225722,42.371786,754.9],[0.22557,42.371774,755.2],[0.225314,42.371721,756.9],[0.225176,42.371674,757.8],[0.224994,42.371593,758.5],[0.224895,42.371527,758.5],[0.224766,42.371454,758.0],[0.224406,42.371369,753.7],[0.223989,42.371274,748.5],[0.223835,42.371211,746.9],[0.223677,42.371116,744.5],[0.223466,42.37102,742.5],[0.223281,42.370961,741.6],[0.223089,42.370936,741.1],[0.222748,42.370927,741.6],[0.222473,42.370899,741.7],[0.222199,42.370854,742.7],[0.221848,42.370727,741.8],[0.221715,42.370703,741.5],[0.221439,42.370753,742.2],[0.221233,42.370813,743.1],[0.220969,42.370829,742.8],[0.220845,42.370812,742.5],[0.220687,42.370739,741.5],[0.220363,42.370576,741.7],[0.220095,42.370454,743.9],[0.219868,42.37038,745.7],[0.219776,42.370374,746.4],[0.219686,42.370428,746.9],[0.219519,42.370532,748.0],[0.219415,42.370622,748.6],[0.219283,42.370624,748.8],[0.219058,42.370597,748.8],[0.218912,42.370588,748.8],[0.218695,42.3706,747.6],[0.218476,42.370634,746.6],[0.218269,42.370644,745.3],[0.21818,42.37065,745.3],[0.21804,42.370592,744.5],[0.217846,42.370502,743.0],[0.217618,42.37043,741.9],[0.217426,42.370407,742.6],[0.217254,42.370408,744.2],[0.217157,42.370406,745.2],[0.217011,42.370253,745.9],[0.216842,42.370176,747.7],[0.216569,42.370085,749.9],[0.216398,42.370087,750.6],[0.216235,42.370132,750.2],[0.216053,42.370206,751.1],[0.215951,42.370216,751.2],[0.215861,42.370203,750.9],[0.215756,42.370157,750.3],[0.215525,42.370075,750.2],[0.215375,42.37006,750.6],[0.215289,42.370083,751.3],[0.215244,42.370086,751.6],[0.21521,42.370071,751.5],[0.215154,42.370023,752.1],[0.215083,42.369993,753.3],[0.214988,42.369983,755.3],[0.214882,42.37,757.8],[0.214792,42.370007,759.5],[0.214754,42.37,760.0],[0.214691,42.369924,760.1],[0.214531,42.369763,761.8],[0.214408,42.369658,762.6],[0.214249,42.369612,764.1],[0.214146,42.369611,765.4],[0.214041,42.369641,767.3],[0.21393,42.369641,768.8],[0.213606,42.369617,772.7],[0.213408,42.369608,777.1],[0.213298,42.369568,775.9],[0.213136,42.369565,778.5],[0.213031,42.369573,779.7],[0.212961,42.369654,782.4],[0.212903,42.369721,784.7],[0.212864,42.369797,787.8],[0.2128,42.369837,788.8],[0.212654,42.36985,787.7],[0.212533,42.369837,785.5],[0.212393,42.369845,785.2],[0.212148,42.369882,786.8],[0.211997,42.369891,786.8],[0.211811,42.369886,786.0],[0.21158,42.369892,785.4],[0.211419,42.369903,785.3],[0.211333,42.36993,786.4],[0.211275,42.369933,786.3],[0.211083,42.369899,786.0],[0.210906,42.369863,786.4],[0.210789,42.369864,788.6],[0.210539,42.369871,792.8],[0.210414,42.369854,793.3],[0.210327,42.369834,793.0],[0.210254,42.369781,790.2],[0.210042,42.369754,789.4],[0.209912,42.369741,788.9],[0.209768,42.369751,789.6],[0.209648,42.369736,788.5],[0.209525,42.369723,787.3],[0.209319,42.369728,787.6],[0.209147,42.369684,785.3],[0.209007,42.369676,787.8],[0.208883,42.369618,788.7],[0.208736,42.369548,790.2],[0.208583,42.369459,791.1],[0.208421,42.36935,789.8],[0.208174,42.369227,790.0],[0.207985,42.369179,789.7],[0.207719,42.369096,788.5],[0.207536,42.36904,788.1],[0.207396,42.368978,786.5],[0.207301,42.368972,787.2],[0.207066,42.368888,785.5],[0.206861,42.368837,785.8],[0.206714,42.36881,787.1],[0.206585,42.368785,789.2],[0.206441,42.368718,791.3],[0.206293,42.368637,793.2],[0.206177,42.36855,789.9],[0.206059,42.368466,787.8],[0.205982,42.368444,788.1],[0.205824,42.368448,789.8],[0.20572,42.368445,790.5],[0.205612,42.368427,790.1],[0.205368,42.368358,787.9],[0.205099,42.368269,787.4],[0.204951,42.36823,788.5],[0.2048,42.368217,791.6],[0.204721,42.368197,792.8],[0.204604,42.368175,795.1],[0.204563,42.368202,797.2],[0.204487,42.368252,799.8],[0.204457,42.368315,799.0],[0.204425,42.368384,798.1],[0.204307,42.368497,796.9],[0.204198,42.368589,797.7],[0.204003,42.368673,796.8],[0.203876,42.368764,797.0],[0.203685,42.368866,795.7],[0.203609,42.368947,795.9],[0.203583,42.369022,795.8],[0.203608,42.36911,796.5],[0.203662,42.369186,798.1],[0.203736,42.36923,800.0],[0.203718,42.369271,800.3],[0.203409,42.369353,796.0],[0.203166,42.369477,794.1],[0.202945,42.36956,792.6],[0.202707,42.369646,791.0],[0.202421,42.369769,789.5],[0.202152,42.369884,786.4],[0.202099,42.369922,785.6],[0.202041,42.370015,785.2],[0.201922,42.370157,781.6],[0.201886,42.370268,780.5],[0.201767,42.370464,780.2],[0.201765,42.370539,781.5],[0.201785,42.370606,782.3],[0.201855,42.37067,783.6],[0.201888,42.370808,784.4],[0.201859,42.370878,782.3],[0.201778,42.370904,780.4],[0.201648,42.370881,778.9],[0.20141,42.370814,777.7],[0.201145,42.370724,776.7],[0.201002,42.370703,776.3],[0.200939,42.370719,775.1],[0.200937,42.370779,772.5],[0.200961,42.370884,768.5],[0.201028,42.370997,765.2],[0.201141,42.371106,764.4],[0.201304,42.371241,765.1],[0.201468,42.371305,766.4],[0.201527,42.371351,766.2],[0.201603,42.371469,764.3],[0.201705,42.371628,759.0],[0.202069,42.371862,757.2],[0.20224,42.37203,751.0],[0.202381,42.372134,748.5],[0.202578,42.372204,751.8],[0.202734,42.372263,752.3],[0.203032,42.372425,748.4],[0.203372,42.372616,743.4],[0.203711,42.372708,741.9],[0.203987,42.372793,742.0],[0.204225,42.372837,744.8],[0.204364,42.372891,746.1],[0.204382,42.37293,745.7],[0.204288,42.373006,744.6],[0.204153,42.373084,744.5],[0.203973,42.373141,743.0],[0.203748,42.373152,738.7],[0.203576,42.373195,735.7],[0.203411,42.373278,737.4],[0.203297,42.373332,738.9],[0.203165,42.373387,739.5],[0.202957,42.373466,738.0],[0.202773,42.373526,740.5],[0.202609,42.373593,743.8],[0.202284,42.373675,745.8],[0.201945,42.373815,743.8],[0.201797,42.373866,742.5],[0.201761,42.373909,743.3],[0.201728,42.374037,744.1],[0.201719,42.374161,744.9],[0.201724,42.374271,749.5],[0.201521,42.374304,746.2],[0.201426,42.374319,745.4],[0.20132,42.374322,744.6],[0.201088,42.374338,743.1],[0.201006,42.374392,745.3],[0.20092,42.374461,747.5],[0.200839,42.374498,748.4],[0.200556,42.374479,747.0],[0.200214,42.374466,749.3],[0.199826,42.374456,746.9],[0.199502,42.374465,744.9],[0.199381,42.374497,745.0],[0.19926,42.374525,744.6],[0.19922,42.374565,744.9],[0.19922,42.37463,745.9],[0.199262,42.374685,747.1],[0.199256,42.374725,747.5],[0.199144,42.374764,746.7],[0.199013,42.374841,745.9],[0.198849,42.374967,744.8],[0.198709,42.375107,742.1],[0.198604,42.375226,740.2],[0.198542,42.37534,739.1],[0.198546,42.375466,738.7],[0.198479,42.375632,736.9],[0.198402,42.375775,735.8],[0.198279,42.375918,733.9],[0.198159,42.376071,732.2],[0.198115,42.376198,730.1],[0.198125,42.376286,729.1],[0.198191,42.376391,726.4],[0.19824,42.376449,725.1],[0.198289,42.376471,725.2],[0.198551,42.376539,726.8],[0.198825,42.37663,729.1],[0.198843,42.376666,728.0],[0.198841,42.376714,726.0],[0.198791,42.376825,724.4],[0.198761,42.376979,723.4],[0.198772,42.377057,723.8],[0.19881,42.377168,725.1],[0.198815,42.377397,725.9],[0.198838,42.377467,725.9],[0.199006,42.377643,729.5],[0.1991,42.37778,732.4],[0.199215,42.378031,732.3],[0.199298,42.37819,730.2],[0.199372,42.378278,728.4],[0.199431,42.378324,728.2],[0.199505,42.37835,728.6],[0.199689,42.378389,732.7],[0.199862,42.378432,736.2],[0.199926,42.378467,736.6],[0.199981,42.37853,736.7],[0.2,42.378588,736.2],[0.200053,42.378692,735.7],[0.200112,42.378747,735.2],[0.200204,42.378782,735.4],[0.200289,42.378795,735.7],[0.200382,42.378788,736.9],[0.20063,42.378728,740.0],[0.200769,42.378729,740.1],[0.200858,42.378742,741.0],[0.200945,42.378794,741.3],[0.201093,42.378958,740.9],[0.201264,42.37915,740.3],[0.201411,42.379292,740.2],[0.201538,42.379411,740.0],[0.201595,42.379453,740.3],[0.201688,42.379487,741.6],[0.201842,42.379536,743.0],[0.202003,42.379555,744.7],[0.202198,42.379594,746.0],[0.202459,42.379671,748.1],[0.202606,42.37974,748.9],[0.202802,42.379847,749.9],[0.202912,42.379914,750.4],[0.20303,42.379964,751.6],[0.203158,42.379992,753.4],[0.203277,42.380004,755.3],[0.203346,42.380024,756.4],[0.203392,42.380067,756.5],[0.203471,42.380229,754.8],[0.203505,42.380291,754.5],[0.203646,42.380425,756.1],[0.203743,42.380528,755.8],[0.203847,42.380651,755.4],[0.203939,42.380715,756.3],[0.204119,42.380817,758.0],[0.204291,42.380922,759.5],[0.20445,42.381016,759.9],[0.204757,42.381125,761.1],[0.204885,42.381169,761.4],[0.205036,42.381194,762.0],[0.205151,42.381229,761.3],[0.205188,42.381263,759.8],[0.205187,42.381331,760.7],[0.205168,42.381375,761.0],[0.205092,42.381503,761.2],[0.205012,42.381619,761.7],[0.204946,42.381702,761.1],[0.204907,42.381818,760.4],[0.204856,42.381929,759.6],[0.204792,42.382009,759.4],[0.204724,42.38204,759.4],[0.20462,42.382046,759.0],[0.204464,42.382021,760.4],[0.204329,42.381991,761.3],[0.204116,42.381925,761.8],[0.203885,42.381838,759.3],[0.203779,42.381832,758.7],[0.203573,42.381837,758.7],[0.203481,42.381834,758.6],[0.203382,42.38182,758.3],[0.203261,42.381783,756.6],[0.203159,42.381764,755.0],[0.203065,42.381776,755.0],[0.202996,42.381812,755.3],[0.202936,42.381878,755.6],[0.202893,42.38194,755.7],[0.202879,42.382037,755.9],[0.202874,42.382226,755.6],[0.202847,42.382387,754.4],[0.202833,42.382455,753.8],[0.202816,42.382543,753.0],[0.202831,42.382633,752.8],[0.202868,42.382802,751.6],[0.202946,42.382999,750.4],[0.20302,42.383184,749.1],[0.203108,42.383452,747.7],[0.20314,42.383632,746.7],[0.203163,42.38382,744.0],[0.203208,42.383939,744.5],[0.203217,42.384026,744.1],[0.203194,42.384098,744.1],[0.203139,42.384153,743.6],[0.203058,42.384206,742.9],[0.202888,42.384294,741.9],[0.202674,42.384374,740.7],[0.202578,42.384448,740.3],[0.202488,42.384515,739.9],[0.202421,42.384595,739.6],[0.202384,42.384674,739.8],[0.202335,42.384814,739.5],[0.202278,42.38507,738.1],[0.202223,42.385197,736.8],[0.202219,42.38524,736.3],[0.202256,42.385275,736.1],[0.202282,42.3853,736.0],[0.202274,42.385322,735.7],[0.202173,42.385359,734.5],[0.202065,42.385436,732.6],[0.201978,42.385522,730.2],[0.201904,42.385587,728.5],[0.201731,42.385706,725.3],[0.201667,42.385748,723.7],[0.201555,42.385846,720.9],[0.20138,42.385941,717.6],[0.201347,42.385975,716.4],[0.20133,42.386027,715.0],[0.201286,42.386171,711.1],[0.201245,42.386216,709.7],[0.201024,42.386327,704.9],[0.200919,42.386405,702.5],[0.200675,42.386517,697.4],[0.200614,42.386563,696.6],[0.200588,42.386642,695.0],[0.200585,42.386708,693.7],[0.200625,42.386768,692.9],[0.200692,42.386854,691.6],[0.200684,42.386899,690.7],[0.200632,42.38697,689.1],[0.20061,42.387093,686.8],[0.200627,42.387202,684.9],[0.200596,42.38729,683.1],[0.200568,42.387401,680.3],[0.200562,42.3875,677.9],[0.200563,42.387569,676.1],[0.200528,42.387637,674.2],[0.200493,42.387749,671.4],[0.200431,42.387896,667.8],[0.200348,42.387983,665.6],[0.200267,42.38808,662.9],[0.200114,42.388191,660.2],[0.200021,42.388282,657.9],[0.20001,42.388354,656.0],[0.200062,42.388412,653.8],[0.200159,42.388438,651.4],[0.200162,42.38842,652.3],[0.20034,42.388395,651.6],[0.200454,42.388365,651.6],[0.200557,42.388336,651.8],[0.200725,42.388288,654.0],[0.200754,42.388265,655.3],[0.200815,42.388283,655.3],[0.200874,42.38831,655.4],[0.200888,42.388369,654.3],[0.200854,42.388459,654.4],[0.200794,42.388624,653.0],[0.20074,42.388658,650.9],[0.200647,42.388714,647.8],[0.200608,42.388813,647.5],[0.200557,42.388939,649.3],[0.200539,42.389026,651.2],[0.200495,42.389143,651.6],[0.200496,42.389213,652.7],[0.200497,42.389295,653.9],[0.200424,42.389377,651.6],[0.200375,42.389462,650.1],[0.200366,42.389548,650.0],[0.200375,42.38962,650.2],[0.200405,42.389709,651.3],[0.200389,42.389791,651.1],[0.200312,42.389917,649.5],[0.200232,42.390018,648.2],[0.200129,42.390096,646.1],[0.200071,42.390136,645.0],[0.19999,42.39022,643.8],[0.19981,42.390287,639.4],[0.199688,42.390356,636.5],[0.199627,42.390415,635.4],[0.199555,42.390489,633.9],[0.199498,42.390609,633.6],[0.199407,42.390752,632.0],[0.19932,42.390821,629.9],[0.199184,42.390879,626.1],[0.198913,42.390956,617.4],[0.198811,42.391027,614.4],[0.198764,42.391104,614.2],[0.198723,42.391203,614.0],[0.198725,42.391311,614.8],[0.198698,42.391371,614.3],[0.198607,42.391448,611.9],[0.198496,42.391535,609.7],[0.198415,42.391604,608.4],[0.198355,42.391691,607.0],[0.198272,42.391779,605.3],[0.198159,42.391866,603.1],[0.198074,42.391939,600.8],[0.198028,42.392003,599.1],[0.197991,42.392057,598.0],[0.197991,42.392098,597.8],[0.198026,42.392175,598.3],[0.198088,42.392244,599.4],[0.198195,42.392313,600.8],[0.198282,42.392396,601.3],[0.198263,42.392433,600.4],[0.198262,42.392488,599.6],[0.198253,42.39255,598.5],[0.198239,42.392607,597.4],[0.198231,42.392673,596.3],[0.198202,42.392726,595.0],[0.198107,42.392744,592.5],[0.198007,42.392743,589.9],[0.19784,42.39271,586.2],[0.197734,42.392658,584.2],[0.197574,42.392592,581.0],[0.197383,42.392526,577.1],[0.197311,42.392492,575.2],[0.197261,42.392486,573.9],[0.197226,42.392531,573.0],[0.19719,42.392589,571.6],[0.197171,42.392717,570.4],[0.197182,42.392718,570.7],[0.19719,42.392863,568.7],[0.197282,42.392971,568.7],[0.197386,42.393032,569.2],[0.197519,42.393118,569.8],[0.197546,42.393171,569.1],[0.197541,42.393231,567.4],[0.197502,42.393275,565.4],[0.197423,42.393284,563.7],[0.197311,42.393256,562.3],[0.197248,42.393246,561.4],[0.197209,42.393244,560.5],[0.197215,42.393315,558.7],[0.197225,42.393399,556.6],[0.197292,42.393489,554.6],[0.197385,42.393575,552.3],[0.197519,42.393637,551.2],[0.197636,42.393686,550.3],[0.197666,42.39371,549.3],[0.197598,42.393737,547.6],[0.197294,42.393833,542.2],[0.197081,42.393782,541.4],[0.196672,42.393677,537.9],[0.196316,42.393607,538.8],[0.19614,42.393564,540.5],[0.195885,42.393571,539.3],[0.195843,42.393666,536.9],[0.195905,42.394,535.4],[0.195929,42.394174,535.7],[0.195789,42.394187,535.2],[0.195468,42.394154,533.9],[0.194895,42.394105,531.5],[0.19478,42.393995,530.7],[0.19465,42.39389,530.5],[0.194084,42.393654,530.3],[0.193669,42.393498,530.0],[0.193394,42.393312,530.0],[0.193243,42.393272,529.8],[0.193116,42.393226,529.6],[0.193005,42.393188,529.4],[0.192847,42.393171,529.3],[0.192757,42.393022,529.0],[0.192482,42.392723,528.1],[0.192293,42.392597,527.7],[0.192192,42.392535,527.4],[0.192141,42.392429,527.0],[0.192063,42.392311,527.0],[0.191991,42.392211,527.0],[0.191892,42.392229,527.0],[0.191721,42.392189,527.0],[0.191339,42.392057,527.0],[0.191273,42.392028,527.0],[0.191239,42.391971,527.0],[0.191163,42.391908,527.0],[0.190998,42.391855,527.0],[0.190638,42.391869,527.0],[0.190419,42.391917,527.0],[0.1903,42.391905,527.0],[0.190134,42.391847,527.0],[0.189798,42.391786,527.0],[0.189419,42.391756,527.0],[0.189243,42.391686,527.4],[0.189131,42.391587,528.1],[0.189089,42.391467,528.7],[0.189075,42.391316,528.7],[0.189002,42.391153,528.5],[0.188903,42.390966,527.1],[0.188754,42.390864,527.0],[0.188578,42.390906,527.6],[0.18835,42.391056,531.5],[0.188204,42.391091,533.7],[0.188005,42.391133,536.4],[0.187695,42.391156,538.9],[0.187339,42.391057,540.9],[0.187071,42.39123,543.4],[0.186892,42.391243,544.7],[0.186702,42.391283,546.1],[0.186537,42.391411,547.8],[0.186287,42.391566,550.1],[0.186054,42.391541,552.0],[0.185761,42.391548,554.3],[0.185582,42.391546,555.8],[0.185512,42.391472,556.3],[0.185649,42.39139,555.3],[0.1857,42.391356,554.8],[0.185472,42.391279,557.9],[0.184753,42.391174,569.1],[0.184423,42.391127,570.7],[0.184161,42.39107,572.6],[0.183846,42.390979,574.3],[0.183594,42.39091,575.4],[0.183421,42.390918,576.4],[0.183015,42.39091,577.7],[0.182719,42.390923,578.7],[0.182678,42.390966,579.0],[0.182563,42.391157,580.2],[0.182352,42.391215,580.7],[0.182154,42.391262,580.9],[0.181889,42.391306,580.7],[0.181556,42.391343,580.8],[0.181322,42.391375,580.9],[0.181146,42.391433,581.0],[0.181079,42.391539,581.0],[0.181031,42.391671,581.0],[0.180897,42.39187,581.5],[0.180737,42.392001,581.2],[0.180618,42.392108,581.0],[0.180606,42.392113,580.9],[0.180421,42.392197,580.5],[0.180197,42.392363,580.3],[0.180133,42.392385,580.2],[0.180069,42.392445,580.3],[0.179562,42.392747,578.8],[0.179291,42.392924,578.5],[0.179144,42.392983,578.3],[0.178972,42.393064,578.2],[0.179188,42.393181,578.8],[0.179603,42.393436,580.0],[0.180106,42.393783,583.3],[0.180122,42.393822,583.6],[0.180112,42.394081,584.3],[0.180131,42.394324,585.3],[0.180121,42.394433,585.7],[0.180197,42.394696,587.1],[0.180237,42.394915,588.2],[0.180242,42.394937,588.3],[0.180356,42.395183,589.7],[0.180578,42.395305,590.2],[0.180898,42.395431,592.4],[0.181028,42.395519,593.7],[0.181213,42.395622,595.9],[0.181354,42.395726,597.7],[0.181528,42.395862,600.1],[0.181588,42.395967,601.2],[0.181523,42.395993,600.8],[0.181475,42.396184,601.7],[0.181458,42.396358,603.0],[0.181515,42.396494,603.9],[0.181762,42.396745,607.8],[0.181789,42.39697,609.1],[0.181872,42.397169,610.5],[0.181934,42.397365,611.5],[0.18202,42.397554,613.0],[0.182116,42.397713,615.1],[0.18213,42.397903,616.0],[0.182195,42.398082,617.8],[0.182058,42.398153,615.6],[0.181748,42.398188,612.3],[0.181022,42.398254,605.1],[0.180678,42.398311,602.1],[0.180328,42.398366,600.4],[0.179938,42.39841,599.1],[0.180067,42.398642,599.5],[0.180102,42.398794,599.9],[0.180175,42.398937,600.0],[0.18026,42.399305,602.1],[0.180332,42.399574,605.0],[0.180489,42.399921,607.6],[0.180608,42.400195,609.0],[0.18078,42.40034,609.5],[0.180908,42.400507,609.9],[0.180902,42.400673,609.9],[0.180808,42.400707,609.7],[0.180714,42.400795,609.8],[0.180644,42.40077,609.6],[0.180554,42.400827,610.1],[0.180517,42.400917,610.7],[0.180512,42.400993,611.3],[0.180498,42.401061,611.8],[0.180553,42.401242,613.7],[0.180527,42.401363,615.8],[0.180483,42.401437,617.4],[0.180515,42.4015,618.3],[0.180591,42.401594,619.7],[0.180683,42.401676,621.1],[0.180706,42.401749,622.5],[0.18072,42.401854,625.1],[0.180746,42.401919,626.4],[0.180807,42.401956,626.5],[0.180877,42.402057,626.6],[0.180874,42.402261,627.9],[0.180854,42.40245,628.3],[0.180796,42.402591,629.4],[0.180687,42.402771,631.1],[0.180588,42.40285,632.7],[0.180532,42.402883,633.7],[0.18042,42.402919,635.3],[0.180185,42.402984,638.2],[0.179947,42.403015,641.2],[0.179652,42.402995,644.3],[0.179482,42.402971,645.9],[0.178949,42.40276,647.2],[0.17832,42.402479,646.8],[0.177852,42.402282,650.6],[0.177473,42.402099,648.0],[0.177336,42.402059,647.1],[0.17724,42.402118,646.0],[0.177133,42.40227,646.2],[0.17705,42.402353,645.3],[0.176866,42.402475,642.2],[0.176622,42.402591,640.4],[0.176505,42.402677,642.4],[0.176384,42.402617,638.8],[0.17626,42.402532,635.2],[0.176113,42.402411,632.0],[0.175963,42.402339,630.6],[0.175836,42.40231,630.2],[0.175656,42.402276,629.1],[0.175585,42.402286,629.2],[0.175547,42.402292,629.1],[0.175492,42.402291,626.8],[0.175443,42.402353,625.6],[0.1754,42.402425,624.8],[0.175294,42.402561,623.4],[0.175254,42.402633,623.7],[0.175184,42.40276,624.8],[0.174975,42.402789,622.3],[0.174752,42.402778,623.3],[0.174371,42.402749,625.3],[0.174208,42.40273,625.5],[0.174097,42.402712,625.5],[0.174024,42.402583,623.2],[0.173986,42.402571,622.7],[0.173862,42.402598,622.3],[0.173703,42.402594,620.9],[0.173583,42.402628,620.3],[0.173587,42.402758,622.9],[0.173482,42.402875,623.6],[0.173376,42.402955,623.3],[0.173303,42.403038,623.6],[0.173012,42.403091,621.9],[0.172788,42.403022,619.1],[0.172682,42.403003,618.6],[0.172524,42.403,618.4],[0.172391,42.403029,618.8],[0.172222,42.403106,620.4],[0.172065,42.403201,622.0],[0.171799,42.403308,622.5],[0.171589,42.40341,623.1],[0.171281,42.40355,623.5],[0.17107,42.40363,622.8],[0.17056,42.403824,621.5],[0.170143,42.403974,620.8],[0.169814,42.404111,618.6],[0.169616,42.404228,617.6],[0.169348,42.404338,614.0],[0.169065,42.404377,609.4],[0.168857,42.404388,606.5],[0.168701,42.404438,605.2],[0.168634,42.404473,604.5],[0.168248,42.404832,599.7],[0.168082,42.405033,596.9],[0.167913,42.405174,594.8],[0.167911,42.405174,594.8],[0.167886,42.405306,594.1],[0.16787,42.405416,593.8],[0.167825,42.405505,593.1],[0.167825,42.405501,593.2],[0.167849,42.405555,593.4],[0.16785,42.405609,593.4],[0.167785,42.405692,592.7],[0.167703,42.405761,592.5],[0.167497,42.405832,592.3],[0.167401,42.405867,592.6],[0.167342,42.405917,592.9],[0.167332,42.405938,593.1],[0.167319,42.405956,593.3],[0.167307,42.40596,593.3],[0.167223,42.406011,593.7],[0.167028,42.406035,593.9],[0.166885,42.406063,594.2],[0.16674,42.406214,595.4],[0.166626,42.40639,595.7],[0.166537,42.406536,595.8],[0.166505,42.406722,596.1],[0.166318,42.406823,593.4],[0.166177,42.406909,591.0],[0.166052,42.407,589.0],[0.165942,42.407098,583.7],[0.165907,42.407179,579.8],[0.1659,42.407254,577.5],[0.165914,42.407355,575.4],[0.165908,42.407398,572.8],[0.165849,42.407422,569.5],[0.165738,42.407436,565.4],[0.165535,42.407437,559.8],[0.16539,42.407443,555.9],[0.16531,42.407504,552.8],[0.165288,42.407558,551.5],[0.165293,42.407648,552.3],[0.165298,42.407815,556.0],[0.165279,42.407943,558.4],[0.165193,42.408059,561.3],[0.16516,42.408168,562.5],[0.165143,42.408235,563.5],[0.165076,42.408271,566.2],[0.16482,42.408227,573.9],[0.164569,42.408166,578.6],[0.164846,42.408448,582.8],[0.164921,42.408565,584.7],[0.164956,42.408623,584.6],[0.164995,42.408708,585.3],[0.165002,42.408833,587.1],[0.164972,42.408966,589.9],[0.16502,42.409005,589.7],[0.165078,42.409144,591.6],[0.16504,42.409197,593.6],[0.164813,42.409171,596.8],[0.16473,42.409221,599.0],[0.164647,42.409269,601.4],[0.164578,42.409319,603.6],[0.164516,42.409326,604.5],[0.164302,42.409243,603.8],[0.164145,42.409166,602.1],[0.164085,42.409163,602.2],[0.163949,42.409256,605.0],[0.163845,42.409315,607.0],[0.163708,42.409343,607.6],[0.163601,42.409523,614.4],[0.163375,42.409661,617.2],[0.163254,42.409802,618.4],[0.163179,42.409867,618.4],[0.163112,42.409911,617.9],[0.16297,42.409919,615.2],[0.162785,42.409921,612.0],[0.162623,42.409949,610.3],[0.162419,42.409976,608.5],[0.162183,42.410021,606.8],[0.161966,42.410043,604.9],[0.16178,42.41007,603.7],[0.16156,42.410094,602.6],[0.161412,42.41012,602.4],[0.161201,42.410149,601.5],[0.161107,42.41017,601.1],[0.16094,42.410222,600.6],[0.160795,42.410257,600.1],[0.160655,42.410267,599.1],[0.160529,42.410268,598.1],[0.160358,42.410262,596.5],[0.160268,42.410259,595.6],[0.160154,42.410317,594.9],[0.160024,42.410407,594.4],[0.159938,42.410448,593.8],[0.159803,42.410454,592.5],[0.159707,42.41046,591.6],[0.159532,42.410479,590.2],[0.159369,42.410502,590.3],[0.159251,42.410508,590.2],[0.158913,42.41051,588.8],[0.158729,42.410512,587.7],[0.158509,42.410525,586.7],[0.158383,42.410543,586.4],[0.15827,42.410568,586.0],[0.158171,42.410612,585.6],[0.158022,42.410704,584.8],[0.157913,42.410756,584.2],[0.157769,42.410811,583.5],[0.15755,42.410866,581.8],[0.157357,42.410901,580.8],[0.157235,42.410931,580.4],[0.157097,42.410937,580.1],[0.15692,42.410938,580.2],[0.156794,42.41095,580.1],[0.156645,42.411025,580.0],[0.156529,42.411086,579.7],[0.156395,42.411108,578.0],[0.156241,42.411126,576.0],[0.156086,42.411155,572.3],[0.155878,42.411225,568.3],[0.155729,42.411326,567.5],[0.155535,42.411504,565.2],[0.155445,42.411604,563.5],[0.155355,42.411707,562.0],[0.15524,42.411834,561.0],[0.155173,42.411912,560.4],[0.155081,42.411966,558.1],[0.155034,42.412035,558.1],[0.154864,42.412157,554.7],[0.154739,42.412309,553.3],[0.1546,42.412481,551.5],[0.154489,42.412596,549.4],[0.154379,42.412708,548.0],[0.154244,42.41283,546.5],[0.154082,42.412949,544.7],[0.153942,42.413065,543.3],[0.153805,42.413159,542.5],[0.153693,42.413234,542.0],[0.153615,42.413291,541.7],[0.153506,42.413339,541.4],[0.153326,42.413424,540.9],[0.153115,42.413462,540.5],[0.15291,42.413503,540.1],[0.152559,42.413577,539.5],[0.152181,42.4137,538.7],[0.151833,42.413835,538.0],[0.151544,42.413939,537.0],[0.151443,42.414009,536.9],[0.151323,42.41412,537.3],[0.150998,42.414393,537.2],[0.150758,42.414574,536.6],[0.150448,42.414788,536.3],[0.150194,42.414966,535.4],[0.149891,42.415152,535.3],[0.149693,42.415247,534.8],[0.149525,42.415308,534.5],[0.149151,42.415416,534.0],[0.148823,42.41552,533.9],[0.148618,42.415589,533.6],[0.14828,42.415681,533.0],[0.148024,42.415767,532.2],[0.147896,42.4158,532.0],[0.147764,42.415809,532.0],[0.147607,42.415809,531.8],[0.147448,42.415803,531.3],[0.147264,42.415795,530.9],[0.147096,42.415789,530.8],[0.146979,42.415779,530.6],[0.146939,42.415781,530.5]]}},{"type":"Feature","properties":{"Name":"O1 — Arcusa–Bárcabo–Lecina","etapa":"O1","original_name":"O_Arcusa-Bárcabo-Lecina","point_count":1348,"length_km":20.814},"geometry":{"type":"LineString","coordinates":[[0.075291,42.321388,860.3],[0.075225,42.321348,860.0],[0.075177,42.321302,859.9],[0.075094,42.321239,859.8],[0.075011,42.321151,860.0],[0.074927,42.321044,860.0],[0.074806,42.320895,860.0],[0.074804,42.320851,860.0],[0.074803,42.32079,860.0],[0.074815,42.320727,860.0],[0.074812,42.320603,860.0],[0.074813,42.320507,860.0],[0.074804,42.3204,860.0],[0.074793,42.320354,860.0],[0.074789,42.320273,860.0],[0.074804,42.32018,860.0],[0.074825,42.320066,860.0],[0.074846,42.319914,860.0],[0.074891,42.319674,860.0],[0.07493,42.319468,860.0],[0.074909,42.319332,860.0],[0.074901,42.31924,859.6],[0.074823,42.319204,859.6],[0.074713,42.319148,859.7],[0.074589,42.319131,860.0],[0.074445,42.319114,860.0],[0.074256,42.319083,860.1],[0.073902,42.31891,860.3],[0.073558,42.318724,861.4],[0.073446,42.318618,861.7],[0.073207,42.318217,861.3],[0.072982,42.31783,861.3],[0.07264,42.317278,860.9],[0.072518,42.317051,860.8],[0.072353,42.316766,861.0],[0.072267,42.316473,860.5],[0.072132,42.316229,860.6],[0.072019,42.316034,861.0],[0.071878,42.315846,860.6],[0.071715,42.31567,860.3],[0.071626,42.315569,860.2],[0.071531,42.315498,860.2],[0.071448,42.31542,860.0],[0.071364,42.315343,859.8],[0.071222,42.315187,859.3],[0.071039,42.315084,859.5],[0.07077,42.314961,860.1],[0.070451,42.314837,859.5],[0.070071,42.3147,858.7],[0.069806,42.314612,858.4],[0.069718,42.314576,858.3],[0.069635,42.314526,858.0],[0.069554,42.314469,858.0],[0.069471,42.31438,858.0],[0.069364,42.314282,857.9],[0.069232,42.314159,857.3],[0.069066,42.314089,857.4],[0.068996,42.314043,857.7],[0.068888,42.31396,858.0],[0.068664,42.313764,858.7],[0.068399,42.313573,859.4],[0.068096,42.313346,860.1],[0.06799,42.313275,860.1],[0.067897,42.313222,860.2],[0.067684,42.313125,860.4],[0.06751,42.313054,860.7],[0.067405,42.313022,860.9],[0.067315,42.312979,860.8],[0.067116,42.312861,860.3],[0.066862,42.312715,859.5],[0.066427,42.312467,858.0],[0.066352,42.312399,857.4],[0.066309,42.312361,857.3],[0.066272,42.312281,856.9],[0.066215,42.312182,856.3],[0.066139,42.312111,855.9],[0.066055,42.312049,855.6],[0.065963,42.312001,855.5],[0.065866,42.311959,855.3],[0.065728,42.311921,855.1],[0.065451,42.311885,855.8],[0.064891,42.311817,856.4],[0.06461,42.311775,856.9],[0.064517,42.311752,857.1],[0.064453,42.311719,856.9],[0.064271,42.311614,856.4],[0.063865,42.311383,857.0],[0.063763,42.311334,857.0],[0.063674,42.311291,857.0],[0.063537,42.311252,857.0],[0.063387,42.311216,857.0],[0.06326,42.311197,857.0],[0.063125,42.311179,857.0],[0.063012,42.311176,857.0],[0.062825,42.311189,857.0],[0.062614,42.311212,857.1],[0.062529,42.311215,857.2],[0.06247,42.311206,857.3],[0.062334,42.311176,857.4],[0.061958,42.311071,858.0],[0.06168,42.310976,858.3],[0.061581,42.310943,858.6],[0.061539,42.310921,858.7],[0.061494,42.31089,858.9],[0.061417,42.310812,859.1],[0.061318,42.310722,859.4],[0.061266,42.31069,859.6],[0.061176,42.310657,860.0],[0.060915,42.310584,861.6],[0.06075,42.310557,862.5],[0.06058,42.310536,863.7],[0.060475,42.31052,864.5],[0.060406,42.310494,865.2],[0.060333,42.310457,866.0],[0.060211,42.310386,867.1],[0.060106,42.310308,867.8],[0.059896,42.31012,869.0],[0.059782,42.31,869.4],[0.05972,42.309877,869.6],[0.059675,42.309829,869.7],[0.059607,42.309822,870.0],[0.059532,42.309838,870.2],[0.059423,42.309875,870.5],[0.059259,42.309954,870.5],[0.059064,42.310057,870.0],[0.05899,42.310088,870.0],[0.058938,42.310093,870.0],[0.058853,42.310074,870.0],[0.058643,42.30999,870.0],[0.058566,42.309955,870.0],[0.058491,42.30995,870.0],[0.058304,42.310016,869.9],[0.058022,42.310113,869.8],[0.057783,42.310194,869.0],[0.057551,42.310265,869.0],[0.057371,42.310286,869.0],[0.057227,42.310314,869.0],[0.056956,42.310404,869.0],[0.056728,42.310487,869.5],[0.056574,42.310549,870.0],[0.056485,42.310565,870.0],[0.056294,42.310549,870.0],[0.056122,42.310563,870.0],[0.055998,42.310611,870.0],[0.055892,42.310698,870.0],[0.055761,42.310767,870.0],[0.055646,42.310829,870.0],[0.055538,42.310876,870.0],[0.055463,42.310891,870.0],[0.055124,42.310932,870.0],[0.054715,42.310968,869.9],[0.054433,42.311,869.6],[0.054135,42.311014,869.6],[0.053846,42.311013,869.9],[0.053571,42.31099,872.5],[0.053473,42.310991,873.6],[0.053387,42.311098,874.9],[0.053329,42.311146,875.6],[0.05323,42.311193,876.9],[0.053113,42.311216,878.4],[0.05297,42.311238,880.0],[0.052827,42.311253,880.3],[0.052633,42.311263,880.4],[0.052486,42.311283,880.2],[0.052278,42.311276,879.8],[0.052246,42.31132,879.9],[0.052158,42.311389,880.0],[0.052097,42.311415,880.0],[0.051971,42.311424,879.6],[0.051871,42.311405,879.3],[0.051708,42.31132,878.7],[0.051599,42.311208,878.1],[0.051481,42.311144,877.7],[0.05137,42.311079,877.2],[0.051229,42.310984,876.9],[0.051091,42.310937,877.1],[0.050907,42.310882,878.0],[0.050741,42.310855,879.3],[0.050519,42.310856,881.3],[0.050445,42.310829,882.2],[0.050363,42.310808,883.2],[0.050225,42.31081,884.6],[0.050062,42.310853,886.5],[0.049718,42.310968,889.3],[0.049477,42.311035,890.5],[0.049317,42.311094,891.0],[0.049198,42.311154,891.3],[0.049057,42.311218,891.8],[0.048902,42.31128,891.8],[0.048841,42.311284,891.6],[0.048841,42.311284,891.6],[0.048866,42.311203,891.0],[0.048932,42.311119,890.7],[0.048986,42.311018,890.6],[0.048999,42.310937,890.6],[0.049001,42.310856,890.7],[0.048955,42.310733,889.3],[0.048865,42.310639,886.6],[0.048815,42.310614,885.2],[0.048782,42.310519,883.7],[0.048757,42.310397,882.2],[0.048712,42.310246,880.7],[0.048619,42.310227,878.6],[0.048528,42.310136,876.5],[0.048475,42.310099,875.1],[0.048415,42.310041,873.6],[0.048392,42.30999,872.8],[0.048359,42.309964,872.1],[0.048341,42.309885,871.6],[0.048252,42.309835,870.2],[0.048205,42.30986,869.4],[0.048133,42.309937,868.2],[0.048102,42.310015,868.0],[0.048049,42.310072,867.4],[0.047979,42.31011,866.6],[0.047923,42.310113,865.9],[0.047816,42.310093,864.4],[0.047683,42.31005,862.7],[0.047456,42.309998,860.2],[0.047133,42.30992,857.8],[0.046952,42.309867,857.2],[0.04673,42.309775,856.6],[0.046814,42.309817,856.9],[0.046784,42.309787,856.8],[0.046772,42.309797,856.8],[0.046487,42.309645,855.5],[0.046285,42.309525,855.0],[0.045978,42.309364,854.1],[0.045449,42.309067,854.0],[0.04502,42.308833,854.2],[0.044367,42.308455,855.9],[0.044244,42.308388,855.4],[0.044169,42.308326,855.0],[0.044106,42.308256,854.7],[0.044032,42.308134,853.6],[0.044005,42.308049,852.9],[0.043977,42.30797,852.2],[0.043952,42.307844,851.5],[0.043931,42.30769,850.2],[0.043907,42.307641,849.6],[0.043793,42.307448,848.2],[0.043669,42.307235,847.6],[0.043656,42.307202,847.5],[0.043627,42.307202,847.5],[0.043627,42.307189,847.5],[0.043639,42.307179,847.4],[0.043577,42.30719,847.6],[0.043465,42.307208,847.8],[0.04333,42.307227,848.1],[0.043199,42.307231,848.3],[0.042879,42.307206,848.1],[0.042603,42.307188,848.0],[0.042406,42.307162,847.8],[0.042087,42.307154,847.0],[0.041866,42.30715,847.0],[0.041869,42.307151,847.0],[0.041871,42.307085,847.3],[0.04179,42.306972,848.1],[0.041634,42.306812,848.7],[0.04139,42.306649,849.6],[0.041248,42.306419,850.8],[0.041189,42.306029,853.3],[0.041183,42.305967,853.7],[0.041155,42.305847,854.6],[0.041077,42.305644,855.8],[0.041006,42.305522,856.9],[0.040862,42.305295,859.0],[0.040779,42.305129,860.3],[0.040632,42.304904,864.3],[0.040473,42.304783,865.3],[0.04038,42.304741,864.4],[0.04016,42.304696,860.9],[0.039973,42.304792,859.1],[0.039808,42.304903,857.1],[0.039674,42.305103,856.7],[0.039504,42.30529,854.0],[0.039049,42.305595,848.7],[0.038567,42.305818,848.7],[0.038366,42.30582,848.8],[0.038254,42.305676,848.7],[0.038133,42.305313,847.4],[0.038075,42.305003,846.0],[0.038013,42.304857,844.9],[0.037915,42.304754,844.5],[0.037401,42.304243,842.5],[0.036781,42.303636,840.0],[0.036409,42.303277,840.0],[0.036322,42.302982,840.0],[0.03632,42.302732,840.0],[0.036346,42.302586,840.0],[0.036453,42.302266,839.4],[0.036506,42.302114,839.9],[0.036527,42.301979,839.8],[0.036597,42.301865,839.7],[0.036705,42.301696,840.0],[0.03672,42.301545,841.1],[0.036571,42.301308,844.1],[0.036405,42.301107,847.6],[0.03634,42.301002,849.2],[0.036279,42.300685,851.2],[0.036224,42.30052,851.5],[0.03611,42.300395,851.9],[0.035915,42.300267,852.5],[0.03577,42.300071,853.2],[0.035681,42.299952,854.0],[0.035488,42.299812,855.6],[0.035256,42.299675,857.6],[0.035127,42.299562,859.1],[0.034933,42.299452,860.0],[0.03491,42.29934,860.5],[0.034903,42.299199,860.9],[0.034972,42.299129,860.7],[0.035053,42.299007,860.2],[0.035096,42.298851,859.3],[0.035025,42.298547,856.6],[0.034904,42.298215,853.8],[0.03472,42.298018,854.8],[0.034332,42.297499,858.1],[0.034077,42.296994,856.4],[0.033947,42.296784,855.7],[0.033868,42.296692,855.8],[0.033383,42.29634,857.5],[0.03322,42.296179,857.4],[0.033159,42.296059,856.7],[0.033134,42.295904,855.0],[0.032991,42.295628,855.4],[0.032959,42.295543,855.1],[0.032965,42.295437,854.5],[0.033062,42.295278,853.4],[0.033238,42.295079,852.1],[0.033201,42.29488,852.2],[0.033141,42.294659,853.4],[0.033151,42.294571,853.9],[0.03322,42.294505,853.6],[0.033482,42.294481,851.4],[0.033571,42.29444,851.4],[0.033643,42.294368,851.7],[0.033696,42.294261,852.8],[0.033725,42.294054,856.6],[0.033725,42.293895,859.1],[0.033582,42.29374,860.9],[0.033491,42.293631,862.8],[0.033463,42.293573,864.1],[0.033479,42.293493,865.6],[0.03354,42.293398,866.9],[0.033532,42.293263,868.9],[0.03354,42.293177,869.9],[0.033586,42.293094,870.1],[0.03368,42.293035,870.1],[0.03382,42.292989,870.0],[0.033928,42.292928,869.9],[0.034025,42.292831,869.5],[0.03408,42.292722,869.8],[0.034127,42.292569,869.6],[0.034162,42.292415,869.6],[0.034188,42.292279,869.9],[0.034162,42.292196,870.1],[0.034107,42.292125,870.5],[0.033951,42.291941,869.8],[0.033725,42.291717,868.5],[0.033567,42.291532,866.6],[0.033442,42.291439,866.2],[0.033384,42.291382,865.8],[0.033365,42.291225,864.5],[0.033354,42.291111,864.4],[0.033493,42.290828,864.6],[0.033611,42.290564,867.5],[0.033827,42.290258,870.4],[0.034014,42.290086,870.8],[0.034148,42.289845,873.4],[0.034294,42.28955,878.4],[0.03461,42.289112,884.5],[0.034772,42.289007,885.7],[0.035556,42.288605,889.8],[0.035737,42.2885,890.2],[0.035871,42.288355,891.5],[0.03632,42.288059,893.8],[0.036465,42.287904,896.5],[0.036658,42.287772,897.1],[0.036824,42.287564,901.6],[0.036895,42.28753,901.9],[0.037146,42.287502,899.4],[0.03732,42.287424,900.9],[0.037575,42.287329,902.0],[0.037815,42.287151,905.5],[0.037923,42.287074,905.6],[0.037921,42.286898,908.3],[0.037887,42.286721,911.1],[0.037844,42.286312,914.7],[0.037947,42.286063,912.9],[0.037676,42.285679,916.1],[0.037507,42.285494,917.2],[0.037269,42.285307,917.9],[0.037119,42.285147,918.2],[0.036975,42.284863,915.4],[0.036877,42.284797,914.3],[0.036709,42.284736,914.3],[0.036609,42.284688,913.9],[0.03642,42.284564,912.2],[0.036433,42.284456,913.8],[0.03659,42.284382,910.5],[0.036707,42.284292,909.9],[0.03676,42.284244,911.1],[0.036861,42.284043,919.8],[0.037007,42.283974,919.5],[0.037274,42.283786,923.2],[0.038071,42.283176,936.9],[0.038176,42.283093,939.0],[0.038225,42.283014,941.7],[0.038773,42.282447,950.8],[0.038795,42.28239,952.6],[0.039026,42.282092,958.0],[0.039101,42.282042,958.0],[0.039338,42.281886,959.1],[0.039808,42.281635,961.7],[0.04002,42.281598,957.8],[0.04035,42.281362,965.7],[0.040477,42.28129,966.3],[0.040455,42.281243,966.5],[0.040371,42.281116,967.3],[0.040041,42.280904,965.4],[0.039881,42.280747,963.9],[0.039979,42.28048,962.8],[0.040198,42.280329,962.9],[0.040385,42.280192,963.3],[0.040703,42.280202,957.1],[0.04105,42.28013,954.4],[0.041243,42.280115,952.4],[0.041418,42.280088,950.8],[0.041594,42.279982,951.8],[0.041762,42.27983,954.8],[0.042153,42.279664,954.2],[0.042388,42.279569,953.1],[0.042404,42.279573,952.8],[0.042578,42.279393,954.8],[0.042718,42.27928,955.2],[0.042757,42.279161,956.5],[0.042822,42.279025,957.2],[0.042866,42.278933,957.4],[0.042943,42.278799,957.5],[0.043013,42.278682,957.1],[0.043062,42.278536,957.0],[0.043131,42.278445,956.7],[0.043232,42.278472,955.3],[0.043363,42.278462,953.6],[0.043413,42.278409,953.4],[0.043416,42.278323,954.0],[0.043468,42.278248,953.7],[0.043534,42.278176,953.1],[0.04361,42.278075,952.5],[0.043631,42.277952,952.4],[0.043654,42.277888,952.2],[0.043739,42.277847,951.5],[0.043815,42.277792,950.5],[0.043929,42.277708,948.6],[0.04393,42.27758,948.4],[0.043942,42.277514,948.0],[0.044025,42.277509,946.8],[0.044163,42.277442,944.8],[0.044232,42.277402,943.9],[0.044281,42.277361,943.1],[0.044289,42.277282,942.6],[0.044337,42.277228,941.7],[0.044438,42.27716,940.0],[0.044444,42.277054,939.8],[0.044481,42.276955,939.3],[0.044623,42.276737,937.3],[0.0447,42.276627,935.8],[0.044777,42.276581,934.4],[0.044928,42.276506,932.1],[0.045113,42.27639,929.0],[0.045193,42.276309,927.6],[0.045286,42.27624,926.0],[0.04544,42.276217,923.4],[0.045514,42.276223,922.2],[0.045643,42.276175,920.0],[0.045669,42.276134,919.4],[0.045799,42.276159,917.5],[0.045926,42.27612,915.7],[0.046118,42.275978,913.1],[0.046193,42.275904,912.3],[0.046213,42.275843,912.0],[0.046341,42.275823,910.8],[0.046673,42.275807,907.5],[0.046887,42.275796,905.7],[0.047047,42.275777,904.6],[0.04711,42.275744,904.3],[0.047169,42.275711,904.0],[0.047382,42.275629,902.0],[0.047515,42.275625,900.7],[0.047562,42.275585,900.0],[0.047592,42.275485,899.2],[0.047675,42.275402,897.8],[0.04783,42.27536,896.5],[0.047933,42.27529,895.1],[0.04812,42.275255,893.6],[0.048202,42.275218,892.8],[0.048521,42.275146,890.0],[0.048636,42.275082,888.2],[0.048682,42.274988,887.1],[0.048693,42.274891,886.3],[0.048811,42.274799,884.9],[0.049045,42.274627,881.7],[0.049148,42.274568,880.1],[0.049217,42.2745,878.3],[0.049237,42.274306,875.6],[0.049244,42.274108,872.6],[0.049259,42.274032,871.4],[0.049325,42.273919,869.7],[0.049505,42.273736,866.6],[0.04969,42.273547,863.5],[0.049792,42.273469,861.7],[0.04995,42.273354,859.2],[0.050055,42.273272,856.9],[0.050118,42.273203,855.5],[0.050268,42.273151,853.2],[0.050458,42.273057,849.8],[0.050598,42.272999,848.0],[0.050569,42.272924,848.3],[0.050577,42.272854,847.7],[0.050696,42.272792,846.1],[0.0508,42.27274,845.1],[0.050938,42.272594,843.7],[0.051061,42.272455,843.5],[0.051128,42.272366,844.0],[0.051228,42.272292,843.8],[0.051457,42.272217,842.5],[0.051596,42.272133,842.4],[0.051744,42.272082,841.4],[0.051877,42.272012,841.2],[0.052022,42.271926,841.6],[0.052184,42.271877,840.6],[0.052377,42.271809,840.2],[0.052514,42.271747,841.0],[0.052688,42.271706,839.7],[0.052794,42.271621,840.5],[0.052925,42.271558,840.2],[0.053165,42.271471,839.2],[0.053328,42.271391,837.6],[0.053515,42.271266,836.4],[0.053679,42.271159,834.9],[0.053815,42.271028,834.1],[0.053977,42.270832,833.4],[0.054076,42.270737,832.0],[0.054209,42.270673,828.7],[0.054305,42.270568,827.1],[0.054321,42.270462,825.6],[0.054308,42.270342,824.8],[0.054387,42.270258,822.1],[0.054494,42.270181,819.1],[0.05455,42.270142,817.8],[0.054537,42.270065,817.4],[0.05454,42.269973,816.2],[0.054537,42.269974,816.3],[0.054508,42.26994,816.3],[0.054489,42.269912,816.3],[0.054493,42.269771,812.8],[0.054556,42.269744,811.3],[0.054603,42.269697,809.6],[0.054646,42.269609,807.5],[0.054772,42.269541,805.4],[0.05495,42.269492,803.4],[0.055016,42.269412,801.8],[0.055105,42.269366,800.6],[0.055269,42.269293,798.7],[0.055379,42.269207,797.4],[0.055505,42.269147,796.4],[0.055619,42.26906,794.9],[0.055658,42.269025,794.4],[0.055825,42.269032,793.4],[0.0559,42.269033,793.1],[0.056015,42.268994,792.4],[0.056081,42.26893,791.6],[0.056111,42.268858,790.5],[0.056176,42.268827,789.8],[0.056273,42.268797,788.8],[0.056311,42.268746,787.8],[0.056369,42.268681,786.1],[0.056532,42.268628,783.9],[0.056556,42.268602,783.2],[0.056551,42.268534,781.7],[0.056553,42.268432,779.2],[0.056599,42.268348,777.0],[0.056586,42.268299,775.9],[0.056582,42.268223,774.1],[0.056547,42.268189,773.4],[0.05654,42.268159,772.7],[0.056583,42.26812,771.7],[0.056673,42.268102,770.9],[0.056745,42.268066,768.5],[0.056792,42.268011,766.0],[0.056739,42.267875,763.4],[0.056646,42.267819,763.9],[0.056476,42.2678,761.6],[0.056478,42.267752,760.2],[0.056549,42.267714,760.2],[0.056544,42.267676,759.1],[0.056538,42.267646,758.2],[0.056464,42.267663,757.1],[0.056454,42.267649,756.5],[0.056525,42.267533,754.4],[0.056549,42.267397,750.3],[0.056507,42.26734,747.4],[0.056529,42.267313,747.0],[0.056571,42.267291,747.0],[0.056559,42.267218,744.3],[0.056517,42.267208,743.4],[0.056408,42.267259,743.4],[0.05636,42.267231,742.0],[0.056365,42.267163,740.7],[0.056408,42.267086,738.1],[0.056441,42.267045,736.8],[0.056557,42.267048,737.8],[0.056614,42.267042,737.7],[0.056607,42.266986,735.6],[0.056571,42.266943,733.7],[0.056566,42.266899,732.2],[0.056482,42.266858,730.5],[0.056363,42.266844,729.3],[0.056221,42.266868,728.2],[0.05598,42.266956,725.1],[0.055798,42.267018,724.4],[0.055659,42.267218,725.5],[0.055555,42.267333,726.9],[0.055496,42.267338,727.6],[0.055464,42.267347,728.0],[0.055455,42.267372,728.3],[0.055363,42.267499,728.0],[0.055323,42.267504,728.5],[0.05526,42.267465,730.7],[0.055197,42.267449,732.4],[0.055144,42.267426,734.4],[0.055074,42.267352,737.4],[0.054984,42.267372,736.9],[0.054937,42.267372,737.0],[0.054935,42.267364,737.3],[0.054884,42.267347,738.1],[0.054777,42.267251,742.6],[0.054691,42.267189,743.2],[0.054685,42.267148,744.5],[0.054862,42.267109,747.3],[0.054869,42.267069,748.4],[0.05476,42.26701,751.1],[0.054723,42.266968,751.7],[0.054722,42.266941,752.6],[0.054817,42.266944,753.2],[0.05488,42.266935,752.7],[0.054984,42.266896,753.3],[0.055022,42.266872,754.3],[0.054957,42.266827,757.2],[0.054866,42.266783,759.1],[0.054772,42.266704,761.3],[0.054683,42.26657,764.9],[0.05471,42.266559,765.4],[0.054826,42.266572,765.9],[0.054927,42.26653,768.2],[0.054952,42.266482,769.2],[0.05493,42.266351,770.4],[0.054944,42.266286,771.1],[0.055025,42.266223,773.0],[0.055145,42.266141,775.1],[0.055149,42.266117,775.8],[0.055047,42.266102,776.7],[0.055,42.26608,777.6],[0.055,42.266034,779.0],[0.055109,42.265997,779.7],[0.055194,42.265991,779.5],[0.055225,42.26593,781.3],[0.055119,42.265887,783.1],[0.055055,42.265865,784.0],[0.054997,42.265809,785.9],[0.054938,42.26579,786.6],[0.054938,42.26574,788.3],[0.055016,42.265707,789.0],[0.055154,42.265654,789.8],[0.055218,42.265559,792.8],[0.055311,42.265473,795.8],[0.055531,42.265369,797.2],[0.055677,42.265241,801.4],[0.055877,42.26511,804.8],[0.056185,42.264921,808.5],[0.056444,42.264837,809.7],[0.056591,42.264718,814.0],[0.056642,42.26466,816.6],[0.056775,42.264623,817.5],[0.056911,42.264575,817.6],[0.057042,42.264523,818.1],[0.057217,42.264444,820.0],[0.057225,42.264379,819.7],[0.057276,42.264285,819.0],[0.057336,42.264188,818.9],[0.057517,42.263933,817.8],[0.05763,42.263805,817.5],[0.057783,42.263694,817.9],[0.057945,42.263602,819.2],[0.058003,42.263581,819.1],[0.058054,42.263511,817.3],[0.058265,42.263472,818.3],[0.058475,42.263508,817.2],[0.058638,42.263524,816.0],[0.058823,42.263613,815.8],[0.059121,42.263688,813.4],[0.059328,42.263728,811.3],[0.059475,42.263769,810.1],[0.059679,42.263819,808.9],[0.059824,42.263841,807.7],[0.059928,42.263849,806.6],[0.059981,42.263802,804.7],[0.059806,42.263677,803.5],[0.059759,42.263574,801.7],[0.05977,42.263392,797.7],[0.059833,42.263288,795.4],[0.059967,42.263156,792.3],[0.05998,42.262988,789.1],[0.059989,42.262867,786.4],[0.060029,42.26275,783.6],[0.060074,42.262619,780.9],[0.060281,42.262469,777.3],[0.060399,42.26241,775.7],[0.060515,42.262245,773.0],[0.060541,42.262147,771.8],[0.060572,42.262012,770.1],[0.060637,42.261914,768.6],[0.06064,42.261762,761.1],[0.06064,42.26176,766.5],[0.060627,42.261686,765.7],[0.060609,42.261555,764.3],[0.060614,42.26146,763.2],[0.060662,42.261397,762.3],[0.060738,42.261339,761.8],[0.060778,42.26126,761.4],[0.060863,42.261144,760.8],[0.060992,42.260954,758.5],[0.06109,42.260868,756.8],[0.061152,42.260723,754.4],[0.061216,42.260613,752.5],[0.061359,42.260569,750.9],[0.061481,42.260533,749.2],[0.061634,42.26059,748.3],[0.061835,42.260623,746.9],[0.06203,42.260605,744.6],[0.062306,42.260578,741.5],[0.06251,42.260564,739.3],[0.062673,42.260533,737.9],[0.062757,42.260501,737.1],[0.062976,42.260413,734.8],[0.063139,42.260361,733.4],[0.063458,42.260241,730.2],[0.063603,42.26021,729.0],[0.063752,42.260187,727.8],[0.063866,42.260192,727.2],[0.063948,42.260233,727.0],[0.064071,42.260276,726.8],[0.064323,42.260275,726.0],[0.064414,42.260253,725.7],[0.064535,42.26012,724.6],[0.06465,42.26,723.5],[0.064856,42.259864,721.9],[0.065012,42.259759,721.0],[0.065088,42.259591,719.4],[0.065145,42.259492,718.4],[0.06519,42.259363,717.1],[0.065186,42.259198,715.6],[0.065213,42.259012,713.8],[0.065267,42.258842,712.3],[0.065393,42.258719,711.4],[0.065646,42.25859,710.2],[0.065826,42.258515,709.8],[0.065989,42.258499,709.6],[0.066222,42.258471,709.0],[0.066369,42.2584,708.4],[0.066514,42.258311,708.0],[0.066611,42.25826,707.7],[0.066652,42.258213,707.6],[0.066661,42.258138,707.1],[0.066707,42.258067,706.8],[0.066791,42.257975,705.8],[0.066915,42.257904,705.4],[0.067004,42.257856,705.1],[0.067135,42.257833,704.9],[0.067333,42.257776,704.7],[0.067506,42.257717,704.8],[0.06771,42.257701,705.7],[0.06794,42.257692,706.7],[0.068005,42.257668,706.8],[0.068068,42.257607,706.8],[0.068239,42.257523,707.3],[0.068353,42.257447,707.7],[0.06839,42.257395,707.8],[0.068416,42.257315,708.1],[0.068515,42.257171,709.1],[0.068668,42.25702,710.4],[0.068864,42.256912,711.4],[0.068975,42.256854,712.2],[0.069095,42.256764,713.6],[0.069349,42.256643,716.2],[0.069525,42.256584,717.2],[0.069758,42.256477,719.0],[0.069933,42.256394,720.0],[0.070139,42.256345,720.2],[0.070354,42.25632,720.4],[0.070508,42.25634,720.3],[0.070622,42.256356,720.5],[0.070789,42.256322,720.9],[0.070952,42.256293,721.2],[0.071251,42.256266,722.0],[0.071454,42.256234,722.6],[0.071603,42.256221,722.5],[0.071777,42.256187,722.4],[0.072175,42.256168,723.4],[0.072501,42.256181,725.3],[0.072697,42.256141,727.1],[0.07295,42.256079,729.5],[0.073225,42.256026,729.9],[0.073461,42.255987,730.7],[0.073785,42.255946,730.7],[0.07413,42.255895,730.3],[0.074622,42.255787,730.8],[0.074835,42.255727,731.0],[0.075066,42.255678,731.5],[0.075666,42.255588,735.4],[0.076141,42.255499,739.1],[0.076302,42.255514,740.4],[0.076432,42.255627,742.6],[0.076556,42.255768,745.7],[0.076722,42.255804,748.3],[0.076943,42.255752,749.1],[0.077156,42.255687,749.8],[0.077309,42.255601,754.2],[0.077388,42.255352,752.5],[0.077507,42.255164,751.2],[0.077637,42.255057,749.4],[0.0779,42.254979,752.4],[0.078178,42.25489,754.0],[0.078475,42.254833,753.3],[0.07868,42.254844,752.6],[0.078968,42.254967,751.6],[0.079172,42.255108,751.6],[0.079343,42.255242,752.1],[0.079533,42.255454,755.5],[0.079707,42.255719,759.1],[0.079961,42.255967,760.3],[0.080127,42.256109,761.0],[0.080231,42.256221,762.8],[0.080351,42.256235,761.6],[0.080625,42.25623,761.0],[0.080822,42.256198,761.0],[0.080988,42.256116,761.8],[0.081039,42.255954,761.8],[0.08106,42.255784,761.3],[0.081172,42.255541,761.4],[0.081183,42.255444,761.4],[0.081337,42.255329,761.0],[0.081602,42.255067,761.0],[0.082052,42.254587,761.0],[0.082233,42.254359,761.3],[0.082225,42.254255,760.3],[0.082073,42.254158,757.4],[0.08191,42.254225,756.9],[0.081754,42.254241,756.2],[0.081437,42.254226,754.2],[0.081087,42.254271,753.0],[0.08073,42.254315,752.0],[0.080511,42.254294,750.7],[0.0802,42.254206,749.5],[0.080133,42.254094,748.8],[0.080062,42.253986,746.9],[0.079936,42.253869,744.5],[0.079803,42.253758,742.2],[0.079619,42.253535,739.5],[0.079464,42.253365,739.0],[0.079377,42.253295,738.7],[0.079279,42.253294,738.4],[0.079166,42.25331,738.0],[0.079082,42.253306,738.1],[0.078956,42.253263,738.4],[0.078898,42.253203,738.3],[0.078825,42.253076,739.2],[0.078762,42.252921,741.1],[0.078586,42.252721,744.1],[0.078343,42.252619,747.5],[0.078173,42.252546,749.3],[0.078104,42.252449,749.8],[0.078018,42.252171,750.9],[0.077923,42.251885,753.1],[0.077846,42.251641,754.3],[0.077786,42.251484,755.0],[0.077694,42.251348,755.9],[0.077552,42.251246,756.1],[0.077287,42.251031,757.1],[0.077083,42.250844,757.5],[0.076792,42.250678,757.7],[0.076228,42.250384,758.1],[0.075925,42.250223,758.8],[0.075626,42.25006,759.0],[0.075415,42.249961,759.0],[0.075209,42.249891,759.0],[0.074938,42.249805,759.0],[0.074746,42.249684,759.0],[0.074635,42.249573,758.7],[0.074558,42.249479,758.4],[0.074552,42.249278,758.1],[0.074471,42.249109,756.0],[0.074323,42.248959,752.5],[0.074176,42.248777,749.6],[0.074035,42.248613,747.6],[0.073912,42.248511,746.7],[0.073868,42.248434,746.0],[0.073853,42.248206,744.0],[0.073795,42.248165,743.6],[0.073663,42.248199,743.9],[0.073531,42.248157,743.6],[0.073347,42.248015,743.1],[0.073252,42.247903,742.4],[0.07322,42.24767,741.2],[0.073289,42.247413,740.2],[0.073331,42.247279,739.8],[0.073334,42.247102,739.2],[0.073231,42.246894,739.1],[0.073152,42.246767,739.0],[0.073055,42.246593,738.5],[0.073067,42.246424,736.9],[0.073067,42.246166,733.6],[0.073015,42.245942,731.7],[0.072916,42.245734,730.4],[0.072764,42.245516,730.8],[0.072676,42.245287,730.1],[0.072564,42.245139,730.1],[0.072432,42.244933,729.9],[0.072293,42.244729,728.7],[0.072117,42.244424,723.7],[0.072055,42.244424,723.8],[0.071964,42.2444,723.4],[0.071823,42.244266,720.9],[0.071688,42.244175,720.0],[0.071612,42.244122,719.8],[0.071583,42.244045,719.3],[0.071623,42.243951,718.9],[0.071506,42.243854,718.5],[0.07163,42.24377,718.7],[0.071689,42.243738,718.9],[0.071742,42.243644,719.0],[0.071742,42.243582,719.0],[0.07167,42.243541,719.0],[0.071515,42.243517,718.9],[0.071413,42.243506,718.8],[0.071301,42.24344,718.2],[0.071234,42.243384,718.0],[0.071185,42.243303,718.2],[0.071162,42.243218,718.8],[0.071171,42.243139,719.2],[0.071279,42.242985,719.7],[0.071334,42.242864,719.8],[0.071356,42.242795,719.9],[0.071301,42.242661,721.6],[0.07123,42.242563,721.9],[0.071159,42.242487,722.0],[0.070979,42.242397,721.8],[0.070835,42.242263,720.0],[0.070723,42.242071,719.0],[0.070642,42.241973,719.3],[0.070563,42.241935,719.4],[0.070652,42.241781,719.0],[0.07071,42.24167,718.6],[0.070712,42.241587,718.2],[0.070576,42.241484,718.1],[0.070428,42.24139,718.6],[0.07043,42.24139,733.2],[0.070171,42.241285,719.8],[0.069481,42.24121,721.2],[0.069347,42.240873,725.3],[0.068879,42.239962,723.9],[0.068224,42.238654,727.9],[0.067827,42.237868,721.4],[0.067659,42.237579,721.4],[0.067559,42.237362,722.9],[0.067333,42.237194,723.7],[0.067215,42.237083,724.2],[0.067084,42.23699,724.2],[0.066948,42.23691,724.2],[0.066737,42.236823,724.7],[0.066374,42.236694,725.4],[0.066218,42.23663,726.1],[0.06604,42.236543,726.6],[0.065805,42.236164,728.0],[0.065696,42.235871,727.2],[0.065599,42.235641,727.0],[0.06552,42.235491,727.0],[0.065297,42.235404,727.3],[0.06504,42.235278,727.6],[0.064785,42.235146,728.7],[0.064153,42.234833,730.3],[0.063761,42.234687,730.3],[0.063569,42.234568,730.2],[0.063482,42.234461,729.9],[0.063265,42.234289,728.3],[0.063168,42.234218,727.0],[0.062762,42.234232,721.4],[0.06255,42.234216,718.7],[0.062319,42.234151,714.9],[0.062033,42.234131,713.1],[0.061898,42.234183,713.5],[0.061756,42.234224,713.7],[0.061482,42.234184,712.4],[0.061263,42.234157,711.3],[0.061087,42.234119,709.7],[0.060939,42.234021,707.9],[0.060686,42.233992,706.1],[0.060231,42.234044,703.9],[0.059855,42.234143,702.0],[0.059446,42.234278,699.2],[0.059194,42.234386,697.8],[0.058974,42.234456,697.1],[0.058642,42.234493,696.9],[0.058394,42.234484,696.2],[0.058224,42.234445,695.9],[0.058148,42.234385,695.4],[0.058048,42.234278,694.3],[0.057852,42.234249,693.4],[0.057547,42.234199,691.6],[0.057201,42.234114,689.7],[0.057012,42.234081,688.7],[0.056886,42.234091,688.2],[0.056776,42.234099,688.0],[0.056626,42.23414,687.7],[0.056179,42.234172,687.0],[0.055782,42.234206,685.6],[0.055614,42.234237,684.5],[0.055421,42.234281,682.9],[0.055306,42.234305,682.0],[0.055167,42.234302,681.6],[0.054913,42.234273,680.5],[0.054661,42.234264,679.0],[0.05447,42.23428,678.0],[0.054244,42.234286,676.1],[0.054053,42.234244,674.1],[0.053834,42.234234,672.2],[0.05335,42.234246,670.7],[0.053004,42.234297,669.0],[0.052666,42.234364,664.9],[0.052558,42.234461,662.6],[0.05236,42.234478,658.2],[0.052106,42.234563,652.8],[0.051874,42.234596,650.9],[0.051597,42.234217,650.0],[0.051364,42.23389,650.0],[0.051022,42.233758,650.1],[0.050578,42.233494,650.4],[0.050077,42.233316,650.1],[0.049709,42.233214,650.3],[0.049483,42.23322,651.1],[0.049306,42.233057,650.9],[0.049153,42.232995,651.3],[0.048981,42.232847,651.7],[0.048884,42.232771,651.9],[0.048711,42.232689,653.3],[0.048617,42.232669,654.4],[0.048511,42.232664,655.8],[0.048422,42.232688,657.1],[0.048398,42.232733,657.5],[0.048356,42.232827,658.2],[0.048165,42.232871,659.4],[0.048022,42.232838,659.9],[0.047838,42.232776,660.5],[0.047585,42.232775,661.7],[0.047374,42.232771,663.2],[0.047174,42.232799,665.1],[0.04702,42.232871,666.4],[0.046928,42.232902,667.0],[0.04686,42.232869,667.4],[0.046732,42.23274,668.3],[0.046627,42.232751,669.4],[0.046561,42.232769,669.9],[0.046481,42.232792,670.5],[0.046341,42.232864,672.5],[0.045928,42.233059,677.8],[0.045663,42.233133,680.1],[0.045407,42.23316,681.3],[0.045119,42.233155,683.2],[0.044903,42.233077,686.5],[0.04461,42.233044,690.0],[0.044251,42.233036,692.7],[0.043773,42.233018,696.9],[0.04326,42.232963,701.5],[0.042976,42.232863,704.0],[0.042839,42.232762,704.9],[0.042703,42.232681,706.1],[0.042575,42.232615,707.5],[0.042298,42.232535,710.2],[0.042081,42.232458,711.8],[0.041834,42.232366,713.7],[0.041636,42.232266,716.0],[0.041366,42.232124,719.3],[0.041221,42.232099,720.5],[0.040958,42.232021,723.0],[0.040681,42.231948,725.2],[0.040326,42.231892,727.9],[0.040114,42.231804,730.4],[0.039911,42.23169,732.9],[0.039593,42.231515,737.1],[0.039461,42.231468,738.7],[0.039285,42.231411,741.3],[0.039207,42.231336,742.7],[0.039144,42.231218,743.7],[0.039123,42.231124,743.9],[0.039018,42.230991,745.3],[0.038892,42.230844,746.8],[0.038741,42.230798,748.9],[0.038625,42.230719,750.8],[0.038494,42.230612,753.3],[0.038284,42.2304,756.5],[0.038106,42.230263,758.8],[0.037909,42.230279,761.4],[0.037702,42.230267,763.0],[0.037523,42.230255,764.1],[0.03741,42.230249,764.9],[0.037377,42.23022,765.1],[0.037337,42.230167,765.3],[0.037249,42.230132,766.0],[0.037042,42.230077,767.4],[0.036867,42.230032,768.5],[0.036706,42.22998,769.6],[0.036649,42.229903,769.9],[0.036616,42.229821,769.9],[0.036499,42.229813,770.3],[0.03634,42.229762,770.9],[0.036336,42.229726,770.9],[0.036383,42.229638,770.6],[0.036384,42.229638,770.6],[0.036422,42.229549,769.7],[0.036482,42.229485,768.9],[0.036604,42.229409,768.0],[0.036734,42.229346,766.8],[0.036917,42.229237,765.2],[0.037027,42.229179,764.6],[0.037248,42.229069,763.8],[0.037474,42.228948,763.1],[0.037531,42.228899,762.7],[0.037717,42.228798,761.2],[0.037935,42.228658,759.7],[0.038002,42.228551,759.5],[0.038069,42.228423,759.3],[0.038206,42.22823,759.1],[0.038261,42.228058,759.5],[0.038268,42.227975,759.7],[0.038247,42.22792,760.0],[0.038321,42.22771,759.7],[0.038355,42.22758,758.9],[0.038386,42.227473,756.0],[0.038479,42.227383,753.6],[0.038581,42.227292,752.5],[0.03876,42.227194,751.7],[0.038918,42.227092,751.0],[0.039105,42.226994,750.4],[0.039299,42.226894,748.9],[0.039388,42.226841,747.6],[0.039573,42.226746,744.8],[0.039677,42.226685,743.5],[0.039828,42.226619,741.8],[0.039927,42.226568,740.8],[0.040049,42.226505,739.9],[0.040143,42.226474,739.3],[0.040228,42.226438,738.7],[0.040284,42.226412,738.2],[0.040327,42.226379,737.8],[0.040396,42.226352,737.1],[0.040443,42.226305,736.5],[0.040499,42.226254,735.6],[0.040579,42.226208,734.3],[0.040663,42.226148,732.5],[0.040751,42.226091,730.9],[0.0408,42.226046,729.7],[0.040858,42.226001,728.1],[0.040892,42.225947,726.7],[0.04089,42.225907,726.1],[0.040909,42.225852,725.0],[0.040955,42.225786,722.9],[0.040974,42.225732,721.7],[0.040983,42.225672,720.7],[0.041001,42.225593,719.5],[0.041018,42.225547,718.6],[0.04103,42.225512,717.9],[0.041034,42.225464,717.2],[0.041053,42.225441,716.4],[0.041063,42.225416,715.8],[0.041059,42.225372,715.2],[0.04105,42.225311,714.5],[0.041036,42.225252,713.9],[0.041039,42.225204,713.4],[0.041061,42.225164,712.8],[0.041115,42.225098,711.7],[0.0412,42.225013,710.5],[0.041306,42.224897,709.2],[0.041374,42.224835,708.5],[0.041411,42.224806,708.2],[0.04145,42.224759,708.0],[0.041479,42.224719,708.0],[0.041541,42.224653,707.9],[0.041549,42.224633,707.9],[0.041574,42.224572,708.0],[0.041595,42.224541,707.8],[0.041617,42.224496,706.9],[0.041627,42.22447,706.4],[0.041627,42.224436,706.0],[0.041619,42.224409,705.7],[0.041602,42.22439,705.7],[0.041546,42.22435,706.0],[0.041528,42.224335,706.0],[0.041526,42.224319,705.8],[0.041548,42.224301,705.2],[0.041587,42.224268,704.0],[0.041619,42.224235,702.9],[0.041644,42.224208,702.0],[0.041668,42.224186,701.2],[0.041683,42.224169,700.7],[0.041699,42.224141,699.8],[0.041701,42.224119,699.3],[0.041697,42.224097,698.9],[0.041668,42.224081,699.1],[0.041668,42.224061,698.7],[0.041684,42.224051,698.3],[0.041707,42.224038,697.6],[0.041717,42.224007,696.9],[0.041707,42.223988,696.7],[0.041646,42.223961,697.2],[0.041613,42.22395,697.5],[0.041588,42.223933,697.6],[0.041577,42.223913,697.4],[0.041562,42.223892,697.3],[0.041567,42.223867,696.7],[0.041587,42.223841,695.9],[0.041622,42.223818,695.1],[0.041673,42.223782,694.0],[0.041703,42.223762,693.4],[0.041743,42.223742,692.9],[0.041817,42.223712,691.7],[0.041858,42.223696,690.8],[0.041894,42.22368,690.0],[0.041945,42.223659,688.9],[0.041975,42.223641,688.3],[0.042007,42.223625,687.6],[0.042043,42.223625,686.9],[0.042072,42.223622,686.3],[0.042112,42.223595,685.4],[0.04212,42.223585,685.3],[0.042123,42.223563,685.2],[0.042126,42.223523,685.1],[0.042125,42.223502,685.1],[0.042114,42.223476,685.3],[0.042098,42.22346,685.6],[0.042089,42.223446,685.8],[0.042087,42.223426,685.8],[0.042106,42.223395,685.1],[0.042134,42.223374,684.1],[0.042171,42.223348,682.9],[0.042194,42.223332,682.2],[0.04222,42.223326,681.7],[0.042222,42.223318,681.5],[0.042215,42.223301,681.3],[0.042206,42.223278,681.0],[0.042201,42.22326,680.7],[0.042212,42.22324,680.2],[0.042243,42.22322,679.5],[0.042286,42.223202,678.9],[0.042333,42.223197,678.5],[0.042385,42.223197,677.9],[0.042441,42.223208,676.7],[0.042474,42.223215,676.0],[0.042502,42.223215,675.4],[0.042522,42.223203,674.8],[0.042529,42.223188,674.5],[0.042508,42.223179,674.9],[0.04249,42.223172,675.2],[0.042474,42.223156,675.2],[0.042468,42.223143,675.0],[0.042468,42.223117,674.3],[0.04247,42.223087,673.6],[0.042499,42.223054,672.2],[0.042521,42.223027,671.2],[0.042538,42.223017,670.6],[0.042574,42.223016,670.0],[0.042599,42.223014,669.5],[0.042619,42.223009,669.0],[0.042641,42.222993,668.3],[0.042658,42.222966,667.5],[0.042664,42.222941,666.9],[0.042644,42.222914,666.9],[0.042629,42.222895,666.8],[0.042619,42.222872,666.6],[0.042615,42.222837,666.1],[0.042617,42.222802,665.5],[0.042645,42.222765,664.7],[0.042696,42.222764,663.6],[0.04279,42.222769,661.3],[0.042801,42.222726,660.3],[0.042795,42.22268,659.5],[0.042841,42.222615,657.0],[0.042901,42.222556,654.3],[0.042977,42.222488,651.5],[0.043024,42.222438,650.3],[0.043071,42.222382,649.1],[0.04309,42.222347,648.6],[0.043107,42.222308,648.0],[0.04312,42.222264,647.6],[0.043133,42.222242,647.3],[0.04315,42.222225,646.9],[0.043166,42.222198,646.6],[0.04318,42.222156,646.2],[0.043208,42.222105,645.6],[0.043268,42.222003,644.4],[0.043295,42.221941,643.9],[0.043322,42.221897,643.4],[0.043331,42.221861,643.1],[0.043335,42.22184,643.0],[0.043339,42.221804,642.8],[0.043347,42.221782,642.6],[0.04336,42.221758,642.4],[0.043357,42.221729,642.4],[0.043373,42.221702,642.1],[0.043376,42.221682,642.0],[0.043375,42.221639,641.9],[0.043377,42.221606,641.8],[0.04338,42.221579,641.7],[0.043372,42.221526,641.6],[0.043348,42.221461,641.7],[0.04332,42.221404,642.0],[0.043294,42.22135,642.3],[0.043277,42.221302,642.5],[0.043267,42.221272,642.7],[0.043265,42.221249,642.7],[0.04328,42.221213,642.4],[0.04329,42.221176,642.2],[0.043309,42.221157,641.9],[0.043321,42.221104,641.5],[0.043335,42.221021,640.7],[0.043332,42.220945,640.2],[0.043361,42.220861,640.1],[0.043451,42.22076,639.0],[0.043521,42.220678,638.6],[0.043558,42.220565,638.5],[0.043555,42.220488,638.6],[0.043549,42.22041,638.7],[0.043557,42.220345,638.7],[0.04358,42.220264,638.8],[0.04363,42.220194,640.2],[0.043693,42.220134,643.8],[0.043615,42.220098,645.7],[0.04355,42.220059,647.6]]}},{"type":"Feature","properties":{"Name":"O2 — Lecina–Bárcabo–Arcusa","etapa":"O2","original_name":"O_Lecina-Bárcabo-Arcusa","point_count":1348,"length_km":20.814},"geometry":{"type":"LineString","coordinates":[[0.04355,42.220059,647.6],[0.043615,42.220098,645.7],[0.043693,42.220134,643.8],[0.04363,42.220194,640.2],[0.04358,42.220264,638.8],[0.043557,42.220345,638.7],[0.043549,42.22041,638.7],[0.043555,42.220488,638.6],[0.043558,42.220565,638.5],[0.043521,42.220678,638.6],[0.043451,42.22076,639.0],[0.043361,42.220861,640.1],[0.043332,42.220945,640.2],[0.043335,42.221021,640.7],[0.043321,42.221104,641.5],[0.043309,42.221157,641.9],[0.04329,42.221176,642.2],[0.04328,42.221213,642.4],[0.043265,42.221249,642.7],[0.043267,42.221272,642.7],[0.043277,42.221302,642.5],[0.043294,42.22135,642.3],[0.04332,42.221404,642.0],[0.043348,42.221461,641.7],[0.043372,42.221526,641.6],[0.04338,42.221579,641.7],[0.043377,42.221606,641.8],[0.043375,42.221639,641.9],[0.043376,42.221682,642.0],[0.043373,42.221702,642.1],[0.043357,42.221729,642.4],[0.04336,42.221758,642.4],[0.043347,42.221782,642.6],[0.043339,42.221804,642.8],[0.043335,42.22184,643.0],[0.043331,42.221861,643.1],[0.043322,42.221897,643.4],[0.043295,42.221941,643.9],[0.043268,42.222003,644.4],[0.043208,42.222105,645.6],[0.04318,42.222156,646.2],[0.043166,42.222198,646.6],[0.04315,42.222225,646.9],[0.043133,42.222242,647.3],[0.04312,42.222264,647.6],[0.043107,42.222308,648.0],[0.04309,42.222347,648.6],[0.043071,42.222382,649.1],[0.043024,42.222438,650.3],[0.042977,42.222488,651.5],[0.042901,42.222556,654.3],[0.042841,42.222615,657.0],[0.042795,42.22268,659.5],[0.042801,42.222726,660.3],[0.04279,42.222769,661.3],[0.042696,42.222764,663.6],[0.042645,42.222765,664.7],[0.042617,42.222802,665.5],[0.042615,42.222837,666.1],[0.042619,42.222872,666.6],[0.042629,42.222895,666.8],[0.042644,42.222914,666.9],[0.042664,42.222941,666.9],[0.042658,42.222966,667.5],[0.042641,42.222993,668.3],[0.042619,42.223009,669.0],[0.042599,42.223014,669.5],[0.042574,42.223016,670.0],[0.042538,42.223017,670.6],[0.042521,42.223027,671.2],[0.042499,42.223054,672.2],[0.04247,42.223087,673.6],[0.042468,42.223117,674.3],[0.042468,42.223143,675.0],[0.042474,42.223156,675.2],[0.04249,42.223172,675.2],[0.042508,42.223179,674.9],[0.042529,42.223188,674.5],[0.042522,42.223203,674.8],[0.042502,42.223215,675.4],[0.042474,42.223215,676.0],[0.042441,42.223208,676.7],[0.042385,42.223197,677.9],[0.042333,42.223197,678.5],[0.042286,42.223202,678.9],[0.042243,42.22322,679.5],[0.042212,42.22324,680.2],[0.042201,42.22326,680.7],[0.042206,42.223278,681.0],[0.042215,42.223301,681.3],[0.042222,42.223318,681.5],[0.04222,42.223326,681.7],[0.042194,42.223332,682.2],[0.042171,42.223348,682.9],[0.042134,42.223374,684.1],[0.042106,42.223395,685.1],[0.042087,42.223426,685.8],[0.042089,42.223446,685.8],[0.042098,42.22346,685.6],[0.042114,42.223476,685.3],[0.042125,42.223502,685.1],[0.042126,42.223523,685.1],[0.042123,42.223563,685.2],[0.04212,42.223585,685.3],[0.042112,42.223595,685.4],[0.042072,42.223622,686.3],[0.042043,42.223625,686.9],[0.042007,42.223625,687.6],[0.041975,42.223641,688.3],[0.041945,42.223659,688.9],[0.041894,42.22368,690.0],[0.041858,42.223696,690.8],[0.041817,42.223712,691.7],[0.041743,42.223742,692.9],[0.041703,42.223762,693.4],[0.041673,42.223782,694.0],[0.041622,42.223818,695.1],[0.041587,42.223841,695.9],[0.041567,42.223867,696.7],[0.041562,42.223892,697.3],[0.041577,42.223913,697.4],[0.041588,42.223933,697.6],[0.041613,42.22395,697.5],[0.041646,42.223961,697.2],[0.041707,42.223988,696.7],[0.041717,42.224007,696.9],[0.041707,42.224038,697.6],[0.041684,42.224051,698.3],[0.041668,42.224061,698.7],[0.041668,42.224081,699.1],[0.041697,42.224097,698.9],[0.041701,42.224119,699.3],[0.041699,42.224141,699.8],[0.041683,42.224169,700.7],[0.041668,42.224186,701.2],[0.041644,42.224208,702.0],[0.041619,42.224235,702.9],[0.041587,42.224268,704.0],[0.041548,42.224301,705.2],[0.041526,42.224319,705.8],[0.041528,42.224335,706.0],[0.041546,42.22435,706.0],[0.041602,42.22439,705.7],[0.041619,42.224409,705.7],[0.041627,42.224436,706.0],[0.041627,42.22447,706.4],[0.041617,42.224496,706.9],[0.041595,42.224541,707.8],[0.041574,42.224572,708.0],[0.041549,42.224633,707.9],[0.041541,42.224653,707.9],[0.041479,42.224719,708.0],[0.04145,42.224759,708.0],[0.041411,42.224806,708.2],[0.041374,42.224835,708.5],[0.041306,42.224897,709.2],[0.0412,42.225013,710.5],[0.041115,42.225098,711.7],[0.041061,42.225164,712.8],[0.041039,42.225204,713.4],[0.041036,42.225252,713.9],[0.04105,42.225311,714.5],[0.041059,42.225372,715.2],[0.041063,42.225416,715.8],[0.041053,42.225441,716.4],[0.041034,42.225464,717.2],[0.04103,42.225512,717.9],[0.041018,42.225547,718.6],[0.041001,42.225593,719.5],[0.040983,42.225672,720.7],[0.040974,42.225732,721.7],[0.040955,42.225786,722.9],[0.040909,42.225852,725.0],[0.04089,42.225907,726.1],[0.040892,42.225947,726.7],[0.040858,42.226001,728.1],[0.0408,42.226046,729.7],[0.040751,42.226091,730.9],[0.040663,42.226148,732.5],[0.040579,42.226208,734.3],[0.040499,42.226254,735.6],[0.040443,42.226305,736.5],[0.040396,42.226352,737.1],[0.040327,42.226379,737.8],[0.040284,42.226412,738.2],[0.040228,42.226438,738.7],[0.040143,42.226474,739.3],[0.040049,42.226505,739.9],[0.039927,42.226568,740.8],[0.039828,42.226619,741.8],[0.039677,42.226685,743.5],[0.039573,42.226746,744.8],[0.039388,42.226841,747.6],[0.039299,42.226894,748.9],[0.039105,42.226994,750.4],[0.038918,42.227092,751.0],[0.03876,42.227194,751.7],[0.038581,42.227292,752.5],[0.038479,42.227383,753.6],[0.038386,42.227473,756.0],[0.038355,42.22758,758.9],[0.038321,42.22771,759.7],[0.038247,42.22792,760.0],[0.038268,42.227975,759.7],[0.038261,42.228058,759.5],[0.038206,42.22823,759.1],[0.038069,42.228423,759.3],[0.038002,42.228551,759.5],[0.037935,42.228658,759.7],[0.037717,42.228798,761.2],[0.037531,42.228899,762.7],[0.037474,42.228948,763.1],[0.037248,42.229069,763.8],[0.037027,42.229179,764.6],[0.036917,42.229237,765.2],[0.036734,42.229346,766.8],[0.036604,42.229409,768.0],[0.036482,42.229485,768.9],[0.036422,42.229549,769.7],[0.036384,42.229638,770.6],[0.036383,42.229638,770.6],[0.036336,42.229726,770.9],[0.03634,42.229762,770.9],[0.036499,42.229813,770.3],[0.036616,42.229821,769.9],[0.036649,42.229903,769.9],[0.036706,42.22998,769.6],[0.036867,42.230032,768.5],[0.037042,42.230077,767.4],[0.037249,42.230132,766.0],[0.037337,42.230167,765.3],[0.037377,42.23022,765.1],[0.03741,42.230249,764.9],[0.037523,42.230255,764.1],[0.037702,42.230267,763.0],[0.037909,42.230279,761.4],[0.038106,42.230263,758.8],[0.038284,42.2304,756.5],[0.038494,42.230612,753.3],[0.038625,42.230719,750.8],[0.038741,42.230798,748.9],[0.038892,42.230844,746.8],[0.039018,42.230991,745.3],[0.039123,42.231124,743.9],[0.039144,42.231218,743.7],[0.039207,42.231336,742.7],[0.039285,42.231411,741.3],[0.039461,42.231468,738.7],[0.039593,42.231515,737.1],[0.039911,42.23169,732.9],[0.040114,42.231804,730.4],[0.040326,42.231892,727.9],[0.040681,42.231948,725.2],[0.040958,42.232021,723.0],[0.041221,42.232099,720.5],[0.041366,42.232124,719.3],[0.041636,42.232266,716.0],[0.041834,42.232366,713.7],[0.042081,42.232458,711.8],[0.042298,42.232535,710.2],[0.042575,42.232615,707.5],[0.042703,42.232681,706.1],[0.042839,42.232762,704.9],[0.042976,42.232863,704.0],[0.04326,42.232963,701.5],[0.043773,42.233018,696.9],[0.044251,42.233036,692.7],[0.04461,42.233044,690.0],[0.044903,42.233077,686.5],[0.045119,42.233155,683.2],[0.045407,42.23316,681.3],[0.045663,42.233133,680.1],[0.045928,42.233059,677.8],[0.046341,42.232864,672.5],[0.046481,42.232792,670.5],[0.046561,42.232769,669.9],[0.046627,42.232751,669.4],[0.046732,42.23274,668.3],[0.04686,42.232869,667.4],[0.046928,42.232902,667.0],[0.04702,42.232871,666.4],[0.047174,42.232799,665.1],[0.047374,42.232771,663.2],[0.047585,42.232775,661.7],[0.047838,42.232776,660.5],[0.048022,42.232838,659.9],[0.048165,42.232871,659.4],[0.048356,42.232827,658.2],[0.048398,42.232733,657.5],[0.048422,42.232688,657.1],[0.048511,42.232664,655.8],[0.048617,42.232669,654.4],[0.048711,42.232689,653.3],[0.048884,42.232771,651.9],[0.048981,42.232847,651.7],[0.049153,42.232995,651.3],[0.049306,42.233057,650.9],[0.049483,42.23322,651.1],[0.049709,42.233214,650.3],[0.050077,42.233316,650.1],[0.050578,42.233494,650.4],[0.051022,42.233758,650.1],[0.051364,42.23389,650.0],[0.051597,42.234217,650.0],[0.051874,42.234596,650.9],[0.052106,42.234563,652.8],[0.05236,42.234478,658.2],[0.052558,42.234461,662.6],[0.052666,42.234364,664.9],[0.053004,42.234297,669.0],[0.05335,42.234246,670.7],[0.053834,42.234234,672.2],[0.054053,42.234244,674.1],[0.054244,42.234286,676.1],[0.05447,42.23428,678.0],[0.054661,42.234264,679.0],[0.054913,42.234273,680.5],[0.055167,42.234302,681.6],[0.055306,42.234305,682.0],[0.055421,42.234281,682.9],[0.055614,42.234237,684.5],[0.055782,42.234206,685.6],[0.056179,42.234172,687.0],[0.056626,42.23414,687.7],[0.056776,42.234099,688.0],[0.056886,42.234091,688.2],[0.057012,42.234081,688.7],[0.057201,42.234114,689.7],[0.057547,42.234199,691.6],[0.057852,42.234249,693.4],[0.058048,42.234278,694.3],[0.058148,42.234385,695.4],[0.058224,42.234445,695.9],[0.058394,42.234484,696.2],[0.058642,42.234493,696.9],[0.058974,42.234456,697.1],[0.059194,42.234386,697.8],[0.059446,42.234278,699.2],[0.059855,42.234143,702.0],[0.060231,42.234044,703.9],[0.060686,42.233992,706.1],[0.060939,42.234021,707.9],[0.061087,42.234119,709.7],[0.061263,42.234157,711.3],[0.061482,42.234184,712.4],[0.061756,42.234224,713.7],[0.061898,42.234183,713.5],[0.062033,42.234131,713.1],[0.062319,42.234151,714.9],[0.06255,42.234216,718.7],[0.062762,42.234232,721.4],[0.063168,42.234218,727.0],[0.063265,42.234289,728.3],[0.063482,42.234461,729.9],[0.063569,42.234568,730.2],[0.063761,42.234687,730.3],[0.064153,42.234833,730.3],[0.064785,42.235146,728.7],[0.06504,42.235278,727.6],[0.065297,42.235404,727.3],[0.06552,42.235491,727.0],[0.065599,42.235641,727.0],[0.065696,42.235871,727.2],[0.065805,42.236164,728.0],[0.06604,42.236543,726.6],[0.066218,42.23663,726.1],[0.066374,42.236694,725.4],[0.066737,42.236823,724.7],[0.066948,42.23691,724.2],[0.067084,42.23699,724.2],[0.067215,42.237083,724.2],[0.067333,42.237194,723.7],[0.067559,42.237362,722.9],[0.067659,42.237579,721.4],[0.067827,42.237868,721.4],[0.068224,42.238654,727.9],[0.068879,42.239962,723.9],[0.069347,42.240873,725.3],[0.069481,42.24121,721.2],[0.070171,42.241285,719.8],[0.07043,42.24139,733.2],[0.070428,42.24139,718.6],[0.070576,42.241484,718.1],[0.070712,42.241587,718.2],[0.07071,42.24167,718.6],[0.070652,42.241781,719.0],[0.070563,42.241935,719.4],[0.070642,42.241973,719.3],[0.070723,42.242071,719.0],[0.070835,42.242263,720.0],[0.070979,42.242397,721.8],[0.071159,42.242487,722.0],[0.07123,42.242563,721.9],[0.071301,42.242661,721.6],[0.071356,42.242795,719.9],[0.071334,42.242864,719.8],[0.071279,42.242985,719.7],[0.071171,42.243139,719.2],[0.071162,42.243218,718.8],[0.071185,42.243303,718.2],[0.071234,42.243384,718.0],[0.071301,42.24344,718.2],[0.071413,42.243506,718.8],[0.071515,42.243517,718.9],[0.07167,42.243541,719.0],[0.071742,42.243582,719.0],[0.071742,42.243644,719.0],[0.071689,42.243738,718.9],[0.07163,42.24377,718.7],[0.071506,42.243854,718.5],[0.071623,42.243951,718.9],[0.071583,42.244045,719.3],[0.071612,42.244122,719.8],[0.071688,42.244175,720.0],[0.071823,42.244266,720.9],[0.071964,42.2444,723.4],[0.072055,42.244424,723.8],[0.072117,42.244424,723.7],[0.072293,42.244729,728.7],[0.072432,42.244933,729.9],[0.072564,42.245139,730.1],[0.072676,42.245287,730.1],[0.072764,42.245516,730.8],[0.072916,42.245734,730.4],[0.073015,42.245942,731.7],[0.073067,42.246166,733.6],[0.073067,42.246424,736.9],[0.073055,42.246593,738.5],[0.073152,42.246767,739.0],[0.073231,42.246894,739.1],[0.073334,42.247102,739.2],[0.073331,42.247279,739.8],[0.073289,42.247413,740.2],[0.07322,42.24767,741.2],[0.073252,42.247903,742.4],[0.073347,42.248015,743.1],[0.073531,42.248157,743.6],[0.073663,42.248199,743.9],[0.073795,42.248165,743.6],[0.073853,42.248206,744.0],[0.073868,42.248434,746.0],[0.073912,42.248511,746.7],[0.074035,42.248613,747.6],[0.074176,42.248777,749.6],[0.074323,42.248959,752.5],[0.074471,42.249109,756.0],[0.074552,42.249278,758.1],[0.074558,42.249479,758.4],[0.074635,42.249573,758.7],[0.074746,42.249684,759.0],[0.074938,42.249805,759.0],[0.075209,42.249891,759.0],[0.075415,42.249961,759.0],[0.075626,42.25006,759.0],[0.075925,42.250223,758.8],[0.076228,42.250384,758.1],[0.076792,42.250678,757.7],[0.077083,42.250844,757.5],[0.077287,42.251031,757.1],[0.077552,42.251246,756.1],[0.077694,42.251348,755.9],[0.077786,42.251484,755.0],[0.077846,42.251641,754.3],[0.077923,42.251885,753.1],[0.078018,42.252171,750.9],[0.078104,42.252449,749.8],[0.078173,42.252546,749.3],[0.078343,42.252619,747.5],[0.078586,42.252721,744.1],[0.078762,42.252921,741.1],[0.078825,42.253076,739.2],[0.078898,42.253203,738.3],[0.078956,42.253263,738.4],[0.079082,42.253306,738.1],[0.079166,42.25331,738.0],[0.079279,42.253294,738.4],[0.079377,42.253295,738.7],[0.079464,42.253365,739.0],[0.079619,42.253535,739.5],[0.079803,42.253758,742.2],[0.079936,42.253869,744.5],[0.080062,42.253986,746.9],[0.080133,42.254094,748.8],[0.0802,42.254206,749.5],[0.080511,42.254294,750.7],[0.08073,42.254315,752.0],[0.081087,42.254271,753.0],[0.081437,42.254226,754.2],[0.081754,42.254241,756.2],[0.08191,42.254225,756.9],[0.082073,42.254158,757.4],[0.082225,42.254255,760.3],[0.082233,42.254359,761.3],[0.082052,42.254587,761.0],[0.081602,42.255067,761.0],[0.081337,42.255329,761.0],[0.081183,42.255444,761.4],[0.081172,42.255541,761.4],[0.08106,42.255784,761.3],[0.081039,42.255954,761.8],[0.080988,42.256116,761.8],[0.080822,42.256198,761.0],[0.080625,42.25623,761.0],[0.080351,42.256235,761.6],[0.080231,42.256221,762.8],[0.080127,42.256109,761.0],[0.079961,42.255967,760.3],[0.079707,42.255719,759.1],[0.079533,42.255454,755.5],[0.079343,42.255242,752.1],[0.079172,42.255108,751.6],[0.078968,42.254967,751.6],[0.07868,42.254844,752.6],[0.078475,42.254833,753.3],[0.078178,42.25489,754.0],[0.0779,42.254979,752.4],[0.077637,42.255057,749.4],[0.077507,42.255164,751.2],[0.077388,42.255352,752.5],[0.077309,42.255601,754.2],[0.077156,42.255687,749.8],[0.076943,42.255752,749.1],[0.076722,42.255804,748.3],[0.076556,42.255768,745.7],[0.076432,42.255627,742.6],[0.076302,42.255514,740.4],[0.076141,42.255499,739.1],[0.075666,42.255588,735.4],[0.075066,42.255678,731.5],[0.074835,42.255727,731.0],[0.074622,42.255787,730.8],[0.07413,42.255895,730.3],[0.073785,42.255946,730.7],[0.073461,42.255987,730.7],[0.073225,42.256026,729.9],[0.07295,42.256079,729.5],[0.072697,42.256141,727.1],[0.072501,42.256181,725.3],[0.072175,42.256168,723.4],[0.071777,42.256187,722.4],[0.071603,42.256221,722.5],[0.071454,42.256234,722.6],[0.071251,42.256266,722.0],[0.070952,42.256293,721.2],[0.070789,42.256322,720.9],[0.070622,42.256356,720.5],[0.070508,42.25634,720.3],[0.070354,42.25632,720.4],[0.070139,42.256345,720.2],[0.069933,42.256394,720.0],[0.069758,42.256477,719.0],[0.069525,42.256584,717.2],[0.069349,42.256643,716.2],[0.069095,42.256764,713.6],[0.068975,42.256854,712.2],[0.068864,42.256912,711.4],[0.068668,42.25702,710.4],[0.068515,42.257171,709.1],[0.068416,42.257315,708.1],[0.06839,42.257395,707.8],[0.068353,42.257447,707.7],[0.068239,42.257523,707.3],[0.068068,42.257607,706.8],[0.068005,42.257668,706.8],[0.06794,42.257692,706.7],[0.06771,42.257701,705.7],[0.067506,42.257717,704.8],[0.067333,42.257776,704.7],[0.067135,42.257833,704.9],[0.067004,42.257856,705.1],[0.066915,42.257904,705.4],[0.066791,42.257975,705.8],[0.066707,42.258067,706.8],[0.066661,42.258138,707.1],[0.066652,42.258213,707.6],[0.066611,42.25826,707.7],[0.066514,42.258311,708.0],[0.066369,42.2584,708.4],[0.066222,42.258471,709.0],[0.065989,42.258499,709.6],[0.065826,42.258515,709.8],[0.065646,42.25859,710.2],[0.065393,42.258719,711.4],[0.065267,42.258842,712.3],[0.065213,42.259012,713.8],[0.065186,42.259198,715.6],[0.06519,42.259363,717.1],[0.065145,42.259492,718.4],[0.065088,42.259591,719.4],[0.065012,42.259759,721.0],[0.064856,42.259864,721.9],[0.06465,42.26,723.5],[0.064535,42.26012,724.6],[0.064414,42.260253,725.7],[0.064323,42.260275,726.0],[0.064071,42.260276,726.8],[0.063948,42.260233,727.0],[0.063866,42.260192,727.2],[0.063752,42.260187,727.8],[0.063603,42.26021,729.0],[0.063458,42.260241,730.2],[0.063139,42.260361,733.4],[0.062976,42.260413,734.8],[0.062757,42.260501,737.1],[0.062673,42.260533,737.9],[0.06251,42.260564,739.3],[0.062306,42.260578,741.5],[0.06203,42.260605,744.6],[0.061835,42.260623,746.9],[0.061634,42.26059,748.3],[0.061481,42.260533,749.2],[0.061359,42.260569,750.9],[0.061216,42.260613,752.5],[0.061152,42.260723,754.4],[0.06109,42.260868,756.8],[0.060992,42.260954,758.5],[0.060863,42.261144,760.8],[0.060778,42.26126,761.4],[0.060738,42.261339,761.8],[0.060662,42.261397,762.3],[0.060614,42.26146,763.2],[0.060609,42.261555,764.3],[0.060627,42.261686,765.7],[0.06064,42.26176,766.5],[0.06064,42.261762,761.1],[0.060637,42.261914,768.6],[0.060572,42.262012,770.1],[0.060541,42.262147,771.8],[0.060515,42.262245,773.0],[0.060399,42.26241,775.7],[0.060281,42.262469,777.3],[0.060074,42.262619,780.9],[0.060029,42.26275,783.6],[0.059989,42.262867,786.4],[0.05998,42.262988,789.1],[0.059967,42.263156,792.3],[0.059833,42.263288,795.4],[0.05977,42.263392,797.7],[0.059759,42.263574,801.7],[0.059806,42.263677,803.5],[0.059981,42.263802,804.7],[0.059928,42.263849,806.6],[0.059824,42.263841,807.7],[0.059679,42.263819,808.9],[0.059475,42.263769,810.1],[0.059328,42.263728,811.3],[0.059121,42.263688,813.4],[0.058823,42.263613,815.8],[0.058638,42.263524,816.0],[0.058475,42.263508,817.2],[0.058265,42.263472,818.3],[0.058054,42.263511,817.3],[0.058003,42.263581,819.1],[0.057945,42.263602,819.2],[0.057783,42.263694,817.9],[0.05763,42.263805,817.5],[0.057517,42.263933,817.8],[0.057336,42.264188,818.9],[0.057276,42.264285,819.0],[0.057225,42.264379,819.7],[0.057217,42.264444,820.0],[0.057042,42.264523,818.1],[0.056911,42.264575,817.6],[0.056775,42.264623,817.5],[0.056642,42.26466,816.6],[0.056591,42.264718,814.0],[0.056444,42.264837,809.7],[0.056185,42.264921,808.5],[0.055877,42.26511,804.8],[0.055677,42.265241,801.4],[0.055531,42.265369,797.2],[0.055311,42.265473,795.8],[0.055218,42.265559,792.8],[0.055154,42.265654,789.8],[0.055016,42.265707,789.0],[0.054938,42.26574,788.3],[0.054938,42.26579,786.6],[0.054997,42.265809,785.9],[0.055055,42.265865,784.0],[0.055119,42.265887,783.1],[0.055225,42.26593,781.3],[0.055194,42.265991,779.5],[0.055109,42.265997,779.7],[0.055,42.266034,779.0],[0.055,42.26608,777.6],[0.055047,42.266102,776.7],[0.055149,42.266117,775.8],[0.055145,42.266141,775.1],[0.055025,42.266223,773.0],[0.054944,42.266286,771.1],[0.05493,42.266351,770.4],[0.054952,42.266482,769.2],[0.054927,42.26653,768.2],[0.054826,42.266572,765.9],[0.05471,42.266559,765.4],[0.054683,42.26657,764.9],[0.054772,42.266704,761.3],[0.054866,42.266783,759.1],[0.054957,42.266827,757.2],[0.055022,42.266872,754.3],[0.054984,42.266896,753.3],[0.05488,42.266935,752.7],[0.054817,42.266944,753.2],[0.054722,42.266941,752.6],[0.054723,42.266968,751.7],[0.05476,42.26701,751.1],[0.054869,42.267069,748.4],[0.054862,42.267109,747.3],[0.054685,42.267148,744.5],[0.054691,42.267189,743.2],[0.054777,42.267251,742.6],[0.054884,42.267347,738.1],[0.054935,42.267364,737.3],[0.054937,42.267372,737.0],[0.054984,42.267372,736.9],[0.055074,42.267352,737.4],[0.055144,42.267426,734.4],[0.055197,42.267449,732.4],[0.05526,42.267465,730.7],[0.055323,42.267504,728.5],[0.055363,42.267499,728.0],[0.055455,42.267372,728.3],[0.055464,42.267347,728.0],[0.055496,42.267338,727.6],[0.055555,42.267333,726.9],[0.055659,42.267218,725.5],[0.055798,42.267018,724.4],[0.05598,42.266956,725.1],[0.056221,42.266868,728.2],[0.056363,42.266844,729.3],[0.056482,42.266858,730.5],[0.056566,42.266899,732.2],[0.056571,42.266943,733.7],[0.056607,42.266986,735.6],[0.056614,42.267042,737.7],[0.056557,42.267048,737.8],[0.056441,42.267045,736.8],[0.056408,42.267086,738.1],[0.056365,42.267163,740.7],[0.05636,42.267231,742.0],[0.056408,42.267259,743.4],[0.056517,42.267208,743.4],[0.056559,42.267218,744.3],[0.056571,42.267291,747.0],[0.056529,42.267313,747.0],[0.056507,42.26734,747.4],[0.056549,42.267397,750.3],[0.056525,42.267533,754.4],[0.056454,42.267649,756.5],[0.056464,42.267663,757.1],[0.056538,42.267646,758.2],[0.056544,42.267676,759.1],[0.056549,42.267714,760.2],[0.056478,42.267752,760.2],[0.056476,42.2678,761.6],[0.056646,42.267819,763.9],[0.056739,42.267875,763.4],[0.056792,42.268011,766.0],[0.056745,42.268066,768.5],[0.056673,42.268102,770.9],[0.056583,42.26812,771.7],[0.05654,42.268159,772.7],[0.056547,42.268189,773.4],[0.056582,42.268223,774.1],[0.056586,42.268299,775.9],[0.056599,42.268348,777.0],[0.056553,42.268432,779.2],[0.056551,42.268534,781.7],[0.056556,42.268602,783.2],[0.056532,42.268628,783.9],[0.056369,42.268681,786.1],[0.056311,42.268746,787.8],[0.056273,42.268797,788.8],[0.056176,42.268827,789.8],[0.056111,42.268858,790.5],[0.056081,42.26893,791.6],[0.056015,42.268994,792.4],[0.0559,42.269033,793.1],[0.055825,42.269032,793.4],[0.055658,42.269025,794.4],[0.055619,42.26906,794.9],[0.055505,42.269147,796.4],[0.055379,42.269207,797.4],[0.055269,42.269293,798.7],[0.055105,42.269366,800.6],[0.055016,42.269412,801.8],[0.05495,42.269492,803.4],[0.054772,42.269541,805.4],[0.054646,42.269609,807.5],[0.054603,42.269697,809.6],[0.054556,42.269744,811.3],[0.054493,42.269771,812.8],[0.054489,42.269912,816.3],[0.054508,42.26994,816.3],[0.054537,42.269974,816.3],[0.05454,42.269973,816.2],[0.054537,42.270065,817.4],[0.05455,42.270142,817.8],[0.054494,42.270181,819.1],[0.054387,42.270258,822.1],[0.054308,42.270342,824.8],[0.054321,42.270462,825.6],[0.054305,42.270568,827.1],[0.054209,42.270673,828.7],[0.054076,42.270737,832.0],[0.053977,42.270832,833.4],[0.053815,42.271028,834.1],[0.053679,42.271159,834.9],[0.053515,42.271266,836.4],[0.053328,42.271391,837.6],[0.053165,42.271471,839.2],[0.052925,42.271558,840.2],[0.052794,42.271621,840.5],[0.052688,42.271706,839.7],[0.052514,42.271747,841.0],[0.052377,42.271809,840.2],[0.052184,42.271877,840.6],[0.052022,42.271926,841.6],[0.051877,42.272012,841.2],[0.051744,42.272082,841.4],[0.051596,42.272133,842.4],[0.051457,42.272217,842.5],[0.051228,42.272292,843.8],[0.051128,42.272366,844.0],[0.051061,42.272455,843.5],[0.050938,42.272594,843.7],[0.0508,42.27274,845.1],[0.050696,42.272792,846.1],[0.050577,42.272854,847.7],[0.050569,42.272924,848.3],[0.050598,42.272999,848.0],[0.050458,42.273057,849.8],[0.050268,42.273151,853.2],[0.050118,42.273203,855.5],[0.050055,42.273272,856.9],[0.04995,42.273354,859.2],[0.049792,42.273469,861.7],[0.04969,42.273547,863.5],[0.049505,42.273736,866.6],[0.049325,42.273919,869.7],[0.049259,42.274032,871.4],[0.049244,42.274108,872.6],[0.049237,42.274306,875.6],[0.049217,42.2745,878.3],[0.049148,42.274568,880.1],[0.049045,42.274627,881.7],[0.048811,42.274799,884.9],[0.048693,42.274891,886.3],[0.048682,42.274988,887.1],[0.048636,42.275082,888.2],[0.048521,42.275146,890.0],[0.048202,42.275218,892.8],[0.04812,42.275255,893.6],[0.047933,42.27529,895.1],[0.04783,42.27536,896.5],[0.047675,42.275402,897.8],[0.047592,42.275485,899.2],[0.047562,42.275585,900.0],[0.047515,42.275625,900.7],[0.047382,42.275629,902.0],[0.047169,42.275711,904.0],[0.04711,42.275744,904.3],[0.047047,42.275777,904.6],[0.046887,42.275796,905.7],[0.046673,42.275807,907.5],[0.046341,42.275823,910.8],[0.046213,42.275843,912.0],[0.046193,42.275904,912.3],[0.046118,42.275978,913.1],[0.045926,42.27612,915.7],[0.045799,42.276159,917.5],[0.045669,42.276134,919.4],[0.045643,42.276175,920.0],[0.045514,42.276223,922.2],[0.04544,42.276217,923.4],[0.045286,42.27624,926.0],[0.045193,42.276309,927.6],[0.045113,42.27639,929.0],[0.044928,42.276506,932.1],[0.044777,42.276581,934.4],[0.0447,42.276627,935.8],[0.044623,42.276737,937.3],[0.044481,42.276955,939.3],[0.044444,42.277054,939.8],[0.044438,42.27716,940.0],[0.044337,42.277228,941.7],[0.044289,42.277282,942.6],[0.044281,42.277361,943.1],[0.044232,42.277402,943.9],[0.044163,42.277442,944.8],[0.044025,42.277509,946.8],[0.043942,42.277514,948.0],[0.04393,42.27758,948.4],[0.043929,42.277708,948.6],[0.043815,42.277792,950.5],[0.043739,42.277847,951.5],[0.043654,42.277888,952.2],[0.043631,42.277952,952.4],[0.04361,42.278075,952.5],[0.043534,42.278176,953.1],[0.043468,42.278248,953.7],[0.043416,42.278323,954.0],[0.043413,42.278409,953.4],[0.043363,42.278462,953.6],[0.043232,42.278472,955.3],[0.043131,42.278445,956.7],[0.043062,42.278536,957.0],[0.043013,42.278682,957.1],[0.042943,42.278799,957.5],[0.042866,42.278933,957.4],[0.042822,42.279025,957.2],[0.042757,42.279161,956.5],[0.042718,42.27928,955.2],[0.042578,42.279393,954.8],[0.042404,42.279573,952.8],[0.042388,42.279569,953.1],[0.042153,42.279664,954.2],[0.041762,42.27983,954.8],[0.041594,42.279982,951.8],[0.041418,42.280088,950.8],[0.041243,42.280115,952.4],[0.04105,42.28013,954.4],[0.040703,42.280202,957.1],[0.040385,42.280192,963.3],[0.040198,42.280329,962.9],[0.039979,42.28048,962.8],[0.039881,42.280747,963.9],[0.040041,42.280904,965.4],[0.040371,42.281116,967.3],[0.040455,42.281243,966.5],[0.040477,42.28129,966.3],[0.04035,42.281362,965.7],[0.04002,42.281598,957.8],[0.039808,42.281635,961.7],[0.039338,42.281886,959.1],[0.039101,42.282042,958.0],[0.039026,42.282092,958.0],[0.038795,42.28239,952.6],[0.038773,42.282447,950.8],[0.038225,42.283014,941.7],[0.038176,42.283093,939.0],[0.038071,42.283176,936.9],[0.037274,42.283786,923.2],[0.037007,42.283974,919.5],[0.036861,42.284043,919.8],[0.03676,42.284244,911.1],[0.036707,42.284292,909.9],[0.03659,42.284382,910.5],[0.036433,42.284456,913.8],[0.03642,42.284564,912.2],[0.036609,42.284688,913.9],[0.036709,42.284736,914.3],[0.036877,42.284797,914.3],[0.036975,42.284863,915.4],[0.037119,42.285147,918.2],[0.037269,42.285307,917.9],[0.037507,42.285494,917.2],[0.037676,42.285679,916.1],[0.037947,42.286063,912.9],[0.037844,42.286312,914.7],[0.037887,42.286721,911.1],[0.037921,42.286898,908.3],[0.037923,42.287074,905.6],[0.037815,42.287151,905.5],[0.037575,42.287329,902.0],[0.03732,42.287424,900.9],[0.037146,42.287502,899.4],[0.036895,42.28753,901.9],[0.036824,42.287564,901.6],[0.036658,42.287772,897.1],[0.036465,42.287904,896.5],[0.03632,42.288059,893.8],[0.035871,42.288355,891.5],[0.035737,42.2885,890.2],[0.035556,42.288605,889.8],[0.034772,42.289007,885.7],[0.03461,42.289112,884.5],[0.034294,42.28955,878.4],[0.034148,42.289845,873.4],[0.034014,42.290086,870.8],[0.033827,42.290258,870.4],[0.033611,42.290564,867.5],[0.033493,42.290828,864.6],[0.033354,42.291111,864.4],[0.033365,42.291225,864.5],[0.033384,42.291382,865.8],[0.033442,42.291439,866.2],[0.033567,42.291532,866.6],[0.033725,42.291717,868.5],[0.033951,42.291941,869.8],[0.034107,42.292125,870.5],[0.034162,42.292196,870.1],[0.034188,42.292279,869.9],[0.034162,42.292415,869.6],[0.034127,42.292569,869.6],[0.03408,42.292722,869.8],[0.034025,42.292831,869.5],[0.033928,42.292928,869.9],[0.03382,42.292989,870.0],[0.03368,42.293035,870.1],[0.033586,42.293094,870.1],[0.03354,42.293177,869.9],[0.033532,42.293263,868.9],[0.03354,42.293398,866.9],[0.033479,42.293493,865.6],[0.033463,42.293573,864.1],[0.033491,42.293631,862.8],[0.033582,42.29374,860.9],[0.033725,42.293895,859.1],[0.033725,42.294054,856.6],[0.033696,42.294261,852.8],[0.033643,42.294368,851.7],[0.033571,42.29444,851.4],[0.033482,42.294481,851.4],[0.03322,42.294505,853.6],[0.033151,42.294571,853.9],[0.033141,42.294659,853.4],[0.033201,42.29488,852.2],[0.033238,42.295079,852.1],[0.033062,42.295278,853.4],[0.032965,42.295437,854.5],[0.032959,42.295543,855.1],[0.032991,42.295628,855.4],[0.033134,42.295904,855.0],[0.033159,42.296059,856.7],[0.03322,42.296179,857.4],[0.033383,42.29634,857.5],[0.033868,42.296692,855.8],[0.033947,42.296784,855.7],[0.034077,42.296994,856.4],[0.034332,42.297499,858.1],[0.03472,42.298018,854.8],[0.034904,42.298215,853.8],[0.035025,42.298547,856.6],[0.035096,42.298851,859.3],[0.035053,42.299007,860.2],[0.034972,42.299129,860.7],[0.034903,42.299199,860.9],[0.03491,42.29934,860.5],[0.034933,42.299452,860.0],[0.035127,42.299562,859.1],[0.035256,42.299675,857.6],[0.035488,42.299812,855.6],[0.035681,42.299952,854.0],[0.03577,42.300071,853.2],[0.035915,42.300267,852.5],[0.03611,42.300395,851.9],[0.036224,42.30052,851.5],[0.036279,42.300685,851.2],[0.03634,42.301002,849.2],[0.036405,42.301107,847.6],[0.036571,42.301308,844.1],[0.03672,42.301545,841.1],[0.036705,42.301696,840.0],[0.036597,42.301865,839.7],[0.036527,42.301979,839.8],[0.036506,42.302114,839.9],[0.036453,42.302266,839.4],[0.036346,42.302586,840.0],[0.03632,42.302732,840.0],[0.036322,42.302982,840.0],[0.036409,42.303277,840.0],[0.036781,42.303636,840.0],[0.037401,42.304243,842.5],[0.037915,42.304754,844.5],[0.038013,42.304857,844.9],[0.038075,42.305003,846.0],[0.038133,42.305313,847.4],[0.038254,42.305676,848.7],[0.038366,42.30582,848.8],[0.038567,42.305818,848.7],[0.039049,42.305595,848.7],[0.039504,42.30529,854.0],[0.039674,42.305103,856.7],[0.039808,42.304903,857.1],[0.039973,42.304792,859.1],[0.04016,42.304696,860.9],[0.04038,42.304741,864.4],[0.040473,42.304783,865.3],[0.040632,42.304904,864.3],[0.040779,42.305129,860.3],[0.040862,42.305295,859.0],[0.041006,42.305522,856.9],[0.041077,42.305644,855.8],[0.041155,42.305847,854.6],[0.041183,42.305967,853.7],[0.041189,42.306029,853.3],[0.041248,42.306419,850.8],[0.04139,42.306649,849.6],[0.041634,42.306812,848.7],[0.04179,42.306972,848.1],[0.041871,42.307085,847.3],[0.041869,42.307151,847.0],[0.041866,42.30715,847.0],[0.042087,42.307154,847.0],[0.042406,42.307162,847.8],[0.042603,42.307188,848.0],[0.042879,42.307206,848.1],[0.043199,42.307231,848.3],[0.04333,42.307227,848.1],[0.043465,42.307208,847.8],[0.043577,42.30719,847.6],[0.043639,42.307179,847.4],[0.043627,42.307189,847.5],[0.043627,42.307202,847.5],[0.043656,42.307202,847.5],[0.043669,42.307235,847.6],[0.043793,42.307448,848.2],[0.043907,42.307641,849.6],[0.043931,42.30769,850.2],[0.043952,42.307844,851.5],[0.043977,42.30797,852.2],[0.044005,42.308049,852.9],[0.044032,42.308134,853.6],[0.044106,42.308256,854.7],[0.044169,42.308326,855.0],[0.044244,42.308388,855.4],[0.044367,42.308455,855.9],[0.04502,42.308833,854.2],[0.045449,42.309067,854.0],[0.045978,42.309364,854.1],[0.046285,42.309525,855.0],[0.046487,42.309645,855.5],[0.046772,42.309797,856.8],[0.046784,42.309787,856.8],[0.046814,42.309817,856.9],[0.04673,42.309775,856.6],[0.046952,42.309867,857.2],[0.047133,42.30992,857.8],[0.047456,42.309998,860.2],[0.047683,42.31005,862.7],[0.047816,42.310093,864.4],[0.047923,42.310113,865.9],[0.047979,42.31011,866.6],[0.048049,42.310072,867.4],[0.048102,42.310015,868.0],[0.048133,42.309937,868.2],[0.048205,42.30986,869.4],[0.048252,42.309835,870.2],[0.048341,42.309885,871.6],[0.048359,42.309964,872.1],[0.048392,42.30999,872.8],[0.048415,42.310041,873.6],[0.048475,42.310099,875.1],[0.048528,42.310136,876.5],[0.048619,42.310227,878.6],[0.048712,42.310246,880.7],[0.048757,42.310397,882.2],[0.048782,42.310519,883.7],[0.048815,42.310614,885.2],[0.048865,42.310639,886.6],[0.048955,42.310733,889.3],[0.049001,42.310856,890.7],[0.048999,42.310937,890.6],[0.048986,42.311018,890.6],[0.048932,42.311119,890.7],[0.048866,42.311203,891.0],[0.048841,42.311284,891.6],[0.048841,42.311284,891.6],[0.048902,42.31128,891.8],[0.049057,42.311218,891.8],[0.049198,42.311154,891.3],[0.049317,42.311094,891.0],[0.049477,42.311035,890.5],[0.049718,42.310968,889.3],[0.050062,42.310853,886.5],[0.050225,42.31081,884.6],[0.050363,42.310808,883.2],[0.050445,42.310829,882.2],[0.050519,42.310856,881.3],[0.050741,42.310855,879.3],[0.050907,42.310882,878.0],[0.051091,42.310937,877.1],[0.051229,42.310984,876.9],[0.05137,42.311079,877.2],[0.051481,42.311144,877.7],[0.051599,42.311208,878.1],[0.051708,42.31132,878.7],[0.051871,42.311405,879.3],[0.051971,42.311424,879.6],[0.052097,42.311415,880.0],[0.052158,42.311389,880.0],[0.052246,42.31132,879.9],[0.052278,42.311276,879.8],[0.052486,42.311283,880.2],[0.052633,42.311263,880.4],[0.052827,42.311253,880.3],[0.05297,42.311238,880.0],[0.053113,42.311216,878.4],[0.05323,42.311193,876.9],[0.053329,42.311146,875.6],[0.053387,42.311098,874.9],[0.053473,42.310991,873.6],[0.053571,42.31099,872.5],[0.053846,42.311013,869.9],[0.054135,42.311014,869.6],[0.054433,42.311,869.6],[0.054715,42.310968,869.9],[0.055124,42.310932,870.0],[0.055463,42.310891,870.0],[0.055538,42.310876,870.0],[0.055646,42.310829,870.0],[0.055761,42.310767,870.0],[0.055892,42.310698,870.0],[0.055998,42.310611,870.0],[0.056122,42.310563,870.0],[0.056294,42.310549,870.0],[0.056485,42.310565,870.0],[0.056574,42.310549,870.0],[0.056728,42.310487,869.5],[0.056956,42.310404,869.0],[0.057227,42.310314,869.0],[0.057371,42.310286,869.0],[0.057551,42.310265,869.0],[0.057783,42.310194,869.0],[0.058022,42.310113,869.8],[0.058304,42.310016,869.9],[0.058491,42.30995,870.0],[0.058566,42.309955,870.0],[0.058643,42.30999,870.0],[0.058853,42.310074,870.0],[0.058938,42.310093,870.0],[0.05899,42.310088,870.0],[0.059064,42.310057,870.0],[0.059259,42.309954,870.5],[0.059423,42.309875,870.5],[0.059532,42.309838,870.2],[0.059607,42.309822,870.0],[0.059675,42.309829,869.7],[0.05972,42.309877,869.6],[0.059782,42.31,869.4],[0.059896,42.31012,869.0],[0.060106,42.310308,867.8],[0.060211,42.310386,867.1],[0.060333,42.310457,866.0],[0.060406,42.310494,865.2],[0.060475,42.31052,864.5],[0.06058,42.310536,863.7],[0.06075,42.310557,862.5],[0.060915,42.310584,861.6],[0.061176,42.310657,860.0],[0.061266,42.31069,859.6],[0.061318,42.310722,859.4],[0.061417,42.310812,859.1],[0.061494,42.31089,858.9],[0.061539,42.310921,858.7],[0.061581,42.310943,858.6],[0.06168,42.310976,858.3],[0.061958,42.311071,858.0],[0.062334,42.311176,857.4],[0.06247,42.311206,857.3],[0.062529,42.311215,857.2],[0.062614,42.311212,857.1],[0.062825,42.311189,857.0],[0.063012,42.311176,857.0],[0.063125,42.311179,857.0],[0.06326,42.311197,857.0],[0.063387,42.311216,857.0],[0.063537,42.311252,857.0],[0.063674,42.311291,857.0],[0.063763,42.311334,857.0],[0.063865,42.311383,857.0],[0.064271,42.311614,856.4],[0.064453,42.311719,856.9],[0.064517,42.311752,857.1],[0.06461,42.311775,856.9],[0.064891,42.311817,856.4],[0.065451,42.311885,855.8],[0.065728,42.311921,855.1],[0.065866,42.311959,855.3],[0.065963,42.312001,855.5],[0.066055,42.312049,855.6],[0.066139,42.312111,855.9],[0.066215,42.312182,856.3],[0.066272,42.312281,856.9],[0.066309,42.312361,857.3],[0.066352,42.312399,857.4],[0.066427,42.312467,858.0],[0.066862,42.312715,859.5],[0.067116,42.312861,860.3],[0.067315,42.312979,860.8],[0.067405,42.313022,860.9],[0.06751,42.313054,860.7],[0.067684,42.313125,860.4],[0.067897,42.313222,860.2],[0.06799,42.313275,860.1],[0.068096,42.313346,860.1],[0.068399,42.313573,859.4],[0.068664,42.313764,858.7],[0.068888,42.31396,858.0],[0.068996,42.314043,857.7],[0.069066,42.314089,857.4],[0.069232,42.314159,857.3],[0.069364,42.314282,857.9],[0.069471,42.31438,858.0],[0.069554,42.314469,858.0],[0.069635,42.314526,858.0],[0.069718,42.314576,858.3],[0.069806,42.314612,858.4],[0.070071,42.3147,858.7],[0.070451,42.314837,859.5],[0.07077,42.314961,860.1],[0.071039,42.315084,859.5],[0.071222,42.315187,859.3],[0.071364,42.315343,859.8],[0.071448,42.31542,860.0],[0.071531,42.315498,860.2],[0.071626,42.315569,860.2],[0.071715,42.31567,860.3],[0.071878,42.315846,860.6],[0.072019,42.316034,861.0],[0.072132,42.316229,860.6],[0.072267,42.316473,860.5],[0.072353,42.316766,861.0],[0.072518,42.317051,860.8],[0.07264,42.317278,860.9],[0.072982,42.31783,861.3],[0.073207,42.318217,861.3],[0.073446,42.318618,861.7],[0.073558,42.318724,861.4],[0.073902,42.31891,860.3],[0.074256,42.319083,860.1],[0.074445,42.319114,860.0],[0.074589,42.319131,860.0],[0.074713,42.319148,859.7],[0.074823,42.319204,859.6],[0.074901,42.31924,859.6],[0.074909,42.319332,860.0],[0.07493,42.319468,860.0],[0.074891,42.319674,860.0],[0.074846,42.319914,860.0],[0.074825,42.320066,860.0],[0.074804,42.32018,860.0],[0.074789,42.320273,860.0],[0.074793,42.320354,860.0],[0.074804,42.3204,860.0],[0.074813,42.320507,860.0],[0.074812,42.320603,860.0],[0.074815,42.320727,860.0],[0.074803,42.32079,860.0],[0.074804,42.320851,860.0],[0.074806,42.320895,860.0],[0.074927,42.321044,860.0],[0.075011,42.321151,860.0],[0.075094,42.321239,859.8],[0.075177,42.321302,859.9],[0.075225,42.321348,860.0],[0.075291,42.321388,860.3]]}},{"type":"Feature","properties":{"Name":"P1 — Humo de Muro–Mesón de Ligüerre","etapa":"P1","original_name":"P_Humo de Muro-Mesón de Ligüerre","point_count":1164,"length_km":13.859},"geometry":{"type":"LineString","coordinates":[[0.240861,42.335274,601.6],[0.240685,42.335176,601.7],[0.240508,42.335094,601.6],[0.240319,42.335055,601.4],[0.24019,42.33502,600.6],[0.239999,42.334953,599.4],[0.239815,42.334892,598.6],[0.239697,42.334829,598.6],[0.239521,42.334728,596.3],[0.239349,42.334615,592.7],[0.239089,42.334584,591.6],[0.238819,42.334565,588.7],[0.238636,42.334538,584.4],[0.238501,42.334515,581.2],[0.238237,42.334578,580.6],[0.237976,42.334664,577.7],[0.237715,42.334744,576.6],[0.23761,42.334767,575.8],[0.237379,42.334788,573.3],[0.237136,42.334834,570.9],[0.236922,42.334899,569.8],[0.236729,42.334898,566.7],[0.236572,42.334889,563.5],[0.236652,42.334817,563.6],[0.236665,42.334776,562.9],[0.236678,42.334628,560.8],[0.236536,42.334684,559.7],[0.236402,42.33475,559.3],[0.236189,42.334717,557.3],[0.236178,42.334661,557.6],[0.23632,42.334597,558.9],[0.236349,42.334489,559.9],[0.236365,42.334414,560.6],[0.23639,42.334329,561.5],[0.236384,42.334242,562.4],[0.236343,42.334138,566.7],[0.236358,42.334029,570.9],[0.236359,42.333955,574.6],[0.236331,42.333867,579.2],[0.23634,42.333767,583.9],[0.236302,42.333726,585.2],[0.236336,42.333689,586.3],[0.23639,42.333611,588.7],[0.23643,42.333543,591.1],[0.236449,42.333428,596.1],[0.236487,42.333351,599.7],[0.236495,42.333229,604.7],[0.236496,42.333147,607.9],[0.236526,42.333069,611.1],[0.236491,42.333015,611.9],[0.236339,42.333056,608.7],[0.236233,42.333093,608.4],[0.236057,42.333155,607.0],[0.235948,42.333198,605.9],[0.235859,42.333215,605.7],[0.235768,42.333167,608.1],[0.235682,42.333088,608.6],[0.235599,42.332988,608.5],[0.235514,42.332933,606.7],[0.235459,42.332866,606.1],[0.235397,42.332839,605.9],[0.235318,42.332845,604.6],[0.23522,42.332852,602.9],[0.235234,42.332778,605.1],[0.235238,42.332674,607.8],[0.235206,42.332566,610.2],[0.235118,42.332538,611.3],[0.23498,42.332553,616.3],[0.234834,42.332575,621.5],[0.234696,42.332646,624.8],[0.234556,42.332713,627.8],[0.234472,42.332763,627.9],[0.234378,42.332757,630.3],[0.234302,42.332734,633.2],[0.234318,42.332666,635.5],[0.234323,42.332625,637.0],[0.234151,42.332627,639.7],[0.234025,42.332557,643.1],[0.234011,42.332525,644.2],[0.234079,42.332478,645.6],[0.234123,42.33242,647.8],[0.234115,42.332318,651.9],[0.234096,42.332257,654.2],[0.234101,42.332205,656.3],[0.234196,42.332148,659.2],[0.23423,42.332091,661.0],[0.234223,42.33202,663.6],[0.234214,42.331982,665.0],[0.234247,42.331942,665.7],[0.234235,42.331856,668.7],[0.234297,42.33182,669.1],[0.234347,42.331761,670.0],[0.234413,42.331707,671.5],[0.234455,42.331654,673.5],[0.234471,42.331589,675.9],[0.234518,42.331546,675.9],[0.234582,42.331514,675.5],[0.234714,42.331452,676.5],[0.234807,42.331371,679.9],[0.234858,42.331296,680.0],[0.23489,42.331243,680.2],[0.234967,42.331091,682.4],[0.235005,42.330959,686.0],[0.235023,42.330854,689.2],[0.234943,42.330746,691.5],[0.234893,42.330684,692.5],[0.234841,42.330556,694.6],[0.234818,42.330463,696.2],[0.234801,42.330384,697.0],[0.234777,42.330319,697.1],[0.234769,42.330264,697.6],[0.234776,42.330096,698.2],[0.234781,42.329981,698.2],[0.234781,42.329867,697.3],[0.23478,42.32977,696.8],[0.23482,42.329637,699.8],[0.234874,42.329547,702.2],[0.234913,42.329495,703.9],[0.234833,42.32946,702.8],[0.234773,42.329449,701.9],[0.23468,42.329478,699.3],[0.234564,42.329457,701.1],[0.234497,42.329428,702.6],[0.234403,42.329465,702.6],[0.234279,42.329597,703.0],[0.234115,42.329718,707.1],[0.233972,42.329789,710.0],[0.233793,42.329851,712.6],[0.23368,42.329853,714.1],[0.23353,42.329778,717.6],[0.233122,42.329692,722.2],[0.232586,42.329766,719.8],[0.232381,42.32987,724.0],[0.232016,42.330033,730.0],[0.231658,42.330123,734.3],[0.231121,42.330295,741.9],[0.230688,42.330466,749.1],[0.230687,42.330462,749.2],[0.230624,42.330551,749.5],[0.230521,42.330665,750.7],[0.230364,42.330793,750.7],[0.230288,42.330821,750.2],[0.230222,42.330823,750.0],[0.23013,42.330791,750.0],[0.230059,42.33075,750.6],[0.23,42.330743,750.7],[0.229869,42.330762,750.0],[0.229576,42.330801,748.7],[0.229273,42.330825,747.0],[0.228941,42.330878,742.6],[0.228743,42.330888,739.7],[0.228518,42.330884,737.4],[0.228192,42.330842,738.5],[0.227838,42.330774,743.0],[0.227522,42.330731,743.7],[0.227152,42.330676,744.1],[0.226791,42.33062,750.2],[0.226536,42.330532,755.2],[0.226303,42.330493,755.7],[0.226164,42.33046,755.3],[0.226114,42.330425,755.1],[0.226092,42.330363,755.6],[0.226078,42.330263,756.5],[0.226106,42.330123,755.8],[0.226184,42.329911,753.5],[0.226265,42.329602,747.9],[0.226275,42.329482,746.0],[0.226255,42.329289,743.2],[0.226245,42.329208,742.9],[0.226224,42.329133,742.3],[0.226178,42.329108,741.8],[0.226003,42.329117,739.9],[0.225912,42.329134,738.5],[0.22566,42.329142,738.0],[0.225358,42.329127,737.1],[0.225076,42.329136,735.6],[0.224779,42.329128,733.8],[0.224493,42.329103,730.3],[0.224329,42.329069,728.6],[0.223977,42.328955,726.4],[0.223608,42.328869,724.8],[0.223341,42.328832,722.2],[0.22302,42.328796,717.3],[0.22278,42.328756,713.3],[0.222616,42.328722,710.9],[0.222478,42.328665,709.9],[0.222345,42.328574,710.8],[0.222183,42.328426,711.8],[0.222037,42.328317,711.8],[0.221931,42.328278,710.4],[0.221717,42.32827,704.9],[0.221382,42.328239,698.2],[0.221151,42.328211,695.3],[0.221013,42.328199,693.8],[0.220902,42.328152,694.2],[0.220625,42.328008,691.6],[0.220296,42.327849,684.6],[0.220212,42.327783,682.8],[0.220168,42.32772,682.0],[0.220113,42.327482,678.1],[0.22011,42.327367,678.5],[0.220099,42.327274,678.3],[0.220081,42.327236,678.8],[0.220055,42.327221,678.2],[0.220004,42.327218,676.4],[0.219834,42.327252,670.8],[0.219652,42.327265,666.2],[0.219571,42.327258,666.2],[0.219443,42.327185,671.0],[0.219197,42.327093,674.7],[0.21906,42.327064,674.6],[0.218812,42.327036,672.9],[0.218684,42.327035,670.6],[0.21844,42.327079,663.3],[0.218288,42.327066,661.5],[0.218188,42.327052,660.8],[0.218077,42.327067,657.6],[0.217851,42.327046,654.3],[0.217767,42.327025,653.5],[0.217727,42.327001,653.9],[0.217618,42.326902,656.3],[0.21748,42.326793,655.1],[0.217355,42.326655,653.9],[0.217218,42.326506,650.8],[0.21711,42.326377,647.7],[0.217047,42.326303,646.1],[0.217009,42.32625,645.4],[0.217002,42.326206,645.2],[0.217017,42.326137,645.6],[0.217051,42.326096,646.9],[0.217097,42.326047,648.6],[0.217163,42.325908,647.4],[0.217232,42.325783,646.6],[0.217249,42.325699,645.4],[0.217237,42.325625,643.3],[0.217202,42.32559,641.2],[0.217137,42.325558,639.4],[0.217056,42.325548,638.9],[0.216919,42.325563,636.4],[0.216739,42.325599,633.6],[0.21663,42.325626,631.0],[0.216525,42.325629,629.9],[0.216435,42.325604,630.9],[0.216311,42.325517,633.3],[0.216125,42.325357,632.3],[0.216003,42.325271,630.0],[0.215879,42.325179,627.8],[0.2158,42.325149,626.3],[0.215697,42.325139,623.6],[0.215638,42.325135,622.4],[0.215594,42.32508,624.3],[0.215557,42.325068,624.8],[0.215518,42.325078,624.7],[0.215457,42.325113,623.9],[0.215348,42.325185,621.5],[0.215278,42.325218,620.0],[0.215238,42.325264,618.3],[0.215214,42.325263,618.5],[0.215189,42.32525,619.2],[0.215172,42.325195,621.2],[0.215129,42.325122,623.2],[0.215078,42.32508,623.8],[0.215016,42.324997,624.3],[0.214986,42.324915,624.8],[0.214935,42.324847,624.2],[0.214873,42.324784,623.0],[0.214822,42.324715,622.2],[0.214794,42.324671,621.8],[0.214775,42.324609,622.0],[0.214709,42.324537,620.5],[0.214675,42.324459,620.5],[0.214632,42.324352,620.8],[0.214573,42.324171,621.4],[0.214494,42.324041,619.9],[0.214426,42.323914,617.8],[0.214409,42.323821,617.4],[0.214424,42.323739,616.5],[0.214459,42.323678,616.7],[0.214488,42.323621,616.6],[0.214481,42.323597,616.3],[0.214341,42.323528,614.0],[0.214245,42.323459,611.9],[0.214109,42.323281,610.3],[0.213998,42.323086,609.3],[0.213869,42.322888,605.3],[0.213767,42.322685,601.6],[0.213696,42.32251,598.1],[0.21363,42.322298,595.7],[0.213556,42.322034,593.0],[0.213511,42.321894,590.7],[0.213472,42.321814,589.0],[0.213416,42.321671,587.6],[0.213368,42.321511,585.8],[0.213203,42.320874,579.2],[0.213135,42.320638,575.9],[0.213066,42.320386,570.8],[0.213069,42.320316,569.1],[0.213091,42.320284,568.6],[0.213163,42.320288,569.5],[0.213236,42.320313,571.1],[0.213305,42.320305,572.1],[0.213323,42.320273,571.8],[0.213294,42.320201,570.9],[0.213287,42.320123,571.2],[0.213218,42.320055,569.4],[0.213114,42.319957,562.0],[0.213069,42.31985,555.4],[0.213038,42.31976,552.5],[0.213006,42.319712,551.1],[0.212999,42.319635,550.4],[0.213024,42.319529,551.5],[0.213043,42.319469,552.7],[0.213042,42.319421,553.1],[0.212916,42.319305,549.8],[0.212759,42.319156,547.6],[0.212568,42.319075,544.1],[0.212434,42.319026,542.4],[0.212356,42.31894,544.0],[0.21227,42.318831,543.8],[0.212221,42.31875,543.6],[0.212207,42.318676,543.7],[0.21221,42.318601,544.0],[0.212264,42.318469,546.5],[0.212267,42.318345,546.9],[0.212238,42.318229,545.6],[0.212238,42.318169,545.5],[0.212268,42.318091,546.7],[0.212292,42.317964,547.3],[0.212269,42.317833,545.4],[0.212226,42.317678,544.2],[0.212161,42.317567,542.6],[0.212094,42.317501,540.9],[0.211952,42.317383,537.9],[0.211901,42.317292,536.7],[0.211896,42.317252,536.6],[0.211919,42.317128,537.4],[0.211948,42.31699,538.1],[0.211947,42.316847,538.0],[0.21194,42.31668,537.6],[0.211943,42.31657,535.8],[0.212032,42.316446,537.8],[0.212101,42.316299,540.0],[0.212094,42.3161,538.0],[0.212102,42.3159,536.2],[0.212121,42.315828,536.0],[0.212243,42.315694,538.9],[0.212362,42.315561,541.1],[0.212463,42.3154,539.2],[0.21251,42.315304,536.9],[0.21259,42.315277,538.2],[0.212732,42.315242,540.4],[0.212883,42.315218,544.6],[0.212954,42.31519,545.7],[0.212969,42.315144,543.5],[0.21297,42.315094,540.5],[0.213003,42.315034,540.7],[0.21301,42.314988,540.2],[0.212996,42.314912,538.5],[0.213003,42.314848,537.9],[0.213052,42.314807,540.9],[0.213061,42.314768,541.2],[0.21304,42.31462,539.1],[0.213033,42.314543,538.6],[0.213001,42.314438,536.5],[0.212944,42.31432,536.5],[0.212947,42.314231,539.0],[0.212935,42.314149,540.6],[0.212884,42.314062,540.2],[0.212839,42.314008,538.8],[0.212801,42.313993,536.8],[0.21275,42.313965,534.0],[0.212736,42.313919,532.7],[0.212738,42.313918,532.8],[0.212765,42.313878,534.3],[0.212792,42.313823,535.8],[0.212806,42.313705,536.5],[0.212779,42.313609,535.0],[0.212733,42.313521,532.0],[0.212683,42.313456,519.6],[0.212673,42.313499,525.1],[0.212674,42.31357,528.4],[0.212643,42.313662,525.7],[0.212648,42.313743,525.4],[0.21266,42.313774,526.4],[0.21271,42.31379,530.0],[0.212845,42.313776,539.2],[0.212998,42.313703,549.8],[0.213145,42.313614,556.5],[0.213284,42.313561,556.9],[0.21338,42.313526,549.8],[0.213515,42.313443,535.5],[0.213671,42.313326,531.6],[0.213821,42.313206,523.0],[0.213939,42.313124,518.5],[0.214126,42.313004,515.0],[0.214471,42.312954,516.6],[0.214812,42.312926,508.8],[0.215042,42.3129,506.4],[0.215206,42.312919,509.4],[0.215396,42.312965,516.6],[0.215676,42.313027,528.2],[0.215804,42.313032,530.8],[0.215932,42.313027,532.8],[0.216048,42.312999,530.3],[0.216161,42.312973,526.8],[0.216251,42.312956,523.3],[0.216461,42.31293,516.0],[0.216566,42.312892,510.7],[0.21657,42.312861,507.8],[0.216575,42.312807,502.8],[0.21657,42.312747,497.1],[0.216508,42.312691,493.0],[0.216358,42.312619,487.4],[0.216297,42.312591,484.8],[0.216308,42.312546,481.8],[0.216436,42.312491,480.4],[0.216582,42.312472,482.0],[0.216894,42.312417,485.1],[0.217297,42.312313,487.4],[0.21748,42.312272,487.7],[0.217709,42.312265,488.5],[0.217798,42.31222,487.8],[0.217894,42.31212,487.3],[0.217969,42.312073,487.7],[0.218068,42.311974,488.5],[0.218199,42.311865,489.8],[0.218309,42.311818,491.8],[0.218378,42.311772,489.1],[0.218422,42.311723,485.0],[0.218424,42.311688,482.2],[0.218363,42.311678,481.2],[0.2183,42.31166,479.3],[0.218244,42.311659,478.0],[0.218191,42.311647,475.9],[0.21815,42.31164,474.5],[0.218098,42.31162,471.9],[0.218074,42.311589,469.3],[0.218081,42.311549,466.9],[0.21811,42.311529,466.3],[0.218115,42.311482,463.9],[0.218182,42.311426,462.0],[0.21824,42.311427,462.9],[0.218314,42.31146,465.7],[0.218414,42.31152,470.1],[0.218524,42.311564,473.5],[0.218594,42.31156,474.1],[0.218654,42.311538,474.2],[0.218716,42.311509,474.1],[0.218729,42.311474,473.0],[0.218704,42.311401,469.6],[0.218721,42.311335,467.3],[0.218768,42.311295,467.5],[0.218924,42.311226,470.2],[0.219055,42.311178,473.3],[0.219119,42.311167,475.0],[0.219185,42.311185,477.8],[0.219247,42.311174,480.0],[0.219315,42.311145,481.7],[0.219426,42.3111,484.4],[0.219523,42.311052,487.1],[0.219621,42.31099,489.7],[0.219748,42.310878,489.6],[0.219826,42.310811,490.6],[0.219902,42.310755,492.5],[0.219964,42.310687,492.7],[0.220015,42.310618,491.9],[0.220057,42.31055,491.4],[0.220139,42.310523,494.8],[0.220255,42.310506,500.1],[0.22041,42.310469,506.0],[0.220645,42.31033,511.1],[0.220777,42.310165,510.7],[0.22088,42.310056,513.4],[0.2209,42.310046,514.3],[0.220918,42.310034,515.1],[0.220948,42.310014,516.4],[0.220984,42.309976,518.5],[0.221009,42.309863,521.1],[0.220993,42.309781,522.2],[0.220968,42.309708,522.7],[0.220939,42.309624,521.1],[0.22096,42.309547,521.2],[0.22099,42.309481,521.2],[0.221001,42.30943,518.5],[0.221061,42.3094,518.0],[0.221157,42.309352,517.5],[0.221232,42.309296,518.2],[0.221292,42.309209,522.6],[0.22133,42.309091,523.2],[0.221364,42.308991,521.9],[0.221404,42.308888,521.7],[0.221441,42.308795,520.4],[0.221432,42.30864,517.8],[0.221471,42.308619,519.5],[0.221473,42.308566,519.0],[0.221532,42.308379,516.5],[0.221594,42.308298,515.3],[0.221656,42.308229,513.9],[0.221705,42.308134,510.9],[0.221726,42.308061,508.6],[0.221768,42.307891,505.1],[0.221783,42.30781,504.8],[0.22181,42.307752,506.0],[0.221792,42.307692,504.6],[0.221814,42.307529,504.2],[0.221871,42.30738,503.6],[0.221901,42.307305,500.6],[0.221935,42.307246,499.1],[0.222021,42.307096,495.9],[0.222077,42.306927,488.9],[0.222085,42.306862,487.5],[0.222087,42.306753,484.7],[0.222129,42.306656,486.2],[0.222119,42.306387,485.5],[0.222082,42.3063,483.4],[0.222062,42.306225,483.0],[0.222015,42.306124,481.6],[0.222004,42.306017,482.6],[0.222001,42.305923,484.5],[0.221961,42.30582,484.5],[0.221946,42.305696,487.3],[0.221939,42.305659,488.0],[0.221889,42.305647,485.0],[0.2218,42.305582,481.7],[0.221763,42.305521,482.6],[0.221656,42.305327,486.1],[0.221631,42.305251,488.0],[0.221596,42.305193,488.1],[0.221537,42.305081,490.6],[0.221473,42.305024,488.3],[0.221323,42.3049,483.6],[0.221285,42.304849,485.6],[0.22121,42.304757,492.0],[0.221167,42.304707,498.7],[0.221126,42.304667,506.1],[0.221043,42.304663,501.2],[0.220949,42.304631,502.2],[0.220835,42.30461,503.3],[0.220631,42.304687,484.4],[0.220534,42.304767,469.5],[0.22037,42.30475,470.3],[0.220265,42.304782,469.2],[0.220191,42.304791,470.0],[0.220134,42.304813,469.0],[0.220045,42.304803,471.6],[0.21998,42.304801,472.5],[0.219887,42.30481,472.2],[0.219792,42.304795,474.9],[0.219654,42.304782,476.8],[0.219594,42.304772,478.2],[0.219473,42.30473,485.5],[0.219405,42.304714,485.8],[0.219269,42.304702,482.0],[0.219177,42.304659,486.2],[0.219079,42.304635,484.5],[0.218964,42.304613,479.5],[0.218843,42.304557,477.8],[0.218613,42.304472,478.6],[0.218493,42.304401,483.9],[0.218355,42.304301,483.8],[0.218339,42.304047,495.4],[0.218348,42.303922,498.5],[0.21834,42.303843,499.3],[0.218312,42.303737,498.9],[0.21821,42.30364,491.5],[0.218193,42.303533,492.3],[0.218208,42.30347,495.2],[0.218154,42.303394,494.3],[0.218117,42.303338,494.3],[0.218053,42.303253,493.4],[0.217988,42.303131,494.2],[0.217948,42.303011,497.0],[0.217907,42.302879,498.7],[0.217896,42.302745,501.7],[0.21786,42.302655,502.1],[0.217819,42.30257,502.1],[0.217808,42.302524,501.6],[0.217784,42.302364,500.2],[0.217792,42.302201,497.7],[0.21781,42.302128,496.9],[0.217826,42.30201,495.6],[0.217855,42.301899,495.4],[0.217815,42.301708,493.0],[0.217784,42.301577,493.2],[0.217793,42.301452,497.1],[0.217743,42.301376,499.1],[0.217672,42.301294,498.9],[0.21762,42.301226,498.3],[0.217503,42.301068,496.7],[0.21734,42.300908,503.8],[0.217107,42.300758,499.6],[0.216932,42.300658,500.7],[0.216841,42.300578,504.6],[0.216763,42.300436,508.6],[0.216657,42.300344,493.0],[0.21657,42.300259,490.9],[0.216468,42.300148,503.1],[0.216419,42.30009,499.0],[0.216318,42.299981,489.2],[0.216208,42.299849,488.6],[0.216128,42.299763,491.6],[0.216021,42.299643,486.8],[0.215936,42.299504,492.8],[0.215823,42.299418,485.5],[0.21578,42.299376,481.0],[0.215745,42.299233,479.8],[0.215754,42.299108,484.0],[0.215767,42.298897,491.4],[0.215776,42.298734,495.3],[0.215815,42.298658,501.8],[0.215837,42.298603,504.0],[0.215859,42.298519,504.6],[0.215885,42.298381,504.5],[0.215884,42.298327,502.1],[0.215929,42.298313,506.9],[0.215979,42.29825,510.1],[0.215971,42.298183,505.6],[0.215999,42.298146,508.2],[0.21603,42.298101,508.5],[0.216055,42.29804,502.3],[0.216062,42.298,496.6],[0.216181,42.297909,495.4],[0.216183,42.297859,491.7],[0.216168,42.297793,486.2],[0.216292,42.297731,492.5],[0.216375,42.297658,490.9],[0.216466,42.297582,491.4],[0.216496,42.297549,491.1],[0.216495,42.297486,487.6],[0.216548,42.297389,482.7],[0.216646,42.297344,483.6],[0.216807,42.297273,488.1],[0.216921,42.297174,489.7],[0.21704,42.297119,495.4],[0.217107,42.296994,494.6],[0.217227,42.296867,492.1],[0.217343,42.296771,489.2],[0.217514,42.296673,488.9],[0.217612,42.296611,489.2],[0.217727,42.296546,489.5],[0.217774,42.296501,488.0],[0.217792,42.296463,488.0],[0.217805,42.296434,488.2],[0.217805,42.2964,487.8],[0.217842,42.29637,489.3],[0.217852,42.296315,489.2],[0.217885,42.296267,490.3],[0.21788,42.296177,489.5],[0.217859,42.296115,488.2],[0.217814,42.296038,485.9],[0.217803,42.295975,482.8],[0.217843,42.295796,475.9],[0.2179,42.295729,474.0],[0.217953,42.295671,472.0],[0.218019,42.295663,472.4],[0.218098,42.295628,471.3],[0.218167,42.295591,469.8],[0.218232,42.295569,469.2],[0.218361,42.295558,469.7],[0.218429,42.295535,469.4],[0.218499,42.295517,469.6],[0.218563,42.295491,469.4],[0.2186,42.295468,469.0],[0.218599,42.295415,466.6],[0.21798,42.295477,463.4],[0.217716,42.295542,463.6],[0.21711,42.295785,458.4],[0.216948,42.295851,455.4],[0.216791,42.295886,452.6],[0.216522,42.295938,450.5],[0.21621,42.295983,450.0],[0.215994,42.296017,450.0],[0.215619,42.296076,450.7],[0.215416,42.296102,453.4],[0.21531,42.296096,457.2],[0.2152,42.29606,461.5],[0.215126,42.296002,463.4],[0.214952,42.295782,464.0],[0.214696,42.295513,463.8],[0.21459,42.295407,463.3],[0.214293,42.295186,465.0],[0.214062,42.295059,467.9],[0.213647,42.294891,470.9],[0.213511,42.294826,470.2],[0.213463,42.294796,470.7],[0.213361,42.294711,473.3],[0.213305,42.294599,475.4],[0.213259,42.294469,479.6],[0.21319,42.294265,480.8],[0.213196,42.2942,479.1],[0.213191,42.294154,478.2],[0.213186,42.294106,476.6],[0.213148,42.294052,475.8],[0.213106,42.293988,475.1],[0.21303,42.293891,475.3],[0.212992,42.293819,475.3],[0.212929,42.293639,474.3],[0.212922,42.293555,472.9],[0.212893,42.29346,472.0],[0.212841,42.293281,469.7],[0.212801,42.29311,468.8],[0.212739,42.293005,470.9],[0.212666,42.292915,475.5],[0.212588,42.292811,479.3],[0.212534,42.292697,480.4],[0.212597,42.292653,479.5],[0.21268,42.292645,478.2],[0.212832,42.292617,474.7],[0.213001,42.292618,469.7],[0.213059,42.292608,467.8],[0.213087,42.292591,466.9],[0.213087,42.292565,466.8],[0.213115,42.292543,466.1],[0.213104,42.292528,466.3],[0.213107,42.292499,466.1],[0.213075,42.292441,466.4],[0.21307,42.292359,466.0],[0.213059,42.292287,466.1],[0.213011,42.292204,466.6],[0.21297,42.292114,467.0],[0.212949,42.292085,467.4],[0.212931,42.292068,467.7],[0.212924,42.292007,468.1],[0.21284,42.291927,469.3],[0.212763,42.291865,470.7],[0.212707,42.291795,472.7],[0.212654,42.29174,474.6],[0.212635,42.291697,475.5],[0.212665,42.291641,476.4],[0.212681,42.291604,477.2],[0.212659,42.291519,479.9],[0.212654,42.291434,481.9],[0.212668,42.291363,482.6],[0.212697,42.291339,482.4],[0.212715,42.291303,482.4],[0.212763,42.291271,482.0],[0.212916,42.291137,479.2],[0.213177,42.290951,472.0],[0.213295,42.290834,469.7],[0.213375,42.290649,466.5],[0.213428,42.290516,463.3],[0.213454,42.290406,461.4],[0.213477,42.290277,459.2],[0.21343,42.290177,458.2],[0.213391,42.290102,457.5],[0.213293,42.289947,456.5],[0.213277,42.289852,455.5],[0.213152,42.289661,457.8],[0.213093,42.289579,458.9],[0.213041,42.289525,459.5],[0.213043,42.289483,459.7],[0.213147,42.289445,459.8],[0.2133,42.289396,459.8],[0.213369,42.289383,459.5],[0.21339,42.289358,459.4],[0.213331,42.28933,459.7],[0.213203,42.289333,460.5],[0.213115,42.289339,461.0],[0.213053,42.289327,461.7],[0.213029,42.289288,462.6],[0.213033,42.289179,464.1],[0.213034,42.289039,464.6],[0.213058,42.288801,464.5],[0.213069,42.288565,465.0],[0.213106,42.288384,464.4],[0.21311,42.288274,464.1],[0.213136,42.288201,463.1],[0.213126,42.288108,462.8],[0.213092,42.287978,461.8],[0.213037,42.287882,461.5],[0.213021,42.287786,460.5],[0.212993,42.28772,460.1],[0.212922,42.28764,459.9],[0.212857,42.287571,460.2],[0.212865,42.287318,459.6],[0.212863,42.287229,460.3],[0.212854,42.287123,463.4],[0.212838,42.28696,471.3],[0.212888,42.286919,474.4],[0.212977,42.286974,474.9],[0.21305,42.287058,472.6],[0.213162,42.287097,472.7],[0.213253,42.287116,472.6],[0.213315,42.287115,473.3],[0.213372,42.287106,474.3],[0.213369,42.287053,476.7],[0.213259,42.287023,477.3],[0.213225,42.286959,480.2],[0.213251,42.286903,482.0],[0.213345,42.286886,482.9],[0.213448,42.286876,483.7],[0.213486,42.286862,484.2],[0.213441,42.286837,484.5],[0.213391,42.286822,484.6],[0.2134,42.286799,485.2],[0.21335,42.28666,487.3],[0.213348,42.286651,487.4],[0.213163,42.286493,488.3],[0.213196,42.286376,489.3],[0.213292,42.286207,490.3],[0.213385,42.286158,490.4],[0.213517,42.286124,490.3],[0.213646,42.286034,490.0],[0.214034,42.285994,489.3],[0.21438,42.285953,489.7],[0.214531,42.285877,489.6],[0.214578,42.285656,489.7],[0.214627,42.285539,489.1],[0.214712,42.285429,487.9],[0.214813,42.285321,486.2],[0.214802,42.285242,485.6],[0.214686,42.285118,485.9],[0.214568,42.285014,486.2],[0.21446,42.284856,485.9],[0.214332,42.28463,483.8],[0.214216,42.284532,485.4],[0.214228,42.284493,484.5],[0.214155,42.284405,485.1],[0.214059,42.284314,485.3],[0.214038,42.284263,485.2],[0.214035,42.284187,484.7],[0.214085,42.284033,483.7],[0.214139,42.283875,483.1],[0.214228,42.283551,480.7],[0.214241,42.283452,480.1],[0.214238,42.283276,480.1],[0.214225,42.2832,480.4],[0.214152,42.283081,481.5],[0.214073,42.28307,481.7],[0.213993,42.283082,481.2],[0.21386,42.283128,480.5],[0.213752,42.283165,480.3],[0.213666,42.283165,480.0],[0.213597,42.28316,479.7],[0.213437,42.283118,479.3],[0.213348,42.283096,479.3],[0.213279,42.283071,479.1],[0.213126,42.283049,479.4],[0.21303,42.283064,479.9],[0.212956,42.283073,480.3],[0.212912,42.283029,480.1],[0.212841,42.282973,480.4],[0.212804,42.282866,480.6],[0.212735,42.282665,482.2],[0.21266,42.282571,482.5],[0.212526,42.282472,483.7],[0.21247,42.282436,483.1],[0.21239,42.282404,482.2],[0.212294,42.282393,482.5],[0.212159,42.282369,482.3],[0.212066,42.282415,485.9],[0.21196,42.282478,489.9],[0.211868,42.282553,489.6],[0.211804,42.282621,490.5],[0.211741,42.282669,491.5],[0.211655,42.282703,492.6],[0.211544,42.282717,492.6],[0.211456,42.282728,492.3],[0.211308,42.282724,489.7],[0.211226,42.282726,486.4],[0.211145,42.282742,483.5],[0.211048,42.282781,481.8],[0.210961,42.282786,482.0],[0.2109,42.282777,482.0],[0.210872,42.282735,481.9],[0.210867,42.282678,482.7],[0.210886,42.28258,483.6],[0.21094,42.282447,484.5],[0.211043,42.282361,484.5],[0.211111,42.28226,485.9],[0.211263,42.282124,487.6],[0.21146,42.282013,490.0],[0.211625,42.281951,490.2],[0.211799,42.281946,488.7],[0.211817,42.281929,488.8],[0.211927,42.281959,487.3],[0.212017,42.281978,485.0],[0.212008,42.282,484.7],[0.212089,42.282005,482.5],[0.212094,42.281986,482.9],[0.212206,42.281979,480.3],[0.212328,42.281888,481.8],[0.212511,42.28171,485.2],[0.212691,42.281553,485.4],[0.212745,42.281523,485.1],[0.212876,42.281501,483.0],[0.212919,42.281468,482.4],[0.213047,42.281321,482.9],[0.213182,42.281183,482.4],[0.213278,42.281063,482.7],[0.213433,42.280932,480.2],[0.213462,42.280888,479.7],[0.213492,42.280811,478.5],[0.213528,42.280707,476.1],[0.213531,42.280618,474.7],[0.213516,42.280554,473.5],[0.213457,42.280502,474.2],[0.213333,42.280432,476.1],[0.213254,42.280388,477.5],[0.213194,42.280338,478.7],[0.21316,42.280296,479.4],[0.21315,42.28022,479.7],[0.21312,42.280171,480.4],[0.213014,42.280072,481.7],[0.212944,42.280033,481.9],[0.212838,42.279995,482.0],[0.212723,42.279962,481.8],[0.212678,42.279942,481.6],[0.212644,42.279894,481.2],[0.212634,42.279824,480.6],[0.21261,42.279748,480.0],[0.212583,42.27966,480.0],[0.212566,42.279641,480.0],[0.212475,42.279504,480.0],[0.212455,42.279365,480.0],[0.212426,42.27931,480.0],[0.212361,42.27925,480.4],[0.212281,42.279218,480.8],[0.212201,42.279202,481.2],[0.212076,42.279186,481.6],[0.212077,42.279164,481.7],[0.211971,42.279187,481.5],[0.211835,42.279218,481.5],[0.211701,42.279251,481.5],[0.211531,42.279289,481.6],[0.211358,42.279353,482.2],[0.211213,42.279431,484.2],[0.211026,42.279487,485.3],[0.2109,42.279519,486.0],[0.210798,42.279531,487.1],[0.210729,42.279526,487.6],[0.210663,42.279511,488.0],[0.210602,42.279476,488.4],[0.210603,42.279419,488.1],[0.210611,42.279353,487.5],[0.210647,42.279266,486.2],[0.210693,42.279187,484.9],[0.210767,42.2791,483.7],[0.21085,42.279017,483.0],[0.210932,42.278958,483.0],[0.211022,42.27891,482.9],[0.211192,42.278875,482.1],[0.211317,42.278856,481.4],[0.211401,42.278831,481.0],[0.211477,42.278789,480.8],[0.211536,42.278692,480.3],[0.211588,42.278574,480.1],[0.211627,42.278525,480.0],[0.211686,42.278476,480.0],[0.211806,42.278408,479.1],[0.211936,42.278355,477.0],[0.212051,42.278323,475.3],[0.212223,42.278303,473.1],[0.212371,42.278281,471.0],[0.212435,42.278244,469.8],[0.212452,42.278177,470.3],[0.212435,42.278095,470.9],[0.212398,42.278034,471.8],[0.212392,42.278,471.9],[0.212399,42.277965,471.8],[0.212426,42.277929,471.9],[0.212492,42.277887,471.4],[0.212581,42.277817,471.1],[0.212647,42.277691,472.8],[0.212734,42.277535,475.0],[0.212808,42.277471,474.3],[0.212836,42.277412,473.6],[0.212843,42.277331,473.3],[0.212824,42.277249,473.5],[0.212773,42.277173,474.5],[0.212703,42.277125,476.8],[0.212629,42.277088,479.6],[0.212529,42.277064,481.7],[0.21237,42.277059,483.1],[0.212209,42.277048,483.7],[0.212098,42.277031,483.3],[0.212,42.276992,482.5],[0.211861,42.276902,481.8],[0.211618,42.276741,482.5],[0.211557,42.276697,482.9],[0.211523,42.276645,482.9],[0.211524,42.27659,482.6],[0.211578,42.276506,481.7],[0.211589,42.276361,481.5],[0.211541,42.276278,481.9],[0.211488,42.27622,482.0],[0.211412,42.276165,481.6],[0.211284,42.276108,481.2],[0.211213,42.276068,481.3],[0.211166,42.276041,481.4],[0.211184,42.27589,479.9],[0.211208,42.275776,478.7],[0.211252,42.275665,478.7],[0.211289,42.275578,479.3],[0.211339,42.275474,479.0],[0.211352,42.275346,479.9],[0.211377,42.27524,480.7],[0.211443,42.275153,481.3],[0.211544,42.275074,482.0],[0.211658,42.27499,480.6],[0.21167,42.27495,480.5],[0.211682,42.274898,480.5],[0.211675,42.274882,480.7],[0.211624,42.274816,481.6],[0.211527,42.27473,482.1],[0.211443,42.274619,482.0],[0.211341,42.274464,480.0],[0.211295,42.274431,480.8],[0.211223,42.27437,480.4],[0.211155,42.274393,480.2],[0.211143,42.274377,479.3],[0.211091,42.274407,479.6],[0.211013,42.274451,479.4],[0.210908,42.274534,480.1],[0.210838,42.274591,480.6],[0.210751,42.274635,480.6],[0.210567,42.274704,479.8],[0.210478,42.274751,480.4],[0.210409,42.274801,481.6],[0.210315,42.274873,483.4],[0.210233,42.274948,483.7],[0.210153,42.275031,484.7],[0.209997,42.275234,485.3],[0.20991,42.27534,484.8],[0.209822,42.275446,484.4],[0.209724,42.275564,484.3],[0.209581,42.275711,485.7],[0.209379,42.275899,486.2],[0.209284,42.276019,485.9],[0.209188,42.27615,485.0],[0.20914,42.276215,484.2],[0.209081,42.276273,483.4],[0.209002,42.276323,482.3],[0.208917,42.276359,481.3],[0.208838,42.276371,481.0],[0.208758,42.276366,480.5],[0.208702,42.276334,479.7],[0.20857,42.2762,476.6],[0.208503,42.276155,475.7],[0.208381,42.276101,474.0],[0.208325,42.276077,473.0],[0.208293,42.276056,472.3],[0.208199,42.275978,472.5],[0.208146,42.275929,472.1],[0.208088,42.275819,469.6],[0.208063,42.275762,468.5],[0.208033,42.275648,466.0],[0.207991,42.275571,464.4],[0.20795,42.275496,462.7],[0.207885,42.275442,461.9],[0.207776,42.275361,460.4],[0.207613,42.275293,459.8],[0.207314,42.275169,458.0],[0.207104,42.275089,457.7],[0.206924,42.275019,457.7],[0.206725,42.274953,457.4],[0.20658,42.274918,457.9],[0.206434,42.274881,457.9],[0.2063,42.274848,458.1],[0.206166,42.274829,459.0],[0.206053,42.274811,459.3],[0.205976,42.274807,459.8],[0.205884,42.274804,460.4],[0.205764,42.274801,460.5],[0.205652,42.274818,459.9],[0.205571,42.274841,459.7],[0.2055,42.274871,459.3],[0.205392,42.274916,456.9],[0.205339,42.274952,455.8],[0.205306,42.275001,455.5],[0.205276,42.275061,455.0],[0.205255,42.275117,454.8],[0.205237,42.275188,454.8],[0.205223,42.275287,455.5],[0.2052,42.275368,456.2],[0.20518,42.275422,456.6],[0.205126,42.275475,456.7],[0.205067,42.275508,456.6],[0.204925,42.275558,456.0],[0.204818,42.275598,455.4],[0.204716,42.275658,455.1],[0.204614,42.275745,455.8],[0.20451,42.275838,457.0],[0.204415,42.275914,457.5],[0.204332,42.275988,457.6],[0.204229,42.276074,457.8],[0.204156,42.276114,457.7],[0.204044,42.27617,457.6],[0.203889,42.276247,456.2],[0.203732,42.276337,455.6],[0.203702,42.276365,455.7],[0.203686,42.276452,457.0],[0.203677,42.276613,459.3],[0.203664,42.276709,459.5],[0.203585,42.27675,458.8],[0.203524,42.276752,458.3],[0.203491,42.276722,457.8],[0.20342,42.276666,456.9],[0.20331,42.276576,454.4],[0.203201,42.276579,453.7],[0.203098,42.276639,454.3],[0.202998,42.276707,455.3],[0.20287,42.276779,456.7],[0.202656,42.276881,456.8],[0.202382,42.276991,455.7],[0.202133,42.277063,454.9],[0.201983,42.277128,454.9],[0.201819,42.277211,455.5],[0.201661,42.277275,455.8],[0.201545,42.277334,455.7],[0.201372,42.277415,454.7],[0.201285,42.277485,455.3],[0.201146,42.277548,455.2],[0.201056,42.277562,454.6],[0.200951,42.277591,454.2],[0.200803,42.277636,453.5],[0.200711,42.27768,453.8],[0.200557,42.277763,454.5],[0.200421,42.277805,454.5],[0.200183,42.27787,454.2],[0.200071,42.277915,454.7],[0.199873,42.27797,455.1],[0.199694,42.278022,456.2],[0.199486,42.278116,457.9],[0.199321,42.278138,456.7],[0.199182,42.278166,457.8],[0.198898,42.278205,458.9],[0.198772,42.278221,458.9],[0.198634,42.278266,458.9],[0.198346,42.278351,458.4],[0.198188,42.278405,458.0],[0.19801,42.278469,457.8],[0.197746,42.278565,457.9],[0.197577,42.278643,457.9],[0.197527,42.278687,458.1],[0.197505,42.278728,458.6],[0.19749,42.278801,459.5],[0.197499,42.278844,459.9],[0.19752,42.278894,460.0],[0.197582,42.278968,460.2],[0.197688,42.279102,461.0],[0.197836,42.279237,461.9],[0.197981,42.279335,463.4],[0.198131,42.279409,465.1],[0.198316,42.279475,466.4],[0.19856,42.279564,467.9],[0.198679,42.279612,468.9],[0.19881,42.279679,470.0],[0.198858,42.279736,470.1],[0.198875,42.279815,469.9],[0.198868,42.279888,469.6],[0.19882,42.279954,469.3],[0.198692,42.280025,469.4],[0.198559,42.28007,469.6],[0.198342,42.280116,470.0],[0.198151,42.280164,470.5],[0.198078,42.280203,470.6],[0.198009,42.28026,470.9],[0.19787,42.280399,471.5],[0.197766,42.280496,471.3],[0.197665,42.280624,471.6],[0.197496,42.280813,469.6],[0.197421,42.280876,469.0],[0.19738,42.280971,469.2]]}},{"type":"Feature","properties":{"Name":"P2 — Mesón de Ligüerre–Humo de Muro","etapa":"P2","original_name":"P_Mesón de Ligüerre-Humo de Muro","point_count":1164,"length_km":13.859},"geometry":{"type":"LineString","coordinates":[[0.19738,42.280971,469.2],[0.197421,42.280876,469.0],[0.197496,42.280813,469.6],[0.197665,42.280624,471.6],[0.197766,42.280496,471.3],[0.19787,42.280399,471.5],[0.198009,42.28026,470.9],[0.198078,42.280203,470.6],[0.198151,42.280164,470.5],[0.198342,42.280116,470.0],[0.198559,42.28007,469.6],[0.198692,42.280025,469.4],[0.19882,42.279954,469.3],[0.198868,42.279888,469.6],[0.198875,42.279815,469.9],[0.198858,42.279736,470.1],[0.19881,42.279679,470.0],[0.198679,42.279612,468.9],[0.19856,42.279564,467.9],[0.198316,42.279475,466.4],[0.198131,42.279409,465.1],[0.197981,42.279335,463.4],[0.197836,42.279237,461.9],[0.197688,42.279102,461.0],[0.197582,42.278968,460.2],[0.19752,42.278894,460.0],[0.197499,42.278844,459.9],[0.19749,42.278801,459.5],[0.197505,42.278728,458.6],[0.197527,42.278687,458.1],[0.197577,42.278643,457.9],[0.197746,42.278565,457.9],[0.19801,42.278469,457.8],[0.198188,42.278405,458.0],[0.198346,42.278351,458.4],[0.198634,42.278266,458.9],[0.198772,42.278221,458.9],[0.198898,42.278205,458.9],[0.199182,42.278166,457.8],[0.199321,42.278138,456.7],[0.199486,42.278116,457.9],[0.199694,42.278022,456.2],[0.199873,42.27797,455.1],[0.200071,42.277915,454.7],[0.200183,42.27787,454.2],[0.200421,42.277805,454.5],[0.200557,42.277763,454.5],[0.200711,42.27768,453.8],[0.200803,42.277636,453.5],[0.200951,42.277591,454.2],[0.201056,42.277562,454.6],[0.201146,42.277548,455.2],[0.201285,42.277485,455.3],[0.201372,42.277415,454.7],[0.201545,42.277334,455.7],[0.201661,42.277275,455.8],[0.201819,42.277211,455.5],[0.201983,42.277128,454.9],[0.202133,42.277063,454.9],[0.202382,42.276991,455.7],[0.202656,42.276881,456.8],[0.20287,42.276779,456.7],[0.202998,42.276707,455.3],[0.203098,42.276639,454.3],[0.203201,42.276579,453.7],[0.20331,42.276576,454.4],[0.20342,42.276666,456.9],[0.203491,42.276722,457.8],[0.203524,42.276752,458.3],[0.203585,42.27675,458.8],[0.203664,42.276709,459.5],[0.203677,42.276613,459.3],[0.203686,42.276452,457.0],[0.203702,42.276365,455.7],[0.203732,42.276337,455.6],[0.203889,42.276247,456.2],[0.204044,42.27617,457.6],[0.204156,42.276114,457.7],[0.204229,42.276074,457.8],[0.204332,42.275988,457.6],[0.204415,42.275914,457.5],[0.20451,42.275838,457.0],[0.204614,42.275745,455.8],[0.204716,42.275658,455.1],[0.204818,42.275598,455.4],[0.204925,42.275558,456.0],[0.205067,42.275508,456.6],[0.205126,42.275475,456.7],[0.20518,42.275422,456.6],[0.2052,42.275368,456.2],[0.205223,42.275287,455.5],[0.205237,42.275188,454.8],[0.205255,42.275117,454.8],[0.205276,42.275061,455.0],[0.205306,42.275001,455.5],[0.205339,42.274952,455.8],[0.205392,42.274916,456.9],[0.2055,42.274871,459.3],[0.205571,42.274841,459.7],[0.205652,42.274818,459.9],[0.205764,42.274801,460.5],[0.205884,42.274804,460.4],[0.205976,42.274807,459.8],[0.206053,42.274811,459.3],[0.206166,42.274829,459.0],[0.2063,42.274848,458.1],[0.206434,42.274881,457.9],[0.20658,42.274918,457.9],[0.206725,42.274953,457.4],[0.206924,42.275019,457.7],[0.207104,42.275089,457.7],[0.207314,42.275169,458.0],[0.207613,42.275293,459.8],[0.207776,42.275361,460.4],[0.207885,42.275442,461.9],[0.20795,42.275496,462.7],[0.207991,42.275571,464.4],[0.208033,42.275648,466.0],[0.208063,42.275762,468.5],[0.208088,42.275819,469.6],[0.208146,42.275929,472.1],[0.208199,42.275978,472.5],[0.208293,42.276056,472.3],[0.208325,42.276077,473.0],[0.208381,42.276101,474.0],[0.208503,42.276155,475.7],[0.20857,42.2762,476.6],[0.208702,42.276334,479.7],[0.208758,42.276366,480.5],[0.208838,42.276371,481.0],[0.208917,42.276359,481.3],[0.209002,42.276323,482.3],[0.209081,42.276273,483.4],[0.20914,42.276215,484.2],[0.209188,42.27615,485.0],[0.209284,42.276019,485.9],[0.209379,42.275899,486.2],[0.209581,42.275711,485.7],[0.209724,42.275564,484.3],[0.209822,42.275446,484.4],[0.20991,42.27534,484.8],[0.209997,42.275234,485.3],[0.210153,42.275031,484.7],[0.210233,42.274948,483.7],[0.210315,42.274873,483.4],[0.210409,42.274801,481.6],[0.210478,42.274751,480.4],[0.210567,42.274704,479.8],[0.210751,42.274635,480.6],[0.210838,42.274591,480.6],[0.210908,42.274534,480.1],[0.211013,42.274451,479.4],[0.211091,42.274407,479.6],[0.211143,42.274377,479.3],[0.211155,42.274393,480.2],[0.211223,42.27437,480.4],[0.211295,42.274431,480.8],[0.211341,42.274464,480.0],[0.211443,42.274619,482.0],[0.211527,42.27473,482.1],[0.211624,42.274816,481.6],[0.211675,42.274882,480.7],[0.211682,42.274898,480.5],[0.21167,42.27495,480.5],[0.211658,42.27499,480.6],[0.211544,42.275074,482.0],[0.211443,42.275153,481.3],[0.211377,42.27524,480.7],[0.211352,42.275346,479.9],[0.211339,42.275474,479.0],[0.211289,42.275578,479.3],[0.211252,42.275665,478.7],[0.211208,42.275776,478.7],[0.211184,42.27589,479.9],[0.211166,42.276041,481.4],[0.211213,42.276068,481.3],[0.211284,42.276108,481.2],[0.211412,42.276165,481.6],[0.211488,42.27622,482.0],[0.211541,42.276278,481.9],[0.211589,42.276361,481.5],[0.211578,42.276506,481.7],[0.211524,42.27659,482.6],[0.211523,42.276645,482.9],[0.211557,42.276697,482.9],[0.211618,42.276741,482.5],[0.211861,42.276902,481.8],[0.212,42.276992,482.5],[0.212098,42.277031,483.3],[0.212209,42.277048,483.7],[0.21237,42.277059,483.1],[0.212529,42.277064,481.7],[0.212629,42.277088,479.6],[0.212703,42.277125,476.8],[0.212773,42.277173,474.5],[0.212824,42.277249,473.5],[0.212843,42.277331,473.3],[0.212836,42.277412,473.6],[0.212808,42.277471,474.3],[0.212734,42.277535,475.0],[0.212647,42.277691,472.8],[0.212581,42.277817,471.1],[0.212492,42.277887,471.4],[0.212426,42.277929,471.9],[0.212399,42.277965,471.8],[0.212392,42.278,471.9],[0.212398,42.278034,471.8],[0.212435,42.278095,470.9],[0.212452,42.278177,470.3],[0.212435,42.278244,469.8],[0.212371,42.278281,471.0],[0.212223,42.278303,473.1],[0.212051,42.278323,475.3],[0.211936,42.278355,477.0],[0.211806,42.278408,479.1],[0.211686,42.278476,480.0],[0.211627,42.278525,480.0],[0.211588,42.278574,480.1],[0.211536,42.278692,480.3],[0.211477,42.278789,480.8],[0.211401,42.278831,481.0],[0.211317,42.278856,481.4],[0.211192,42.278875,482.1],[0.211022,42.27891,482.9],[0.210932,42.278958,483.0],[0.21085,42.279017,483.0],[0.210767,42.2791,483.7],[0.210693,42.279187,484.9],[0.210647,42.279266,486.2],[0.210611,42.279353,487.5],[0.210603,42.279419,488.1],[0.210602,42.279476,488.4],[0.210663,42.279511,488.0],[0.210729,42.279526,487.6],[0.210798,42.279531,487.1],[0.2109,42.279519,486.0],[0.211026,42.279487,485.3],[0.211213,42.279431,484.2],[0.211358,42.279353,482.2],[0.211531,42.279289,481.6],[0.211701,42.279251,481.5],[0.211835,42.279218,481.5],[0.211971,42.279187,481.5],[0.212077,42.279164,481.7],[0.212076,42.279186,481.6],[0.212201,42.279202,481.2],[0.212281,42.279218,480.8],[0.212361,42.27925,480.4],[0.212426,42.27931,480.0],[0.212455,42.279365,480.0],[0.212475,42.279504,480.0],[0.212566,42.279641,480.0],[0.212583,42.27966,480.0],[0.21261,42.279748,480.0],[0.212634,42.279824,480.6],[0.212644,42.279894,481.2],[0.212678,42.279942,481.6],[0.212723,42.279962,481.8],[0.212838,42.279995,482.0],[0.212944,42.280033,481.9],[0.213014,42.280072,481.7],[0.21312,42.280171,480.4],[0.21315,42.28022,479.7],[0.21316,42.280296,479.4],[0.213194,42.280338,478.7],[0.213254,42.280388,477.5],[0.213333,42.280432,476.1],[0.213457,42.280502,474.2],[0.213516,42.280554,473.5],[0.213531,42.280618,474.7],[0.213528,42.280707,476.1],[0.213492,42.280811,478.5],[0.213462,42.280888,479.7],[0.213433,42.280932,480.2],[0.213278,42.281063,482.7],[0.213182,42.281183,482.4],[0.213047,42.281321,482.9],[0.212919,42.281468,482.4],[0.212876,42.281501,483.0],[0.212745,42.281523,485.1],[0.212691,42.281553,485.4],[0.212511,42.28171,485.2],[0.212328,42.281888,481.8],[0.212206,42.281979,480.3],[0.212094,42.281986,482.9],[0.212089,42.282005,482.5],[0.212008,42.282,484.7],[0.212017,42.281978,485.0],[0.211927,42.281959,487.3],[0.211817,42.281929,488.8],[0.211799,42.281946,488.7],[0.211625,42.281951,490.2],[0.21146,42.282013,490.0],[0.211263,42.282124,487.6],[0.211111,42.28226,485.9],[0.211043,42.282361,484.5],[0.21094,42.282447,484.5],[0.210886,42.28258,483.6],[0.210867,42.282678,482.7],[0.210872,42.282735,481.9],[0.2109,42.282777,482.0],[0.210961,42.282786,482.0],[0.211048,42.282781,481.8],[0.211145,42.282742,483.5],[0.211226,42.282726,486.4],[0.211308,42.282724,489.7],[0.211456,42.282728,492.3],[0.211544,42.282717,492.6],[0.211655,42.282703,492.6],[0.211741,42.282669,491.5],[0.211804,42.282621,490.5],[0.211868,42.282553,489.6],[0.21196,42.282478,489.9],[0.212066,42.282415,485.9],[0.212159,42.282369,482.3],[0.212294,42.282393,482.5],[0.21239,42.282404,482.2],[0.21247,42.282436,483.1],[0.212526,42.282472,483.7],[0.21266,42.282571,482.5],[0.212735,42.282665,482.2],[0.212804,42.282866,480.6],[0.212841,42.282973,480.4],[0.212912,42.283029,480.1],[0.212956,42.283073,480.3],[0.21303,42.283064,479.9],[0.213126,42.283049,479.4],[0.213279,42.283071,479.1],[0.213348,42.283096,479.3],[0.213437,42.283118,479.3],[0.213597,42.28316,479.7],[0.213666,42.283165,480.0],[0.213752,42.283165,480.3],[0.21386,42.283128,480.5],[0.213993,42.283082,481.2],[0.214073,42.28307,481.7],[0.214152,42.283081,481.5],[0.214225,42.2832,480.4],[0.214238,42.283276,480.1],[0.214241,42.283452,480.1],[0.214228,42.283551,480.7],[0.214139,42.283875,483.1],[0.214085,42.284033,483.7],[0.214035,42.284187,484.7],[0.214038,42.284263,485.2],[0.214059,42.284314,485.3],[0.214155,42.284405,485.1],[0.214228,42.284493,484.5],[0.214216,42.284532,485.4],[0.214332,42.28463,483.8],[0.21446,42.284856,485.9],[0.214568,42.285014,486.2],[0.214686,42.285118,485.9],[0.214802,42.285242,485.6],[0.214813,42.285321,486.2],[0.214712,42.285429,487.9],[0.214627,42.285539,489.1],[0.214578,42.285656,489.7],[0.214531,42.285877,489.6],[0.21438,42.285953,489.7],[0.214034,42.285994,489.3],[0.213646,42.286034,490.0],[0.213517,42.286124,490.3],[0.213385,42.286158,490.4],[0.213292,42.286207,490.3],[0.213196,42.286376,489.3],[0.213163,42.286493,488.3],[0.213348,42.286651,487.4],[0.21335,42.28666,487.3],[0.2134,42.286799,485.2],[0.213391,42.286822,484.6],[0.213441,42.286837,484.5],[0.213486,42.286862,484.2],[0.213448,42.286876,483.7],[0.213345,42.286886,482.9],[0.213251,42.286903,482.0],[0.213225,42.286959,480.2],[0.213259,42.287023,477.3],[0.213369,42.287053,476.7],[0.213372,42.287106,474.3],[0.213315,42.287115,473.3],[0.213253,42.287116,472.6],[0.213162,42.287097,472.7],[0.21305,42.287058,472.6],[0.212977,42.286974,474.9],[0.212888,42.286919,474.4],[0.212838,42.28696,471.3],[0.212854,42.287123,463.4],[0.212863,42.287229,460.3],[0.212865,42.287318,459.6],[0.212857,42.287571,460.2],[0.212922,42.28764,459.9],[0.212993,42.28772,460.1],[0.213021,42.287786,460.5],[0.213037,42.287882,461.5],[0.213092,42.287978,461.8],[0.213126,42.288108,462.8],[0.213136,42.288201,463.1],[0.21311,42.288274,464.1],[0.213106,42.288384,464.4],[0.213069,42.288565,465.0],[0.213058,42.288801,464.5],[0.213034,42.289039,464.6],[0.213033,42.289179,464.1],[0.213029,42.289288,462.6],[0.213053,42.289327,461.7],[0.213115,42.289339,461.0],[0.213203,42.289333,460.5],[0.213331,42.28933,459.7],[0.21339,42.289358,459.4],[0.213369,42.289383,459.5],[0.2133,42.289396,459.8],[0.213147,42.289445,459.8],[0.213043,42.289483,459.7],[0.213041,42.289525,459.5],[0.213093,42.289579,458.9],[0.213152,42.289661,457.8],[0.213277,42.289852,455.5],[0.213293,42.289947,456.5],[0.213391,42.290102,457.5],[0.21343,42.290177,458.2],[0.213477,42.290277,459.2],[0.213454,42.290406,461.4],[0.213428,42.290516,463.3],[0.213375,42.290649,466.5],[0.213295,42.290834,469.7],[0.213177,42.290951,472.0],[0.212916,42.291137,479.2],[0.212763,42.291271,482.0],[0.212715,42.291303,482.4],[0.212697,42.291339,482.4],[0.212668,42.291363,482.6],[0.212654,42.291434,481.9],[0.212659,42.291519,479.9],[0.212681,42.291604,477.2],[0.212665,42.291641,476.4],[0.212635,42.291697,475.5],[0.212654,42.29174,474.6],[0.212707,42.291795,472.7],[0.212763,42.291865,470.7],[0.21284,42.291927,469.3],[0.212924,42.292007,468.1],[0.212931,42.292068,467.7],[0.212949,42.292085,467.4],[0.21297,42.292114,467.0],[0.213011,42.292204,466.6],[0.213059,42.292287,466.1],[0.21307,42.292359,466.0],[0.213075,42.292441,466.4],[0.213107,42.292499,466.1],[0.213104,42.292528,466.3],[0.213115,42.292543,466.1],[0.213087,42.292565,466.8],[0.213087,42.292591,466.9],[0.213059,42.292608,467.8],[0.213001,42.292618,469.7],[0.212832,42.292617,474.7],[0.21268,42.292645,478.2],[0.212597,42.292653,479.5],[0.212534,42.292697,480.4],[0.212588,42.292811,479.3],[0.212666,42.292915,475.5],[0.212739,42.293005,470.9],[0.212801,42.29311,468.8],[0.212841,42.293281,469.7],[0.212893,42.29346,472.0],[0.212922,42.293555,472.9],[0.212929,42.293639,474.3],[0.212992,42.293819,475.3],[0.21303,42.293891,475.3],[0.213106,42.293988,475.1],[0.213148,42.294052,475.8],[0.213186,42.294106,476.6],[0.213191,42.294154,478.2],[0.213196,42.2942,479.1],[0.21319,42.294265,480.8],[0.213259,42.294469,479.6],[0.213305,42.294599,475.4],[0.213361,42.294711,473.3],[0.213463,42.294796,470.7],[0.213511,42.294826,470.2],[0.213647,42.294891,470.9],[0.214062,42.295059,467.9],[0.214293,42.295186,465.0],[0.21459,42.295407,463.3],[0.214696,42.295513,463.8],[0.214952,42.295782,464.0],[0.215126,42.296002,463.4],[0.2152,42.29606,461.5],[0.21531,42.296096,457.2],[0.215416,42.296102,453.4],[0.215619,42.296076,450.7],[0.215994,42.296017,450.0],[0.21621,42.295983,450.0],[0.216522,42.295938,450.5],[0.216791,42.295886,452.6],[0.216948,42.295851,455.4],[0.21711,42.295785,458.4],[0.217716,42.295542,463.6],[0.21798,42.295477,463.4],[0.218599,42.295415,466.6],[0.2186,42.295468,469.0],[0.218563,42.295491,469.4],[0.218499,42.295517,469.6],[0.218429,42.295535,469.4],[0.218361,42.295558,469.7],[0.218232,42.295569,469.2],[0.218167,42.295591,469.8],[0.218098,42.295628,471.3],[0.218019,42.295663,472.4],[0.217953,42.295671,472.0],[0.2179,42.295729,474.0],[0.217843,42.295796,475.9],[0.217803,42.295975,482.8],[0.217814,42.296038,485.9],[0.217859,42.296115,488.2],[0.21788,42.296177,489.5],[0.217885,42.296267,490.3],[0.217852,42.296315,489.2],[0.217842,42.29637,489.3],[0.217805,42.2964,487.8],[0.217805,42.296434,488.2],[0.217792,42.296463,488.0],[0.217774,42.296501,488.0],[0.217727,42.296546,489.5],[0.217612,42.296611,489.2],[0.217514,42.296673,488.9],[0.217343,42.296771,489.2],[0.217227,42.296867,492.1],[0.217107,42.296994,494.6],[0.21704,42.297119,495.4],[0.216921,42.297174,489.7],[0.216807,42.297273,488.1],[0.216646,42.297344,483.6],[0.216548,42.297389,482.7],[0.216495,42.297486,487.6],[0.216496,42.297549,491.1],[0.216466,42.297582,491.4],[0.216375,42.297658,490.9],[0.216292,42.297731,492.5],[0.216168,42.297793,486.2],[0.216183,42.297859,491.7],[0.216181,42.297909,495.4],[0.216062,42.298,496.6],[0.216055,42.29804,502.3],[0.21603,42.298101,508.5],[0.215999,42.298146,508.2],[0.215971,42.298183,505.6],[0.215979,42.29825,510.1],[0.215929,42.298313,506.9],[0.215884,42.298327,502.1],[0.215885,42.298381,504.5],[0.215859,42.298519,504.6],[0.215837,42.298603,504.0],[0.215815,42.298658,501.8],[0.215776,42.298734,495.3],[0.215767,42.298897,491.4],[0.215754,42.299108,484.0],[0.215745,42.299233,479.8],[0.21578,42.299376,481.0],[0.215823,42.299418,485.5],[0.215936,42.299504,492.8],[0.216021,42.299643,486.8],[0.216128,42.299763,491.6],[0.216208,42.299849,488.6],[0.216318,42.299981,489.2],[0.216419,42.30009,499.0],[0.216468,42.300148,503.1],[0.21657,42.300259,490.9],[0.216657,42.300344,493.0],[0.216763,42.300436,508.6],[0.216841,42.300578,504.6],[0.216932,42.300658,500.7],[0.217107,42.300758,499.6],[0.21734,42.300908,503.8],[0.217503,42.301068,496.7],[0.21762,42.301226,498.3],[0.217672,42.301294,498.9],[0.217743,42.301376,499.1],[0.217793,42.301452,497.1],[0.217784,42.301577,493.2],[0.217815,42.301708,493.0],[0.217855,42.301899,495.4],[0.217826,42.30201,495.6],[0.21781,42.302128,496.9],[0.217792,42.302201,497.7],[0.217784,42.302364,500.2],[0.217808,42.302524,501.6],[0.217819,42.30257,502.1],[0.21786,42.302655,502.1],[0.217896,42.302745,501.7],[0.217907,42.302879,498.7],[0.217948,42.303011,497.0],[0.217988,42.303131,494.2],[0.218053,42.303253,493.4],[0.218117,42.303338,494.3],[0.218154,42.303394,494.3],[0.218208,42.30347,495.2],[0.218193,42.303533,492.3],[0.21821,42.30364,491.5],[0.218312,42.303737,498.9],[0.21834,42.303843,499.3],[0.218348,42.303922,498.5],[0.218339,42.304047,495.4],[0.218355,42.304301,483.8],[0.218493,42.304401,483.9],[0.218613,42.304472,478.6],[0.218843,42.304557,477.8],[0.218964,42.304613,479.5],[0.219079,42.304635,484.5],[0.219177,42.304659,486.2],[0.219269,42.304702,482.0],[0.219405,42.304714,485.8],[0.219473,42.30473,485.5],[0.219594,42.304772,478.2],[0.219654,42.304782,476.8],[0.219792,42.304795,474.9],[0.219887,42.30481,472.2],[0.21998,42.304801,472.5],[0.220045,42.304803,471.6],[0.220134,42.304813,469.0],[0.220191,42.304791,470.0],[0.220265,42.304782,469.2],[0.22037,42.30475,470.3],[0.220534,42.304767,469.5],[0.220631,42.304687,484.4],[0.220835,42.30461,503.3],[0.220949,42.304631,502.2],[0.221043,42.304663,501.2],[0.221126,42.304667,506.1],[0.221167,42.304707,498.7],[0.22121,42.304757,492.0],[0.221285,42.304849,485.6],[0.221323,42.3049,483.6],[0.221473,42.305024,488.3],[0.221537,42.305081,490.6],[0.221596,42.305193,488.1],[0.221631,42.305251,488.0],[0.221656,42.305327,486.1],[0.221763,42.305521,482.6],[0.2218,42.305582,481.7],[0.221889,42.305647,485.0],[0.221939,42.305659,488.0],[0.221946,42.305696,487.3],[0.221961,42.30582,484.5],[0.222001,42.305923,484.5],[0.222004,42.306017,482.6],[0.222015,42.306124,481.6],[0.222062,42.306225,483.0],[0.222082,42.3063,483.4],[0.222119,42.306387,485.5],[0.222129,42.306656,486.2],[0.222087,42.306753,484.7],[0.222085,42.306862,487.5],[0.222077,42.306927,488.9],[0.222021,42.307096,495.9],[0.221935,42.307246,499.1],[0.221901,42.307305,500.6],[0.221871,42.30738,503.6],[0.221814,42.307529,504.2],[0.221792,42.307692,504.6],[0.22181,42.307752,506.0],[0.221783,42.30781,504.8],[0.221768,42.307891,505.1],[0.221726,42.308061,508.6],[0.221705,42.308134,510.9],[0.221656,42.308229,513.9],[0.221594,42.308298,515.3],[0.221532,42.308379,516.5],[0.221473,42.308566,519.0],[0.221471,42.308619,519.5],[0.221432,42.30864,517.8],[0.221441,42.308795,520.4],[0.221404,42.308888,521.7],[0.221364,42.308991,521.9],[0.22133,42.309091,523.2],[0.221292,42.309209,522.6],[0.221232,42.309296,518.2],[0.221157,42.309352,517.5],[0.221061,42.3094,518.0],[0.221001,42.30943,518.5],[0.22099,42.309481,521.2],[0.22096,42.309547,521.2],[0.220939,42.309624,521.1],[0.220968,42.309708,522.7],[0.220993,42.309781,522.2],[0.221009,42.309863,521.1],[0.220984,42.309976,518.5],[0.220948,42.310014,516.4],[0.220918,42.310034,515.1],[0.2209,42.310046,514.3],[0.22088,42.310056,513.4],[0.220777,42.310165,510.7],[0.220645,42.31033,511.1],[0.22041,42.310469,506.0],[0.220255,42.310506,500.1],[0.220139,42.310523,494.8],[0.220057,42.31055,491.4],[0.220015,42.310618,491.9],[0.219964,42.310687,492.7],[0.219902,42.310755,492.5],[0.219826,42.310811,490.6],[0.219748,42.310878,489.6],[0.219621,42.31099,489.7],[0.219523,42.311052,487.1],[0.219426,42.3111,484.4],[0.219315,42.311145,481.7],[0.219247,42.311174,480.0],[0.219185,42.311185,477.8],[0.219119,42.311167,475.0],[0.219055,42.311178,473.3],[0.218924,42.311226,470.2],[0.218768,42.311295,467.5],[0.218721,42.311335,467.3],[0.218704,42.311401,469.6],[0.218729,42.311474,473.0],[0.218716,42.311509,474.1],[0.218654,42.311538,474.2],[0.218594,42.31156,474.1],[0.218524,42.311564,473.5],[0.218414,42.31152,470.1],[0.218314,42.31146,465.7],[0.21824,42.311427,462.9],[0.218182,42.311426,462.0],[0.218115,42.311482,463.9],[0.21811,42.311529,466.3],[0.218081,42.311549,466.9],[0.218074,42.311589,469.3],[0.218098,42.31162,471.9],[0.21815,42.31164,474.5],[0.218191,42.311647,475.9],[0.218244,42.311659,478.0],[0.2183,42.31166,479.3],[0.218363,42.311678,481.2],[0.218424,42.311688,482.2],[0.218422,42.311723,485.0],[0.218378,42.311772,489.1],[0.218309,42.311818,491.8],[0.218199,42.311865,489.8],[0.218068,42.311974,488.5],[0.217969,42.312073,487.7],[0.217894,42.31212,487.3],[0.217798,42.31222,487.8],[0.217709,42.312265,488.5],[0.21748,42.312272,487.7],[0.217297,42.312313,487.4],[0.216894,42.312417,485.1],[0.216582,42.312472,482.0],[0.216436,42.312491,480.4],[0.216308,42.312546,481.8],[0.216297,42.312591,484.8],[0.216358,42.312619,487.4],[0.216508,42.312691,493.0],[0.21657,42.312747,497.1],[0.216575,42.312807,502.8],[0.21657,42.312861,507.8],[0.216566,42.312892,510.7],[0.216461,42.31293,516.0],[0.216251,42.312956,523.3],[0.216161,42.312973,526.8],[0.216048,42.312999,530.3],[0.215932,42.313027,532.8],[0.215804,42.313032,530.8],[0.215676,42.313027,528.2],[0.215396,42.312965,516.6],[0.215206,42.312919,509.4],[0.215042,42.3129,506.4],[0.214812,42.312926,508.8],[0.214471,42.312954,516.6],[0.214126,42.313004,515.0],[0.213939,42.313124,518.5],[0.213821,42.313206,523.0],[0.213671,42.313326,531.6],[0.213515,42.313443,535.5],[0.21338,42.313526,549.8],[0.213284,42.313561,556.9],[0.213145,42.313614,556.5],[0.212998,42.313703,549.8],[0.212845,42.313776,539.2],[0.21271,42.31379,530.0],[0.21266,42.313774,526.4],[0.212648,42.313743,525.4],[0.212643,42.313662,525.7],[0.212674,42.31357,528.4],[0.212673,42.313499,525.1],[0.212683,42.313456,519.6],[0.212733,42.313521,532.0],[0.212779,42.313609,535.0],[0.212806,42.313705,536.5],[0.212792,42.313823,535.8],[0.212765,42.313878,534.3],[0.212738,42.313918,532.8],[0.212736,42.313919,532.7],[0.21275,42.313965,534.0],[0.212801,42.313993,536.8],[0.212839,42.314008,538.8],[0.212884,42.314062,540.2],[0.212935,42.314149,540.6],[0.212947,42.314231,539.0],[0.212944,42.31432,536.5],[0.213001,42.314438,536.5],[0.213033,42.314543,538.6],[0.21304,42.31462,539.1],[0.213061,42.314768,541.2],[0.213052,42.314807,540.9],[0.213003,42.314848,537.9],[0.212996,42.314912,538.5],[0.21301,42.314988,540.2],[0.213003,42.315034,540.7],[0.21297,42.315094,540.5],[0.212969,42.315144,543.5],[0.212954,42.31519,545.7],[0.212883,42.315218,544.6],[0.212732,42.315242,540.4],[0.21259,42.315277,538.2],[0.21251,42.315304,536.9],[0.212463,42.3154,539.2],[0.212362,42.315561,541.1],[0.212243,42.315694,538.9],[0.212121,42.315828,536.0],[0.212102,42.3159,536.2],[0.212094,42.3161,538.0],[0.212101,42.316299,540.0],[0.212032,42.316446,537.8],[0.211943,42.31657,535.8],[0.21194,42.31668,537.6],[0.211947,42.316847,538.0],[0.211948,42.31699,538.1],[0.211919,42.317128,537.4],[0.211896,42.317252,536.6],[0.211901,42.317292,536.7],[0.211952,42.317383,537.9],[0.212094,42.317501,540.9],[0.212161,42.317567,542.6],[0.212226,42.317678,544.2],[0.212269,42.317833,545.4],[0.212292,42.317964,547.3],[0.212268,42.318091,546.7],[0.212238,42.318169,545.5],[0.212238,42.318229,545.6],[0.212267,42.318345,546.9],[0.212264,42.318469,546.5],[0.21221,42.318601,544.0],[0.212207,42.318676,543.7],[0.212221,42.31875,543.6],[0.21227,42.318831,543.8],[0.212356,42.31894,544.0],[0.212434,42.319026,542.4],[0.212568,42.319075,544.1],[0.212759,42.319156,547.6],[0.212916,42.319305,549.8],[0.213042,42.319421,553.1],[0.213043,42.319469,552.7],[0.213024,42.319529,551.5],[0.212999,42.319635,550.4],[0.213006,42.319712,551.1],[0.213038,42.31976,552.5],[0.213069,42.31985,555.4],[0.213114,42.319957,562.0],[0.213218,42.320055,569.4],[0.213287,42.320123,571.2],[0.213294,42.320201,570.9],[0.213323,42.320273,571.8],[0.213305,42.320305,572.1],[0.213236,42.320313,571.1],[0.213163,42.320288,569.5],[0.213091,42.320284,568.6],[0.213069,42.320316,569.1],[0.213066,42.320386,570.8],[0.213135,42.320638,575.9],[0.213203,42.320874,579.2],[0.213368,42.321511,585.8],[0.213416,42.321671,587.6],[0.213472,42.321814,589.0],[0.213511,42.321894,590.7],[0.213556,42.322034,593.0],[0.21363,42.322298,595.7],[0.213696,42.32251,598.1],[0.213767,42.322685,601.6],[0.213869,42.322888,605.3],[0.213998,42.323086,609.3],[0.214109,42.323281,610.3],[0.214245,42.323459,611.9],[0.214341,42.323528,614.0],[0.214481,42.323597,616.3],[0.214488,42.323621,616.6],[0.214459,42.323678,616.7],[0.214424,42.323739,616.5],[0.214409,42.323821,617.4],[0.214426,42.323914,617.8],[0.214494,42.324041,619.9],[0.214573,42.324171,621.4],[0.214632,42.324352,620.8],[0.214675,42.324459,620.5],[0.214709,42.324537,620.5],[0.214775,42.324609,622.0],[0.214794,42.324671,621.8],[0.214822,42.324715,622.2],[0.214873,42.324784,623.0],[0.214935,42.324847,624.2],[0.214986,42.324915,624.8],[0.215016,42.324997,624.3],[0.215078,42.32508,623.8],[0.215129,42.325122,623.2],[0.215172,42.325195,621.2],[0.215189,42.32525,619.2],[0.215214,42.325263,618.5],[0.215238,42.325264,618.3],[0.215278,42.325218,620.0],[0.215348,42.325185,621.5],[0.215457,42.325113,623.9],[0.215518,42.325078,624.7],[0.215557,42.325068,624.8],[0.215594,42.32508,624.3],[0.215638,42.325135,622.4],[0.215697,42.325139,623.6],[0.2158,42.325149,626.3],[0.215879,42.325179,627.8],[0.216003,42.325271,630.0],[0.216125,42.325357,632.3],[0.216311,42.325517,633.3],[0.216435,42.325604,630.9],[0.216525,42.325629,629.9],[0.21663,42.325626,631.0],[0.216739,42.325599,633.6],[0.216919,42.325563,636.4],[0.217056,42.325548,638.9],[0.217137,42.325558,639.4],[0.217202,42.32559,641.2],[0.217237,42.325625,643.3],[0.217249,42.325699,645.4],[0.217232,42.325783,646.6],[0.217163,42.325908,647.4],[0.217097,42.326047,648.6],[0.217051,42.326096,646.9],[0.217017,42.326137,645.6],[0.217002,42.326206,645.2],[0.217009,42.32625,645.4],[0.217047,42.326303,646.1],[0.21711,42.326377,647.7],[0.217218,42.326506,650.8],[0.217355,42.326655,653.9],[0.21748,42.326793,655.1],[0.217618,42.326902,656.3],[0.217727,42.327001,653.9],[0.217767,42.327025,653.5],[0.217851,42.327046,654.3],[0.218077,42.327067,657.6],[0.218188,42.327052,660.8],[0.218288,42.327066,661.5],[0.21844,42.327079,663.3],[0.218684,42.327035,670.6],[0.218812,42.327036,672.9],[0.21906,42.327064,674.6],[0.219197,42.327093,674.7],[0.219443,42.327185,671.0],[0.219571,42.327258,666.2],[0.219652,42.327265,666.2],[0.219834,42.327252,670.8],[0.220004,42.327218,676.4],[0.220055,42.327221,678.2],[0.220081,42.327236,678.8],[0.220099,42.327274,678.3],[0.22011,42.327367,678.5],[0.220113,42.327482,678.1],[0.220168,42.32772,682.0],[0.220212,42.327783,682.8],[0.220296,42.327849,684.6],[0.220625,42.328008,691.6],[0.220902,42.328152,694.2],[0.221013,42.328199,693.8],[0.221151,42.328211,695.3],[0.221382,42.328239,698.2],[0.221717,42.32827,704.9],[0.221931,42.328278,710.4],[0.222037,42.328317,711.8],[0.222183,42.328426,711.8],[0.222345,42.328574,710.8],[0.222478,42.328665,709.9],[0.222616,42.328722,710.9],[0.22278,42.328756,713.3],[0.22302,42.328796,717.3],[0.223341,42.328832,722.2],[0.223608,42.328869,724.8],[0.223977,42.328955,726.4],[0.224329,42.329069,728.6],[0.224493,42.329103,730.3],[0.224779,42.329128,733.8],[0.225076,42.329136,735.6],[0.225358,42.329127,737.1],[0.22566,42.329142,738.0],[0.225912,42.329134,738.5],[0.226003,42.329117,739.9],[0.226178,42.329108,741.8],[0.226224,42.329133,742.3],[0.226245,42.329208,742.9],[0.226255,42.329289,743.2],[0.226275,42.329482,746.0],[0.226265,42.329602,747.9],[0.226184,42.329911,753.5],[0.226106,42.330123,755.8],[0.226078,42.330263,756.5],[0.226092,42.330363,755.6],[0.226114,42.330425,755.1],[0.226164,42.33046,755.3],[0.226303,42.330493,755.7],[0.226536,42.330532,755.2],[0.226791,42.33062,750.2],[0.227152,42.330676,744.1],[0.227522,42.330731,743.7],[0.227838,42.330774,743.0],[0.228192,42.330842,738.5],[0.228518,42.330884,737.4],[0.228743,42.330888,739.7],[0.228941,42.330878,742.6],[0.229273,42.330825,747.0],[0.229576,42.330801,748.7],[0.229869,42.330762,750.0],[0.23,42.330743,750.7],[0.230059,42.33075,750.6],[0.23013,42.330791,750.0],[0.230222,42.330823,750.0],[0.230288,42.330821,750.2],[0.230364,42.330793,750.7],[0.230521,42.330665,750.7],[0.230624,42.330551,749.5],[0.230687,42.330462,749.2],[0.230688,42.330466,749.1],[0.231121,42.330295,741.9],[0.231658,42.330123,734.3],[0.232016,42.330033,730.0],[0.232381,42.32987,724.0],[0.232586,42.329766,719.8],[0.233122,42.329692,722.2],[0.23353,42.329778,717.6],[0.23368,42.329853,714.1],[0.233793,42.329851,712.6],[0.233972,42.329789,710.0],[0.234115,42.329718,707.1],[0.234279,42.329597,703.0],[0.234403,42.329465,702.6],[0.234497,42.329428,702.6],[0.234564,42.329457,701.1],[0.23468,42.329478,699.3],[0.234773,42.329449,701.9],[0.234833,42.32946,702.8],[0.234913,42.329495,703.9],[0.234874,42.329547,702.2],[0.23482,42.329637,699.8],[0.23478,42.32977,696.8],[0.234781,42.329867,697.3],[0.234781,42.329981,698.2],[0.234776,42.330096,698.2],[0.234769,42.330264,697.6],[0.234777,42.330319,697.1],[0.234801,42.330384,697.0],[0.234818,42.330463,696.2],[0.234841,42.330556,694.6],[0.234893,42.330684,692.5],[0.234943,42.330746,691.5],[0.235023,42.330854,689.2],[0.235005,42.330959,686.0],[0.234967,42.331091,682.4],[0.23489,42.331243,680.2],[0.234858,42.331296,680.0],[0.234807,42.331371,679.9],[0.234714,42.331452,676.5],[0.234582,42.331514,675.5],[0.234518,42.331546,675.9],[0.234471,42.331589,675.9],[0.234455,42.331654,673.5],[0.234413,42.331707,671.5],[0.234347,42.331761,670.0],[0.234297,42.33182,669.1],[0.234235,42.331856,668.7],[0.234247,42.331942,665.7],[0.234214,42.331982,665.0],[0.234223,42.33202,663.6],[0.23423,42.332091,661.0],[0.234196,42.332148,659.2],[0.234101,42.332205,656.3],[0.234096,42.332257,654.2],[0.234115,42.332318,651.9],[0.234123,42.33242,647.8],[0.234079,42.332478,645.6],[0.234011,42.332525,644.2],[0.234025,42.332557,643.1],[0.234151,42.332627,639.7],[0.234323,42.332625,637.0],[0.234318,42.332666,635.5],[0.234302,42.332734,633.2],[0.234378,42.332757,630.3],[0.234472,42.332763,627.9],[0.234556,42.332713,627.8],[0.234696,42.332646,624.8],[0.234834,42.332575,621.5],[0.23498,42.332553,616.3],[0.235118,42.332538,611.3],[0.235206,42.332566,610.2],[0.235238,42.332674,607.8],[0.235234,42.332778,605.1],[0.23522,42.332852,602.9],[0.235318,42.332845,604.6],[0.235397,42.332839,605.9],[0.235459,42.332866,606.1],[0.235514,42.332933,606.7],[0.235599,42.332988,608.5],[0.235682,42.333088,608.6],[0.235768,42.333167,608.1],[0.235859,42.333215,605.7],[0.235948,42.333198,605.9],[0.236057,42.333155,607.0],[0.236233,42.333093,608.4],[0.236339,42.333056,608.7],[0.236491,42.333015,611.9],[0.236526,42.333069,611.1],[0.236496,42.333147,607.9],[0.236495,42.333229,604.7],[0.236487,42.333351,599.7],[0.236449,42.333428,596.1],[0.23643,42.333543,591.1],[0.23639,42.333611,588.7],[0.236336,42.333689,586.3],[0.236302,42.333726,585.2],[0.23634,42.333767,583.9],[0.236331,42.333867,579.2],[0.236359,42.333955,574.6],[0.236358,42.334029,570.9],[0.236343,42.334138,566.7],[0.236384,42.334242,562.4],[0.23639,42.334329,561.5],[0.236365,42.334414,560.6],[0.236349,42.334489,559.9],[0.23632,42.334597,558.9],[0.236178,42.334661,557.6],[0.236189,42.334717,557.3],[0.236402,42.33475,559.3],[0.236536,42.334684,559.7],[0.236678,42.334628,560.8],[0.236665,42.334776,562.9],[0.236652,42.334817,563.6],[0.236572,42.334889,563.5],[0.236729,42.334898,566.7],[0.236922,42.334899,569.8],[0.237136,42.334834,570.9],[0.237379,42.334788,573.3],[0.23761,42.334767,575.8],[0.237715,42.334744,576.6],[0.237976,42.334664,577.7],[0.238237,42.334578,580.6],[0.238501,42.334515,581.2],[0.238636,42.334538,584.4],[0.238819,42.334565,588.7],[0.239089,42.334584,591.6],[0.239349,42.334615,592.7],[0.239521,42.334728,596.3],[0.239697,42.334829,598.6],[0.239815,42.334892,598.6],[0.239999,42.334953,599.4],[0.24019,42.33502,600.6],[0.240319,42.335055,601.4],[0.240508,42.335094,601.6],[0.240685,42.335176,601.7],[0.240861,42.335274,601.6]]}},{"type":"Feature","properties":{"Name":"Q — Boltaña–Fiscal","etapa":"Q","original_name":"Q_Boltaña-Fiscal","point_count":1338,"length_km":21.142},"geometry":{"type":"LineString","coordinates":[[0.066325,42.444384,595.9],[0.066122,42.444282,589.0],[0.065962,42.444201,588.7],[0.065827,42.444118,588.8],[0.065639,42.444015,589.2],[0.06545,42.44391,589.9],[0.065428,42.443866,590.2],[0.065397,42.443866,590.3],[0.065286,42.443924,590.6],[0.065157,42.444001,591.1],[0.064911,42.44413,592.0],[0.064789,42.444194,592.2],[0.064574,42.444299,592.1],[0.064481,42.444352,591.9],[0.06436,42.444387,591.7],[0.064236,42.444433,592.2],[0.064125,42.444469,592.9],[0.064014,42.444507,593.4],[0.063905,42.444536,594.0],[0.06385,42.44455,594.3],[0.063697,42.444587,595.0],[0.063524,42.444624,596.1],[0.063233,42.444709,596.9],[0.06298,42.444787,596.7],[0.062709,42.444875,597.5],[0.06248,42.444944,599.0],[0.062388,42.444987,599.3],[0.062266,42.445066,598.1],[0.062098,42.445089,599.7],[0.061939,42.445093,601.7],[0.061814,42.445103,604.2],[0.061768,42.445127,604.3],[0.061666,42.445141,605.9],[0.061601,42.44517,605.8],[0.061532,42.44518,606.6],[0.061419,42.445204,607.3],[0.061312,42.445249,605.8],[0.061177,42.445283,603.2],[0.061011,42.445289,602.8],[0.060905,42.445301,602.8],[0.060813,42.4453,604.0],[0.060653,42.445324,603.4],[0.060526,42.445373,602.6],[0.060409,42.445407,602.4],[0.060292,42.445442,602.9],[0.060166,42.445511,600.5],[0.060055,42.445571,598.0],[0.059961,42.445614,599.0],[0.059884,42.445626,600.2],[0.059807,42.445684,600.2],[0.059697,42.445758,601.6],[0.059595,42.445811,602.7],[0.0595,42.445864,603.7],[0.059451,42.445904,603.6],[0.059406,42.445946,603.0],[0.059343,42.445961,603.7],[0.059286,42.446003,602.9],[0.059198,42.446066,601.8],[0.059095,42.446123,602.0],[0.059019,42.446194,600.8],[0.05892,42.446264,599.7],[0.058865,42.44631,600.6],[0.058834,42.446363,600.5],[0.058797,42.446394,600.7],[0.058776,42.446435,600.1],[0.05873,42.446466,600.0],[0.058656,42.446523,599.6],[0.058516,42.446633,602.3],[0.058436,42.446718,602.0],[0.058319,42.446867,600.1],[0.058233,42.446943,599.4],[0.058056,42.447035,599.6],[0.05781,42.447157,603.1],[0.05763,42.447256,603.2],[0.057409,42.447326,604.2],[0.057274,42.447335,605.7],[0.057284,42.44739,602.9],[0.057294,42.447462,600.4],[0.057298,42.447505,601.2],[0.057274,42.447534,602.0],[0.057214,42.447562,603.4],[0.057176,42.447574,604.3],[0.057159,42.447603,605.4],[0.057206,42.447622,605.0],[0.057245,42.447683,605.6],[0.057235,42.447802,608.4],[0.057193,42.447869,611.1],[0.057061,42.447965,615.9],[0.056854,42.448081,622.9],[0.056638,42.448295,625.3],[0.056506,42.448413,625.3],[0.056249,42.448625,621.1],[0.056036,42.448821,619.6],[0.055885,42.449055,615.0],[0.055843,42.449242,614.7],[0.055838,42.449542,611.2],[0.055906,42.449693,608.7],[0.055926,42.449757,607.7],[0.055826,42.44986,608.4],[0.055761,42.449983,607.8],[0.055502,42.45037,606.4],[0.05536,42.450579,606.5],[0.055255,42.450732,606.1],[0.05512,42.450906,606.7],[0.05507,42.451046,606.8],[0.055024,42.451205,606.0],[0.054991,42.451327,605.1],[0.054899,42.451427,605.3],[0.054738,42.451564,606.8],[0.054629,42.451662,608.2],[0.054568,42.451914,609.7],[0.054492,42.452047,613.3],[0.05436,42.452194,615.9],[0.05423,42.452322,617.0],[0.054076,42.452417,617.5],[0.053934,42.452513,616.0],[0.053815,42.452569,616.2],[0.053725,42.452683,614.7],[0.053617,42.452797,615.2],[0.053569,42.452916,614.8],[0.053588,42.453061,612.5],[0.053459,42.453164,613.1],[0.0534,42.453314,613.4],[0.053337,42.453406,614.7],[0.053216,42.45348,616.5],[0.053006,42.453566,619.3],[0.052777,42.453675,621.8],[0.052636,42.45378,621.1],[0.052425,42.453913,622.4],[0.052215,42.454067,624.1],[0.052052,42.454149,625.5],[0.051884,42.454228,626.5],[0.05174,42.454285,626.8],[0.051576,42.454348,626.9],[0.051547,42.454426,627.8],[0.051549,42.454565,628.9],[0.051599,42.454734,629.8],[0.051574,42.454989,632.2],[0.051516,42.455093,632.2],[0.051402,42.455155,633.2],[0.051192,42.455219,636.3],[0.051099,42.45529,636.0],[0.051015,42.45536,634.6],[0.050874,42.455392,634.8],[0.050796,42.455416,635.2],[0.050709,42.455526,633.5],[0.050663,42.455608,631.4],[0.050494,42.455668,632.3],[0.050257,42.455703,635.0],[0.050072,42.455763,636.2],[0.049948,42.455798,637.6],[0.049773,42.455889,637.1],[0.049643,42.45597,637.5],[0.04946,42.456083,638.5],[0.049325,42.456136,639.1],[0.049195,42.456137,639.6],[0.049108,42.456077,641.5],[0.04913,42.456005,643.0],[0.049232,42.455962,642.7],[0.049249,42.455869,643.8],[0.04915,42.455816,646.2],[0.04899,42.455873,647.4],[0.048724,42.455886,650.1],[0.048569,42.455912,652.0],[0.048449,42.456017,651.9],[0.048274,42.456127,653.7],[0.048083,42.456247,657.3],[0.047909,42.456453,655.3],[0.047711,42.456669,655.0],[0.047531,42.456847,656.5],[0.047384,42.457006,656.0],[0.047284,42.457101,653.8],[0.047183,42.457092,655.7],[0.047085,42.457042,659.7],[0.047013,42.457028,661.4],[0.046938,42.457036,662.7],[0.046894,42.457087,662.3],[0.04689,42.457164,660.1],[0.046956,42.457311,664.1],[0.04712,42.457589,665.2],[0.047128,42.457669,665.1],[0.046951,42.457813,668.0],[0.046729,42.457897,669.2],[0.046576,42.457929,671.5],[0.046443,42.457954,673.3],[0.04627,42.457918,675.2],[0.04608,42.457895,675.7],[0.04601,42.45791,676.3],[0.045989,42.457997,675.2],[0.046042,42.458135,671.9],[0.04606,42.458264,671.7],[0.04595,42.458323,674.3],[0.045645,42.458334,678.2],[0.045322,42.458309,680.3],[0.045042,42.458313,680.5],[0.044854,42.458312,680.8],[0.04473,42.458337,680.4],[0.044609,42.458359,679.8],[0.044422,42.458302,678.2],[0.044157,42.458179,681.1],[0.043945,42.458119,681.3],[0.043842,42.458144,680.2],[0.043856,42.458264,678.0],[0.043979,42.458388,673.1],[0.044066,42.458544,673.8],[0.044156,42.458752,674.7],[0.044174,42.458959,674.6],[0.044144,42.459121,673.7],[0.044091,42.459318,672.1],[0.044054,42.459405,673.4],[0.044076,42.459507,673.9],[0.044081,42.45955,674.6],[0.044026,42.45956,676.2],[0.043989,42.459592,677.7],[0.043997,42.459642,678.5],[0.044029,42.459804,680.0],[0.044068,42.459993,680.7],[0.044065,42.460117,681.5],[0.04408,42.460256,682.3],[0.04408,42.460304,682.8],[0.044055,42.460403,684.5],[0.043995,42.460437,686.3],[0.043972,42.460516,687.3],[0.043978,42.460642,687.8],[0.043952,42.460758,688.1],[0.043923,42.460837,688.5],[0.043861,42.460891,689.4],[0.043754,42.460918,692.0],[0.043534,42.460943,698.1],[0.043429,42.460964,698.3],[0.043354,42.460992,698.3],[0.043343,42.461125,697.9],[0.043314,42.461254,700.3],[0.04339,42.461376,700.2],[0.043464,42.461501,699.7],[0.043524,42.461584,699.0],[0.043539,42.461712,699.3],[0.043469,42.46178,700.9],[0.043385,42.461806,702.4],[0.043301,42.461836,704.0],[0.043276,42.461935,704.2],[0.043291,42.462063,703.4],[0.043267,42.462166,703.5],[0.043217,42.46222,703.7],[0.043153,42.462247,703.8],[0.043058,42.462232,705.2],[0.042945,42.462201,706.8],[0.042815,42.462193,707.4],[0.042588,42.462182,707.8],[0.042405,42.462176,707.0],[0.042214,42.462179,706.2],[0.042046,42.462161,706.8],[0.04183,42.46215,706.4],[0.041666,42.462161,705.0],[0.041465,42.462144,705.4],[0.041324,42.462144,706.2],[0.041097,42.462124,708.7],[0.040948,42.462101,711.4],[0.040778,42.462104,711.8],[0.040663,42.462109,711.0],[0.040541,42.46213,708.7],[0.040358,42.462121,708.6],[0.040011,42.462124,707.1],[0.039711,42.462121,704.8],[0.03955,42.462086,707.3],[0.039308,42.46206,708.8],[0.039102,42.462057,711.4],[0.038966,42.462049,713.4],[0.038807,42.462036,715.6],[0.038652,42.461999,718.4],[0.038482,42.461953,720.2],[0.038354,42.461931,720.7],[0.038256,42.461959,715.5],[0.038178,42.461961,713.9],[0.03812,42.461946,715.0],[0.038065,42.461921,718.6],[0.038003,42.461895,722.1],[0.037931,42.461894,722.5],[0.037818,42.46194,717.2],[0.037747,42.461963,715.5],[0.037627,42.461996,714.1],[0.037577,42.462021,712.3],[0.037384,42.462052,712.3],[0.037299,42.462033,715.5],[0.037236,42.462062,713.5],[0.037146,42.462069,714.5],[0.037068,42.462085,714.6],[0.03692,42.462134,712.9],[0.036785,42.462159,714.5],[0.036689,42.462187,715.4],[0.036594,42.462214,716.7],[0.03648,42.462225,718.0],[0.036357,42.462244,718.9],[0.036278,42.462269,718.4],[0.03609,42.462266,719.6],[0.035875,42.462246,720.8],[0.035742,42.462232,721.1],[0.035621,42.462225,720.4],[0.035537,42.462191,721.5],[0.035396,42.462137,723.3],[0.03527,42.462098,722.5],[0.034991,42.462062,716.3],[0.034872,42.462058,712.7],[0.0348,42.462032,712.5],[0.034787,42.462001,714.6],[0.034675,42.461956,715.2],[0.034604,42.461924,715.9],[0.034525,42.461926,713.8],[0.034483,42.461929,712.6],[0.034418,42.461913,712.5],[0.034366,42.461929,710.4],[0.034272,42.461926,709.1],[0.034226,42.461908,709.8],[0.034126,42.461894,709.8],[0.034069,42.461895,710.1],[0.034012,42.461909,709.3],[0.03392,42.461941,707.2],[0.033827,42.461966,705.9],[0.033745,42.461975,706.4],[0.033693,42.46198,706.7],[0.033633,42.46199,706.7],[0.033514,42.461993,707.3],[0.033432,42.461973,708.7],[0.033325,42.461971,708.4],[0.033133,42.461958,707.7],[0.033038,42.46193,709.7],[0.032865,42.461888,711.1],[0.032575,42.461797,715.0],[0.032474,42.461832,713.2],[0.032398,42.46189,709.8],[0.032376,42.461959,705.7],[0.032363,42.462088,700.0],[0.032364,42.462186,701.2],[0.032388,42.462306,700.4],[0.03232,42.462383,703.0],[0.03225,42.462467,703.6],[0.032166,42.462593,703.0],[0.0321,42.462717,702.9],[0.032067,42.462786,702.8],[0.032033,42.462891,701.4],[0.031999,42.463009,698.6],[0.031981,42.463082,695.8],[0.031966,42.463134,693.8],[0.031947,42.463164,692.8],[0.031913,42.463204,691.7],[0.031859,42.463232,690.8],[0.03183,42.463242,690.6],[0.03178,42.46324,691.7],[0.03173,42.463215,692.8],[0.031681,42.463185,693.9],[0.031599,42.463155,695.0],[0.031442,42.463124,695.9],[0.031324,42.463124,692.7],[0.031217,42.463147,687.7],[0.031104,42.463184,684.3],[0.031016,42.463193,684.4],[0.030921,42.46321,684.0],[0.030791,42.463232,681.3],[0.030688,42.463262,677.5],[0.030585,42.463285,673.8],[0.030512,42.463295,671.9],[0.030394,42.463328,668.1],[0.030339,42.463374,664.9],[0.030321,42.463452,660.9],[0.030293,42.463511,658.3],[0.030266,42.463592,655.8],[0.030241,42.46366,654.2],[0.030074,42.463733,657.1],[0.029935,42.463809,655.5],[0.029721,42.463919,650.5],[0.029591,42.463997,649.0],[0.029446,42.464137,644.1],[0.029341,42.464244,641.6],[0.029222,42.46433,641.1],[0.029144,42.46437,641.2],[0.028993,42.46443,641.7],[0.028881,42.464473,641.8],[0.028818,42.464491,641.9],[0.028763,42.464509,641.6],[0.028717,42.464498,642.3],[0.028656,42.464451,644.2],[0.028657,42.464412,645.5],[0.028608,42.464343,648.1],[0.028554,42.464275,650.7],[0.028453,42.464184,654.8],[0.028388,42.464131,657.6],[0.028334,42.464105,659.2],[0.028212,42.464053,662.4],[0.028092,42.46406,665.5],[0.028,42.464087,667.9],[0.027877,42.464118,671.0],[0.027724,42.46414,670.9],[0.02765,42.46414,671.1],[0.027462,42.464125,670.7],[0.027365,42.464107,670.4],[0.027366,42.46414,668.7],[0.0273,42.464166,666.5],[0.027212,42.464199,667.0],[0.027059,42.464294,673.3],[0.026875,42.464397,679.2],[0.026756,42.46444,680.1],[0.026536,42.46448,678.7],[0.02628,42.464528,674.5],[0.025799,42.464544,673.5],[0.025607,42.464494,676.4],[0.025445,42.464429,678.5],[0.025245,42.464356,681.0],[0.025113,42.464317,681.9],[0.025,42.464263,684.0],[0.024915,42.464241,685.2],[0.02484,42.464232,685.7],[0.024748,42.46424,685.7],[0.024658,42.464242,686.2],[0.024489,42.464272,685.1],[0.024401,42.464294,684.2],[0.024281,42.464298,684.9],[0.024202,42.464309,685.3],[0.024088,42.464295,688.4],[0.023994,42.464243,692.1],[0.023755,42.464205,700.0],[0.023427,42.464266,700.2],[0.0232,42.464336,691.5],[0.023118,42.464353,688.7],[0.023029,42.464364,686.4],[0.0229,42.464409,690.9],[0.022826,42.464533,690.7],[0.022626,42.46455,698.8],[0.022538,42.464592,701.3],[0.022463,42.464657,704.1],[0.022306,42.464778,709.8],[0.022274,42.464858,707.8],[0.022201,42.464883,708.0],[0.021989,42.464818,712.8],[0.021758,42.464729,715.5],[0.021649,42.464675,716.1],[0.021601,42.464668,715.3],[0.021529,42.46476,710.9],[0.021426,42.464822,712.9],[0.021385,42.464902,713.6],[0.021319,42.464971,714.7],[0.021275,42.464991,715.5],[0.021216,42.465018,716.1],[0.021084,42.46501,717.3],[0.020977,42.465009,718.1],[0.02091,42.464993,719.9],[0.020832,42.464986,722.3],[0.020748,42.465001,723.6],[0.020686,42.465044,723.3],[0.020602,42.465098,724.2],[0.020508,42.465175,725.1],[0.020402,42.465231,726.1],[0.020245,42.465259,728.4],[0.020112,42.465286,729.7],[0.019944,42.465295,732.0],[0.019782,42.465316,733.4],[0.019637,42.465339,734.2],[0.019515,42.465347,735.2],[0.019366,42.465374,735.4],[0.019241,42.465404,735.1],[0.019064,42.465434,735.1],[0.018978,42.465371,737.1],[0.018761,42.465398,736.9],[0.018661,42.465497,734.7],[0.018581,42.465563,733.1],[0.018418,42.465692,730.0],[0.018298,42.465772,728.6],[0.018231,42.465816,727.9],[0.018159,42.465819,728.1],[0.017971,42.46583,728.6],[0.017818,42.465893,726.0],[0.017713,42.46589,724.6],[0.017635,42.465845,724.8],[0.017547,42.465807,723.1],[0.017404,42.465759,719.6],[0.017306,42.465718,717.6],[0.017242,42.465674,718.7],[0.017151,42.465712,717.2],[0.017026,42.465705,717.4],[0.016839,42.465738,714.6],[0.016618,42.465712,712.9],[0.016435,42.465636,710.4],[0.016304,42.465542,708.9],[0.016141,42.465435,708.1],[0.016083,42.465355,708.4],[0.016017,42.465272,709.0],[0.01581,42.465264,707.1],[0.01562,42.465317,703.6],[0.015481,42.465349,702.3],[0.015284,42.465306,696.4],[0.014994,42.465316,692.2],[0.014822,42.465295,693.3],[0.014682,42.465264,688.3],[0.01463,42.465181,688.2],[0.014608,42.465097,689.3],[0.014547,42.465093,686.1],[0.01445,42.46511,686.7],[0.014241,42.465144,687.2],[0.014006,42.465187,690.8],[0.013735,42.465254,686.4],[0.013626,42.465279,683.2],[0.013516,42.465298,679.9],[0.013416,42.465299,678.1],[0.013334,42.465304,676.3],[0.013218,42.46531,672.8],[0.013144,42.465357,667.9],[0.013045,42.465437,660.8],[0.012901,42.465488,658.3],[0.01276,42.465505,658.0],[0.012548,42.465558,660.1],[0.012439,42.465601,659.5],[0.012302,42.465623,663.1],[0.01211,42.465641,669.3],[0.012074,42.465648,671.3],[0.012027,42.465646,675.2],[0.011937,42.465654,681.4],[0.01186,42.46567,686.1],[0.011823,42.465702,686.4],[0.011748,42.465732,689.7],[0.011672,42.465794,689.1],[0.011513,42.465863,693.6],[0.011452,42.465896,692.6],[0.011276,42.465982,692.5],[0.011151,42.466021,694.2],[0.01105,42.466071,694.0],[0.010946,42.466123,694.5],[0.010827,42.466192,692.5],[0.010674,42.466279,690.3],[0.010614,42.466312,688.5],[0.010541,42.466345,685.7],[0.010431,42.466403,681.0],[0.010414,42.466451,677.6],[0.010396,42.466493,674.9],[0.01038,42.466549,671.4],[0.010368,42.466626,666.5],[0.010329,42.466725,660.8],[0.010282,42.466806,656.9],[0.010259,42.46686,654.3],[0.01022,42.466881,654.0],[0.010122,42.467015,650.1],[0.01005,42.467106,647.9],[0.009998,42.467194,645.6],[0.009951,42.467268,643.3],[0.009872,42.467331,641.0],[0.009775,42.467356,640.0],[0.009589,42.467371,640.0],[0.009472,42.467396,639.0],[0.009332,42.467361,640.8],[0.009232,42.467324,642.5],[0.009117,42.467269,644.1],[0.008923,42.46721,642.7],[0.008847,42.4672,641.7],[0.008784,42.467224,641.6],[0.008705,42.467226,642.2],[0.008637,42.467178,645.2],[0.008383,42.46703,654.3],[0.008289,42.466955,649.8],[0.008135,42.466872,645.7],[0.00796,42.46683,643.9],[0.007795,42.466775,643.0],[0.007582,42.466648,644.3],[0.00736,42.466572,647.7],[0.007118,42.46646,649.8],[0.006993,42.466402,650.4],[0.006883,42.466361,649.6],[0.006769,42.46633,648.1],[0.006684,42.466275,648.0],[0.006526,42.466214,647.5],[0.006323,42.466111,647.1],[0.006147,42.466038,647.8],[0.005928,42.465949,648.9],[0.005695,42.465866,651.2],[0.005584,42.465802,653.0],[0.005505,42.465748,653.7],[0.005403,42.465664,655.2],[0.005302,42.465621,654.7],[0.005181,42.46556,651.9],[0.005122,42.465452,651.2],[0.005005,42.465324,656.7],[0.004865,42.465277,659.2],[0.004725,42.465251,661.5],[0.004576,42.465233,663.6],[0.004425,42.465225,660.8],[0.004352,42.465203,659.6],[0.004277,42.465143,660.3],[0.004171,42.465136,655.1],[0.00399,42.465149,651.0],[0.003848,42.465143,650.1],[0.003706,42.465151,651.1],[0.003562,42.465158,652.1],[0.003438,42.465146,653.7],[0.003365,42.465127,655.7],[0.003282,42.46514,656.2],[0.003236,42.465138,659.3],[0.00319,42.465154,660.7],[0.003138,42.465195,659.5],[0.003093,42.465248,655.8],[0.003037,42.465288,653.1],[0.002856,42.46532,652.3],[0.002716,42.465349,652.8],[0.002598,42.465387,650.9],[0.00256,42.465404,649.9],[0.002522,42.465406,649.6],[0.002845,42.465376,651.3],[0.00282,42.465357,651.9],[0.002761,42.465343,652.7],[0.002678,42.465358,652.6],[0.002608,42.465384,651.1],[0.002556,42.465408,649.7],[0.002521,42.465409,649.4],[0.002452,42.46539,649.7],[0.00239,42.465401,648.8],[0.002347,42.465409,648.1],[0.002327,42.465373,649.4],[0.002267,42.465367,649.0],[0.002246,42.465352,649.4],[0.002207,42.465353,648.9],[0.002133,42.465353,648.1],[0.002066,42.465377,647.6],[0.002026,42.46539,648.5],[0.001973,42.4654,649.7],[0.00187,42.46542,652.0],[0.001854,42.465393,653.6],[0.001821,42.465377,655.3],[0.001779,42.465376,656.4],[0.001707,42.465415,653.5],[0.001666,42.46541,653.1],[0.001659,42.465374,654.5],[0.001629,42.465347,655.1],[0.001537,42.465311,655.3],[0.00151,42.465282,656.1],[0.001433,42.465188,659.3],[0.001279,42.465111,663.2],[0.001127,42.465037,666.8],[0.000965,42.464975,665.7],[0.000893,42.464875,666.0],[0.000858,42.46475,661.9],[0.000811,42.464628,663.3],[0.000736,42.464493,669.2],[0.000469,42.464219,665.5],[0.0003,42.464074,665.6],[0.000195,42.464032,663.0],[8.7e-05,42.464029,662.4],[-0.000197,42.464061,661.5],[-0.00039,42.464071,662.6],[-0.000843,42.46408,664.4],[-0.001079,42.464099,664.8],[-0.0014,42.46419,663.8],[-0.001536,42.464331,664.3],[-0.00157,42.464378,664.7],[-0.00156,42.464508,667.2],[-0.001522,42.464708,667.9],[-0.001504,42.464796,668.8],[-0.001485,42.464967,669.6],[-0.001474,42.465109,667.4],[-0.001522,42.465156,662.5],[-0.001576,42.465181,658.2],[-0.001636,42.465197,656.6],[-0.001686,42.465211,655.3],[-0.001759,42.465238,653.6],[-0.001804,42.465263,652.5],[-0.001869,42.4653,651.0],[-0.001932,42.465328,650.7],[-0.001975,42.465357,650.4],[-0.002047,42.465402,649.9],[-0.002135,42.465451,649.2],[-0.002283,42.465368,649.4],[-0.002456,42.465249,649.9],[-0.002562,42.465181,650.3],[-0.002669,42.465249,650.6],[-0.002737,42.465318,650.5],[-0.002841,42.465393,650.8],[-0.002967,42.465446,651.4],[-0.003054,42.465504,651.7],[-0.003165,42.465564,652.0],[-0.003277,42.465582,652.5],[-0.003348,42.465544,652.9],[-0.003402,42.465504,653.2],[-0.00347,42.465486,653.6],[-0.003572,42.465482,654.3],[-0.003675,42.465464,655.2],[-0.003709,42.465431,655.7],[-0.00377,42.46537,656.5],[-0.003792,42.465301,657.1],[-0.00385,42.465199,658.0],[-0.003928,42.465098,659.1],[-0.004077,42.464872,661.9],[-0.004326,42.464595,666.0],[-0.004412,42.46443,668.3],[-0.004481,42.464322,669.3],[-0.004636,42.464232,670.8],[-0.004946,42.464124,673.6],[-0.005059,42.464078,675.2],[-0.005119,42.464084,676.2],[-0.005189,42.464144,677.2],[-0.00526,42.464237,677.5],[-0.005225,42.464332,676.3],[-0.005309,42.464408,676.7],[-0.005427,42.46453,675.5],[-0.005656,42.464607,675.3],[-0.005914,42.464692,674.1],[-0.006237,42.464748,674.0],[-0.006456,42.464782,674.4],[-0.006607,42.464844,673.9],[-0.006884,42.46491,673.2],[-0.007124,42.465001,672.3],[-0.007249,42.465047,672.0],[-0.007525,42.465139,671.7],[-0.007715,42.465148,673.1],[-0.007922,42.465162,673.6],[-0.008133,42.465224,674.0],[-0.008223,42.465304,673.2],[-0.008363,42.465402,672.4],[-0.008677,42.465537,671.7],[-0.00902,42.465669,672.0],[-0.009205,42.465728,673.3],[-0.00955,42.465819,675.3],[-0.009848,42.465894,676.2],[-0.010039,42.465953,676.3],[-0.010241,42.466074,674.5],[-0.010421,42.466153,673.0],[-0.01053,42.466252,671.3],[-0.010505,42.466395,670.1],[-0.010449,42.466559,669.0],[-0.010388,42.466699,667.3],[-0.010394,42.466745,666.8],[-0.010506,42.466796,666.6],[-0.010597,42.466791,667.0],[-0.010787,42.4668,667.6],[-0.010867,42.466788,667.9],[-0.010906,42.466741,668.2],[-0.01094,42.466682,668.6],[-0.010942,42.466592,669.0],[-0.010923,42.466504,669.0],[-0.010924,42.466429,669.0],[-0.010962,42.466375,669.1],[-0.011034,42.466317,669.4],[-0.011118,42.466309,669.7],[-0.01119,42.466343,669.8],[-0.011214,42.466418,669.9],[-0.011219,42.466511,669.9],[-0.011211,42.466597,669.9],[-0.011238,42.466683,670.1],[-0.011292,42.466819,670.4],[-0.011427,42.466876,671.1],[-0.011661,42.466929,672.7],[-0.011751,42.466939,673.4],[-0.011943,42.466981,675.6],[-0.012089,42.467046,677.6],[-0.01209,42.467153,676.8],[-0.012114,42.467258,676.3],[-0.012173,42.467369,676.4],[-0.012246,42.467454,676.5],[-0.012337,42.467581,676.1],[-0.012452,42.467662,677.0],[-0.012538,42.467728,677.3],[-0.012679,42.467821,677.3],[-0.012791,42.467864,677.8],[-0.012921,42.467912,678.3],[-0.013102,42.468002,677.5],[-0.013256,42.468113,676.6],[-0.013358,42.468143,677.4],[-0.013533,42.468214,678.5],[-0.013656,42.468271,678.9],[-0.013827,42.468352,679.1],[-0.013947,42.468424,678.6],[-0.01421,42.46856,677.8],[-0.014324,42.468616,677.7],[-0.01463,42.468752,677.1],[-0.014694,42.468774,677.0],[-0.014935,42.468889,676.8],[-0.015182,42.469005,676.1],[-0.015335,42.469052,675.5],[-0.015459,42.469083,675.3],[-0.015655,42.469116,675.4],[-0.016031,42.469164,675.6],[-0.016169,42.469159,676.9],[-0.016309,42.469156,678.1],[-0.016444,42.469132,680.1],[-0.016499,42.469118,681.2],[-0.016639,42.469094,682.6],[-0.016848,42.469107,681.3],[-0.016987,42.469123,680.3],[-0.017201,42.469148,678.8],[-0.017357,42.469163,678.3],[-0.017554,42.469197,677.5],[-0.017724,42.469256,676.8],[-0.01785,42.469292,676.5],[-0.018048,42.469315,676.3],[-0.018143,42.469319,676.5],[-0.01831,42.469324,677.0],[-0.018454,42.469315,677.6],[-0.018543,42.469307,678.0],[-0.018639,42.469293,678.4],[-0.018789,42.469281,679.3],[-0.019057,42.469255,681.4],[-0.01928,42.469255,682.2],[-0.019459,42.469248,683.1],[-0.019687,42.469274,682.5],[-0.019988,42.469303,680.6],[-0.020222,42.469304,682.9],[-0.020446,42.469335,682.3],[-0.020532,42.469353,681.9],[-0.020768,42.469371,679.5],[-0.020953,42.469396,679.6],[-0.021125,42.469447,679.4],[-0.021379,42.469528,678.7],[-0.021448,42.469537,678.8],[-0.021598,42.469562,679.0],[-0.021804,42.469566,679.7],[-0.022044,42.469581,678.9],[-0.022171,42.46962,679.9],[-0.022267,42.469644,680.6],[-0.022497,42.469709,681.3],[-0.022676,42.469742,682.0],[-0.022789,42.46976,682.0],[-0.022968,42.46979,681.9],[-0.023203,42.469872,682.1],[-0.02331,42.469898,683.4],[-0.02345,42.46994,684.9],[-0.023619,42.470008,685.1],[-0.023851,42.470107,684.8],[-0.024084,42.470213,686.5],[-0.024232,42.470291,686.8],[-0.024339,42.470367,687.1],[-0.024559,42.470462,688.4],[-0.024644,42.470511,688.0],[-0.024823,42.470591,688.2],[-0.024906,42.47063,688.5],[-0.025037,42.470695,688.8],[-0.025147,42.470778,689.3],[-0.025294,42.47087,689.8],[-0.025479,42.470975,689.5],[-0.025597,42.47102,689.3],[-0.025692,42.471101,688.0],[-0.025811,42.471173,687.0],[-0.026041,42.471344,686.6],[-0.026133,42.471405,687.5],[-0.026274,42.471505,688.2],[-0.026468,42.471588,690.2],[-0.026668,42.471673,690.0],[-0.02681,42.471763,688.4],[-0.026919,42.471837,686.6],[-0.027124,42.471939,682.8],[-0.027215,42.471986,684.0],[-0.027396,42.472077,685.9],[-0.027523,42.472173,684.9],[-0.027608,42.472223,684.6],[-0.027787,42.472327,683.1],[-0.027898,42.472342,683.5],[-0.027996,42.47233,684.8],[-0.028137,42.472327,685.3],[-0.028292,42.472351,684.8],[-0.028375,42.472335,683.7],[-0.028413,42.47225,685.1],[-0.028373,42.47212,687.4],[-0.028247,42.471949,691.0],[-0.028003,42.471662,693.8],[-0.027751,42.471379,697.6],[-0.027653,42.471245,698.4],[-0.027525,42.47105,699.3],[-0.027422,42.470762,700.0],[-0.027397,42.470376,704.0],[-0.027399,42.470075,707.2],[-0.027483,42.469538,712.6],[-0.027571,42.469298,715.2],[-0.027744,42.469135,715.8],[-0.028019,42.468945,717.2],[-0.028524,42.46861,724.1],[-0.028935,42.468319,727.2],[-0.029158,42.468135,728.8],[-0.029451,42.467905,730.6],[-0.02958,42.46782,731.3],[-0.029861,42.467763,732.1],[-0.030277,42.467756,733.0],[-0.030733,42.467754,732.1],[-0.031299,42.467753,735.6],[-0.031535,42.467732,735.8],[-0.031939,42.467659,734.9],[-0.032288,42.467595,735.1],[-0.03274,42.467546,734.8],[-0.033162,42.467552,735.2],[-0.03345,42.467542,732.8],[-0.03376,42.467441,731.6],[-0.033931,42.46733,728.5],[-0.034104,42.467228,727.5],[-0.034213,42.467242,727.3],[-0.03446,42.467398,727.2],[-0.034666,42.467625,730.2],[-0.034868,42.467821,731.6],[-0.03499,42.467903,732.9],[-0.035117,42.467915,733.7],[-0.035227,42.467853,734.2],[-0.035383,42.467741,735.2],[-0.035598,42.467581,736.6],[-0.035936,42.467348,739.0],[-0.03635,42.467139,741.1],[-0.036684,42.466996,742.1],[-0.037008,42.466873,742.9],[-0.037246,42.46675,743.2],[-0.037458,42.466606,744.2],[-0.037714,42.46642,745.1],[-0.037901,42.466278,746.8],[-0.038239,42.465992,749.5],[-0.038432,42.465761,750.8],[-0.038566,42.465658,751.0],[-0.039103,42.466066,749.5],[-0.039775,42.466647,747.0],[-0.040088,42.466918,745.9],[-0.040472,42.467109,744.1],[-0.040706,42.467239,743.5],[-0.040887,42.467456,742.3],[-0.041082,42.467799,740.1],[-0.041397,42.468321,737.6],[-0.041597,42.468763,738.4],[-0.041788,42.468885,735.2],[-0.041946,42.469087,734.2],[-0.041951,42.469378,732.0],[-0.041948,42.469648,728.8],[-0.041824,42.469854,728.2],[-0.041608,42.470051,726.7],[-0.041231,42.470222,724.2],[-0.041235,42.47035,719.5],[-0.04135,42.470449,716.7],[-0.04154,42.470578,715.3],[-0.041823,42.470684,713.9],[-0.042064,42.470644,712.8],[-0.04228,42.470533,708.9],[-0.04258,42.470264,704.2],[-0.042755,42.47002,701.9],[-0.043009,42.469913,701.5],[-0.043248,42.469919,698.8],[-0.043493,42.470014,699.1],[-0.043923,42.470348,704.5],[-0.044118,42.470488,706.5],[-0.044428,42.470709,705.4],[-0.044776,42.470959,703.9],[-0.045311,42.471196,703.6],[-0.045841,42.471437,703.7],[-0.046089,42.471582,703.1],[-0.046554,42.471768,702.1],[-0.046938,42.471859,701.6],[-0.047172,42.471869,701.3],[-0.047395,42.471931,700.5],[-0.047514,42.472034,700.3],[-0.047647,42.472165,700.9],[-0.047856,42.47222,701.9],[-0.048151,42.472249,703.5],[-0.048482,42.47225,703.8],[-0.049039,42.472325,699.0],[-0.049369,42.472341,695.1],[-0.049638,42.472234,695.6],[-0.050041,42.47212,693.6],[-0.050481,42.472029,691.1],[-0.05077,42.471997,692.5],[-0.050907,42.472043,691.9],[-0.051077,42.472207,690.5],[-0.051265,42.472372,689.6],[-0.05148,42.472381,689.5],[-0.051927,42.472374,690.0],[-0.052213,42.4724,690.2],[-0.052618,42.472449,691.3],[-0.053003,42.472413,690.9],[-0.053451,42.472368,690.5],[-0.054155,42.472364,690.5],[-0.054522,42.472402,691.7],[-0.054911,42.472405,693.0],[-0.055323,42.472394,696.7],[-0.055872,42.47244,697.0],[-0.056534,42.472539,698.0],[-0.056855,42.47253,698.2],[-0.057052,42.47252,698.7],[-0.057451,42.472495,699.0],[-0.057685,42.472519,699.0],[-0.057827,42.472558,698.8],[-0.05831,42.47267,698.0],[-0.058514,42.472714,697.9],[-0.059543,42.472748,698.8],[-0.060051,42.472736,698.7],[-0.060506,42.472751,698.4],[-0.060935,42.47279,698.8],[-0.061462,42.4728,699.0],[-0.062147,42.472814,700.0],[-0.062413,42.472864,700.0],[-0.062872,42.472986,700.8],[-0.063546,42.473134,701.9],[-0.063792,42.473187,701.7],[-0.064244,42.473259,701.9],[-0.064561,42.473256,702.2],[-0.065092,42.473167,707.0],[-0.065433,42.473055,707.4],[-0.065981,42.47281,708.2],[-0.066454,42.472638,715.6],[-0.066803,42.47254,719.3],[-0.067271,42.472371,719.8],[-0.067372,42.472278,719.3],[-0.067397,42.472133,718.5],[-0.06742,42.471971,719.9],[-0.067532,42.471807,719.5],[-0.067656,42.471821,721.1],[-0.067708,42.471939,720.0],[-0.067853,42.472123,716.0],[-0.068001,42.472248,715.4],[-0.068161,42.472298,715.6],[-0.068392,42.472283,716.3],[-0.068666,42.472265,718.8],[-0.069203,42.472261,723.5],[-0.069486,42.472343,723.7],[-0.069801,42.472393,729.2],[-0.070056,42.472474,731.6],[-0.070381,42.472589,729.6],[-0.07072,42.472725,722.2],[-0.070971,42.472778,719.4],[-0.071264,42.472775,718.8],[-0.071701,42.472743,718.9],[-0.072015,42.472801,717.3],[-0.072257,42.47285,717.2],[-0.072612,42.472937,716.4],[-0.073112,42.472996,718.5],[-0.073505,42.473119,721.2],[-0.073715,42.473238,721.8],[-0.073906,42.473353,719.7],[-0.074114,42.473525,718.2],[-0.074331,42.473691,717.0],[-0.074542,42.473788,717.0],[-0.07478,42.473918,716.4],[-0.074763,42.474099,714.1],[-0.074886,42.474215,714.5],[-0.075218,42.474515,716.4],[-0.075227,42.474724,715.0],[-0.074988,42.474921,713.2],[-0.074698,42.475115,712.0],[-0.074702,42.475248,711.9],[-0.074745,42.475373,711.5],[-0.074828,42.475478,711.5],[-0.074887,42.475496,711.7],[-0.074973,42.475451,712.0],[-0.075034,42.475411,712.3],[-0.075087,42.475349,712.8],[-0.075152,42.475273,713.3],[-0.075252,42.475201,713.9],[-0.075395,42.475221,714.4],[-0.075515,42.475253,714.6],[-0.075677,42.47527,715.1],[-0.075775,42.475307,715.3],[-0.075894,42.47536,715.5],[-0.075968,42.475403,715.5],[-0.076032,42.475421,715.7],[-0.076097,42.475431,715.8],[-0.076205,42.475385,716.4],[-0.076376,42.475348,717.1],[-0.076555,42.475303,717.9],[-0.076701,42.475246,718.7],[-0.076836,42.475213,719.5],[-0.076893,42.475261,719.3],[-0.076993,42.475299,719.5],[-0.077106,42.475355,719.6],[-0.077177,42.475367,719.9],[-0.077258,42.475322,720.6],[-0.077391,42.475295,721.7],[-0.077543,42.475285,722.7],[-0.077665,42.475279,723.6],[-0.077747,42.475206,725.1],[-0.077846,42.475079,727.1],[-0.078003,42.47487,730.5],[-0.07813,42.474741,732.2],[-0.07828,42.47469,733.1],[-0.078478,42.474632,734.3],[-0.078741,42.474569,735.4],[-0.07897,42.474581,734.7],[-0.07925,42.474669,733.7],[-0.079547,42.474809,731.2],[-0.079901,42.474979,730.8],[-0.080046,42.47504,730.2],[-0.080358,42.475207,728.7],[-0.080644,42.475401,727.2],[-0.080801,42.475599,726.1],[-0.08088,42.475704,725.7],[-0.081039,42.475889,725.4],[-0.081239,42.475799,726.4],[-0.081537,42.475703,728.5],[-0.081822,42.475755,729.3],[-0.082095,42.475812,729.7],[-0.082321,42.475944,730.2],[-0.082594,42.476123,731.0],[-0.083013,42.476333,731.6],[-0.083256,42.476493,732.5],[-0.083465,42.476616,733.2],[-0.083687,42.476699,734.7],[-0.083863,42.476858,735.6],[-0.084003,42.477015,735.9],[-0.084165,42.477218,735.7],[-0.084443,42.477407,736.2],[-0.08479,42.477592,736.7],[-0.085137,42.477755,736.6],[-0.085527,42.477923,736.4],[-0.085952,42.47798,737.4],[-0.086382,42.477945,738.1],[-0.086757,42.4779,738.5],[-0.087031,42.477939,739.2],[-0.087239,42.47794,739.3],[-0.087395,42.478016,739.2],[-0.08768,42.478318,740.2],[-0.087956,42.478574,741.7],[-0.088241,42.478898,742.3],[-0.088514,42.479068,742.6],[-0.088759,42.479197,743.7],[-0.089065,42.479336,744.4],[-0.089587,42.479544,745.5],[-0.090011,42.479636,746.1],[-0.090241,42.479701,745.6],[-0.090709,42.479762,745.3],[-0.091231,42.479848,745.2],[-0.091854,42.479995,745.9],[-0.092462,42.48021,747.2],[-0.092789,42.480426,748.2],[-0.093097,42.480664,749.8],[-0.093221,42.480758,750.6],[-0.093435,42.480883,751.5],[-0.09372,42.481026,753.0],[-0.093797,42.481114,753.5],[-0.093894,42.481236,754.2],[-0.094035,42.481344,755.1],[-0.094296,42.481531,756.0],[-0.094515,42.481701,756.8],[-0.094833,42.48196,757.9],[-0.095022,42.482098,758.6],[-0.09517,42.482224,759.4],[-0.09534,42.482365,760.6],[-0.095471,42.482411,761.7],[-0.095869,42.482524,764.3],[-0.096124,42.482608,764.7],[-0.096332,42.482649,765.0],[-0.096652,42.482743,763.5],[-0.096821,42.48273,763.4],[-0.09693,42.48267,764.2],[-0.097144,42.482556,766.3],[-0.097438,42.482405,768.2],[-0.09791,42.482211,766.2],[-0.098076,42.482108,764.1],[-0.098178,42.482006,764.4],[-0.09832,42.481986,762.6],[-0.098418,42.482044,761.8],[-0.098462,42.482123,762.6],[-0.098494,42.482141,763.4],[-0.098548,42.48218,764.7],[-0.098573,42.482224,765.5],[-0.098608,42.482299,766.6],[-0.098644,42.482339,767.4],[-0.098687,42.482377,768.6],[-0.098676,42.482452,769.5],[-0.098665,42.482584,771.0],[-0.098734,42.482678,771.5],[-0.098817,42.482755,772.0],[-0.098942,42.482852,773.1],[-0.099076,42.482978,774.3],[-0.099138,42.483023,774.6],[-0.099249,42.483092,775.0],[-0.099214,42.483193,774.9],[-0.099176,42.483301,774.6],[-0.099182,42.483382,774.2],[-0.099176,42.483455,773.9],[-0.099089,42.483638,772.1],[-0.099087,42.483628,772.2],[-0.099055,42.483675,771.7],[-0.099049,42.483688,771.5],[-0.099028,42.483713,771.1],[-0.099022,42.483781,769.5],[-0.099015,42.483843,768.0],[-0.099032,42.483854,767.9],[-0.099076,42.483883,767.6],[-0.099192,42.483927,767.9],[-0.099273,42.483944,767.6],[-0.099373,42.48399,766.0],[-0.0995,42.48405,764.0],[-0.099538,42.484064,763.5],[-0.099726,42.484155,759.8],[-0.099904,42.484248,757.0],[-0.100017,42.484313,755.5],[-0.100147,42.484349,754.7],[-0.100221,42.484374,754.0],[-0.100411,42.484395,753.5],[-0.10048,42.484404,753.5],[-0.100637,42.484466,752.7],[-0.100817,42.484524,752.3],[-0.100902,42.484514,753.0],[-0.100936,42.484543,752.5],[-0.100979,42.484562,752.2],[-0.101073,42.484601,752.0],[-0.10119,42.484631,752.5],[-0.101203,42.484688,751.6],[-0.101224,42.484837,750.1],[-0.101287,42.484916,749.7],[-0.101469,42.485072,750.1],[-0.101781,42.485411,749.9],[-0.101855,42.485474,749.8],[-0.102042,42.485616,749.9],[-0.102093,42.485692,750.0],[-0.102149,42.485789,749.9],[-0.102297,42.485988,747.6],[-0.102554,42.486175,746.1],[-0.102644,42.48624,746.0],[-0.102822,42.486415,745.4],[-0.10289,42.486482,745.7],[-0.103002,42.486603,746.8],[-0.103179,42.486711,748.1],[-0.103277,42.486772,748.6],[-0.103457,42.486879,748.7],[-0.103617,42.486974,748.6],[-0.10371,42.487015,748.1],[-0.103774,42.487057,747.2],[-0.103871,42.48711,746.5],[-0.103975,42.48717,746.1],[-0.104054,42.487262,745.9],[-0.104163,42.487373,747.1],[-0.104233,42.487443,748.0],[-0.104424,42.487605,748.6],[-0.104523,42.487684,748.4],[-0.10463,42.48771,748.3],[-0.104771,42.487686,749.7],[-0.104845,42.48768,750.2],[-0.104881,42.487726,750.3],[-0.104893,42.48778,750.2],[-0.104899,42.48782,750.1],[-0.104886,42.487871,749.9],[-0.104971,42.487996,750.8],[-0.105028,42.488043,751.4],[-0.105187,42.488138,752.5],[-0.10526,42.488183,752.4],[-0.105493,42.488284,752.7],[-0.105627,42.488332,753.0],[-0.105747,42.488386,753.0],[-0.105909,42.488467,752.2],[-0.106123,42.488554,751.4],[-0.106216,42.488589,751.1],[-0.106366,42.488648,751.0],[-0.10644,42.488687,751.0],[-0.106557,42.488712,751.1],[-0.106637,42.488739,751.2],[-0.106844,42.488863,751.6],[-0.106957,42.488911,752.1],[-0.107184,42.489005,752.7],[-0.107371,42.489107,752.5],[-0.107522,42.489183,752.7],[-0.107684,42.489258,752.9],[-0.107774,42.48931,753.0],[-0.107937,42.489426,753.1],[-0.108077,42.489536,753.1],[-0.108181,42.489639,753.0],[-0.108304,42.489722,753.1],[-0.108458,42.489783,753.6],[-0.108642,42.489858,754.8],[-0.108752,42.489929,755.5],[-0.108851,42.490006,756.2],[-0.108979,42.490125,756.7],[-0.109219,42.490307,758.2],[-0.109372,42.490403,758.8],[-0.109592,42.490498,760.2],[-0.109678,42.490529,760.7],[-0.109827,42.490592,761.4],[-0.109981,42.49069,762.0],[-0.110118,42.490809,762.8],[-0.110184,42.490868,763.2],[-0.110348,42.491012,764.2],[-0.110466,42.491115,764.4],[-0.110649,42.491252,764.5],[-0.110784,42.491353,764.5],[-0.110954,42.491462,764.6],[-0.111054,42.491516,764.7],[-0.111279,42.491601,765.1],[-0.11137,42.491635,765.2],[-0.11165,42.49173,764.5],[-0.112015,42.491815,763.8],[-0.112203,42.491857,763.5],[-0.112456,42.491906,762.4],[-0.112673,42.491912,761.7],[-0.112813,42.491907,761.4],[-0.113077,42.491892,763.2],[-0.113197,42.491887,764.0],[-0.113239,42.491907,764.1],[-0.11327,42.491942,763.8],[-0.113291,42.49201,763.6],[-0.113306,42.492103,763.1],[-0.113375,42.49215,763.5],[-0.113418,42.492182,763.8],[-0.113576,42.492283,764.2],[-0.113702,42.492384,764.1],[-0.113794,42.492436,764.3],[-0.113939,42.492518,764.6],[-0.11409,42.492575,764.8],[-0.114252,42.492626,764.9],[-0.114395,42.492663,765.2],[-0.114533,42.492688,765.5],[-0.114761,42.49271,765.7],[-0.11495,42.492708,765.8],[-0.115046,42.492711,765.9],[-0.115147,42.492711,765.9],[-0.115233,42.492727,766.0],[-0.115371,42.492776,766.2],[-0.115647,42.492896,766.4],[-0.115697,42.492922,766.5],[-0.115836,42.492978,766.7],[-0.116006,42.493066,766.7],[-0.116169,42.493137,767.0],[-0.116277,42.493199,766.7],[-0.11638,42.493262,766.5],[-0.116537,42.493347,766.5],[-0.116651,42.493405,766.7],[-0.116711,42.493458,766.6],[-0.116846,42.493557,766.6],[-0.116902,42.493599,766.7],[-0.117041,42.49366,766.9],[-0.117211,42.493735,767.1],[-0.117319,42.493784,767.3],[-0.117394,42.493805,767.2],[-0.117512,42.493851,767.0],[-0.117631,42.493904,766.8],[-0.117826,42.494028,766.2],[-0.117834,42.494035,766.2],[-0.118017,42.494151,766.0],[-0.118085,42.4942,766.0],[-0.118198,42.494314,766.0],[-0.118316,42.494441,766.7],[-0.118515,42.494552,767.1],[-0.118712,42.494641,767.4],[-0.118955,42.494773,767.6],[-0.11927,42.494917,768.1],[-0.119396,42.495015,768.1],[-0.119602,42.495143,768.7],[-0.119761,42.495245,769.3],[-0.119927,42.495369,769.3],[-0.120061,42.495494,769.3],[-0.120229,42.495632,769.9],[-0.120288,42.495783,769.7],[-0.120269,42.495917,769.1],[-0.120392,42.49602,768.8],[-0.120383,42.496098,768.6],[-0.120299,42.496333,768.2],[-0.120246,42.496513,768.1]]}},{"type":"Feature","properties":{"Name":"R — Abizanda–Mesón de Ligüerre","etapa":"R","original_name":"R_Abizanda-Mesón de Ligüerre","point_count":950,"length_km":11.522},"geometry":{"type":"LineString","coordinates":[[0.180663,42.216866,833.2],[0.180698,42.21691,833.6],[0.180848,42.216994,833.7],[0.181035,42.217068,832.0],[0.181139,42.217115,830.5],[0.181267,42.217155,829.4],[0.181447,42.217215,825.4],[0.181617,42.217284,821.0],[0.181813,42.217347,817.5],[0.181971,42.217409,813.4],[0.182483,42.21746,809.8],[0.182649,42.217496,807.5],[0.182868,42.217558,802.0],[0.183032,42.217614,798.2],[0.18313,42.217667,795.1],[0.183272,42.217722,792.0],[0.183359,42.217765,788.9],[0.183698,42.217772,787.3],[0.183912,42.217769,786.9],[0.184113,42.217807,783.7],[0.184505,42.217871,778.4],[0.184659,42.217979,773.2],[0.184853,42.218131,766.8],[0.18506,42.218273,760.4],[0.185109,42.21835,757.6],[0.185176,42.218467,753.7],[0.18524,42.218572,750.8],[0.185272,42.218761,746.4],[0.185319,42.218885,743.6],[0.185431,42.219058,741.9],[0.18552,42.219196,737.2],[0.185579,42.219254,735.6],[0.185669,42.219288,734.8],[0.18575,42.21935,733.6],[0.185825,42.219445,731.4],[0.185882,42.219534,730.0],[0.18596,42.219608,729.1],[0.186019,42.219689,728.7],[0.186058,42.219763,728.0],[0.186131,42.219858,724.9],[0.186138,42.219929,723.6],[0.186202,42.220008,722.1],[0.18622,42.220089,721.2],[0.186262,42.220133,720.8],[0.186266,42.220189,720.1],[0.186286,42.220245,719.1],[0.186288,42.220282,718.4],[0.186285,42.220328,717.5],[0.186276,42.220369,716.6],[0.186311,42.220433,715.3],[0.186403,42.220544,713.5],[0.186459,42.220631,711.3],[0.186522,42.220694,709.2],[0.186537,42.220814,705.2],[0.186466,42.220815,705.5],[0.186295,42.220834,703.1],[0.186178,42.220884,698.7],[0.186234,42.220909,697.9],[0.186393,42.220929,698.5],[0.186375,42.220938,697.7],[0.186365,42.221044,690.8],[0.186341,42.221089,688.3],[0.186293,42.221128,686.4],[0.186197,42.221199,683.0],[0.186226,42.221282,679.7],[0.186139,42.221312,678.4],[0.186151,42.221333,677.8],[0.186198,42.221337,677.8],[0.186218,42.221363,677.0],[0.186162,42.221411,675.4],[0.186204,42.22147,673.5],[0.186329,42.221551,670.2],[0.186431,42.221633,666.0],[0.186576,42.221646,663.1],[0.186699,42.221639,661.0],[0.186809,42.221614,659.9],[0.186773,42.221674,657.6],[0.186704,42.221771,653.4],[0.186758,42.22178,651.9],[0.186847,42.221779,650.0],[0.186935,42.221773,648.4],[0.187019,42.221802,645.1],[0.187061,42.221894,639.7],[0.187072,42.22201,636.9],[0.187228,42.222051,634.4],[0.187265,42.222025,633.6],[0.187542,42.221949,630.3],[0.187646,42.221984,631.0],[0.187801,42.222076,632.7],[0.187886,42.222165,634.4],[0.188038,42.22227,637.0],[0.188578,42.222462,643.0],[0.188952,42.222607,646.5],[0.189103,42.222629,646.5],[0.189342,42.222655,646.4],[0.189614,42.222706,646.5],[0.189772,42.22275,646.9],[0.189922,42.22281,646.5],[0.189983,42.222864,646.1],[0.190052,42.222933,645.4],[0.190056,42.223025,646.4],[0.190047,42.223085,647.4],[0.18996,42.22323,650.7],[0.189924,42.22334,652.4],[0.189932,42.223447,653.5],[0.189932,42.223631,656.8],[0.189899,42.223846,661.3],[0.189908,42.224006,663.6],[0.1899,42.224211,666.5],[0.189884,42.224344,668.5],[0.189797,42.224426,670.4],[0.189799,42.224425,670.4],[0.189882,42.22452,670.9],[0.189921,42.2246,671.4],[0.189948,42.224715,671.7],[0.189905,42.224774,672.5],[0.189741,42.224813,674.4],[0.189646,42.224876,674.8],[0.189509,42.224977,676.6],[0.189365,42.225092,678.0],[0.189293,42.225218,676.9],[0.18923,42.225321,676.3],[0.189228,42.225455,672.4],[0.189235,42.225549,670.0],[0.189139,42.225649,670.8],[0.189091,42.225785,670.1],[0.189134,42.225932,667.5],[0.189164,42.226142,667.9],[0.189078,42.22627,668.5],[0.189065,42.226382,668.4],[0.189123,42.226478,668.4],[0.189071,42.226683,669.8],[0.18902,42.226865,671.5],[0.189046,42.22694,672.8],[0.189115,42.226986,674.2],[0.189281,42.227017,677.3],[0.189402,42.227036,679.6],[0.189513,42.227021,681.2],[0.18969,42.226941,682.5],[0.1899,42.226872,684.5],[0.19032,42.226833,688.8],[0.190511,42.226849,690.3],[0.190569,42.226937,693.6],[0.19065,42.227016,696.0],[0.190871,42.227128,700.8],[0.191011,42.227168,702.7],[0.191072,42.227177,703.4],[0.191162,42.227227,705.4],[0.191096,42.227321,708.3],[0.190925,42.227385,710.2],[0.190789,42.227454,712.5],[0.190717,42.227532,713.9],[0.190682,42.22762,714.8],[0.190705,42.227703,716.0],[0.190783,42.227842,717.4],[0.190916,42.227979,719.4],[0.19097,42.228234,722.0],[0.191044,42.228448,725.5],[0.191113,42.228664,730.0],[0.191229,42.228757,732.4],[0.19133,42.228996,733.9],[0.191405,42.229087,734.2],[0.191473,42.229175,733.9],[0.191475,42.229312,735.6],[0.191509,42.229418,737.3],[0.19155,42.229575,740.6],[0.19155,42.229684,743.3],[0.191652,42.229816,746.0],[0.191766,42.229948,749.0],[0.191864,42.230006,750.5],[0.191964,42.230041,751.0],[0.192166,42.230023,748.8],[0.192248,42.230034,747.2],[0.192294,42.230078,745.8],[0.192375,42.230193,742.9],[0.192441,42.230283,740.8],[0.192453,42.230447,738.8],[0.19246,42.230563,736.9],[0.192517,42.230777,733.8],[0.192562,42.230938,732.6],[0.192597,42.231053,732.1],[0.192585,42.231096,731.9],[0.192509,42.231225,731.2],[0.192496,42.231368,729.2],[0.192499,42.231445,728.1],[0.19247,42.231498,727.0],[0.192349,42.231618,723.3],[0.192265,42.231716,721.4],[0.19225,42.231783,721.0],[0.192254,42.231863,720.3],[0.192196,42.232004,720.2],[0.192142,42.232078,720.3],[0.192132,42.232137,720.2],[0.192184,42.232201,720.6],[0.192235,42.23228,721.8],[0.192267,42.232518,724.9],[0.192269,42.232626,726.1],[0.192244,42.232717,727.1],[0.192205,42.232795,728.3],[0.192086,42.232969,729.7],[0.191871,42.233157,731.5],[0.191758,42.233287,732.3],[0.191716,42.233394,732.8],[0.191713,42.233431,732.7],[0.19178,42.23351,731.7],[0.19179,42.233578,731.6],[0.19177,42.233658,731.9],[0.191767,42.233721,732.0],[0.191798,42.233756,731.7],[0.19185,42.233805,731.3],[0.191863,42.233876,731.5],[0.191857,42.233937,732.0],[0.191861,42.233976,732.1],[0.19193,42.234024,730.8],[0.191933,42.234078,730.5],[0.191917,42.234133,730.6],[0.191856,42.234189,731.4],[0.191844,42.234226,732.0],[0.191856,42.234286,732.6],[0.191917,42.234398,733.2],[0.191948,42.234431,733.3],[0.191954,42.234479,734.2],[0.191932,42.234614,736.8],[0.191909,42.234695,738.2],[0.191896,42.234772,739.3],[0.191907,42.234842,740.1],[0.191912,42.234904,740.8],[0.191909,42.235047,742.3],[0.191922,42.235142,742.9],[0.191928,42.235289,743.3],[0.191935,42.235428,742.1],[0.191947,42.235483,741.5],[0.191943,42.235518,741.0],[0.191916,42.235534,740.8],[0.191906,42.23555,740.3],[0.191915,42.235589,738.8],[0.191902,42.235626,737.2],[0.191906,42.235646,736.4],[0.191939,42.235677,735.3],[0.192028,42.235717,733.9],[0.192097,42.235808,731.1],[0.192101,42.235871,729.3],[0.192116,42.2359,728.5],[0.192215,42.235991,725.8],[0.192247,42.236014,725.2],[0.192244,42.236056,724.2],[0.19224,42.236116,722.8],[0.192269,42.236149,721.9],[0.192316,42.236174,721.0],[0.192399,42.236174,720.8],[0.192435,42.236184,720.5],[0.192503,42.236238,719.6],[0.192566,42.236328,718.2],[0.192631,42.236409,716.5],[0.192671,42.236458,716.0],[0.192692,42.236478,715.9],[0.192706,42.236498,715.8],[0.192739,42.236544,715.4],[0.192762,42.23658,715.1],[0.192805,42.23661,714.3],[0.192884,42.236631,712.8],[0.192996,42.236653,711.0],[0.193136,42.23668,709.6],[0.193228,42.236709,708.8],[0.19328,42.236768,708.9],[0.193333,42.236848,709.0],[0.193421,42.236896,709.0],[0.193535,42.236927,708.2],[0.193658,42.236942,707.3],[0.193792,42.236956,706.7],[0.193871,42.236973,706.7],[0.193994,42.237004,707.5],[0.194137,42.23703,708.7],[0.194236,42.237065,710.2],[0.194385,42.237152,710.6],[0.194493,42.237201,710.1],[0.194589,42.237266,709.8],[0.194615,42.237356,707.7],[0.194654,42.237387,706.9],[0.194763,42.237395,706.3],[0.194862,42.237458,704.8],[0.194973,42.237511,704.2],[0.195001,42.237535,703.8],[0.195028,42.237642,701.4],[0.19505,42.237808,697.4],[0.195094,42.237966,693.7],[0.195148,42.238047,692.2],[0.195219,42.238109,690.8],[0.195261,42.238183,688.5],[0.195302,42.238249,686.2],[0.195375,42.238282,684.9],[0.195478,42.23831,683.8],[0.195599,42.238331,684.4],[0.195676,42.238358,684.7],[0.195731,42.238384,684.9],[0.195764,42.238442,684.5],[0.195804,42.238509,684.3],[0.195811,42.238585,683.4],[0.195803,42.238647,683.1],[0.195745,42.238767,681.3],[0.195672,42.238914,678.4],[0.195639,42.239014,676.8],[0.195638,42.239114,675.0],[0.195656,42.239197,673.8],[0.195705,42.239308,672.4],[0.195812,42.239457,671.0],[0.195874,42.239564,669.8],[0.195898,42.239627,669.0],[0.195909,42.239736,667.1],[0.195937,42.239877,665.9],[0.195941,42.240027,663.4],[0.1959,42.240228,658.0],[0.195908,42.240308,656.3],[0.195947,42.240394,655.2],[0.196034,42.240496,654.4],[0.196107,42.240604,652.8],[0.196176,42.240708,651.0],[0.196268,42.240882,647.6],[0.196349,42.240986,646.2],[0.196387,42.241065,644.8],[0.196432,42.241164,643.5],[0.196515,42.241251,643.0],[0.196532,42.241311,641.6],[0.196563,42.241367,640.6],[0.196599,42.241424,639.6],[0.196697,42.241556,637.4],[0.196797,42.241721,633.9],[0.19686,42.241814,632.5],[0.196886,42.241892,631.0],[0.196935,42.241948,630.0],[0.196975,42.242002,629.0],[0.196977,42.242048,628.0],[0.197028,42.242099,626.8],[0.197069,42.242135,625.8],[0.19712,42.24218,624.8],[0.19715,42.242195,624.5],[0.197149,42.242215,624.2],[0.197149,42.242215,624.2],[0.197008,42.242286,623.5],[0.196853,42.242354,622.8],[0.196829,42.242376,622.6],[0.196721,42.242417,622.6],[0.196624,42.242497,621.1],[0.196581,42.242589,618.9],[0.196551,42.242625,618.3],[0.196496,42.242707,616.4],[0.19638,42.242838,613.0],[0.196208,42.242952,610.7],[0.1961,42.243002,609.5],[0.195983,42.243019,609.3],[0.19581,42.243028,609.6],[0.195574,42.243029,610.5],[0.195458,42.243045,610.4],[0.195348,42.243088,609.3],[0.195257,42.243156,607.5],[0.195207,42.243186,606.8],[0.195102,42.24321,606.1],[0.195044,42.243229,605.4],[0.194959,42.243256,604.4],[0.194804,42.243287,603.3],[0.194728,42.243316,603.1],[0.194684,42.243348,602.8],[0.194643,42.243431,601.7],[0.194607,42.24345,601.6],[0.194526,42.24355,600.4],[0.194426,42.243654,599.2],[0.19435,42.243768,597.3],[0.194329,42.243831,596.1],[0.194329,42.243888,594.8],[0.194355,42.243926,593.9],[0.19451,42.244105,591.9],[0.1946,42.244183,591.6],[0.194629,42.244247,591.1],[0.194654,42.24429,590.3],[0.194752,42.244362,589.6],[0.194841,42.244411,590.0],[0.194938,42.244468,589.9],[0.195098,42.244537,588.0],[0.195223,42.244603,585.8],[0.195253,42.244638,584.2],[0.195153,42.244698,583.1],[0.195104,42.24477,581.2],[0.195115,42.244868,579.1],[0.195144,42.24493,578.0],[0.195207,42.244974,577.4],[0.195351,42.245015,575.4],[0.195475,42.245033,573.9],[0.195604,42.245071,573.3],[0.195701,42.245141,574.1],[0.195779,42.245156,574.8],[0.195823,42.245183,575.6],[0.195828,42.245229,576.6],[0.195807,42.245274,577.5],[0.195681,42.245397,579.0],[0.195627,42.245502,580.4],[0.195539,42.245648,582.6],[0.195508,42.245766,584.5],[0.195494,42.245826,585.5],[0.195531,42.245839,586.5],[0.195565,42.245819,586.6],[0.195656,42.245778,586.1],[0.195831,42.245739,586.1],[0.196025,42.245729,585.6],[0.196145,42.245742,585.6],[0.196229,42.245781,586.1],[0.196366,42.245861,587.2],[0.196464,42.245903,587.8],[0.196536,42.245928,588.1],[0.196649,42.24594,588.3],[0.196778,42.24594,588.4],[0.196886,42.24593,588.3],[0.19698,42.245931,588.3],[0.197036,42.245939,588.5],[0.197076,42.245975,589.0],[0.197129,42.246043,590.4],[0.197185,42.246054,591.1],[0.197238,42.246046,591.5],[0.197333,42.246042,592.4],[0.197412,42.24605,593.7],[0.19744,42.246109,595.0],[0.197444,42.246211,596.2],[0.197497,42.246263,597.7],[0.197551,42.246322,599.2],[0.197663,42.246555,602.1],[0.197695,42.246644,602.8],[0.197713,42.246706,603.5],[0.197759,42.24679,604.8],[0.197786,42.246871,605.6],[0.197832,42.246948,606.4],[0.197887,42.247002,607.1],[0.197953,42.247033,607.9],[0.198027,42.247094,608.8],[0.198114,42.247199,609.6],[0.198137,42.247247,609.8],[0.198156,42.247306,610.0],[0.198171,42.247411,610.4],[0.198191,42.247484,610.7],[0.198222,42.247569,611.0],[0.198246,42.247631,611.2],[0.198254,42.24769,611.2],[0.198249,42.247763,611.1],[0.198237,42.247821,611.0],[0.198246,42.247874,611.1],[0.198264,42.247924,611.2],[0.198313,42.24797,611.5],[0.198406,42.24803,612.1],[0.198516,42.248096,613.3],[0.198659,42.248168,614.6],[0.198753,42.248221,615.3],[0.198812,42.248282,615.9],[0.198848,42.24834,616.3],[0.198875,42.248465,615.2],[0.198907,42.248555,613.7],[0.198937,42.248602,613.1],[0.198993,42.248649,612.7],[0.199079,42.248708,612.2],[0.199245,42.248792,611.4],[0.199335,42.248849,610.8],[0.199376,42.248889,610.8],[0.199403,42.24893,610.7],[0.199429,42.248986,610.5],[0.199428,42.249038,609.8],[0.199409,42.249097,608.7],[0.199376,42.249179,607.3],[0.199373,42.249234,606.7],[0.199384,42.249283,606.4],[0.199426,42.249397,606.5],[0.199503,42.249542,606.8],[0.199552,42.249626,607.0],[0.19957,42.249701,606.6],[0.199611,42.24979,606.4],[0.199666,42.249896,606.1],[0.199716,42.249987,605.5],[0.199792,42.250065,604.9],[0.199887,42.250128,604.9],[0.200032,42.25018,606.2],[0.200141,42.250243,607.3],[0.200234,42.250371,606.5],[0.200286,42.250491,604.9],[0.200325,42.250571,603.7],[0.200371,42.250635,602.8],[0.200423,42.25068,602.3],[0.200521,42.250726,602.4],[0.200616,42.250757,602.8],[0.200701,42.25077,603.5],[0.200795,42.250782,604.3],[0.200852,42.250802,604.3],[0.200911,42.250858,603.4],[0.200989,42.250916,602.8],[0.201056,42.25095,602.8],[0.201185,42.250996,603.2],[0.201435,42.251079,603.3],[0.201652,42.251181,602.0],[0.201751,42.251265,600.3],[0.201885,42.251357,599.0],[0.202036,42.251434,597.0],[0.202154,42.251464,596.0],[0.202258,42.251463,594.9],[0.202328,42.251439,594.3],[0.202426,42.251372,594.8],[0.202526,42.251334,594.5],[0.202725,42.251284,594.2],[0.202849,42.25127,593.6],[0.203028,42.251296,592.8],[0.203232,42.251334,592.7],[0.203404,42.2514,592.5],[0.20348,42.251476,590.4],[0.203596,42.25152,588.6],[0.20372,42.251519,587.9],[0.203804,42.251489,587.4],[0.203937,42.251398,587.8],[0.204027,42.251338,588.2],[0.204138,42.251287,588.7],[0.204251,42.251257,588.5],[0.204378,42.251278,587.3],[0.204491,42.251302,586.6],[0.204682,42.25133,586.6],[0.204764,42.251368,586.7],[0.204807,42.251413,586.5],[0.204867,42.251514,585.7],[0.204911,42.251657,584.1],[0.204884,42.251754,582.5],[0.204867,42.251811,581.5],[0.204889,42.251875,580.7],[0.204941,42.251912,580.5],[0.205077,42.251945,580.0],[0.205317,42.252014,578.8],[0.205635,42.25209,578.6],[0.205784,42.252127,578.2],[0.206041,42.252176,578.1],[0.206276,42.252228,578.4],[0.2064,42.252236,578.7],[0.206562,42.252269,579.3],[0.206681,42.252298,579.8],[0.206869,42.252362,581.2],[0.206958,42.252355,581.9],[0.207224,42.252376,583.8],[0.207464,42.252367,585.2],[0.207735,42.252381,586.0],[0.207971,42.252394,586.0],[0.20832,42.252399,585.0],[0.208468,42.252398,584.5],[0.208621,42.252396,584.0],[0.20876,42.25237,583.5],[0.208857,42.252368,583.2],[0.208968,42.252371,582.8],[0.209121,42.252405,582.4],[0.209237,42.252463,582.3],[0.209381,42.25255,582.6],[0.20953,42.252633,583.2],[0.209699,42.252742,584.6],[0.209857,42.252811,585.9],[0.209999,42.252874,587.3],[0.210131,42.252914,588.6],[0.210229,42.252926,589.4],[0.21035,42.25295,590.5],[0.210429,42.252964,591.3],[0.21049,42.252996,592.3],[0.21052,42.253069,594.0],[0.210524,42.253151,595.9],[0.210482,42.253278,598.4],[0.21041,42.25341,600.0],[0.210331,42.253505,600.7],[0.210199,42.253606,601.1],[0.210101,42.253716,602.0],[0.210027,42.253811,602.3],[0.210012,42.253873,602.9],[0.209975,42.254054,605.0],[0.209994,42.254148,606.5],[0.210027,42.254218,607.7],[0.210136,42.254336,610.3],[0.210136,42.25442,611.7],[0.210095,42.254513,613.3],[0.209987,42.254686,615.6],[0.209915,42.254802,616.7],[0.209738,42.254991,617.5],[0.20965,42.255101,618.3],[0.209607,42.255178,619.1],[0.209594,42.255234,620.0],[0.209599,42.255302,621.2],[0.209618,42.255376,622.9],[0.209595,42.255486,624.9],[0.209561,42.255637,627.2],[0.209525,42.255703,627.8],[0.209515,42.255772,628.9],[0.209524,42.255859,630.6],[0.209547,42.255981,633.3],[0.20953,42.25608,635.1],[0.209525,42.256198,637.6],[0.209539,42.256285,639.6],[0.209561,42.25642,642.8],[0.209554,42.25656,644.5],[0.209546,42.256712,645.8],[0.209513,42.257021,648.2],[0.2095,42.257184,650.8],[0.209444,42.257389,653.7],[0.209395,42.257646,658.2],[0.209263,42.257831,660.5],[0.209178,42.257985,663.0],[0.20909,42.258134,665.0],[0.209044,42.25819,665.7],[0.209027,42.258266,667.0],[0.209008,42.258349,668.1],[0.208957,42.258435,668.8],[0.208883,42.258502,669.5],[0.208797,42.258557,670.4],[0.208688,42.258597,670.7],[0.208481,42.258628,670.9],[0.208361,42.258662,671.0],[0.208294,42.258703,670.8],[0.208251,42.258757,670.9],[0.208221,42.258833,671.3],[0.208209,42.258896,671.8],[0.208205,42.258985,672.4],[0.208229,42.259042,673.1],[0.208278,42.259144,674.6],[0.208319,42.259253,675.3],[0.208347,42.259365,675.7],[0.208354,42.259488,676.1],[0.208332,42.259603,675.9],[0.208283,42.259705,675.8],[0.208197,42.259876,676.2],[0.208094,42.260037,675.7],[0.208057,42.260148,675.6],[0.207992,42.260328,675.1],[0.207945,42.260456,674.5],[0.207922,42.260548,674.4],[0.20789,42.260635,674.9],[0.207817,42.260769,674.9],[0.207697,42.260928,674.3],[0.207547,42.261123,673.5],[0.207511,42.261177,673.6],[0.207447,42.261349,676.1],[0.207392,42.261525,678.9],[0.207333,42.261664,680.0],[0.207281,42.261722,679.6],[0.207212,42.261804,680.1],[0.207177,42.26185,680.5],[0.207165,42.261912,681.5],[0.20717,42.262077,683.8],[0.207182,42.262182,684.3],[0.207214,42.262222,684.9],[0.207309,42.26229,687.6],[0.207421,42.262398,689.0],[0.207536,42.262539,687.5],[0.207561,42.262636,684.7],[0.207573,42.262732,681.6],[0.207608,42.262815,679.9],[0.207658,42.262893,679.3],[0.207669,42.262967,677.7],[0.207658,42.263074,676.8],[0.207606,42.263165,676.9],[0.207559,42.263284,677.7],[0.20751,42.263391,678.3],[0.207473,42.263418,678.5],[0.207432,42.263424,678.5],[0.207393,42.263396,678.1],[0.207349,42.263339,677.2],[0.207287,42.263308,676.7],[0.207116,42.263267,675.5],[0.207017,42.263278,675.1],[0.206941,42.263273,674.2],[0.206805,42.263238,671.8],[0.206724,42.263219,669.9],[0.206647,42.263234,668.1],[0.206525,42.26329,665.9],[0.206377,42.263368,663.2],[0.206308,42.263422,662.2],[0.20618,42.26351,660.0],[0.206066,42.263562,657.0],[0.205955,42.263589,654.4],[0.205818,42.263624,651.4],[0.205713,42.263685,649.6],[0.205605,42.263775,648.2],[0.205487,42.263825,646.5],[0.205345,42.263838,643.7],[0.205214,42.263884,641.8],[0.205077,42.263946,640.2],[0.204942,42.26404,639.6],[0.204812,42.264102,638.3],[0.204739,42.264115,637.1],[0.204651,42.264134,636.0],[0.204559,42.26417,635.8],[0.204456,42.264225,636.0],[0.204403,42.264276,636.7],[0.204364,42.264333,637.4],[0.204333,42.264408,637.6],[0.204255,42.26448,634.3],[0.204085,42.264569,626.5],[0.203931,42.264654,623.3],[0.203781,42.264765,621.5],[0.203662,42.264843,619.1],[0.20347,42.26495,614.2],[0.203321,42.265037,609.0],[0.203239,42.265098,606.5],[0.203204,42.265155,605.9],[0.203187,42.265208,605.7],[0.203184,42.265266,605.8],[0.203195,42.265349,606.4],[0.203201,42.265459,606.3],[0.203199,42.265563,605.8],[0.203172,42.265652,605.2],[0.203126,42.265789,605.1],[0.203011,42.265858,602.7],[0.202926,42.265866,600.6],[0.202763,42.265878,597.3],[0.202709,42.265882,596.3],[0.202639,42.265907,594.7],[0.202607,42.265914,594.2],[0.202541,42.265958,593.1],[0.202475,42.265926,592.4],[0.202426,42.265867,591.6],[0.202359,42.265798,589.5],[0.202274,42.265807,587.9],[0.202243,42.265841,587.9],[0.202205,42.26589,587.8],[0.202167,42.265934,587.6],[0.202143,42.265972,587.7],[0.202111,42.265965,587.0],[0.202098,42.265929,586.3],[0.202078,42.265845,584.6],[0.202076,42.265734,582.7],[0.202091,42.26565,581.6],[0.20208,42.265589,578.8],[0.202067,42.265558,577.1],[0.202029,42.265562,576.2],[0.201986,42.265605,576.9],[0.201904,42.265691,576.6],[0.201837,42.265731,574.8],[0.201748,42.265763,572.0],[0.2017,42.265769,570.3],[0.201664,42.26576,568.7],[0.201589,42.265774,565.9],[0.201546,42.265764,564.1],[0.201504,42.265762,562.4],[0.20147,42.265801,561.6],[0.201453,42.265859,561.8],[0.201448,42.265887,562.1],[0.201407,42.265916,560.6],[0.201361,42.265921,559.0],[0.201338,42.265911,558.3],[0.201321,42.26588,557.6],[0.201279,42.265855,555.9],[0.201236,42.26581,554.0],[0.201219,42.265765,553.0],[0.201204,42.265714,552.0],[0.201183,42.265695,551.3],[0.201161,42.265699,550.7],[0.201117,42.265746,549.9],[0.201051,42.265823,547.4],[0.201004,42.265894,545.7],[0.200956,42.265972,542.5],[0.200943,42.266032,541.0],[0.200952,42.266098,540.3],[0.200927,42.26613,538.7],[0.200904,42.266218,536.3],[0.200908,42.266279,535.5],[0.200937,42.266369,535.2],[0.200954,42.266437,533.8],[0.200968,42.266501,532.4],[0.200973,42.266584,530.0],[0.200969,42.266619,528.6],[0.200953,42.266632,527.3],[0.200923,42.266625,526.1],[0.200879,42.266598,525.0],[0.200792,42.266555,522.2],[0.200734,42.266494,521.5],[0.200708,42.266442,522.2],[0.200646,42.266356,522.3],[0.200534,42.266263,519.9],[0.20047,42.266197,518.7],[0.20038,42.266121,515.7],[0.200255,42.266017,510.8],[0.200156,42.265925,508.2],[0.200107,42.265898,506.5],[0.20008,42.265868,505.5],[0.200099,42.265841,506.0],[0.20016,42.265788,507.6],[0.200219,42.26571,509.1],[0.200214,42.265583,507.1],[0.200166,42.26543,503.4],[0.200107,42.265399,501.8],[0.19999,42.265323,498.5],[0.200033,42.265225,499.0],[0.199954,42.265184,496.4],[0.199896,42.265109,493.9],[0.199822,42.265212,492.9],[0.199834,42.265143,492.4],[0.199646,42.265083,485.0],[0.199547,42.265117,482.4],[0.199401,42.265181,480.6],[0.199255,42.265247,477.0],[0.199059,42.265306,472.7],[0.19892,42.265295,470.0],[0.198774,42.26525,470.4],[0.198665,42.265264,469.5],[0.198583,42.265298,468.5],[0.198561,42.265367,468.6],[0.198549,42.265351,468.4],[0.198444,42.265412,466.8],[0.198237,42.265447,464.1],[0.198156,42.265501,462.5],[0.197993,42.265561,463.6],[0.197999,42.265631,463.7],[0.198026,42.265726,463.4],[0.198138,42.265907,462.4],[0.198175,42.265996,462.1],[0.198301,42.266071,460.8],[0.198391,42.266099,460.1],[0.198418,42.26613,460.2],[0.198398,42.266172,460.0],[0.198363,42.266205,460.3],[0.198299,42.266233,460.8],[0.198265,42.26629,461.3],[0.19828,42.26639,461.6],[0.198257,42.266587,465.1],[0.198275,42.266807,468.8],[0.198298,42.267039,471.7],[0.198284,42.267086,472.5],[0.198161,42.267139,475.4],[0.198128,42.267196,476.8],[0.198117,42.267275,478.3],[0.198051,42.267315,479.7],[0.198022,42.26735,480.7],[0.198032,42.267415,482.1],[0.198032,42.267417,482.2],[0.198029,42.267453,483.1],[0.198038,42.267479,483.6],[0.198038,42.267686,490.6],[0.198085,42.267751,491.6],[0.197975,42.2678,497.8],[0.197843,42.267724,498.1],[0.1976,42.267721,503.2],[0.197406,42.267767,506.9],[0.197362,42.267873,510.4],[0.197298,42.26791,511.3],[0.197134,42.268003,512.8],[0.197009,42.268099,513.6],[0.196902,42.268152,513.3],[0.196887,42.268201,513.5],[0.196903,42.268284,514.1],[0.19683,42.268333,513.3],[0.196736,42.268379,512.4],[0.196605,42.268462,512.0],[0.196498,42.268558,512.0],[0.196393,42.268668,512.0],[0.196268,42.268802,511.8],[0.196166,42.268878,511.9],[0.196077,42.268986,512.1],[0.195927,42.269134,511.9],[0.195834,42.26924,511.8],[0.195692,42.269376,511.2],[0.1956,42.269482,511.0],[0.195571,42.269545,511.0],[0.195543,42.269614,511.0],[0.195538,42.269686,511.2],[0.195611,42.269791,511.2],[0.195783,42.269954,509.9],[0.195937,42.270137,508.9],[0.196123,42.270341,508.9],[0.196363,42.270602,508.2],[0.196657,42.270928,507.6],[0.197205,42.271539,511.3],[0.197407,42.271763,513.5],[0.197462,42.27188,514.0],[0.197473,42.272035,514.0],[0.197414,42.272165,513.7],[0.197284,42.272284,513.7],[0.197125,42.272363,512.6],[0.196946,42.272391,510.5],[0.196786,42.272376,509.6],[0.196562,42.272353,508.7],[0.196365,42.272352,508.0],[0.19627,42.272395,506.7],[0.196217,42.272456,506.0],[0.196178,42.272577,504.9],[0.196201,42.272654,504.8],[0.196313,42.272763,502.9],[0.196548,42.272966,501.2],[0.197035,42.27337,496.7],[0.197229,42.273615,494.4],[0.197315,42.273975,493.0],[0.197386,42.274222,491.3],[0.197471,42.274394,487.9],[0.197485,42.274559,486.8],[0.197399,42.274666,486.0],[0.197262,42.274756,484.5],[0.197,42.274821,483.3],[0.196833,42.274869,483.6],[0.196814,42.274954,482.8],[0.196849,42.275036,481.6],[0.196995,42.275142,480.6],[0.197246,42.275313,476.9],[0.1974,42.275471,475.3],[0.197504,42.275668,475.3],[0.197572,42.275836,472.9],[0.197536,42.275963,471.9],[0.197438,42.276079,470.8],[0.197315,42.276145,469.6],[0.197089,42.276248,465.8],[0.196847,42.276363,461.4],[0.196666,42.276398,460.1],[0.196596,42.276427,459.4],[0.196737,42.276506,457.6],[0.196717,42.276547,456.6],[0.196625,42.27661,455.5],[0.196503,42.276689,454.9],[0.196365,42.276772,454.2],[0.195983,42.276993,453.6],[0.195528,42.277269,453.5],[0.195419,42.27723,453.8],[0.195258,42.277169,454.4],[0.195024,42.277131,455.8],[0.194826,42.277001,457.1],[0.194474,42.27679,458.4],[0.194316,42.276748,458.9],[0.194222,42.276823,458.9],[0.194291,42.276953,458.3],[0.194297,42.277079,458.1],[0.194177,42.277141,458.0],[0.193986,42.277167,458.3],[0.193857,42.277261,458.4],[0.193841,42.277365,458.0],[0.19385,42.277547,457.9],[0.193955,42.277608,457.5],[0.194327,42.277681,455.9],[0.194574,42.277808,454.5],[0.194633,42.277934,453.7],[0.194451,42.278224,454.1],[0.194218,42.278489,453.9],[0.193884,42.278637,455.3],[0.193655,42.278964,456.5],[0.193598,42.279064,456.5],[0.193863,42.279269,453.0],[0.194256,42.279591,450.0],[0.194621,42.279871,451.3],[0.194934,42.280125,453.9],[0.195202,42.280326,456.5],[0.195449,42.280519,458.9],[0.195706,42.28073,460.1],[0.195798,42.280832,460.6],[0.195992,42.280914,461.0],[0.196135,42.281013,461.6],[0.196325,42.28123,464.1],[0.196429,42.281313,465.7],[0.196523,42.281337,466.8],[0.196594,42.281335,467.5],[0.196727,42.281291,468.3],[0.197214,42.281055,469.2],[0.197377,42.28097,469.2]]}},{"type":"Feature","properties":{"Name":"R — Mesón de Ligüerre–Abizanda","etapa":"R","original_name":"R_Mesón de Ligüerre-Abizanda","point_count":950,"length_km":11.522},"geometry":{"type":"LineString","coordinates":[[0.197377,42.28097,469.2],[0.197214,42.281055,469.2],[0.196727,42.281291,468.3],[0.196594,42.281335,467.5],[0.196523,42.281337,466.8],[0.196429,42.281313,465.7],[0.196325,42.28123,464.1],[0.196135,42.281013,461.6],[0.195992,42.280914,461.0],[0.195798,42.280832,460.6],[0.195706,42.28073,460.1],[0.195449,42.280519,458.9],[0.195202,42.280326,456.5],[0.194934,42.280125,453.9],[0.194621,42.279871,451.3],[0.194256,42.279591,450.0],[0.193863,42.279269,453.0],[0.193598,42.279064,456.5],[0.193655,42.278964,456.5],[0.193884,42.278637,455.3],[0.194218,42.278489,453.9],[0.194451,42.278224,454.1],[0.194633,42.277934,453.7],[0.194574,42.277808,454.5],[0.194327,42.277681,455.9],[0.193955,42.277608,457.5],[0.19385,42.277547,457.9],[0.193841,42.277365,458.0],[0.193857,42.277261,458.4],[0.193986,42.277167,458.3],[0.194177,42.277141,458.0],[0.194297,42.277079,458.1],[0.194291,42.276953,458.3],[0.194222,42.276823,458.9],[0.194316,42.276748,458.9],[0.194474,42.27679,458.4],[0.194826,42.277001,457.1],[0.195024,42.277131,455.8],[0.195258,42.277169,454.4],[0.195419,42.27723,453.8],[0.195528,42.277269,453.5],[0.195983,42.276993,453.6],[0.196365,42.276772,454.2],[0.196503,42.276689,454.9],[0.196625,42.27661,455.5],[0.196717,42.276547,456.6],[0.196737,42.276506,457.6],[0.196596,42.276427,459.4],[0.196666,42.276398,460.1],[0.196847,42.276363,461.4],[0.197089,42.276248,465.8],[0.197315,42.276145,469.6],[0.197438,42.276079,470.8],[0.197536,42.275963,471.9],[0.197572,42.275836,472.9],[0.197504,42.275668,475.3],[0.1974,42.275471,475.3],[0.197246,42.275313,476.9],[0.196995,42.275142,480.6],[0.196849,42.275036,481.6],[0.196814,42.274954,482.8],[0.196833,42.274869,483.6],[0.197,42.274821,483.3],[0.197262,42.274756,484.5],[0.197399,42.274666,486.0],[0.197485,42.274559,486.8],[0.197471,42.274394,487.9],[0.197386,42.274222,491.3],[0.197315,42.273975,493.0],[0.197229,42.273615,494.4],[0.197035,42.27337,496.7],[0.196548,42.272966,501.2],[0.196313,42.272763,502.9],[0.196201,42.272654,504.8],[0.196178,42.272577,504.9],[0.196217,42.272456,506.0],[0.19627,42.272395,506.7],[0.196365,42.272352,508.0],[0.196562,42.272353,508.7],[0.196786,42.272376,509.6],[0.196946,42.272391,510.5],[0.197125,42.272363,512.6],[0.197284,42.272284,513.7],[0.197414,42.272165,513.7],[0.197473,42.272035,514.0],[0.197462,42.27188,514.0],[0.197407,42.271763,513.5],[0.197205,42.271539,511.3],[0.196657,42.270928,507.6],[0.196363,42.270602,508.2],[0.196123,42.270341,508.9],[0.195937,42.270137,508.9],[0.195783,42.269954,509.9],[0.195611,42.269791,511.2],[0.195538,42.269686,511.2],[0.195543,42.269614,511.0],[0.195571,42.269545,511.0],[0.1956,42.269482,511.0],[0.195692,42.269376,511.2],[0.195834,42.26924,511.8],[0.195927,42.269134,511.9],[0.196077,42.268986,512.1],[0.196166,42.268878,511.9],[0.196268,42.268802,511.8],[0.196393,42.268668,512.0],[0.196498,42.268558,512.0],[0.196605,42.268462,512.0],[0.196736,42.268379,512.4],[0.19683,42.268333,513.3],[0.196903,42.268284,514.1],[0.196887,42.268201,513.5],[0.196902,42.268152,513.3],[0.197009,42.268099,513.6],[0.197134,42.268003,512.8],[0.197298,42.26791,511.3],[0.197362,42.267873,510.4],[0.197406,42.267767,506.9],[0.1976,42.267721,503.2],[0.197843,42.267724,498.1],[0.197975,42.2678,497.8],[0.198085,42.267751,491.6],[0.198038,42.267686,490.6],[0.198038,42.267479,483.6],[0.198029,42.267453,483.1],[0.198032,42.267417,482.2],[0.198032,42.267415,482.1],[0.198022,42.26735,480.7],[0.198051,42.267315,479.7],[0.198117,42.267275,478.3],[0.198128,42.267196,476.8],[0.198161,42.267139,475.4],[0.198284,42.267086,472.5],[0.198298,42.267039,471.7],[0.198275,42.266807,468.8],[0.198257,42.266587,465.1],[0.19828,42.26639,461.6],[0.198265,42.26629,461.3],[0.198299,42.266233,460.8],[0.198363,42.266205,460.3],[0.198398,42.266172,460.0],[0.198418,42.26613,460.2],[0.198391,42.266099,460.1],[0.198301,42.266071,460.8],[0.198175,42.265996,462.1],[0.198138,42.265907,462.4],[0.198026,42.265726,463.4],[0.197999,42.265631,463.7],[0.197993,42.265561,463.6],[0.198156,42.265501,462.5],[0.198237,42.265447,464.1],[0.198444,42.265412,466.8],[0.198549,42.265351,468.4],[0.198561,42.265367,468.6],[0.198583,42.265298,468.5],[0.198665,42.265264,469.5],[0.198774,42.26525,470.4],[0.19892,42.265295,470.0],[0.199059,42.265306,472.7],[0.199255,42.265247,477.0],[0.199401,42.265181,480.6],[0.199547,42.265117,482.4],[0.199646,42.265083,485.0],[0.199834,42.265143,492.4],[0.199822,42.265212,492.9],[0.199896,42.265109,493.9],[0.199954,42.265184,496.4],[0.200033,42.265225,499.0],[0.19999,42.265323,498.5],[0.200107,42.265399,501.8],[0.200166,42.26543,503.4],[0.200214,42.265583,507.1],[0.200219,42.26571,509.1],[0.20016,42.265788,507.6],[0.200099,42.265841,506.0],[0.20008,42.265868,505.5],[0.200107,42.265898,506.5],[0.200156,42.265925,508.2],[0.200255,42.266017,510.8],[0.20038,42.266121,515.7],[0.20047,42.266197,518.7],[0.200534,42.266263,519.9],[0.200646,42.266356,522.3],[0.200708,42.266442,522.2],[0.200734,42.266494,521.5],[0.200792,42.266555,522.2],[0.200879,42.266598,525.0],[0.200923,42.266625,526.1],[0.200953,42.266632,527.3],[0.200969,42.266619,528.6],[0.200973,42.266584,530.0],[0.200968,42.266501,532.4],[0.200954,42.266437,533.8],[0.200937,42.266369,535.2],[0.200908,42.266279,535.5],[0.200904,42.266218,536.3],[0.200927,42.26613,538.7],[0.200952,42.266098,540.3],[0.200943,42.266032,541.0],[0.200956,42.265972,542.5],[0.201004,42.265894,545.7],[0.201051,42.265823,547.4],[0.201117,42.265746,549.9],[0.201161,42.265699,550.7],[0.201183,42.265695,551.3],[0.201204,42.265714,552.0],[0.201219,42.265765,553.0],[0.201236,42.26581,554.0],[0.201279,42.265855,555.9],[0.201321,42.26588,557.6],[0.201338,42.265911,558.3],[0.201361,42.265921,559.0],[0.201407,42.265916,560.6],[0.201448,42.265887,562.1],[0.201453,42.265859,561.8],[0.20147,42.265801,561.6],[0.201504,42.265762,562.4],[0.201546,42.265764,564.1],[0.201589,42.265774,565.9],[0.201664,42.26576,568.7],[0.2017,42.265769,570.3],[0.201748,42.265763,572.0],[0.201837,42.265731,574.8],[0.201904,42.265691,576.6],[0.201986,42.265605,576.9],[0.202029,42.265562,576.2],[0.202067,42.265558,577.1],[0.20208,42.265589,578.8],[0.202091,42.26565,581.6],[0.202076,42.265734,582.7],[0.202078,42.265845,584.6],[0.202098,42.265929,586.3],[0.202111,42.265965,587.0],[0.202143,42.265972,587.7],[0.202167,42.265934,587.6],[0.202205,42.26589,587.8],[0.202243,42.265841,587.9],[0.202274,42.265807,587.9],[0.202359,42.265798,589.5],[0.202426,42.265867,591.6],[0.202475,42.265926,592.4],[0.202541,42.265958,593.1],[0.202607,42.265914,594.2],[0.202639,42.265907,594.7],[0.202709,42.265882,596.3],[0.202763,42.265878,597.3],[0.202926,42.265866,600.6],[0.203011,42.265858,602.7],[0.203126,42.265789,605.1],[0.203172,42.265652,605.2],[0.203199,42.265563,605.8],[0.203201,42.265459,606.3],[0.203195,42.265349,606.4],[0.203184,42.265266,605.8],[0.203187,42.265208,605.7],[0.203204,42.265155,605.9],[0.203239,42.265098,606.5],[0.203321,42.265037,609.0],[0.20347,42.26495,614.2],[0.203662,42.264843,619.1],[0.203781,42.264765,621.5],[0.203931,42.264654,623.3],[0.204085,42.264569,626.5],[0.204255,42.26448,634.3],[0.204333,42.264408,637.6],[0.204364,42.264333,637.4],[0.204403,42.264276,636.7],[0.204456,42.264225,636.0],[0.204559,42.26417,635.8],[0.204651,42.264134,636.0],[0.204739,42.264115,637.1],[0.204812,42.264102,638.3],[0.204942,42.26404,639.6],[0.205077,42.263946,640.2],[0.205214,42.263884,641.8],[0.205345,42.263838,643.7],[0.205487,42.263825,646.5],[0.205605,42.263775,648.2],[0.205713,42.263685,649.6],[0.205818,42.263624,651.4],[0.205955,42.263589,654.4],[0.206066,42.263562,657.0],[0.20618,42.26351,660.0],[0.206308,42.263422,662.2],[0.206377,42.263368,663.2],[0.206525,42.26329,665.9],[0.206647,42.263234,668.1],[0.206724,42.263219,669.9],[0.206805,42.263238,671.8],[0.206941,42.263273,674.2],[0.207017,42.263278,675.1],[0.207116,42.263267,675.5],[0.207287,42.263308,676.7],[0.207349,42.263339,677.2],[0.207393,42.263396,678.1],[0.207432,42.263424,678.5],[0.207473,42.263418,678.5],[0.20751,42.263391,678.3],[0.207559,42.263284,677.7],[0.207606,42.263165,676.9],[0.207658,42.263074,676.8],[0.207669,42.262967,677.7],[0.207658,42.262893,679.3],[0.207608,42.262815,679.9],[0.207573,42.262732,681.6],[0.207561,42.262636,684.7],[0.207536,42.262539,687.5],[0.207421,42.262398,689.0],[0.207309,42.26229,687.6],[0.207214,42.262222,684.9],[0.207182,42.262182,684.3],[0.20717,42.262077,683.8],[0.207165,42.261912,681.5],[0.207177,42.26185,680.5],[0.207212,42.261804,680.1],[0.207281,42.261722,679.6],[0.207333,42.261664,680.0],[0.207392,42.261525,678.9],[0.207447,42.261349,676.1],[0.207511,42.261177,673.6],[0.207547,42.261123,673.5],[0.207697,42.260928,674.3],[0.207817,42.260769,674.9],[0.20789,42.260635,674.9],[0.207922,42.260548,674.4],[0.207945,42.260456,674.5],[0.207992,42.260328,675.1],[0.208057,42.260148,675.6],[0.208094,42.260037,675.7],[0.208197,42.259876,676.2],[0.208283,42.259705,675.8],[0.208332,42.259603,675.9],[0.208354,42.259488,676.1],[0.208347,42.259365,675.7],[0.208319,42.259253,675.3],[0.208278,42.259144,674.6],[0.208229,42.259042,673.1],[0.208205,42.258985,672.4],[0.208209,42.258896,671.8],[0.208221,42.258833,671.3],[0.208251,42.258757,670.9],[0.208294,42.258703,670.8],[0.208361,42.258662,671.0],[0.208481,42.258628,670.9],[0.208688,42.258597,670.7],[0.208797,42.258557,670.4],[0.208883,42.258502,669.5],[0.208957,42.258435,668.8],[0.209008,42.258349,668.1],[0.209027,42.258266,667.0],[0.209044,42.25819,665.7],[0.20909,42.258134,665.0],[0.209178,42.257985,663.0],[0.209263,42.257831,660.5],[0.209395,42.257646,658.2],[0.209444,42.257389,653.7],[0.2095,42.257184,650.8],[0.209513,42.257021,648.2],[0.209546,42.256712,645.8],[0.209554,42.25656,644.5],[0.209561,42.25642,642.8],[0.209539,42.256285,639.6],[0.209525,42.256198,637.6],[0.20953,42.25608,635.1],[0.209547,42.255981,633.3],[0.209524,42.255859,630.6],[0.209515,42.255772,628.9],[0.209525,42.255703,627.8],[0.209561,42.255637,627.2],[0.209595,42.255486,624.9],[0.209618,42.255376,622.9],[0.209599,42.255302,621.2],[0.209594,42.255234,620.0],[0.209607,42.255178,619.1],[0.20965,42.255101,618.3],[0.209738,42.254991,617.5],[0.209915,42.254802,616.7],[0.209987,42.254686,615.6],[0.210095,42.254513,613.3],[0.210136,42.25442,611.7],[0.210136,42.254336,610.3],[0.210027,42.254218,607.7],[0.209994,42.254148,606.5],[0.209975,42.254054,605.0],[0.210012,42.253873,602.9],[0.210027,42.253811,602.3],[0.210101,42.253716,602.0],[0.210199,42.253606,601.1],[0.210331,42.253505,600.7],[0.21041,42.25341,600.0],[0.210482,42.253278,598.4],[0.210524,42.253151,595.9],[0.21052,42.253069,594.0],[0.21049,42.252996,592.3],[0.210429,42.252964,591.3],[0.21035,42.25295,590.5],[0.210229,42.252926,589.4],[0.210131,42.252914,588.6],[0.209999,42.252874,587.3],[0.209857,42.252811,585.9],[0.209699,42.252742,584.6],[0.20953,42.252633,583.2],[0.209381,42.25255,582.6],[0.209237,42.252463,582.3],[0.209121,42.252405,582.4],[0.208968,42.252371,582.8],[0.208857,42.252368,583.2],[0.20876,42.25237,583.5],[0.208621,42.252396,584.0],[0.208468,42.252398,584.5],[0.20832,42.252399,585.0],[0.207971,42.252394,586.0],[0.207735,42.252381,586.0],[0.207464,42.252367,585.2],[0.207224,42.252376,583.8],[0.206958,42.252355,581.9],[0.206869,42.252362,581.2],[0.206681,42.252298,579.8],[0.206562,42.252269,579.3],[0.2064,42.252236,578.7],[0.206276,42.252228,578.4],[0.206041,42.252176,578.1],[0.205784,42.252127,578.2],[0.205635,42.25209,578.6],[0.205317,42.252014,578.8],[0.205077,42.251945,580.0],[0.204941,42.251912,580.5],[0.204889,42.251875,580.7],[0.204867,42.251811,581.5],[0.204884,42.251754,582.5],[0.204911,42.251657,584.1],[0.204867,42.251514,585.7],[0.204807,42.251413,586.5],[0.204764,42.251368,586.7],[0.204682,42.25133,586.6],[0.204491,42.251302,586.6],[0.204378,42.251278,587.3],[0.204251,42.251257,588.5],[0.204138,42.251287,588.7],[0.204027,42.251338,588.2],[0.203937,42.251398,587.8],[0.203804,42.251489,587.4],[0.20372,42.251519,587.9],[0.203596,42.25152,588.6],[0.20348,42.251476,590.4],[0.203404,42.2514,592.5],[0.203232,42.251334,592.7],[0.203028,42.251296,592.8],[0.202849,42.25127,593.6],[0.202725,42.251284,594.2],[0.202526,42.251334,594.5],[0.202426,42.251372,594.8],[0.202328,42.251439,594.3],[0.202258,42.251463,594.9],[0.202154,42.251464,596.0],[0.202036,42.251434,597.0],[0.201885,42.251357,599.0],[0.201751,42.251265,600.3],[0.201652,42.251181,602.0],[0.201435,42.251079,603.3],[0.201185,42.250996,603.2],[0.201056,42.25095,602.8],[0.200989,42.250916,602.8],[0.200911,42.250858,603.4],[0.200852,42.250802,604.3],[0.200795,42.250782,604.3],[0.200701,42.25077,603.5],[0.200616,42.250757,602.8],[0.200521,42.250726,602.4],[0.200423,42.25068,602.3],[0.200371,42.250635,602.8],[0.200325,42.250571,603.7],[0.200286,42.250491,604.9],[0.200234,42.250371,606.5],[0.200141,42.250243,607.3],[0.200032,42.25018,606.2],[0.199887,42.250128,604.9],[0.199792,42.250065,604.9],[0.199716,42.249987,605.5],[0.199666,42.249896,606.1],[0.199611,42.24979,606.4],[0.19957,42.249701,606.6],[0.199552,42.249626,607.0],[0.199503,42.249542,606.8],[0.199426,42.249397,606.5],[0.199384,42.249283,606.4],[0.199373,42.249234,606.7],[0.199376,42.249179,607.3],[0.199409,42.249097,608.7],[0.199428,42.249038,609.8],[0.199429,42.248986,610.5],[0.199403,42.24893,610.7],[0.199376,42.248889,610.8],[0.199335,42.248849,610.8],[0.199245,42.248792,611.4],[0.199079,42.248708,612.2],[0.198993,42.248649,612.7],[0.198937,42.248602,613.1],[0.198907,42.248555,613.7],[0.198875,42.248465,615.2],[0.198848,42.24834,616.3],[0.198812,42.248282,615.9],[0.198753,42.248221,615.3],[0.198659,42.248168,614.6],[0.198516,42.248096,613.3],[0.198406,42.24803,612.1],[0.198313,42.24797,611.5],[0.198264,42.247924,611.2],[0.198246,42.247874,611.1],[0.198237,42.247821,611.0],[0.198249,42.247763,611.1],[0.198254,42.24769,611.2],[0.198246,42.247631,611.2],[0.198222,42.247569,611.0],[0.198191,42.247484,610.7],[0.198171,42.247411,610.4],[0.198156,42.247306,610.0],[0.198137,42.247247,609.8],[0.198114,42.247199,609.6],[0.198027,42.247094,608.8],[0.197953,42.247033,607.9],[0.197887,42.247002,607.1],[0.197832,42.246948,606.4],[0.197786,42.246871,605.6],[0.197759,42.24679,604.8],[0.197713,42.246706,603.5],[0.197695,42.246644,602.8],[0.197663,42.246555,602.1],[0.197551,42.246322,599.2],[0.197497,42.246263,597.7],[0.197444,42.246211,596.2],[0.19744,42.246109,595.0],[0.197412,42.24605,593.7],[0.197333,42.246042,592.4],[0.197238,42.246046,591.5],[0.197185,42.246054,591.1],[0.197129,42.246043,590.4],[0.197076,42.245975,589.0],[0.197036,42.245939,588.5],[0.19698,42.245931,588.3],[0.196886,42.24593,588.3],[0.196778,42.24594,588.4],[0.196649,42.24594,588.3],[0.196536,42.245928,588.1],[0.196464,42.245903,587.8],[0.196366,42.245861,587.2],[0.196229,42.245781,586.1],[0.196145,42.245742,585.6],[0.196025,42.245729,585.6],[0.195831,42.245739,586.1],[0.195656,42.245778,586.1],[0.195565,42.245819,586.6],[0.195531,42.245839,586.5],[0.195494,42.245826,585.5],[0.195508,42.245766,584.5],[0.195539,42.245648,582.6],[0.195627,42.245502,580.4],[0.195681,42.245397,579.0],[0.195807,42.245274,577.5],[0.195828,42.245229,576.6],[0.195823,42.245183,575.6],[0.195779,42.245156,574.8],[0.195701,42.245141,574.1],[0.195604,42.245071,573.3],[0.195475,42.245033,573.9],[0.195351,42.245015,575.4],[0.195207,42.244974,577.4],[0.195144,42.24493,578.0],[0.195115,42.244868,579.1],[0.195104,42.24477,581.2],[0.195153,42.244698,583.1],[0.195253,42.244638,584.2],[0.195223,42.244603,585.8],[0.195098,42.244537,588.0],[0.194938,42.244468,589.9],[0.194841,42.244411,590.0],[0.194752,42.244362,589.6],[0.194654,42.24429,590.3],[0.194629,42.244247,591.1],[0.1946,42.244183,591.6],[0.19451,42.244105,591.9],[0.194355,42.243926,593.9],[0.194329,42.243888,594.8],[0.194329,42.243831,596.1],[0.19435,42.243768,597.3],[0.194426,42.243654,599.2],[0.194526,42.24355,600.4],[0.194607,42.24345,601.6],[0.194643,42.243431,601.7],[0.194684,42.243348,602.8],[0.194728,42.243316,603.1],[0.194804,42.243287,603.3],[0.194959,42.243256,604.4],[0.195044,42.243229,605.4],[0.195102,42.24321,606.1],[0.195207,42.243186,606.8],[0.195257,42.243156,607.5],[0.195348,42.243088,609.3],[0.195458,42.243045,610.4],[0.195574,42.243029,610.5],[0.19581,42.243028,609.6],[0.195983,42.243019,609.3],[0.1961,42.243002,609.5],[0.196208,42.242952,610.7],[0.19638,42.242838,613.0],[0.196496,42.242707,616.4],[0.196551,42.242625,618.3],[0.196581,42.242589,618.9],[0.196624,42.242497,621.1],[0.196721,42.242417,622.6],[0.196829,42.242376,622.6],[0.196853,42.242354,622.8],[0.197008,42.242286,623.5],[0.197149,42.242215,624.2],[0.197149,42.242215,624.2],[0.19715,42.242195,624.5],[0.19712,42.24218,624.8],[0.197069,42.242135,625.8],[0.197028,42.242099,626.8],[0.196977,42.242048,628.0],[0.196975,42.242002,629.0],[0.196935,42.241948,630.0],[0.196886,42.241892,631.0],[0.19686,42.241814,632.5],[0.196797,42.241721,633.9],[0.196697,42.241556,637.4],[0.196599,42.241424,639.6],[0.196563,42.241367,640.6],[0.196532,42.241311,641.6],[0.196515,42.241251,643.0],[0.196432,42.241164,643.5],[0.196387,42.241065,644.8],[0.196349,42.240986,646.2],[0.196268,42.240882,647.6],[0.196176,42.240708,651.0],[0.196107,42.240604,652.8],[0.196034,42.240496,654.4],[0.195947,42.240394,655.2],[0.195908,42.240308,656.3],[0.1959,42.240228,658.0],[0.195941,42.240027,663.4],[0.195937,42.239877,665.9],[0.195909,42.239736,667.1],[0.195898,42.239627,669.0],[0.195874,42.239564,669.8],[0.195812,42.239457,671.0],[0.195705,42.239308,672.4],[0.195656,42.239197,673.8],[0.195638,42.239114,675.0],[0.195639,42.239014,676.8],[0.195672,42.238914,678.4],[0.195745,42.238767,681.3],[0.195803,42.238647,683.1],[0.195811,42.238585,683.4],[0.195804,42.238509,684.3],[0.195764,42.238442,684.5],[0.195731,42.238384,684.9],[0.195676,42.238358,684.7],[0.195599,42.238331,684.4],[0.195478,42.23831,683.8],[0.195375,42.238282,684.9],[0.195302,42.238249,686.2],[0.195261,42.238183,688.5],[0.195219,42.238109,690.8],[0.195148,42.238047,692.2],[0.195094,42.237966,693.7],[0.19505,42.237808,697.4],[0.195028,42.237642,701.4],[0.195001,42.237535,703.8],[0.194973,42.237511,704.2],[0.194862,42.237458,704.8],[0.194763,42.237395,706.3],[0.194654,42.237387,706.9],[0.194615,42.237356,707.7],[0.194589,42.237266,709.8],[0.194493,42.237201,710.1],[0.194385,42.237152,710.6],[0.194236,42.237065,710.2],[0.194137,42.23703,708.7],[0.193994,42.237004,707.5],[0.193871,42.236973,706.7],[0.193792,42.236956,706.7],[0.193658,42.236942,707.3],[0.193535,42.236927,708.2],[0.193421,42.236896,709.0],[0.193333,42.236848,709.0],[0.19328,42.236768,708.9],[0.193228,42.236709,708.8],[0.193136,42.23668,709.6],[0.192996,42.236653,711.0],[0.192884,42.236631,712.8],[0.192805,42.23661,714.3],[0.192762,42.23658,715.1],[0.192739,42.236544,715.4],[0.192706,42.236498,715.8],[0.192692,42.236478,715.9],[0.192671,42.236458,716.0],[0.192631,42.236409,716.5],[0.192566,42.236328,718.2],[0.192503,42.236238,719.6],[0.192435,42.236184,720.5],[0.192399,42.236174,720.8],[0.192316,42.236174,721.0],[0.192269,42.236149,721.9],[0.19224,42.236116,722.8],[0.192244,42.236056,724.2],[0.192247,42.236014,725.2],[0.192215,42.235991,725.8],[0.192116,42.2359,728.5],[0.192101,42.235871,729.3],[0.192097,42.235808,731.1],[0.192028,42.235717,733.9],[0.191939,42.235677,735.3],[0.191906,42.235646,736.4],[0.191902,42.235626,737.2],[0.191915,42.235589,738.8],[0.191906,42.23555,740.3],[0.191916,42.235534,740.8],[0.191943,42.235518,741.0],[0.191947,42.235483,741.5],[0.191935,42.235428,742.1],[0.191928,42.235289,743.3],[0.191922,42.235142,742.9],[0.191909,42.235047,742.3],[0.191912,42.234904,740.8],[0.191907,42.234842,740.1],[0.191896,42.234772,739.3],[0.191909,42.234695,738.2],[0.191932,42.234614,736.8],[0.191954,42.234479,734.2],[0.191948,42.234431,733.3],[0.191917,42.234398,733.2],[0.191856,42.234286,732.6],[0.191844,42.234226,732.0],[0.191856,42.234189,731.4],[0.191917,42.234133,730.6],[0.191933,42.234078,730.5],[0.19193,42.234024,730.8],[0.191861,42.233976,732.1],[0.191857,42.233937,732.0],[0.191863,42.233876,731.5],[0.19185,42.233805,731.3],[0.191798,42.233756,731.7],[0.191767,42.233721,732.0],[0.19177,42.233658,731.9],[0.19179,42.233578,731.6],[0.19178,42.23351,731.7],[0.191713,42.233431,732.7],[0.191716,42.233394,732.8],[0.191758,42.233287,732.3],[0.191871,42.233157,731.5],[0.192086,42.232969,729.7],[0.192205,42.232795,728.3],[0.192244,42.232717,727.1],[0.192269,42.232626,726.1],[0.192267,42.232518,724.9],[0.192235,42.23228,721.8],[0.192184,42.232201,720.6],[0.192132,42.232137,720.2],[0.192142,42.232078,720.3],[0.192196,42.232004,720.2],[0.192254,42.231863,720.3],[0.19225,42.231783,721.0],[0.192265,42.231716,721.4],[0.192349,42.231618,723.3],[0.19247,42.231498,727.0],[0.192499,42.231445,728.1],[0.192496,42.231368,729.2],[0.192509,42.231225,731.2],[0.192585,42.231096,731.9],[0.192597,42.231053,732.1],[0.192562,42.230938,732.6],[0.192517,42.230777,733.8],[0.19246,42.230563,736.9],[0.192453,42.230447,738.8],[0.192441,42.230283,740.8],[0.192375,42.230193,742.9],[0.192294,42.230078,745.8],[0.192248,42.230034,747.2],[0.192166,42.230023,748.8],[0.191964,42.230041,751.0],[0.191864,42.230006,750.5],[0.191766,42.229948,749.0],[0.191652,42.229816,746.0],[0.19155,42.229684,743.3],[0.19155,42.229575,740.6],[0.191509,42.229418,737.3],[0.191475,42.229312,735.6],[0.191473,42.229175,733.9],[0.191405,42.229087,734.2],[0.19133,42.228996,733.9],[0.191229,42.228757,732.4],[0.191113,42.228664,730.0],[0.191044,42.228448,725.5],[0.19097,42.228234,722.0],[0.190916,42.227979,719.4],[0.190783,42.227842,717.4],[0.190705,42.227703,716.0],[0.190682,42.22762,714.8],[0.190717,42.227532,713.9],[0.190789,42.227454,712.5],[0.190925,42.227385,710.2],[0.191096,42.227321,708.3],[0.191162,42.227227,705.4],[0.191072,42.227177,703.4],[0.191011,42.227168,702.7],[0.190871,42.227128,700.8],[0.19065,42.227016,696.0],[0.190569,42.226937,693.6],[0.190511,42.226849,690.3],[0.19032,42.226833,688.8],[0.1899,42.226872,684.5],[0.18969,42.226941,682.5],[0.189513,42.227021,681.2],[0.189402,42.227036,679.6],[0.189281,42.227017,677.3],[0.189115,42.226986,674.2],[0.189046,42.22694,672.8],[0.18902,42.226865,671.5],[0.189071,42.226683,669.8],[0.189123,42.226478,668.4],[0.189065,42.226382,668.4],[0.189078,42.22627,668.5],[0.189164,42.226142,667.9],[0.189134,42.225932,667.5],[0.189091,42.225785,670.1],[0.189139,42.225649,670.8],[0.189235,42.225549,670.0],[0.189228,42.225455,672.4],[0.18923,42.225321,676.3],[0.189293,42.225218,676.9],[0.189365,42.225092,678.0],[0.189509,42.224977,676.6],[0.189646,42.224876,674.8],[0.189741,42.224813,674.4],[0.189905,42.224774,672.5],[0.189948,42.224715,671.7],[0.189921,42.2246,671.4],[0.189882,42.22452,670.9],[0.189799,42.224425,670.4],[0.189797,42.224426,670.4],[0.189884,42.224344,668.5],[0.1899,42.224211,666.5],[0.189908,42.224006,663.6],[0.189899,42.223846,661.3],[0.189932,42.223631,656.8],[0.189932,42.223447,653.5],[0.189924,42.22334,652.4],[0.18996,42.22323,650.7],[0.190047,42.223085,647.4],[0.190056,42.223025,646.4],[0.190052,42.222933,645.4],[0.189983,42.222864,646.1],[0.189922,42.22281,646.5],[0.189772,42.22275,646.9],[0.189614,42.222706,646.5],[0.189342,42.222655,646.4],[0.189103,42.222629,646.5],[0.188952,42.222607,646.5],[0.188578,42.222462,643.0],[0.188038,42.22227,637.0],[0.187886,42.222165,634.4],[0.187801,42.222076,632.7],[0.187646,42.221984,631.0],[0.187542,42.221949,630.3],[0.187265,42.222025,633.6],[0.187228,42.222051,634.4],[0.187072,42.22201,636.9],[0.187061,42.221894,639.7],[0.187019,42.221802,645.1],[0.186935,42.221773,648.4],[0.186847,42.221779,650.0],[0.186758,42.22178,651.9],[0.186704,42.221771,653.4],[0.186773,42.221674,657.6],[0.186809,42.221614,659.9],[0.186699,42.221639,661.0],[0.186576,42.221646,663.1],[0.186431,42.221633,666.0],[0.186329,42.221551,670.2],[0.186204,42.22147,673.5],[0.186162,42.221411,675.4],[0.186218,42.221363,677.0],[0.186198,42.221337,677.8],[0.186151,42.221333,677.8],[0.186139,42.221312,678.4],[0.186226,42.221282,679.7],[0.186197,42.221199,683.0],[0.186293,42.221128,686.4],[0.186341,42.221089,688.3],[0.186365,42.221044,690.8],[0.186375,42.220938,697.7],[0.186393,42.220929,698.5],[0.186234,42.220909,697.9],[0.186178,42.220884,698.7],[0.186295,42.220834,703.1],[0.186466,42.220815,705.5],[0.186537,42.220814,705.2],[0.186522,42.220694,709.2],[0.186459,42.220631,711.3],[0.186403,42.220544,713.5],[0.186311,42.220433,715.3],[0.186276,42.220369,716.6],[0.186285,42.220328,717.5],[0.186288,42.220282,718.4],[0.186286,42.220245,719.1],[0.186266,42.220189,720.1],[0.186262,42.220133,720.8],[0.18622,42.220089,721.2],[0.186202,42.220008,722.1],[0.186138,42.219929,723.6],[0.186131,42.219858,724.9],[0.186058,42.219763,728.0],[0.186019,42.219689,728.7],[0.18596,42.219608,729.1],[0.185882,42.219534,730.0],[0.185825,42.219445,731.4],[0.18575,42.21935,733.6],[0.185669,42.219288,734.8],[0.185579,42.219254,735.6],[0.18552,42.219196,737.2],[0.185431,42.219058,741.9],[0.185319,42.218885,743.6],[0.185272,42.218761,746.4],[0.18524,42.218572,750.8],[0.185176,42.218467,753.7],[0.185109,42.21835,757.6],[0.18506,42.218273,760.4],[0.184853,42.218131,766.8],[0.184659,42.217979,773.2],[0.184505,42.217871,778.4],[0.184113,42.217807,783.7],[0.183912,42.217769,786.9],[0.183698,42.217772,787.3],[0.183359,42.217765,788.9],[0.183272,42.217722,792.0],[0.18313,42.217667,795.1],[0.183032,42.217614,798.2],[0.182868,42.217558,802.0],[0.182649,42.217496,807.5],[0.182483,42.21746,809.8],[0.181971,42.217409,813.4],[0.181813,42.217347,817.5],[0.181617,42.217284,821.0],[0.181447,42.217215,825.4],[0.181267,42.217155,829.4],[0.181139,42.217115,830.5],[0.181035,42.217068,832.0],[0.180848,42.216994,833.7],[0.180698,42.21691,833.6],[0.180663,42.216866,833.2]]}},{"type":"Feature","properties":{"Name":"S — Fiscal–Broto","etapa":"S","original_name":"S_Fiscal-Broto","point_count":798,"length_km":15.672},"geometry":{"type":"LineString","coordinates":[[-0.120246,42.496513,767.5],[-0.120073,42.496584,766.4],[-0.119781,42.496701,764.7],[-0.119476,42.49689,762.7],[-0.119239,42.497059,761.6],[-0.119046,42.497331,761.3],[-0.118855,42.497571,761.1],[-0.118601,42.497796,760.6],[-0.118378,42.497996,760.3],[-0.118114,42.498207,760.0],[-0.117817,42.498438,760.0],[-0.117695,42.498609,759.9],[-0.117736,42.498614,760.0],[-0.117651,42.498691,759.8],[-0.117658,42.498754,759.7],[-0.11768,42.498858,759.4],[-0.117619,42.49894,758.8],[-0.117435,42.499038,758.2],[-0.117099,42.499292,762.7],[-0.116917,42.499433,772.0],[-0.117117,42.499631,774.4],[-0.117447,42.499889,770.5],[-0.117711,42.500105,766.6],[-0.117867,42.500248,763.9],[-0.117992,42.500517,762.5],[-0.118077,42.500699,762.7],[-0.118263,42.501033,762.1],[-0.118319,42.501297,764.1],[-0.118297,42.501395,766.2],[-0.118356,42.501526,766.8],[-0.118592,42.50169,764.1],[-0.118737,42.501887,765.8],[-0.118912,42.502062,767.0],[-0.119121,42.502257,768.4],[-0.119469,42.502503,771.2],[-0.119618,42.502627,768.8],[-0.119729,42.503003,772.7],[-0.119737,42.503184,772.2],[-0.119814,42.503287,767.3],[-0.119955,42.503388,763.3],[-0.120282,42.503621,765.3],[-0.120421,42.503853,768.7],[-0.120598,42.504468,770.3],[-0.12067,42.504672,774.1],[-0.120837,42.504853,774.6],[-0.121303,42.505134,774.8],[-0.121936,42.505504,775.3],[-0.122681,42.505937,775.9],[-0.123127,42.506199,775.4],[-0.123334,42.50634,775.9],[-0.123498,42.506499,776.3],[-0.123978,42.507033,776.3],[-0.124202,42.507276,776.7],[-0.124735,42.507871,779.2],[-0.124959,42.508108,780.7],[-0.125553,42.508768,783.3],[-0.125873,42.509169,782.3],[-0.125908,42.509417,782.3],[-0.125907,42.509641,783.0],[-0.125862,42.510146,786.4],[-0.125843,42.510753,789.2],[-0.125943,42.510892,789.0],[-0.126208,42.511091,787.3],[-0.126531,42.5114,783.3],[-0.126573,42.5116,781.8],[-0.126429,42.512328,786.8],[-0.126291,42.513096,790.5],[-0.126186,42.513701,791.4],[-0.126148,42.513893,791.9],[-0.126068,42.514315,795.8],[-0.12608,42.514534,799.7],[-0.126234,42.514813,801.9],[-0.126361,42.515012,802.1],[-0.126557,42.515216,802.7],[-0.126906,42.515437,799.4],[-0.127018,42.515627,799.8],[-0.127122,42.515964,803.7],[-0.127222,42.516207,806.3],[-0.127347,42.516381,806.7],[-0.127833,42.516871,810.4],[-0.128022,42.517037,811.5],[-0.128129,42.517227,809.1],[-0.12806,42.517522,813.0],[-0.128118,42.517688,815.5],[-0.128225,42.517797,814.3],[-0.128305,42.517974,816.2],[-0.12836,42.518215,819.9],[-0.128439,42.518353,818.9],[-0.128748,42.518716,818.6],[-0.128916,42.518891,817.0],[-0.128908,42.518959,818.6],[-0.128873,42.519073,821.7],[-0.128981,42.51912,821.0],[-0.129043,42.519169,822.3],[-0.129046,42.519208,824.2],[-0.129065,42.519276,827.0],[-0.129104,42.519341,828.8],[-0.129217,42.519453,829.9],[-0.129298,42.51955,831.2],[-0.129397,42.519709,835.1],[-0.129525,42.51993,840.9],[-0.129582,42.520036,844.5],[-0.129744,42.520179,843.1],[-0.129899,42.520356,844.7],[-0.129952,42.520448,846.5],[-0.129934,42.520508,850.3],[-0.12997,42.520626,852.8],[-0.130027,42.520775,854.9],[-0.130046,42.520878,857.0],[-0.130027,42.521011,862.1],[-0.130072,42.521083,861.9],[-0.130083,42.52118,864.4],[-0.130096,42.521282,866.7],[-0.130118,42.521376,868.2],[-0.130093,42.521458,872.0],[-0.13011,42.521553,873.7],[-0.130134,42.521649,875.1],[-0.13016,42.521812,878.4],[-0.130172,42.521926,880.8],[-0.130209,42.522035,881.7],[-0.130205,42.522168,883.4],[-0.130163,42.52222,885.8],[-0.130027,42.522338,892.9],[-0.129967,42.522436,895.4],[-0.129894,42.522572,899.3],[-0.12975,42.522616,907.0],[-0.129661,42.522724,910.8],[-0.129694,42.522767,910.6],[-0.129909,42.522963,912.4],[-0.130058,42.523091,916.7],[-0.130339,42.5233,920.6],[-0.130429,42.523371,921.3],[-0.130512,42.523539,927.3],[-0.130732,42.523769,931.2],[-0.130946,42.523904,931.0],[-0.131134,42.523997,929.0],[-0.131245,42.524095,933.0],[-0.131323,42.524173,934.2],[-0.131321,42.524276,938.1],[-0.131343,42.524416,940.6],[-0.131337,42.524511,941.1],[-0.131245,42.52459,942.4],[-0.13111,42.524623,943.4],[-0.130987,42.524638,944.9],[-0.130848,42.524638,947.8],[-0.130718,42.524654,951.2],[-0.130622,42.524716,951.7],[-0.130549,42.524829,948.4],[-0.130459,42.524889,947.9],[-0.13033,42.524904,950.7],[-0.130182,42.524934,953.8],[-0.130014,42.525082,954.6],[-0.129855,42.525218,955.7],[-0.129774,42.525322,953.7],[-0.12969,42.525406,953.7],[-0.129519,42.525436,959.1],[-0.129377,42.525428,964.4],[-0.129221,42.525508,968.4],[-0.128991,42.525674,971.8],[-0.128826,42.525871,973.9],[-0.128702,42.52597,977.6],[-0.128548,42.526111,982.1],[-0.128544,42.526192,986.6],[-0.128609,42.526228,987.3],[-0.128783,42.526219,984.5],[-0.128886,42.5262,982.3],[-0.129083,42.526188,979.7],[-0.129213,42.526221,981.5],[-0.129314,42.526229,981.1],[-0.129514,42.526318,984.5],[-0.12968,42.526402,985.3],[-0.129801,42.526472,986.2],[-0.129905,42.526563,987.7],[-0.130032,42.526677,986.9],[-0.130062,42.526817,988.8],[-0.130083,42.526927,990.1],[-0.13009,42.527023,991.5],[-0.130122,42.527115,991.7],[-0.130113,42.527245,993.0],[-0.130058,42.527342,992.7],[-0.129937,42.527456,995.7],[-0.129866,42.527596,998.7],[-0.129856,42.52771,999.1],[-0.129809,42.527828,999.3],[-0.129741,42.527908,1000.1],[-0.129663,42.528024,1000.6],[-0.12955,42.528077,1003.9],[-0.129347,42.528132,1006.7],[-0.129218,42.528221,1008.8],[-0.129035,42.528277,1011.7],[-0.128894,42.528332,1014.0],[-0.128751,42.528493,1021.1],[-0.128725,42.528625,1025.3],[-0.128796,42.528742,1027.8],[-0.128817,42.528733,1027.1],[-0.128902,42.52883,1028.9],[-0.128957,42.529004,1033.4],[-0.128943,42.529067,1035.3],[-0.12896,42.52917,1037.8],[-0.129103,42.529322,1040.4],[-0.129298,42.529512,1044.8],[-0.129491,42.529678,1047.4],[-0.129508,42.529795,1050.6],[-0.129505,42.529919,1054.3],[-0.129441,42.530201,1062.6],[-0.129409,42.530468,1069.0],[-0.129486,42.530693,1071.2],[-0.129606,42.530987,1071.3],[-0.129637,42.531113,1071.7],[-0.129562,42.531257,1074.5],[-0.129509,42.531371,1077.3],[-0.129573,42.531462,1077.7],[-0.129729,42.531688,1079.0],[-0.129755,42.531805,1079.9],[-0.129797,42.532003,1080.4],[-0.129767,42.532163,1080.5],[-0.129692,42.532265,1080.5],[-0.129578,42.532329,1081.6],[-0.129422,42.532403,1083.7],[-0.129247,42.532472,1087.6],[-0.129284,42.532527,1087.6],[-0.129372,42.532577,1086.5],[-0.129413,42.532691,1087.2],[-0.12952,42.532771,1086.7],[-0.129742,42.532936,1085.8],[-0.129813,42.53304,1085.7],[-0.129876,42.533235,1085.8],[-0.129792,42.533411,1087.6],[-0.129811,42.533586,1088.3],[-0.129862,42.533722,1088.7],[-0.129913,42.533868,1088.2],[-0.130051,42.534059,1085.9],[-0.130174,42.534292,1083.5],[-0.130314,42.534539,1080.0],[-0.130362,42.534748,1077.8],[-0.130374,42.535261,1075.0],[-0.130452,42.535421,1072.2],[-0.130722,42.535537,1064.8],[-0.130696,42.535536,1065.2],[-0.130964,42.535518,1061.9],[-0.130931,42.53559,1061.0],[-0.130937,42.535687,1059.4],[-0.130788,42.535759,1059.5],[-0.130731,42.535933,1060.2],[-0.13081,42.535994,1060.5],[-0.130909,42.53608,1060.7],[-0.131119,42.536217,1058.0],[-0.131155,42.53633,1058.2],[-0.131207,42.536592,1058.3],[-0.131224,42.536707,1058.5],[-0.131314,42.536766,1057.4],[-0.131496,42.537012,1056.1],[-0.131768,42.537323,1054.6],[-0.131903,42.537454,1053.9],[-0.132075,42.537618,1052.6],[-0.132316,42.537892,1051.1],[-0.132443,42.538145,1051.5],[-0.132471,42.53832,1051.7],[-0.132515,42.538605,1050.0],[-0.132606,42.538827,1045.9],[-0.132582,42.539029,1043.5],[-0.132579,42.539257,1040.2],[-0.132457,42.539337,1040.8],[-0.132397,42.539472,1038.4],[-0.132324,42.539505,1038.2],[-0.132054,42.539601,1041.9],[-0.131806,42.53981,1037.9],[-0.131734,42.539959,1028.2],[-0.131609,42.54004,1021.1],[-0.131457,42.540038,1024.2],[-0.131432,42.540001,1028.6],[-0.130855,42.540117,1027.8],[-0.130851,42.540125,1027.3],[-0.130825,42.540091,1030.4],[-0.130732,42.540129,1030.4],[-0.130448,42.540319,1021.2],[-0.129773,42.540776,1005.1],[-0.12927,42.541017,997.6],[-0.128828,42.541226,993.2],[-0.128582,42.541358,990.7],[-0.128436,42.541534,985.5],[-0.128239,42.541753,979.4],[-0.128058,42.541901,977.8],[-0.127929,42.542033,976.6],[-0.127901,42.542211,971.6],[-0.127853,42.542427,966.9],[-0.127793,42.542898,954.4],[-0.127785,42.543183,945.0],[-0.127628,42.543472,936.9],[-0.127076,42.544035,930.2],[-0.127048,42.544099,928.2],[-0.126889,42.544312,924.0],[-0.126817,42.544561,914.7],[-0.126535,42.544745,912.8],[-0.12625,42.544914,906.3],[-0.125941,42.545127,895.2],[-0.125536,42.545254,890.9],[-0.125216,42.545214,894.9],[-0.125006,42.545236,896.3],[-0.124801,42.545407,893.2],[-0.12477,42.545445,892.7],[-0.1247,42.545545,892.2],[-0.124675,42.545681,891.7],[-0.124736,42.545979,886.5],[-0.124651,42.546095,886.7],[-0.124539,42.546356,882.3],[-0.124491,42.546637,872.4],[-0.124418,42.547027,861.2],[-0.124363,42.547217,857.2],[-0.124401,42.547304,854.4],[-0.124427,42.547445,850.8],[-0.124427,42.547646,846.7],[-0.124459,42.547851,843.4],[-0.124639,42.547975,839.3],[-0.124657,42.548107,837.4],[-0.124516,42.548209,838.1],[-0.124381,42.548379,838.2],[-0.12438,42.548465,837.4],[-0.124426,42.548535,836.1],[-0.124547,42.548593,833.7],[-0.124705,42.548632,831.5],[-0.124834,42.548729,829.5],[-0.124931,42.548826,828.5],[-0.12493,42.548908,828.1],[-0.125008,42.54912,827.2],[-0.124494,42.549386,828.3],[-0.124158,42.549614,828.7],[-0.123882,42.549766,829.1],[-0.123584,42.55003,828.7],[-0.123306,42.550428,829.5],[-0.123202,42.550737,829.0],[-0.123066,42.551111,826.8],[-0.122964,42.551386,827.1],[-0.122877,42.55155,827.6],[-0.122644,42.551749,828.3],[-0.122499,42.551837,828.4],[-0.122322,42.551928,828.5],[-0.122128,42.552099,828.5],[-0.122053,42.552177,828.3],[-0.121944,42.552264,828.6],[-0.121905,42.552469,827.7],[-0.122004,42.552559,827.0],[-0.122043,42.552622,827.0],[-0.122207,42.552771,827.0],[-0.122314,42.552794,827.0],[-0.122408,42.55273,827.0],[-0.122626,42.552704,827.0],[-0.122844,42.552832,827.0],[-0.122825,42.552952,827.0],[-0.122935,42.553132,827.0],[-0.12291,42.553228,827.0],[-0.122673,42.553311,827.0],[-0.122491,42.553402,827.3],[-0.122413,42.55348,827.9],[-0.122344,42.553656,828.8],[-0.12226,42.553782,829.7],[-0.122199,42.553966,830.3],[-0.122026,42.554131,832.4],[-0.121925,42.55427,834.0],[-0.121964,42.554511,834.3],[-0.12202,42.554596,833.7],[-0.122138,42.554805,832.4],[-0.122231,42.55498,830.8],[-0.122235,42.555108,830.7],[-0.122057,42.555455,830.9],[-0.121931,42.555639,830.5],[-0.121717,42.555919,831.0],[-0.121365,42.556337,834.0],[-0.12112,42.556533,837.0],[-0.120708,42.556907,839.6],[-0.120534,42.557152,839.2],[-0.120365,42.557301,839.3],[-0.120181,42.557364,839.1],[-0.120161,42.55744,839.2],[-0.12014,42.557565,839.8],[-0.120077,42.557719,839.8],[-0.120077,42.558035,839.1],[-0.120106,42.558288,839.0],[-0.119994,42.558608,838.9],[-0.119981,42.55898,838.0],[-0.119915,42.559346,837.2],[-0.119847,42.559722,837.0],[-0.119743,42.559967,837.2],[-0.119653,42.560238,837.6],[-0.119646,42.560368,837.6],[-0.119626,42.560563,837.7],[-0.11945,42.561318,839.6],[-0.119384,42.56151,840.1],[-0.119273,42.561613,840.5],[-0.119115,42.561816,841.0],[-0.119061,42.562091,842.0],[-0.119028,42.562294,842.3],[-0.119031,42.562584,843.0],[-0.119052,42.56284,843.0],[-0.11906,42.562944,843.1],[-0.119032,42.563029,843.3],[-0.118814,42.563171,844.0],[-0.118698,42.563344,844.1],[-0.118695,42.563444,844.3],[-0.118704,42.563562,844.7],[-0.118689,42.563697,845.0],[-0.118663,42.563993,845.0],[-0.118642,42.564294,845.0],[-0.118783,42.56467,844.9],[-0.119118,42.564919,844.0],[-0.119494,42.565226,844.3],[-0.119821,42.56553,845.2],[-0.12007,42.56584,846.2],[-0.120147,42.566108,846.8],[-0.120159,42.566383,847.0],[-0.120204,42.566523,847.5],[-0.120206,42.566644,847.8],[-0.120186,42.566773,847.8],[-0.120224,42.56687,847.7],[-0.120311,42.567037,847.4],[-0.120212,42.567294,847.7],[-0.120122,42.567417,847.9],[-0.11997,42.567646,847.6],[-0.11978,42.567875,847.4],[-0.119645,42.568108,847.4],[-0.119584,42.568314,847.2],[-0.119459,42.568612,847.0],[-0.119358,42.568978,847.0],[-0.11916,42.569525,846.8],[-0.119084,42.569777,846.8],[-0.119072,42.570009,846.0],[-0.118999,42.570258,846.0],[-0.118756,42.570521,846.0],[-0.118562,42.570924,846.0],[-0.118342,42.57132,846.0],[-0.117863,42.57203,846.7],[-0.117891,42.572198,846.5],[-0.118086,42.572294,846.0],[-0.118264,42.572508,846.0],[-0.11834,42.572694,846.0],[-0.118365,42.572999,846.0],[-0.118438,42.573196,846.0],[-0.118439,42.573492,846.0],[-0.118369,42.573847,846.3],[-0.118397,42.574122,847.0],[-0.118381,42.57468,849.0],[-0.118259,42.574696,849.1],[-0.117939,42.574698,849.2],[-0.117751,42.574707,849.2],[-0.117629,42.574814,849.7],[-0.117457,42.574958,850.0],[-0.11722,42.575123,850.1],[-0.117047,42.575341,850.3],[-0.116892,42.575548,851.1],[-0.1168,42.575734,851.9],[-0.116544,42.576009,852.0],[-0.116185,42.576522,852.0],[-0.115991,42.576776,853.2],[-0.115855,42.576941,854.4],[-0.115685,42.577171,855.4],[-0.115506,42.577344,856.1],[-0.115346,42.577543,857.2],[-0.115069,42.577818,859.7],[-0.114889,42.578025,861.6],[-0.114833,42.578092,862.2],[-0.114358,42.578163,862.9],[-0.114397,42.578243,863.6],[-0.114412,42.578254,863.7],[-0.114639,42.578607,867.0],[-0.115067,42.57952,875.1],[-0.11521,42.579817,876.6],[-0.115213,42.579879,876.9],[-0.115147,42.580157,878.5],[-0.115081,42.580296,879.1],[-0.115013,42.58044,879.5],[-0.114953,42.580413,879.9],[-0.114867,42.580354,880.6],[-0.11478,42.580305,881.3],[-0.114601,42.580324,882.9],[-0.114393,42.580343,885.8],[-0.11423,42.580313,887.5],[-0.114128,42.58033,888.4],[-0.114006,42.580378,889.4],[-0.113791,42.580417,892.3],[-0.113646,42.580411,895.9],[-0.113442,42.580381,903.6],[-0.113327,42.580298,909.0],[-0.113159,42.580127,915.1],[-0.113133,42.580126,916.4],[-0.11303,42.580119,921.4],[-0.11297,42.580097,924.0],[-0.112908,42.580068,926.7],[-0.112779,42.580004,931.8],[-0.112718,42.579917,932.5],[-0.112689,42.579846,931.9],[-0.112683,42.57978,930.6],[-0.112595,42.579781,933.3],[-0.112479,42.579815,937.7],[-0.112434,42.579849,940.0],[-0.112391,42.579944,944.2],[-0.112324,42.580063,949.1],[-0.11223,42.580196,955.4],[-0.112143,42.580283,960.7],[-0.112074,42.580456,966.9],[-0.112021,42.580596,971.5],[-0.112028,42.580753,975.9],[-0.111996,42.580869,980.0],[-0.111991,42.58095,981.7],[-0.111915,42.580949,984.8],[-0.111862,42.580989,987.9],[-0.111826,42.581091,990.7],[-0.111717,42.581159,996.6],[-0.111558,42.581238,1005.3],[-0.111413,42.581333,1009.0],[-0.111293,42.581364,1013.9],[-0.111208,42.581394,1016.9],[-0.111085,42.581421,1020.1],[-0.110975,42.581422,1023.6],[-0.110915,42.581437,1025.1],[-0.110874,42.581473,1025.3],[-0.110817,42.581501,1025.8],[-0.110756,42.581433,1030.8],[-0.110622,42.581416,1035.9],[-0.11052,42.581411,1039.6],[-0.110439,42.581405,1042.6],[-0.110327,42.581423,1046.1],[-0.110128,42.581499,1049.1],[-0.110012,42.581578,1050.2],[-0.10987,42.581608,1053.8],[-0.109748,42.581684,1054.6],[-0.109541,42.581703,1060.6],[-0.109453,42.581709,1063.3],[-0.109403,42.581713,1064.8],[-0.10918,42.581793,1068.4],[-0.109001,42.581825,1073.1],[-0.108833,42.581887,1075.9],[-0.108785,42.581915,1076.1],[-0.108609,42.581994,1078.5],[-0.108463,42.582056,1081.6],[-0.108311,42.582128,1081.6],[-0.108167,42.582168,1083.2],[-0.107975,42.582181,1088.1],[-0.10783,42.582169,1092.6],[-0.107714,42.582186,1096.0],[-0.107589,42.582213,1100.0],[-0.107506,42.582271,1102.5],[-0.107546,42.582337,1100.5],[-0.107515,42.582384,1100.5],[-0.107401,42.582441,1102.4],[-0.10729,42.582504,1104.9],[-0.107217,42.582574,1106.7],[-0.107124,42.582679,1108.1],[-0.107062,42.582738,1109.4],[-0.107053,42.582794,1109.6],[-0.106991,42.58293,1111.2],[-0.106976,42.583085,1111.7],[-0.10695,42.583185,1112.9],[-0.106918,42.583262,1114.8],[-0.106818,42.583362,1119.2],[-0.106762,42.583443,1121.0],[-0.106781,42.583553,1120.4],[-0.106769,42.583607,1120.8],[-0.106735,42.583636,1120.9],[-0.106674,42.58367,1121.7],[-0.106557,42.583704,1124.6],[-0.106457,42.583753,1123.1],[-0.106311,42.583798,1121.8],[-0.106246,42.583787,1122.7],[-0.106211,42.583759,1124.0],[-0.106022,42.583685,1127.0],[-0.105898,42.583652,1127.6],[-0.1059,42.583656,1127.4],[-0.105865,42.583668,1126.5],[-0.105748,42.583665,1125.3],[-0.105656,42.583672,1123.9],[-0.105458,42.583694,1122.6],[-0.105343,42.583728,1121.6],[-0.105269,42.583756,1120.9],[-0.105237,42.583799,1120.0],[-0.105184,42.583837,1120.7],[-0.10513,42.583876,1121.5],[-0.105137,42.583922,1122.3],[-0.105125,42.583955,1122.9],[-0.105129,42.584004,1123.7],[-0.105151,42.584058,1125.4],[-0.105439,42.584035,1124.0],[-0.105575,42.584093,1126.1],[-0.105741,42.584162,1127.8],[-0.105897,42.58425,1129.7],[-0.105996,42.584301,1129.7],[-0.10604,42.584328,1129.7],[-0.106127,42.584355,1128.9],[-0.106263,42.584364,1126.2],[-0.106451,42.58438,1122.7],[-0.106593,42.58445,1122.8],[-0.106773,42.584545,1124.4],[-0.106936,42.584582,1125.3],[-0.10706,42.584603,1126.3],[-0.107148,42.584608,1127.0],[-0.107171,42.584558,1125.6],[-0.107242,42.584514,1124.4],[-0.107441,42.584535,1127.2],[-0.107526,42.584584,1128.7],[-0.107655,42.584628,1129.9],[-0.107756,42.584701,1132.0],[-0.107878,42.584757,1132.8],[-0.108038,42.584795,1132.5],[-0.108191,42.584819,1131.6],[-0.108265,42.584853,1131.7],[-0.108427,42.584908,1131.4],[-0.108619,42.58494,1130.0],[-0.108818,42.585027,1129.9],[-0.109006,42.585064,1128.3],[-0.109219,42.585099,1126.3],[-0.109344,42.585123,1125.0],[-0.109429,42.585154,1124.8],[-0.109487,42.585206,1125.8],[-0.109567,42.585284,1127.5],[-0.109719,42.585381,1128.9],[-0.109781,42.585419,1129.5],[-0.109957,42.585546,1132.4],[-0.11005,42.58561,1134.3],[-0.110288,42.585757,1136.4],[-0.110508,42.585912,1137.7],[-0.110578,42.586003,1138.4],[-0.110705,42.586233,1139.1],[-0.110785,42.586381,1142.2],[-0.11085,42.586473,1144.5],[-0.111006,42.586583,1146.1],[-0.111148,42.586668,1143.8],[-0.111216,42.586768,1145.9],[-0.111291,42.586871,1148.4],[-0.1114,42.586925,1147.1],[-0.111695,42.587058,1144.2],[-0.111877,42.58719,1143.4],[-0.112071,42.587332,1143.5],[-0.112144,42.587431,1142.3],[-0.112206,42.587503,1141.0],[-0.112232,42.587595,1141.3],[-0.112293,42.5877,1138.9],[-0.11232,42.587783,1137.9],[-0.112343,42.587937,1137.2],[-0.112386,42.588053,1135.8],[-0.112402,42.588102,1135.5],[-0.112429,42.588158,1134.7],[-0.112433,42.58824,1135.1],[-0.112473,42.588292,1133.6],[-0.112513,42.588376,1132.1],[-0.112597,42.588453,1128.5],[-0.112669,42.58854,1127.0],[-0.112713,42.588603,1127.2],[-0.112824,42.58867,1125.9],[-0.113036,42.588697,1120.3],[-0.113256,42.588756,1118.9],[-0.113509,42.588813,1116.7],[-0.11368,42.588857,1115.3],[-0.113981,42.588931,1112.7],[-0.114093,42.58896,1112.7],[-0.11421,42.588989,1112.3],[-0.114314,42.589062,1108.2],[-0.114387,42.589123,1104.7],[-0.114401,42.58926,1103.7],[-0.114399,42.589366,1102.8],[-0.114417,42.589502,1099.9],[-0.114461,42.58954,1097.1],[-0.114463,42.589621,1095.6],[-0.114461,42.589693,1094.2],[-0.114463,42.589819,1091.0],[-0.114428,42.589959,1089.2],[-0.114439,42.590077,1086.2],[-0.114442,42.590166,1083.6],[-0.114393,42.590279,1081.6],[-0.114363,42.590346,1080.7],[-0.114348,42.590457,1078.3],[-0.114298,42.590563,1077.3],[-0.114285,42.590703,1075.4],[-0.114275,42.590794,1074.6],[-0.114279,42.59096,1075.3],[-0.114403,42.591095,1072.9],[-0.114525,42.591239,1070.9],[-0.114642,42.591375,1069.0],[-0.114692,42.591434,1068.0],[-0.114753,42.591503,1067.7],[-0.114865,42.591593,1067.1],[-0.115037,42.591691,1063.3],[-0.115132,42.591744,1062.5],[-0.115238,42.591806,1061.0],[-0.115382,42.591884,1058.3],[-0.115539,42.591967,1056.0],[-0.115651,42.592022,1054.1],[-0.115728,42.592058,1052.6],[-0.115809,42.592074,1050.0],[-0.115847,42.592107,1049.4],[-0.115882,42.592171,1049.4],[-0.115969,42.592251,1048.0],[-0.116058,42.592316,1045.9],[-0.116159,42.592388,1043.0],[-0.116249,42.592442,1039.9],[-0.116332,42.592498,1037.3],[-0.116426,42.592514,1033.7],[-0.116493,42.59254,1031.4],[-0.116538,42.592552,1029.9],[-0.116582,42.592629,1029.7],[-0.116613,42.592655,1028.7],[-0.116669,42.59267,1026.6],[-0.116691,42.592643,1025.6],[-0.116695,42.592609,1024.9],[-0.116715,42.592554,1023.4],[-0.11673,42.592533,1022.5],[-0.116759,42.592496,1021.0],[-0.116802,42.592466,1019.1],[-0.116851,42.592474,1017.3],[-0.116872,42.592511,1016.8],[-0.116889,42.592585,1016.7],[-0.116934,42.592922,1014.2],[-0.116926,42.593149,1011.8],[-0.116858,42.593635,1004.1],[-0.116805,42.593806,1002.8],[-0.116612,42.594284,1000.4],[-0.116573,42.59442,998.4],[-0.116559,42.594723,993.4],[-0.116536,42.594901,992.4],[-0.11648,42.59537,987.7],[-0.116462,42.595483,986.3],[-0.116483,42.59552,984.8],[-0.116498,42.595516,984.3],[-0.116553,42.595478,982.8],[-0.116584,42.595424,982.7],[-0.116615,42.595376,982.6],[-0.116663,42.595349,981.5],[-0.116725,42.595315,980.1],[-0.116769,42.595272,979.5],[-0.116825,42.595212,978.7],[-0.116852,42.595158,978.7],[-0.116896,42.595078,978.4],[-0.11696,42.59511,976.2],[-0.117014,42.59519,973.6],[-0.117119,42.59526,970.4],[-0.117196,42.595312,968.6],[-0.117408,42.595434,964.7],[-0.117537,42.595533,963.2],[-0.117691,42.59564,960.7],[-0.117722,42.595697,959.3],[-0.117769,42.595764,957.4],[-0.117781,42.595792,956.8],[-0.117745,42.595815,956.8],[-0.117749,42.595867,955.4],[-0.117735,42.595919,954.1],[-0.117711,42.595956,953.4],[-0.117674,42.596005,952.5],[-0.117627,42.596046,952.0],[-0.11759,42.596056,952.3],[-0.117611,42.59611,950.7],[-0.11762,42.596179,949.0],[-0.117617,42.596262,947.0],[-0.117588,42.596307,946.5],[-0.117566,42.596361,945.6],[-0.117523,42.596436,944.6],[-0.117525,42.596477,943.7],[-0.117547,42.59654,941.7],[-0.117555,42.596655,939.0],[-0.117559,42.596783,937.2],[-0.117579,42.596871,936.3],[-0.117618,42.596933,935.2],[-0.117641,42.597045,933.5],[-0.117656,42.597099,932.5],[-0.117688,42.597138,931.3],[-0.117658,42.597215,930.8],[-0.11765,42.59727,930.1],[-0.117694,42.597336,928.1],[-0.117688,42.597428,926.8],[-0.117583,42.597783,922.4],[-0.117547,42.597947,922.6],[-0.117501,42.598244,928.8],[-0.117622,42.598412,930.9],[-0.117745,42.598525,928.0],[-0.118163,42.598897,926.1],[-0.118364,42.59909,926.9],[-0.11872,42.599445,924.8],[-0.118939,42.599708,925.0],[-0.119182,42.600031,921.1],[-0.119285,42.600181,917.7],[-0.119547,42.600491,914.0],[-0.119684,42.60061,912.2],[-0.119931,42.600736,908.2],[-0.120296,42.600921,902.3],[-0.12046,42.601041,900.4],[-0.120536,42.601182,899.6],[-0.120564,42.601435,898.3],[-0.120533,42.601619,897.6],[-0.120454,42.60202,898.4],[-0.120423,42.602232,900.4],[-0.120534,42.602661,901.0],[-0.120634,42.602887,901.6],[-0.120729,42.60301,901.5],[-0.120766,42.603174,903.2],[-0.121029,42.603394,900.8],[-0.121376,42.603628,899.3],[-0.121746,42.603868,899.4],[-0.122103,42.604057,899.0],[-0.122527,42.604253,897.9],[-0.122846,42.604441,897.0],[-0.12312,42.604605,897.1]]}},{"type":"Feature","properties":{"Name":"T — Fiscal–Santa Orosia","etapa":"T","original_name":"T-Fiscal-Bergua","point_count":1059,"length_km":25.005},"geometry":{"type":"LineString","coordinates":[[-0.120246,42.496513,768.1],[-0.120073,42.496584,767.0],[-0.119781,42.496701,765.3],[-0.119476,42.49689,763.3],[-0.119239,42.497059,761.9],[-0.119046,42.497331,761.8],[-0.118855,42.497571,761.7],[-0.118601,42.497796,760.8],[-0.118378,42.497996,760.5],[-0.118114,42.498207,760.3],[-0.117817,42.498438,760.0],[-0.117695,42.498609,760.0],[-0.117695,42.498609,760.0],[-0.117874,42.49871,760.0],[-0.118177,42.498884,760.4],[-0.11845,42.499114,760.3],[-0.118796,42.499211,760.5],[-0.119179,42.499273,761.1],[-0.119554,42.499314,764.6],[-0.119831,42.499423,766.9],[-0.120021,42.49956,768.1],[-0.120196,42.499718,768.6],[-0.120274,42.499844,768.0],[-0.120345,42.499995,766.7],[-0.12024,42.500204,763.9],[-0.1202,42.500286,763.1],[-0.120229,42.500318,763.3],[-0.120362,42.500579,763.1],[-0.120469,42.500711,764.0],[-0.120603,42.50087,765.7],[-0.120708,42.500948,767.9],[-0.120707,42.500891,768.4],[-0.12068,42.500806,767.9],[-0.120637,42.500632,767.4],[-0.120558,42.500509,767.4],[-0.1205,42.50041,767.4],[-0.120507,42.500337,768.4],[-0.120616,42.500169,774.0],[-0.120694,42.50004,778.5],[-0.120826,42.499952,784.4],[-0.120927,42.499834,786.0],[-0.120979,42.499685,783.8],[-0.121036,42.499605,783.1],[-0.121103,42.499402,781.8],[-0.12114,42.499009,780.7],[-0.121234,42.498828,781.3],[-0.121487,42.498555,782.0],[-0.121993,42.498389,785.0],[-0.122282,42.498419,789.3],[-0.122522,42.498595,794.5],[-0.122648,42.498839,797.9],[-0.122567,42.49908,801.6],[-0.1223,42.499286,803.3],[-0.122015,42.499556,803.6],[-0.121792,42.499725,805.2],[-0.121558,42.499872,808.0],[-0.121279,42.500047,807.8],[-0.121296,42.500187,808.7],[-0.121402,42.500348,810.9],[-0.121533,42.500497,814.0],[-0.121566,42.500655,812.3],[-0.121708,42.500918,812.2],[-0.121922,42.501193,813.9],[-0.122229,42.501481,815.2],[-0.122442,42.501719,814.6],[-0.122807,42.502032,817.2],[-0.12305,42.502277,817.9],[-0.123287,42.502498,817.8],[-0.123608,42.502752,818.6],[-0.124015,42.502984,818.3],[-0.124621,42.503382,819.3],[-0.124897,42.503549,821.5],[-0.125326,42.503808,823.8],[-0.125572,42.503911,825.6],[-0.126223,42.504289,825.5],[-0.126473,42.504453,825.4],[-0.126702,42.504603,826.6],[-0.12698,42.504816,827.7],[-0.127057,42.504932,825.6],[-0.127173,42.505088,825.3],[-0.127373,42.505281,827.0],[-0.127519,42.505528,827.7],[-0.127697,42.5058,828.7],[-0.127879,42.506046,829.1],[-0.127974,42.506101,830.4],[-0.128197,42.506133,835.6],[-0.128298,42.506206,835.6],[-0.12834,42.506326,832.4],[-0.128442,42.506423,832.0],[-0.128602,42.506528,832.5],[-0.128839,42.506651,834.5],[-0.129156,42.506825,835.5],[-0.129389,42.506956,836.0],[-0.129646,42.507074,840.6],[-0.129724,42.507285,837.5],[-0.129869,42.507517,837.5],[-0.130094,42.507704,839.7],[-0.130479,42.508089,846.0],[-0.130875,42.50852,847.9],[-0.131138,42.508645,850.1],[-0.131505,42.50867,854.3],[-0.13193,42.508761,851.4],[-0.132178,42.508769,852.0],[-0.132534,42.508801,855.4],[-0.132676,42.508881,856.4],[-0.132645,42.508973,860.1],[-0.132346,42.509164,857.7],[-0.132131,42.509371,857.4],[-0.131936,42.50959,857.4],[-0.131732,42.509835,853.5],[-0.131754,42.510058,853.1],[-0.131858,42.51039,853.8],[-0.131864,42.510626,850.8],[-0.131832,42.510999,845.4],[-0.131833,42.511239,842.7],[-0.132017,42.511618,842.6],[-0.132074,42.511829,840.6],[-0.132074,42.512152,840.2],[-0.13212,42.512455,839.3],[-0.132171,42.512751,838.4],[-0.132295,42.51296,840.9],[-0.132461,42.513207,843.6],[-0.132688,42.513527,845.7],[-0.132806,42.51373,846.5],[-0.132999,42.514101,849.5],[-0.1331,42.514372,851.1],[-0.133183,42.51448,853.6],[-0.133227,42.514638,853.6],[-0.133306,42.514883,854.6],[-0.133456,42.515214,858.0],[-0.133696,42.515694,862.0],[-0.133844,42.515979,865.7],[-0.133993,42.51629,869.9],[-0.134123,42.516629,870.5],[-0.134333,42.516931,876.0],[-0.134611,42.517243,881.9],[-0.134679,42.517466,882.8],[-0.13472,42.517772,885.5],[-0.134701,42.518108,886.4],[-0.134686,42.518325,886.2],[-0.134693,42.518568,887.7],[-0.134719,42.518883,888.6],[-0.1348,42.519075,891.8],[-0.134929,42.519276,894.6],[-0.134915,42.519608,893.7],[-0.134893,42.51989,892.4],[-0.134971,42.520024,893.9],[-0.135265,42.520248,900.8],[-0.135415,42.520461,903.8],[-0.135612,42.52071,904.1],[-0.135873,42.520988,906.4],[-0.136218,42.521498,904.5],[-0.136319,42.521573,906.1],[-0.136527,42.521695,906.7],[-0.136701,42.521741,908.1],[-0.136857,42.521791,917.6],[-0.136818,42.521933,911.4],[-0.136793,42.522058,906.8],[-0.136854,42.522185,907.4],[-0.136926,42.522351,905.4],[-0.137065,42.522526,905.0],[-0.137219,42.522663,904.5],[-0.137415,42.522769,904.2],[-0.137633,42.522828,906.0],[-0.137778,42.522863,905.9],[-0.137934,42.522904,905.3],[-0.138087,42.522937,906.5],[-0.138132,42.523047,906.4],[-0.138092,42.523241,904.6],[-0.138045,42.523364,902.7],[-0.137988,42.523564,901.9],[-0.137983,42.523797,898.3],[-0.138084,42.52389,899.9],[-0.138292,42.523951,904.8],[-0.138466,42.524021,906.3],[-0.138663,42.524147,903.9],[-0.13881,42.524264,907.1],[-0.138824,42.524428,909.5],[-0.138781,42.524567,909.4],[-0.138746,42.524696,908.1],[-0.13889,42.52485,914.4],[-0.13902,42.525014,917.5],[-0.139058,42.525163,915.6],[-0.139138,42.525281,915.4],[-0.139254,42.52536,917.8],[-0.139369,42.525427,920.3],[-0.139519,42.525526,922.5],[-0.139653,42.525632,924.1],[-0.139852,42.525759,926.0],[-0.140121,42.52599,930.1],[-0.140144,42.526117,931.8],[-0.140072,42.526234,932.8],[-0.139948,42.52639,932.0],[-0.139943,42.526553,933.3],[-0.139928,42.526661,931.9],[-0.139978,42.526784,932.2],[-0.140134,42.527003,934.0],[-0.140288,42.527156,938.0],[-0.140391,42.527326,940.3],[-0.140404,42.527513,941.4],[-0.140404,42.527651,941.8],[-0.140457,42.527835,942.7],[-0.140603,42.528056,942.7],[-0.140799,42.528183,944.1],[-0.14111,42.528305,942.7],[-0.141425,42.528371,945.3],[-0.141601,42.528437,947.1],[-0.141689,42.528649,944.1],[-0.141798,42.528806,945.6],[-0.141963,42.529047,944.3],[-0.14218,42.52915,944.7],[-0.142615,42.529349,944.7],[-0.14288,42.529474,944.6],[-0.143212,42.529593,948.9],[-0.143401,42.529799,945.0],[-0.143642,42.52995,942.7],[-0.143896,42.529992,946.4],[-0.144148,42.530122,946.2],[-0.144459,42.53035,946.3],[-0.144628,42.530546,943.3],[-0.144772,42.530631,944.7],[-0.145003,42.530747,946.4],[-0.145342,42.530876,950.0],[-0.145513,42.530984,952.6],[-0.145683,42.531313,951.8],[-0.145939,42.531527,959.8],[-0.146111,42.531778,963.3],[-0.146229,42.532005,964.8],[-0.146363,42.532301,967.3],[-0.146531,42.532473,971.1],[-0.146959,42.532801,978.8],[-0.147186,42.53307,980.7],[-0.147459,42.533352,984.0],[-0.147741,42.533555,987.6],[-0.147872,42.533635,988.8],[-0.148183,42.533779,992.0],[-0.148733,42.533995,995.8],[-0.149245,42.534138,1000.2],[-0.149543,42.534257,999.8],[-0.149916,42.534281,1003.6],[-0.150294,42.534261,1008.2],[-0.150719,42.534259,1009.3],[-0.151247,42.534191,1013.7],[-0.151809,42.534136,1017.6],[-0.15217,42.534185,1016.1],[-0.152405,42.534105,1019.3],[-0.152725,42.533865,1024.7],[-0.15292,42.533658,1027.7],[-0.153192,42.533381,1029.4],[-0.153348,42.53319,1036.0],[-0.153437,42.533227,1035.5],[-0.153709,42.533494,1030.7],[-0.153889,42.533632,1029.2],[-0.154082,42.533651,1031.2],[-0.154374,42.533628,1034.9],[-0.154659,42.53363,1036.8],[-0.154948,42.533701,1035.8],[-0.155226,42.533801,1034.1],[-0.155393,42.533826,1034.5],[-0.15574,42.533856,1035.9],[-0.155912,42.533851,1037.7],[-0.156193,42.533892,1038.2],[-0.156538,42.534006,1033.3],[-0.156859,42.534061,1034.3],[-0.157171,42.534052,1034.4],[-0.157405,42.533957,1036.4],[-0.15758,42.533859,1040.3],[-0.157814,42.533887,1039.7],[-0.158041,42.53391,1041.0],[-0.158287,42.533918,1042.0],[-0.15841,42.533866,1044.6],[-0.158685,42.533784,1047.1],[-0.158935,42.533728,1049.9],[-0.159245,42.533686,1050.0],[-0.15955,42.533687,1047.6],[-0.159829,42.533674,1048.2],[-0.160192,42.53364,1049.8],[-0.160525,42.53366,1050.3],[-0.160873,42.533699,1052.3],[-0.161148,42.533751,1052.9],[-0.161622,42.533924,1048.8],[-0.161929,42.533965,1049.0],[-0.162268,42.53397,1048.6],[-0.162599,42.533942,1048.5],[-0.163022,42.533905,1048.8],[-0.163371,42.533851,1050.2],[-0.163572,42.533875,1049.3],[-0.164006,42.533927,1049.3],[-0.164419,42.53395,1051.2],[-0.164684,42.533943,1052.7],[-0.164937,42.533946,1054.1],[-0.165225,42.533997,1054.0],[-0.16542,42.534036,1053.5],[-0.165767,42.534085,1052.1],[-0.166153,42.533971,1053.1],[-0.166471,42.533805,1054.5],[-0.166762,42.533792,1054.7],[-0.167063,42.533828,1054.7],[-0.167447,42.533817,1055.9],[-0.167455,42.533818,1055.8],[-0.167654,42.533793,1056.6],[-0.167958,42.533726,1058.4],[-0.168218,42.533675,1059.6],[-0.16852,42.533648,1060.6],[-0.168843,42.533648,1059.8],[-0.169064,42.533604,1060.7],[-0.169256,42.533566,1061.2],[-0.169306,42.533662,1058.3],[-0.169373,42.533794,1054.0],[-0.169425,42.533893,1050.7],[-0.169406,42.533973,1048.2],[-0.169396,42.534055,1045.6],[-0.169551,42.534055,1044.8],[-0.169757,42.534008,1045.1],[-0.169837,42.534014,1044.3],[-0.16994,42.534026,1043.0],[-0.170054,42.534021,1042.4],[-0.170254,42.533922,1044.6],[-0.170421,42.533767,1047.9],[-0.170627,42.533652,1049.0],[-0.170885,42.533564,1049.3],[-0.171041,42.533474,1050.8],[-0.171189,42.533377,1052.1],[-0.171402,42.533351,1051.9],[-0.17156,42.533316,1052.6],[-0.17165,42.533279,1053.8],[-0.171721,42.533197,1056.2],[-0.171874,42.533151,1057.4],[-0.172001,42.533135,1057.8],[-0.172216,42.533067,1059.8],[-0.172355,42.533005,1061.9],[-0.172509,42.532954,1063.4],[-0.172623,42.532918,1064.5],[-0.172732,42.53294,1063.7],[-0.172839,42.532924,1064.5],[-0.17294,42.532886,1066.0],[-0.173204,42.532889,1066.0],[-0.173404,42.532914,1065.1],[-0.173586,42.53291,1064.9],[-0.173769,42.532884,1065.0],[-0.173895,42.532871,1064.6],[-0.17405,42.532858,1063.9],[-0.17421,42.532836,1063.2],[-0.174341,42.532831,1063.0],[-0.174423,42.532838,1062.8],[-0.174499,42.532888,1061.4],[-0.17457,42.532894,1061.4],[-0.174623,42.532918,1061.2],[-0.174666,42.532946,1060.8],[-0.174717,42.532966,1060.6],[-0.174884,42.532965,1061.5],[-0.175008,42.53297,1061.5],[-0.175145,42.532965,1061.7],[-0.17527,42.532952,1061.7],[-0.175425,42.532937,1061.6],[-0.175538,42.532969,1060.0],[-0.175563,42.532999,1058.9],[-0.175597,42.533013,1058.3],[-0.17567,42.533006,1058.1],[-0.175825,42.532999,1057.4],[-0.175859,42.532972,1058.1],[-0.17593,42.532925,1059.1],[-0.176013,42.532892,1059.7],[-0.176069,42.532855,1060.3],[-0.176138,42.532801,1061.2],[-0.176295,42.532699,1062.5],[-0.176418,42.532615,1063.4],[-0.176576,42.532525,1063.9],[-0.176703,42.532424,1064.7],[-0.176768,42.53234,1065.3],[-0.176857,42.532221,1066.5],[-0.176885,42.53213,1068.0],[-0.176973,42.532016,1069.6],[-0.177111,42.531955,1070.3],[-0.177193,42.531946,1070.1],[-0.177281,42.531888,1070.9],[-0.177361,42.531812,1071.9],[-0.177453,42.531718,1073.2],[-0.177534,42.531587,1074.8],[-0.177622,42.531438,1077.6],[-0.177718,42.531383,1078.3],[-0.177872,42.531349,1078.3],[-0.177973,42.531328,1078.4],[-0.178167,42.531287,1078.6],[-0.178272,42.531239,1079.5],[-0.178443,42.531199,1078.8],[-0.178593,42.531136,1078.8],[-0.178713,42.531099,1078.2],[-0.178857,42.530989,1078.8],[-0.179006,42.530895,1078.5],[-0.179117,42.530798,1078.7],[-0.179234,42.530668,1079.4],[-0.179314,42.530562,1080.3],[-0.17947,42.530424,1080.1],[-0.17954,42.530343,1080.6],[-0.179708,42.530172,1082.4],[-0.179825,42.530083,1083.1],[-0.17995,42.52998,1083.2],[-0.180056,42.529945,1082.3],[-0.180194,42.52991,1081.1],[-0.18027,42.529853,1081.2],[-0.180293,42.529804,1081.7],[-0.180413,42.529715,1081.5],[-0.180496,42.529674,1081.0],[-0.180556,42.529578,1082.0],[-0.180624,42.529478,1082.8],[-0.180754,42.529399,1081.7],[-0.180909,42.529286,1082.3],[-0.181025,42.529217,1082.3],[-0.181152,42.529151,1082.6],[-0.181388,42.529086,1082.3],[-0.181473,42.529056,1082.1],[-0.181568,42.528982,1083.3],[-0.181684,42.528924,1083.5],[-0.181791,42.528876,1083.4],[-0.181943,42.52878,1084.1],[-0.182106,42.528665,1084.7],[-0.182253,42.528588,1084.5],[-0.182385,42.528504,1084.6],[-0.182489,42.52842,1084.4],[-0.182572,42.528348,1084.5],[-0.182665,42.528224,1085.3],[-0.182696,42.528098,1087.0],[-0.18275,42.528006,1086.9],[-0.18277,42.52793,1087.2],[-0.182817,42.527794,1087.2],[-0.182847,42.527697,1087.2],[-0.182885,42.527615,1086.7],[-0.182893,42.527588,1086.7],[-0.182861,42.527575,1087.3],[-0.182859,42.527527,1087.5],[-0.182861,42.527452,1087.7],[-0.182825,42.527449,1088.3],[-0.182798,42.527479,1088.7],[-0.182784,42.527504,1088.9],[-0.182761,42.527491,1089.3],[-0.182765,42.527448,1089.3],[-0.182771,42.527413,1089.8],[-0.182801,42.527366,1090.4],[-0.182898,42.527339,1089.7],[-0.183012,42.527338,1088.1],[-0.183103,42.527324,1087.4],[-0.183241,42.527264,1087.8],[-0.183391,42.527154,1089.8],[-0.183472,42.527106,1090.3],[-0.183604,42.526961,1092.1],[-0.183742,42.526835,1093.7],[-0.183829,42.526664,1095.6],[-0.183909,42.526489,1096.9],[-0.183925,42.526421,1097.6],[-0.183979,42.526283,1098.7],[-0.184072,42.526175,1099.0],[-0.184174,42.526095,1099.1],[-0.18431,42.526014,1099.0],[-0.184442,42.525907,1098.7],[-0.184533,42.525723,1099.8],[-0.184617,42.525566,1100.7],[-0.184737,42.525375,1100.8],[-0.184785,42.52525,1100.7],[-0.184818,42.525109,1100.5],[-0.18482,42.525019,1100.8],[-0.1848,42.524865,1101.3],[-0.184824,42.524742,1101.1],[-0.184822,42.52461,1101.9],[-0.184862,42.524441,1102.5],[-0.184913,42.524304,1103.2],[-0.185022,42.524185,1103.3],[-0.1851,42.524109,1103.2],[-0.185148,42.524031,1103.8],[-0.185188,42.523965,1104.2],[-0.185288,42.523872,1104.1],[-0.185376,42.523756,1105.1],[-0.185483,42.523615,1105.9],[-0.185589,42.523494,1106.1],[-0.185726,42.523354,1105.9],[-0.185831,42.523258,1105.7],[-0.185919,42.523137,1106.4],[-0.186001,42.523007,1107.4],[-0.18604,42.522859,1108.9],[-0.186144,42.522616,1110.7],[-0.186223,42.52239,1111.0],[-0.186206,42.522173,1111.9],[-0.186236,42.522098,1111.6],[-0.186324,42.521912,1111.7],[-0.186481,42.521614,1112.4],[-0.186515,42.52151,1113.1],[-0.186542,42.521396,1113.9],[-0.186625,42.521295,1113.0],[-0.186692,42.521203,1111.8],[-0.186722,42.521085,1110.3],[-0.186721,42.520977,1109.6],[-0.1867,42.520871,1109.2],[-0.186664,42.52064,1107.7],[-0.186613,42.520437,1107.4],[-0.186535,42.520201,1107.3],[-0.1865,42.520111,1106.8],[-0.186439,42.519989,1107.3],[-0.186357,42.519896,1108.7],[-0.186355,42.519819,1109.1],[-0.186433,42.519781,1108.8],[-0.186608,42.519821,1111.2],[-0.186791,42.519909,1110.3],[-0.186987,42.51999,1112.6],[-0.187089,42.520003,1115.1],[-0.187245,42.520034,1118.3],[-0.187445,42.52005,1123.4],[-0.187546,42.52014,1119.9],[-0.187606,42.520192,1119.1],[-0.187688,42.520241,1118.5],[-0.187782,42.520226,1122.0],[-0.188084,42.520228,1129.1],[-0.18834,42.520266,1129.9],[-0.188476,42.520283,1129.5],[-0.18867,42.520289,1129.7],[-0.188818,42.520231,1133.1],[-0.189066,42.520146,1135.9],[-0.189145,42.52009,1136.6],[-0.189173,42.519906,1140.4],[-0.189207,42.519794,1142.7],[-0.189337,42.519687,1143.0],[-0.18942,42.519635,1143.0],[-0.189586,42.519492,1144.6],[-0.189692,42.519322,1146.9],[-0.189774,42.519221,1147.4],[-0.189855,42.519075,1148.0],[-0.189925,42.518939,1148.8],[-0.18996,42.518815,1150.2],[-0.189981,42.518713,1151.1],[-0.189984,42.51865,1151.9],[-0.189999,42.518552,1152.6],[-0.190007,42.518471,1153.2],[-0.189986,42.518379,1154.7],[-0.189974,42.518277,1155.5],[-0.189968,42.518187,1156.0],[-0.189985,42.518137,1155.6],[-0.189956,42.517926,1157.2],[-0.189954,42.517842,1157.3],[-0.189884,42.517713,1160.6],[-0.189777,42.517563,1163.2],[-0.189732,42.517518,1164.2],[-0.18967,42.517363,1163.8],[-0.189598,42.517221,1164.7],[-0.189589,42.517124,1164.3],[-0.189582,42.516967,1163.8],[-0.189583,42.516846,1163.4],[-0.189576,42.516583,1163.9],[-0.189575,42.516276,1163.0],[-0.189563,42.516008,1162.2],[-0.189537,42.515821,1162.9],[-0.189524,42.515708,1163.4],[-0.189585,42.515598,1158.6],[-0.189561,42.515481,1158.7],[-0.189539,42.515316,1157.9],[-0.189448,42.514959,1156.6],[-0.189341,42.514631,1155.7],[-0.189311,42.514371,1154.4],[-0.18932,42.514074,1152.4],[-0.189338,42.513919,1151.1],[-0.189294,42.513726,1151.9],[-0.189258,42.513604,1152.4],[-0.189197,42.513403,1152.9],[-0.189184,42.513196,1151.0],[-0.189159,42.51305,1150.4],[-0.189113,42.512954,1151.5],[-0.189117,42.512872,1151.3],[-0.189117,42.512871,1151.3],[-0.189065,42.512704,1152.6],[-0.189123,42.512637,1151.4],[-0.18918,42.512707,1150.6],[-0.189317,42.512825,1153.5],[-0.189403,42.513016,1152.0],[-0.189495,42.513229,1151.0],[-0.189658,42.513379,1152.7],[-0.189826,42.513685,1154.2],[-0.189903,42.513917,1154.5],[-0.189957,42.514045,1154.4],[-0.189989,42.514233,1152.4],[-0.189992,42.514315,1151.1],[-0.190145,42.514513,1156.8],[-0.190285,42.514742,1158.7],[-0.190445,42.515023,1165.3],[-0.190544,42.515361,1170.1],[-0.190631,42.515529,1174.2],[-0.190743,42.515741,1178.5],[-0.190968,42.515947,1183.6],[-0.191243,42.516052,1189.1],[-0.191368,42.516139,1190.8],[-0.191551,42.516274,1193.3],[-0.191714,42.516415,1195.2],[-0.191936,42.516543,1200.2],[-0.192131,42.516623,1203.8],[-0.19242,42.516642,1207.9],[-0.192606,42.516655,1209.6],[-0.192865,42.516777,1211.8],[-0.193029,42.516812,1214.6],[-0.193186,42.516905,1216.9],[-0.19335,42.516992,1220.4],[-0.193411,42.517091,1221.8],[-0.193465,42.517223,1224.9],[-0.193465,42.517348,1227.0],[-0.193462,42.517511,1227.9],[-0.19352,42.517595,1230.0],[-0.193574,42.517681,1230.7],[-0.193674,42.517835,1232.3],[-0.193798,42.518015,1235.1],[-0.193975,42.518133,1237.6],[-0.194225,42.518284,1240.1],[-0.194353,42.518329,1241.3],[-0.19437,42.518336,1241.4],[-0.194331,42.518176,1241.5],[-0.194296,42.518043,1241.6],[-0.194375,42.517889,1241.9],[-0.194529,42.517708,1241.8],[-0.194719,42.517577,1241.2],[-0.194869,42.517413,1243.1],[-0.194924,42.517306,1244.5],[-0.194888,42.517201,1245.4],[-0.194861,42.517113,1246.2],[-0.194922,42.517075,1247.0],[-0.195061,42.517093,1247.9],[-0.195244,42.51712,1248.8],[-0.195512,42.51711,1250.4],[-0.195913,42.517053,1252.7],[-0.196224,42.517001,1254.1],[-0.196787,42.516934,1256.3],[-0.197594,42.516844,1263.0],[-0.197813,42.516824,1264.5],[-0.198095,42.516796,1265.6],[-0.198315,42.516748,1267.1],[-0.19843,42.516691,1268.7],[-0.198609,42.516643,1269.9],[-0.198911,42.51665,1269.4],[-0.199302,42.516616,1271.4],[-0.19964,42.516647,1271.3],[-0.19999,42.516681,1272.6],[-0.200373,42.516686,1275.4],[-0.200712,42.516699,1276.5],[-0.201019,42.516725,1276.4],[-0.20151,42.516737,1276.1],[-0.201732,42.516705,1275.3],[-0.201952,42.516678,1275.4],[-0.202164,42.516672,1275.4],[-0.20236,42.51667,1275.7],[-0.202547,42.516674,1274.6],[-0.202692,42.516627,1273.5],[-0.202663,42.516502,1273.9],[-0.202569,42.516311,1276.3],[-0.20253,42.51614,1277.6],[-0.202534,42.516054,1277.0],[-0.202505,42.515865,1277.6],[-0.202504,42.515756,1277.2],[-0.202539,42.515665,1277.3],[-0.202629,42.515658,1276.2],[-0.20277,42.515791,1271.0],[-0.202897,42.515936,1270.4],[-0.202975,42.515996,1269.1],[-0.20336,42.516104,1271.1],[-0.203866,42.516267,1268.2],[-0.2041,42.516344,1267.8],[-0.204558,42.516463,1266.9],[-0.204839,42.516509,1266.7],[-0.205084,42.51655,1266.7],[-0.205583,42.516654,1266.0],[-0.205965,42.516751,1264.4],[-0.206346,42.516815,1265.9],[-0.206612,42.516845,1265.8],[-0.206858,42.516839,1265.1],[-0.206994,42.516737,1267.2],[-0.20711,42.516629,1268.0],[-0.207345,42.516391,1267.9],[-0.207723,42.5161,1267.2],[-0.20798,42.515913,1266.8],[-0.208215,42.515729,1265.0],[-0.208292,42.51551,1267.9],[-0.208373,42.515426,1268.4],[-0.208662,42.515312,1267.0],[-0.20907,42.515236,1264.7],[-0.209308,42.515096,1266.4],[-0.209587,42.5149,1267.2],[-0.209766,42.514772,1268.3],[-0.2101,42.514634,1264.1],[-0.210349,42.514447,1262.1],[-0.210626,42.514069,1264.8],[-0.210762,42.513848,1268.1],[-0.211085,42.513613,1265.6],[-0.211417,42.5133,1266.9],[-0.211537,42.513207,1266.7],[-0.211801,42.51291,1269.2],[-0.211983,42.512733,1266.6],[-0.212146,42.512533,1264.4],[-0.212153,42.512369,1265.6],[-0.21197,42.512162,1266.9],[-0.211848,42.511963,1269.2],[-0.211925,42.51185,1269.7],[-0.212373,42.511761,1269.2],[-0.212756,42.511596,1273.3],[-0.213028,42.511456,1272.6],[-0.213186,42.511139,1278.9],[-0.213265,42.510999,1280.4],[-0.213481,42.510697,1282.6],[-0.213729,42.510425,1283.5],[-0.213962,42.510267,1281.5],[-0.214221,42.510052,1281.7],[-0.214443,42.509756,1283.2],[-0.214593,42.509601,1281.0],[-0.214768,42.509282,1281.0],[-0.214832,42.508943,1288.7],[-0.215185,42.508806,1281.5],[-0.21551,42.508611,1281.1],[-0.215769,42.508431,1277.8],[-0.215951,42.508095,1274.5],[-0.215971,42.507782,1281.1],[-0.216161,42.507685,1275.3],[-0.216478,42.507551,1273.9],[-0.21671,42.507424,1273.0],[-0.216846,42.50733,1270.1],[-0.216924,42.50719,1266.5],[-0.216925,42.506889,1268.4],[-0.216945,42.506713,1271.1],[-0.217044,42.506508,1268.3],[-0.21721,42.50626,1265.8],[-0.217593,42.50599,1257.6],[-0.217669,42.505895,1257.5],[-0.217662,42.505634,1261.5],[-0.21774,42.505357,1256.5],[-0.217756,42.505141,1256.7],[-0.217833,42.504895,1256.7],[-0.217991,42.504686,1256.6],[-0.218141,42.504681,1255.2],[-0.218226,42.504776,1256.1],[-0.218266,42.504967,1256.2],[-0.218288,42.505277,1256.5],[-0.218264,42.505533,1257.5],[-0.218327,42.505723,1260.0],[-0.218339,42.505956,1258.6],[-0.218471,42.506165,1264.3],[-0.218512,42.506305,1268.6],[-0.218344,42.506498,1265.9],[-0.218076,42.506767,1261.3],[-0.217929,42.506997,1260.5],[-0.217914,42.507231,1261.6],[-0.21794,42.507383,1261.3],[-0.217883,42.507509,1257.9],[-0.217748,42.507729,1255.2],[-0.217536,42.508006,1254.7],[-0.217367,42.508353,1252.7],[-0.217352,42.508683,1251.8],[-0.217324,42.508995,1253.0],[-0.217217,42.509213,1252.1],[-0.217058,42.509447,1252.7],[-0.217028,42.509607,1255.7],[-0.217029,42.509676,1258.3],[-0.216886,42.509756,1257.0],[-0.216703,42.509902,1256.3],[-0.216696,42.51006,1260.1],[-0.216634,42.51041,1262.8],[-0.216603,42.510575,1264.5],[-0.216515,42.510793,1265.8],[-0.216352,42.510999,1264.1],[-0.216243,42.511154,1262.0],[-0.216241,42.511292,1262.8],[-0.216307,42.511393,1265.3],[-0.216547,42.511533,1266.0],[-0.216785,42.511618,1269.6],[-0.216915,42.511718,1271.7],[-0.217056,42.511804,1273.0],[-0.217132,42.511874,1274.8],[-0.217127,42.511981,1279.4],[-0.216896,42.512058,1279.8],[-0.216507,42.512124,1276.5],[-0.216226,42.512262,1279.2],[-0.21608,42.512403,1279.6],[-0.216042,42.512632,1282.4],[-0.216009,42.512869,1282.7],[-0.216074,42.512977,1285.0],[-0.216233,42.513153,1288.6],[-0.216421,42.513436,1288.8],[-0.216612,42.513633,1291.1],[-0.216786,42.513793,1293.3],[-0.216898,42.513888,1295.9],[-0.216888,42.514005,1298.2],[-0.216566,42.514145,1298.3],[-0.216018,42.514321,1301.5],[-0.215595,42.514428,1300.4],[-0.215365,42.514587,1300.8],[-0.215197,42.514793,1299.2],[-0.21521,42.514921,1300.6],[-0.215256,42.515042,1302.6],[-0.215276,42.515325,1301.3],[-0.215272,42.515518,1299.5],[-0.215228,42.515785,1298.1],[-0.215304,42.515952,1304.8],[-0.215298,42.5161,1307.9],[-0.214996,42.516285,1305.7],[-0.21479,42.516424,1302.8],[-0.214803,42.516556,1306.2],[-0.214831,42.516652,1308.9],[-0.214729,42.516863,1309.6],[-0.214615,42.517112,1316.0],[-0.213968,42.517333,1313.3],[-0.213664,42.517594,1315.6],[-0.213553,42.517777,1315.5],[-0.213625,42.517834,1318.9],[-0.213846,42.517874,1322.6],[-0.214697,42.518001,1326.4],[-0.215247,42.518067,1328.0],[-0.215978,42.518157,1329.1],[-0.216225,42.518149,1332.1],[-0.216441,42.518219,1331.7],[-0.216677,42.518246,1333.2],[-0.21689,42.518254,1334.8],[-0.217149,42.518285,1335.1],[-0.217928,42.518348,1339.3],[-0.21899,42.518422,1343.5],[-0.219392,42.518473,1344.1],[-0.219582,42.518495,1343.3],[-0.220211,42.518466,1350.5],[-0.220504,42.518476,1353.1],[-0.221031,42.518531,1354.6],[-0.221428,42.518612,1354.9],[-0.222095,42.518684,1357.5],[-0.222853,42.518681,1365.2],[-0.223663,42.518766,1369.2],[-0.224198,42.518869,1370.7],[-0.224695,42.518988,1374.2],[-0.225027,42.519061,1377.5],[-0.225331,42.519127,1378.7],[-0.225582,42.519122,1381.3],[-0.225927,42.519117,1381.2],[-0.22617,42.518989,1382.7],[-0.226433,42.518816,1380.5],[-0.226576,42.518634,1384.9],[-0.226761,42.518435,1388.4],[-0.227129,42.518217,1390.7],[-0.227365,42.518147,1391.5],[-0.227627,42.51808,1392.1],[-0.227915,42.518012,1391.9],[-0.228021,42.51796,1392.1],[-0.228329,42.517859,1393.7],[-0.228528,42.517741,1395.8],[-0.228614,42.517745,1397.7],[-0.228623,42.517845,1397.0],[-0.228585,42.518126,1394.6],[-0.228627,42.51829,1395.8],[-0.22861,42.518421,1396.8],[-0.228595,42.518647,1398.8],[-0.228714,42.518789,1400.9],[-0.228882,42.51895,1402.2],[-0.229083,42.519029,1403.5],[-0.229252,42.519107,1404.8],[-0.229521,42.519199,1406.2],[-0.229798,42.519253,1408.0],[-0.229897,42.519325,1407.4],[-0.230066,42.519356,1407.9],[-0.230323,42.519434,1407.9],[-0.230602,42.519521,1407.9],[-0.230887,42.519561,1409.0],[-0.231173,42.519561,1412.3],[-0.23152,42.519594,1414.7],[-0.231597,42.519624,1413.9],[-0.23188,42.519647,1414.7],[-0.232139,42.519681,1414.5],[-0.232381,42.51968,1415.5],[-0.232648,42.51965,1416.1],[-0.232852,42.519648,1415.8],[-0.233181,42.519605,1416.3],[-0.233368,42.519562,1417.2],[-0.23363,42.519521,1417.2],[-0.23373,42.519518,1416.7],[-0.233893,42.519462,1417.8],[-0.234118,42.519377,1419.4],[-0.234345,42.519275,1420.8],[-0.234453,42.519199,1422.3],[-0.234665,42.519066,1424.0],[-0.234987,42.518856,1425.6],[-0.235192,42.518763,1424.9],[-0.235361,42.518651,1425.8],[-0.235459,42.518578,1426.6],[-0.235678,42.518482,1425.7],[-0.235888,42.518355,1426.4],[-0.236297,42.518167,1425.6],[-0.236573,42.518025,1424.5],[-0.236814,42.517876,1425.3],[-0.236995,42.517744,1426.9],[-0.237154,42.517639,1424.6],[-0.237345,42.517437,1425.4],[-0.237514,42.517208,1425.7],[-0.237664,42.516996,1425.5],[-0.237792,42.516762,1425.7],[-0.237984,42.516455,1423.7],[-0.23805,42.516178,1423.2],[-0.238063,42.515938,1420.3],[-0.238003,42.515742,1419.1],[-0.237946,42.515649,1421.8],[-0.238009,42.515549,1418.9],[-0.238131,42.515519,1417.6],[-0.238432,42.515468,1418.3],[-0.238619,42.515432,1418.8],[-0.238732,42.515397,1418.3],[-0.238787,42.515331,1419.3],[-0.238847,42.515136,1423.8],[-0.238919,42.51507,1424.1],[-0.239211,42.515066,1420.1],[-0.239344,42.515003,1420.4],[-0.239646,42.514819,1423.3],[-0.239898,42.514676,1424.2],[-0.240278,42.514494,1424.2],[-0.240663,42.51431,1423.9],[-0.240892,42.514167,1423.7],[-0.241063,42.513954,1426.4],[-0.241206,42.513784,1427.3],[-0.241345,42.513582,1428.5],[-0.241446,42.513435,1429.4],[-0.241651,42.51309,1431.5],[-0.24186,42.512677,1432.3],[-0.241923,42.512392,1433.9],[-0.24193,42.512237,1435.7],[-0.242167,42.511916,1432.7],[-0.242299,42.511717,1434.9],[-0.24235,42.511604,1436.2],[-0.242597,42.511481,1434.4],[-0.242628,42.511283,1436.3],[-0.242567,42.511107,1438.4],[-0.242325,42.510824,1441.7],[-0.242173,42.510642,1442.6],[-0.241895,42.510244,1443.4],[-0.24156,42.509976,1446.5],[-0.241554,42.509895,1446.5],[-0.241711,42.509761,1445.7],[-0.242098,42.509753,1446.9],[-0.242803,42.509905,1448.3],[-0.243308,42.510018,1449.8],[-0.243772,42.510043,1451.6],[-0.243944,42.509963,1454.1],[-0.244182,42.509817,1456.5],[-0.244347,42.50971,1457.3],[-0.244454,42.509453,1461.1],[-0.244483,42.509194,1463.5],[-0.244516,42.508979,1465.9],[-0.244714,42.508913,1463.9],[-0.245256,42.508811,1466.4],[-0.245486,42.508675,1469.5],[-0.245537,42.508552,1471.2],[-0.245545,42.508259,1475.1],[-0.24571,42.508229,1474.0],[-0.245877,42.508375,1474.4],[-0.246056,42.508557,1475.7],[-0.246145,42.508695,1475.7],[-0.246362,42.509057,1478.8],[-0.24653,42.509267,1480.2],[-0.246816,42.509402,1484.1],[-0.247026,42.509826,1482.2],[-0.247357,42.51001,1485.9],[-0.247763,42.510194,1489.8],[-0.248115,42.510327,1492.6],[-0.248525,42.510419,1495.4],[-0.249057,42.510395,1499.9],[-0.249477,42.51038,1502.7],[-0.249661,42.510525,1506.5],[-0.249675,42.510848,1509.9],[-0.249696,42.511122,1509.5],[-0.249916,42.511462,1510.9],[-0.250683,42.512097,1520.6],[-0.250932,42.512405,1522.2],[-0.251179,42.512771,1524.3],[-0.251321,42.512961,1525.5],[-0.251465,42.513006,1527.0],[-0.251752,42.51283,1526.0],[-0.251984,42.512526,1526.9],[-0.2523,42.512314,1524.3],[-0.25314,42.511788,1513.8],[-0.253953,42.51136,1507.6],[-0.25438,42.511185,1505.6],[-0.254673,42.511142,1505.1],[-0.254986,42.511261,1503.1],[-0.255547,42.511357,1505.8],[-0.255909,42.511391,1509.5],[-0.256482,42.511475,1510.5],[-0.256922,42.511502,1511.8],[-0.257286,42.511751,1514.6],[-0.257704,42.512158,1520.4],[-0.257889,42.512415,1520.8],[-0.258276,42.512673,1521.9],[-0.258956,42.512951,1528.7],[-0.25924,42.513008,1529.3],[-0.259255,42.513277,1529.4],[-0.259004,42.513579,1531.6],[-0.258604,42.514001,1533.9],[-0.258502,42.514129,1533.3],[-0.258549,42.514361,1533.0],[-0.258873,42.51457,1536.4],[-0.259371,42.514936,1545.1],[-0.259557,42.515291,1546.0],[-0.259771,42.515533,1546.7],[-0.260061,42.515725,1548.6],[-0.260261,42.51597,1550.0],[-0.260613,42.516449,1553.2],[-0.260834,42.516705,1554.3],[-0.261146,42.516897,1556.9],[-0.261588,42.517038,1560.9],[-0.261911,42.517182,1563.5],[-0.262128,42.517327,1565.5],[-0.262359,42.517569,1566.4],[-0.262477,42.517685,1567.2],[-0.262711,42.517841,1568.9],[-0.262875,42.517906,1571.7],[-0.263113,42.518197,1569.9],[-0.263331,42.518339,1571.4],[-0.263564,42.518712,1568.3],[-0.263702,42.518884,1568.1],[-0.264018,42.519083,1569.7],[-0.264346,42.519208,1570.5],[-0.26465,42.519289,1571.3],[-0.264813,42.519368,1570.9],[-0.265131,42.519424,1573.5],[-0.265336,42.519566,1572.3],[-0.265636,42.519732,1574.1],[-0.265766,42.519878,1574.3],[-0.265824,42.519954,1573.9],[-0.266132,42.520328,1572.4],[-0.266337,42.520362,1572.9],[-0.266581,42.520411,1572.3],[-0.266731,42.520473,1571.1],[-0.26682,42.520562,1572.3],[-0.266824,42.520673,1571.9],[-0.266877,42.52096,1571.3],[-0.266986,42.521083,1571.6],[-0.267401,42.521427,1572.1],[-0.267667,42.521661,1571.2],[-0.268206,42.521957,1572.7],[-0.26856,42.522067,1574.4],[-0.269056,42.522249,1574.2],[-0.269708,42.522372,1575.4],[-0.27037,42.522483,1575.4],[-0.270846,42.522538,1575.8],[-0.271121,42.522501,1577.6],[-0.271416,42.522596,1577.1],[-0.271662,42.52264,1577.4],[-0.272161,42.522557,1577.9],[-0.272629,42.522385,1577.3],[-0.273069,42.522092,1574.4],[-0.273323,42.521946,1572.2],[-0.273862,42.521744,1568.6],[-0.274204,42.521544,1566.3],[-0.274663,42.521195,1564.4],[-0.274925,42.521055,1563.8],[-0.27509,42.520813,1563.4],[-0.27527,42.5204,1562.9],[-0.275338,42.520004,1562.0],[-0.275422,42.519665,1561.0],[-0.275418,42.519361,1560.4],[-0.275445,42.518932,1559.0],[-0.27553,42.518674,1558.5],[-0.275711,42.518399,1558.2],[-0.276033,42.518117,1557.5],[-0.276159,42.51802,1557.5],[-0.275958,42.517882,1555.0],[-0.275695,42.517727,1552.8],[-0.275646,42.517469,1550.7]]}}]}