{
  "type": "FeatureCollection",
  "name": "The Old Way - Complete Route",
  "properties": {
    "description": "Southampton to Canterbury. This GPX file covers the entire route, start to finish.  To see recommended stages go to: <br><br>https://www.britishpilgrimage.org/portfolio/old-way-itineraries",
    "source": "https://www.google.com/maps/d/viewer?mid=1IVi6mgMV7IrqwDfYqbcf-Ve73rU71i_J",
    "crs": "WGS 84 / EPSG:4326",
    "extracted_at": "2026-09-12T14:37:27.864874+00:00"
  },
  "features": [
    {
      "type": "Feature",
      "id": 1,
      "properties": {
        "name": "Section 2a ",
        "layer": "Alternative Sections",
        "description": "Weston to Netley Abbey via Solent Way",
        "style_url": "#line-1A237E-5263",
        "vertex_count": 17,
        "length_km_geodesic": 0.873
      },
      "geometry": {
        "type": "LineString",
        "coordinates": [
          [
            -1.366947,
            50.882402,
            0.0
          ],
          [
            -1.366722,
            50.882098,
            0.0
          ],
          [
            -1.366237,
            50.881707,
            0.0
          ],
          [
            -1.365724,
            50.880927,
            0.0
          ],
          [
            -1.365488,
            50.880514,
            0.0
          ],
          [
            -1.365305,
            50.880432,
            0.0
          ],
          [
            -1.365123,
            50.880426,
            0.0
          ],
          [
            -1.364404,
            50.879945,
            0.0
          ],
          [
            -1.363449,
            50.879424,
            0.0
          ],
          [
            -1.363042,
            50.879146,
            0.0
          ],
          [
            -1.362494,
            50.878916,
            0.0
          ],
          [
            -1.36213,
            50.878936,
            0.0
          ],
          [
            -1.361572,
            50.878442,
            0.0
          ],
          [
            -1.36096,
            50.878334,
            0.0
          ],
          [
            -1.359726,
            50.878314,
            0.0
          ],
          [
            -1.358707,
            50.878138,
            0.0
          ],
          [
            -1.357881,
            50.877989,
            0.0
          ]
        ]
      }
    },
    {
      "type": "Feature",
      "id": 2,
      "properties": {
        "name": "Section 2b",
        "layer": "Alternative Sections",
        "description": "Hamble Strawberry Path",
        "style_url": "#line-1A237E-5263",
        "vertex_count": 53,
        "length_km_geodesic": 1.837
      },
      "geometry": {
        "type": "LineString",
        "coordinates": [
          [
            -1.321987,
            50.851987,
            0.0
          ],
          [
            -1.321172,
            50.851804,
            0.0
          ],
          [
            -1.320818,
            50.851899,
            0.0
          ],
          [
            -1.320753,
            50.851825,
            0.0
          ],
          [
            -1.320614,
            50.851791,
            0.0
          ],
          [
            -1.320056,
            50.851506,
            0.0
          ],
          [
            -1.31953,
            50.851317,
            0.0
          ],
          [
            -1.318736,
            50.851134,
            0.0
          ],
          [
            -1.318339,
            50.851087,
            0.0
          ],
          [
            -1.317567,
            50.850904,
            0.0
          ],
          [
            -1.317159,
            50.850897,
            0.0
          ],
          [
            -1.316784,
            50.850788,
            0.0
          ],
          [
            -1.316419,
            50.850782,
            0.0
          ],
          [
            -1.315882,
            50.85066,
            0.0
          ],
          [
            -1.315625,
            50.850531,
            0.0
          ],
          [
            -1.31467,
            50.850355,
            0.0
          ],
          [
            -1.314584,
            50.850423,
            0.0
          ],
          [
            -1.314831,
            50.850592,
            0.0
          ],
          [
            -1.314606,
            50.850775,
            0.0
          ],
          [
            -1.314413,
            50.851073,
            0.0
          ],
          [
            -1.31452,
            50.851236,
            0.0
          ],
          [
            -1.314509,
            50.851418,
            0.0
          ],
          [
            -1.31438,
            50.851601,
            0.0
          ],
          [
            -1.314101,
            50.851811,
            0.0
          ],
          [
            -1.313726,
            50.852299,
            0.0
          ],
          [
            -1.313951,
            50.852624,
            0.0
          ],
          [
            -1.31408,
            50.85299,
            0.0
          ],
          [
            -1.314702,
            50.853091,
            0.0
          ],
          [
            -1.31511,
            50.852997,
            0.0
          ],
          [
            -1.315818,
            50.852997,
            0.0
          ],
          [
            -1.315936,
            50.852895,
            0.0
          ],
          [
            -1.316408,
            50.852814,
            0.0
          ],
          [
            -1.316751,
            50.852793,
            0.0
          ],
          [
            -1.316741,
            50.853071,
            0.0
          ],
          [
            -1.31644,
            50.853484,
            0.0
          ],
          [
            -1.316537,
            50.853782,
            0.0
          ],
          [
            -1.316226,
            50.854006,
            0.0
          ],
          [
            -1.316215,
            50.854101,
            0.0
          ],
          [
            -1.315764,
            50.854094,
            0.0
          ],
          [
            -1.315282,
            50.854189,
            0.0
          ],
          [
            -1.315164,
            50.854114,
            0.0
          ],
          [
            -1.314691,
            50.854202,
            0.0
          ],
          [
            -1.314552,
            50.854426,
            0.0
          ],
          [
            -1.314391,
            50.855096,
            0.0
          ],
          [
            -1.31452,
            50.855157,
            0.0
          ],
          [
            -1.314691,
            50.855421,
            0.0
          ],
          [
            -1.314455,
            50.856214,
            0.0
          ],
          [
            -1.314144,
            50.856668,
            0.0
          ],
          [
            -1.31408,
            50.856993,
            0.0
          ],
          [
            -1.313372,
            50.857176,
            0.0
          ],
          [
            -1.313211,
            50.857277,
            0.0
          ],
          [
            -1.313265,
            50.85769,
            0.0
          ],
          [
            -1.313211,
            50.857975,
            0.0
          ]
        ]
      }
    },
    {
      "type": "Feature",
      "id": 3,
      "properties": {
        "name": "Section 3a ",
        "layer": "Alternative Sections",
        "description": "Warsash to Chilling via Hook",
        "style_url": "#line-1A237E-5263",
        "vertex_count": 46,
        "length_km_geodesic": 2.682
      },
      "geometry": {
        "type": "LineString",
        "coordinates": [
          [
            -1.307815,
            50.843021,
            0.0
          ],
          [
            -1.307536,
            50.842445,
            0.0
          ],
          [
            -1.307219,
            50.842512,
            0.0
          ],
          [
            -1.30642,
            50.842177,
            0.0
          ],
          [
            -1.305728,
            50.842133,
            0.0
          ],
          [
            -1.30458,
            50.842221,
            0.0
          ],
          [
            -1.303861,
            50.842292,
            0.0
          ],
          [
            -1.301624,
            50.842319,
            0.0
          ],
          [
            -1.301131,
            50.842651,
            0.0
          ],
          [
            -1.299838,
            50.842804,
            0.0
          ],
          [
            -1.299886,
            50.842888,
            0.0
          ],
          [
            -1.299226,
            50.842983,
            0.0
          ],
          [
            -1.297944,
            50.843254,
            0.0
          ],
          [
            -1.297408,
            50.843261,
            0.0
          ],
          [
            -1.297478,
            50.843569,
            0.0
          ],
          [
            -1.297569,
            50.843742,
            0.0
          ],
          [
            -1.297478,
            50.843993,
            0.0
          ],
          [
            -1.297043,
            50.84421,
            0.0
          ],
          [
            -1.296786,
            50.844501,
            0.0
          ],
          [
            -1.296593,
            50.844599,
            0.0
          ],
          [
            -1.296271,
            50.844657,
            0.0
          ],
          [
            -1.29604,
            50.844643,
            0.0
          ],
          [
            -1.295756,
            50.844575,
            0.0
          ],
          [
            -1.295219,
            50.84468,
            0.0
          ],
          [
            -1.294152,
            50.844707,
            0.0
          ],
          [
            -1.293782,
            50.844663,
            0.0
          ],
          [
            -1.293122,
            50.844467,
            0.0
          ],
          [
            -1.291909,
            50.844277,
            0.0
          ],
          [
            -1.291164,
            50.844196,
            0.0
          ],
          [
            -1.290466,
            50.844213,
            0.0
          ],
          [
            -1.289533,
            50.844128,
            0.0
          ],
          [
            -1.289351,
            50.843861,
            0.0
          ],
          [
            -1.289109,
            50.84383,
            0.0
          ],
          [
            -1.289324,
            50.843637,
            0.0
          ],
          [
            -1.289721,
            50.843197,
            0.0
          ],
          [
            -1.28986,
            50.842939,
            0.0
          ],
          [
            -1.290155,
            50.841679,
            0.0
          ],
          [
            -1.290236,
            50.841395,
            0.0
          ],
          [
            -1.290434,
            50.841161,
            0.0
          ],
          [
            -1.291904,
            50.840145,
            0.0
          ],
          [
            -1.290241,
            50.839589,
            0.0
          ],
          [
            -1.288203,
            50.838803,
            0.0
          ],
          [
            -1.287033,
            50.838119,
            0.0
          ],
          [
            -1.286046,
            50.837729,
            0.0
          ],
          [
            -1.285864,
            50.837299,
            0.0
          ],
          [
            -1.285874,
            50.836354,
            0.0
          ]
        ]
      }
    },
    {
      "type": "Feature",
      "id": 4,
      "properties": {
        "name": "Section 5a",
        "layer": "Alternative Sections",
        "description": "Boarhunt to Fort Nelson",
        "style_url": "#line-1A237E-5263",
        "vertex_count": 43,
        "length_km_geodesic": 3.737
      },
      "geometry": {
        "type": "LineString",
        "coordinates": [
          [
            -1.143312,
            50.870508,
            0.0
          ],
          [
            -1.143644,
            50.86977,
            0.0
          ],
          [
            -1.143807,
            50.868918,
            0.0
          ],
          [
            -1.144535,
            50.868165,
            0.0
          ],
          [
            -1.144498,
            50.867038,
            0.0
          ],
          [
            -1.144233,
            50.865117,
            0.0
          ],
          [
            -1.144138,
            50.864556,
            0.0
          ],
          [
            -1.144171,
            50.864027,
            0.0
          ],
          [
            -1.140136,
            50.862322,
            0.0
          ],
          [
            -1.13946,
            50.862396,
            0.0
          ],
          [
            -1.139052,
            50.86224,
            0.0
          ],
          [
            -1.136906,
            50.861875,
            0.0
          ],
          [
            -1.136424,
            50.861638,
            0.0
          ],
          [
            -1.136391,
            50.86138,
            0.0
          ],
          [
            -1.136231,
            50.861082,
            0.0
          ],
          [
            -1.135973,
            50.860866,
            0.0
          ],
          [
            -1.135544,
            50.860771,
            0.0
          ],
          [
            -1.135201,
            50.860825,
            0.0
          ],
          [
            -1.134385,
            50.861082,
            0.0
          ],
          [
            -1.134128,
            50.861089,
            0.0
          ],
          [
            -1.133784,
            50.860933,
            0.0
          ],
          [
            -1.133806,
            50.860683,
            0.0
          ],
          [
            -1.130158,
            50.861861,
            0.0
          ],
          [
            -1.129965,
            50.861854,
            0.0
          ],
          [
            -1.129761,
            50.863351,
            0.0
          ],
          [
            -1.129579,
            50.863635,
            0.0
          ],
          [
            -1.12047,
            50.863581,
            0.0
          ],
          [
            -1.120652,
            50.864938,
            0.0
          ],
          [
            -1.120727,
            50.865816,
            0.0
          ],
          [
            -1.12062,
            50.866107,
            0.0
          ],
          [
            -1.120287,
            50.8665,
            0.0
          ],
          [
            -1.120191,
            50.866757,
            0.0
          ],
          [
            -1.12033,
            50.8674,
            0.0
          ],
          [
            -1.120631,
            50.867935,
            0.0
          ],
          [
            -1.120416,
            50.868294,
            0.0
          ],
          [
            -1.119998,
            50.868714,
            0.0
          ],
          [
            -1.119322,
            50.869005,
            0.0
          ],
          [
            -1.118936,
            50.869289,
            0.0
          ],
          [
            -1.118346,
            50.869885,
            0.0
          ],
          [
            -1.118399,
            50.870339,
            0.0
          ],
          [
            -1.118303,
            50.870718,
            0.0
          ],
          [
            -1.118346,
            50.871205,
            0.0
          ],
          [
            -1.118163,
            50.871388,
            0.0
          ]
        ]
      }
    },
    {
      "type": "Feature",
      "id": 5,
      "properties": {
        "name": "Section 6a",
        "layer": "Alternative Sections",
        "description": "Purbrook to Bedhampton via Ports Down",
        "style_url": "#line-1A237E-5263",
        "vertex_count": 57,
        "length_km_geodesic": 5.529
      },
      "geometry": {
        "type": "LineString",
        "coordinates": [
          [
            -1.053084,
            50.866999,
            0.0
          ],
          [
            -1.053545,
            50.86616,
            0.0
          ],
          [
            -1.053942,
            50.865036,
            0.0
          ],
          [
            -1.054253,
            50.864419,
            0.0
          ],
          [
            -1.054393,
            50.864243,
            0.0
          ],
          [
            -1.054716,
            50.863359,
            0.0
          ],
          [
            -1.054908,
            50.862936,
            0.0
          ],
          [
            -1.054854,
            50.860641,
            0.0
          ],
          [
            -1.054768,
            50.860329,
            0.0
          ],
          [
            -1.052601,
            50.860167,
            0.0
          ],
          [
            -1.052719,
            50.859747,
            0.0
          ],
          [
            -1.053105,
            50.859252,
            0.0
          ],
          [
            -1.053225,
            50.858747,
            0.0
          ],
          [
            -1.053288,
            50.85846,
            0.0
          ],
          [
            -1.053706,
            50.857329,
            0.0
          ],
          [
            -1.053867,
            50.857146,
            0.0
          ],
          [
            -1.054146,
            50.856496,
            0.0
          ],
          [
            -1.05443,
            50.855921,
            0.0
          ],
          [
            -1.054281,
            50.855194,
            0.0
          ],
          [
            -1.054339,
            50.854925,
            0.0
          ],
          [
            -1.054586,
            50.854633,
            0.0
          ],
          [
            -1.054994,
            50.85422,
            0.0
          ],
          [
            -1.055101,
            50.854098,
            0.0
          ],
          [
            -1.05523,
            50.853556,
            0.0
          ],
          [
            -1.053728,
            50.853475,
            0.0
          ],
          [
            -1.051035,
            50.853326,
            0.0
          ],
          [
            -1.047805,
            50.85315,
            0.0
          ],
          [
            -1.046657,
            50.853116,
            0.0
          ],
          [
            -1.043267,
            50.85275,
            0.0
          ],
          [
            -1.041733,
            50.852771,
            0.0
          ],
          [
            -1.041582,
            50.852676,
            0.0
          ],
          [
            -1.037109,
            50.852378,
            0.0
          ],
          [
            -1.035907,
            50.852425,
            0.0
          ],
          [
            -1.035521,
            50.852419,
            0.0
          ],
          [
            -1.035059,
            50.852466,
            0.0
          ],
          [
            -1.034143,
            50.852489,
            0.0
          ],
          [
            -1.034029,
            50.852391,
            0.0
          ],
          [
            -1.033021,
            50.852396,
            0.0
          ],
          [
            -1.032195,
            50.852608,
            0.0
          ],
          [
            -1.031784,
            50.852121,
            0.0
          ],
          [
            -1.026313,
            50.852032,
            0.0
          ],
          [
            -1.023625,
            50.85207,
            0.0
          ],
          [
            -1.020764,
            50.852284,
            0.0
          ],
          [
            -1.017665,
            50.852659,
            0.0
          ],
          [
            -1.01604,
            50.853092,
            0.0
          ],
          [
            -1.014302,
            50.853279,
            0.0
          ],
          [
            -1.012295,
            50.85359,
            0.0
          ],
          [
            -1.008385,
            50.854237,
            0.0
          ],
          [
            -1.00714,
            50.854373,
            0.0
          ],
          [
            -1.006518,
            50.854511,
            0.0
          ],
          [
            -1.006319,
            50.854169,
            0.0
          ],
          [
            -1.006185,
            50.854041,
            0.0
          ],
          [
            -1.00588,
            50.853851,
            0.0
          ],
          [
            -1.005032,
            50.85315,
            0.0
          ],
          [
            -1.004914,
            50.85291,
            0.0
          ],
          [
            -1.004013,
            50.852988,
            0.0
          ],
          [
            -1.00323,
            50.852849,
            0.0
          ]
        ]
      }
    },
    {
      "type": "Feature",
      "id": 6,
      "properties": {
        "name": "Section 7a",
        "layer": "Alternative Sections",
        "description": "Emsworth to Stoughton",
        "style_url": "#line-1A237E-5263",
        "vertex_count": 158,
        "length_km_geodesic": 10.833
      },
      "geometry": {
        "type": "LineString",
        "coordinates": [
          [
            -0.930579,
            50.844044,
            0.0
          ],
          [
            -0.930598,
            50.845764,
            0.0
          ],
          [
            -0.930916,
            50.846131,
            0.0
          ],
          [
            -0.931081,
            50.846496,
            0.0
          ],
          [
            -0.9318,
            50.846767,
            0.0
          ],
          [
            -0.931736,
            50.846977,
            0.0
          ],
          [
            -0.932197,
            50.847518,
            0.0
          ],
          [
            -0.932733,
            50.847932,
            0.0
          ],
          [
            -0.933098,
            50.848325,
            0.0
          ],
          [
            -0.933463,
            50.848836,
            0.0
          ],
          [
            -0.933715,
            50.848776,
            0.0
          ],
          [
            -0.933842,
            50.848725,
            0.0
          ],
          [
            -0.933897,
            50.848684,
            0.0
          ],
          [
            -0.933985,
            50.848631,
            0.0
          ],
          [
            -0.934076,
            50.848793,
            0.0
          ],
          [
            -0.93496,
            50.84932,
            0.0
          ],
          [
            -0.935078,
            50.849483,
            0.0
          ],
          [
            -0.935169,
            50.849591,
            0.0
          ],
          [
            -0.935151,
            50.849785,
            0.0
          ],
          [
            -0.935296,
            50.850158,
            0.0
          ],
          [
            -0.935458,
            50.850631,
            0.0
          ],
          [
            -0.935705,
            50.850661,
            0.0
          ],
          [
            -0.936134,
            50.850607,
            0.0
          ],
          [
            -0.936188,
            50.850628,
            0.0
          ],
          [
            -0.935421,
            50.851562,
            0.0
          ],
          [
            -0.935373,
            50.851671,
            0.0
          ],
          [
            -0.934899,
            50.852177,
            0.0
          ],
          [
            -0.93408,
            50.852399,
            0.0
          ],
          [
            -0.934429,
            50.853059,
            0.0
          ],
          [
            -0.93401,
            50.853635,
            0.0
          ],
          [
            -0.93386,
            50.854221,
            0.0
          ],
          [
            -0.933613,
            50.854908,
            0.0
          ],
          [
            -0.933463,
            50.855274,
            0.0
          ],
          [
            -0.932272,
            50.856916,
            0.0
          ],
          [
            -0.931188,
            50.857997,
            0.0
          ],
          [
            -0.930738,
            50.858261,
            0.0
          ],
          [
            -0.93025,
            50.858796,
            0.0
          ],
          [
            -0.930073,
            50.859134,
            0.0
          ],
          [
            -0.930083,
            50.859216,
            0.0
          ],
          [
            -0.929579,
            50.859703,
            0.0
          ],
          [
            -0.929182,
            50.859622,
            0.0
          ],
          [
            -0.928919,
            50.859595,
            0.0
          ],
          [
            -0.928753,
            50.859636,
            0.0
          ],
          [
            -0.927948,
            50.860116,
            0.0
          ],
          [
            -0.927648,
            50.860888,
            0.0
          ],
          [
            -0.927154,
            50.861423,
            0.0
          ],
          [
            -0.927058,
            50.861715,
            0.0
          ],
          [
            -0.926693,
            50.861728,
            0.0
          ],
          [
            -0.926221,
            50.861667,
            0.0
          ],
          [
            -0.926092,
            50.861606,
            0.0
          ],
          [
            -0.925588,
            50.86183,
            0.0
          ],
          [
            -0.924644,
            50.861762,
            0.0
          ],
          [
            -0.923882,
            50.861654,
            0.0
          ],
          [
            -0.921622,
            50.862343,
            0.0
          ],
          [
            -0.919887,
            50.8631,
            0.0
          ],
          [
            -0.909184,
            50.860049,
            0.0
          ],
          [
            -0.905815,
            50.861898,
            0.0
          ],
          [
            -0.905255,
            50.862358,
            0.0
          ],
          [
            -0.904665,
            50.862792,
            0.0
          ],
          [
            -0.903981,
            50.862394,
            0.0
          ],
          [
            -0.903476,
            50.862297,
            0.0
          ],
          [
            -0.902725,
            50.862215,
            0.0
          ],
          [
            -0.902124,
            50.862094,
            0.0
          ],
          [
            -0.900114,
            50.862126,
            0.0
          ],
          [
            -0.899549,
            50.862182,
            0.0
          ],
          [
            -0.899098,
            50.862507,
            0.0
          ],
          [
            -0.898893,
            50.862944,
            0.0
          ],
          [
            -0.898582,
            50.863169,
            0.0
          ],
          [
            -0.89824,
            50.863557,
            0.0
          ],
          [
            -0.897928,
            50.863713,
            0.0
          ],
          [
            -0.897434,
            50.864425,
            0.0
          ],
          [
            -0.896823,
            50.865443,
            0.0
          ],
          [
            -0.896114,
            50.867346,
            0.0
          ],
          [
            -0.896062,
            50.867511,
            0.0
          ],
          [
            -0.895873,
            50.868152,
            0.0
          ],
          [
            -0.895676,
            50.868777,
            0.0
          ],
          [
            -0.895461,
            50.86917,
            0.0
          ],
          [
            -0.89544,
            50.869691,
            0.0
          ],
          [
            -0.895215,
            50.870179,
            0.0
          ],
          [
            -0.894764,
            50.87047,
            0.0
          ],
          [
            -0.893947,
            50.871267,
            0.0
          ],
          [
            -0.893498,
            50.871702,
            0.0
          ],
          [
            -0.893273,
            50.872318,
            0.0
          ],
          [
            -0.89265,
            50.872731,
            0.0
          ],
          [
            -0.892511,
            50.872941,
            0.0
          ],
          [
            -0.891674,
            50.873463,
            0.0
          ],
          [
            -0.890476,
            50.87472,
            0.0
          ],
          [
            -0.890321,
            50.874747,
            0.0
          ],
          [
            -0.89009,
            50.874747,
            0.0
          ],
          [
            -0.890033,
            50.87479,
            0.0
          ],
          [
            -0.889865,
            50.874855,
            0.0
          ],
          [
            -0.889786,
            50.874938,
            0.0
          ],
          [
            -0.889098,
            50.875688,
            0.0
          ],
          [
            -0.889335,
            50.8759,
            0.0
          ],
          [
            -0.889361,
            50.876063,
            0.0
          ],
          [
            -0.889237,
            50.876327,
            0.0
          ],
          [
            -0.889012,
            50.876656,
            0.0
          ],
          [
            -0.88898,
            50.876916,
            0.0
          ],
          [
            -0.889023,
            50.877329,
            0.0
          ],
          [
            -0.888863,
            50.877633,
            0.0
          ],
          [
            -0.888906,
            50.877789,
            0.0
          ],
          [
            -0.888852,
            50.87787,
            0.0
          ],
          [
            -0.889269,
            50.878514,
            0.0
          ],
          [
            -0.889774,
            50.878497,
            0.0
          ],
          [
            -0.892612,
            50.87714,
            0.0
          ],
          [
            -0.889371,
            50.878731,
            0.0
          ],
          [
            -0.88838,
            50.880219,
            0.0
          ],
          [
            -0.88906,
            50.881883,
            0.0
          ],
          [
            -0.889015,
            50.882113,
            0.0
          ],
          [
            -0.889031,
            50.882221,
            0.0
          ],
          [
            -0.888886,
            50.882527,
            0.0
          ],
          [
            -0.888658,
            50.883345,
            0.0
          ],
          [
            -0.88824,
            50.883775,
            0.0
          ],
          [
            -0.887995,
            50.884169,
            0.0
          ],
          [
            -0.887765,
            50.884546,
            0.0
          ],
          [
            -0.886818,
            50.885135,
            0.0
          ],
          [
            -0.885989,
            50.885684,
            0.0
          ],
          [
            -0.885437,
            50.886358,
            0.0
          ],
          [
            -0.885142,
            50.886689,
            0.0
          ],
          [
            -0.884739,
            50.886953,
            0.0
          ],
          [
            -0.8842,
            50.887257,
            0.0
          ],
          [
            -0.883192,
            50.888137,
            0.0
          ],
          [
            -0.882993,
            50.888301,
            0.0
          ],
          [
            -0.882998,
            50.88865,
            0.0
          ],
          [
            -0.883393,
            50.889108,
            0.0
          ],
          [
            -0.88409,
            50.889584,
            0.0
          ],
          [
            -0.884036,
            50.88968,
            0.0
          ],
          [
            -0.883799,
            50.889647,
            0.0
          ],
          [
            -0.883495,
            50.889612,
            0.0
          ],
          [
            -0.883424,
            50.889749,
            0.0
          ],
          [
            -0.883208,
            50.889919,
            0.0
          ],
          [
            -0.883084,
            50.889983,
            0.0
          ],
          [
            -0.882953,
            50.890348,
            0.0
          ],
          [
            -0.8828,
            50.89047,
            0.0
          ],
          [
            -0.88203,
            50.890954,
            0.0
          ],
          [
            -0.881805,
            50.891044,
            0.0
          ],
          [
            -0.881553,
            50.891069,
            0.0
          ],
          [
            -0.881278,
            50.8909,
            0.0
          ],
          [
            -0.880853,
            50.890646,
            0.0
          ],
          [
            -0.879589,
            50.890724,
            0.0
          ],
          [
            -0.879909,
            50.891431,
            0.0
          ],
          [
            -0.877437,
            50.892341,
            0.0
          ],
          [
            -0.877287,
            50.892321,
            0.0
          ],
          [
            -0.874926,
            50.89314,
            0.0
          ],
          [
            -0.871225,
            50.894473,
            0.0
          ],
          [
            -0.870878,
            50.894713,
            0.0
          ],
          [
            -0.870245,
            50.895265,
            0.0
          ],
          [
            -0.870076,
            50.89547,
            0.0
          ],
          [
            -0.8697,
            50.89681,
            0.0
          ],
          [
            -0.869228,
            50.898228,
            0.0
          ],
          [
            -0.867576,
            50.89793,
            0.0
          ],
          [
            -0.866557,
            50.897835,
            0.0
          ],
          [
            -0.865419,
            50.897791,
            0.0
          ],
          [
            -0.864373,
            50.897555,
            0.0
          ],
          [
            -0.863434,
            50.897571,
            0.0
          ],
          [
            -0.863113,
            50.897823,
            0.0
          ],
          [
            -0.862796,
            50.897856,
            0.0
          ],
          [
            -0.862502,
            50.89789,
            0.0
          ]
        ]
      }
    },
    {
      "type": "Feature",
      "id": 7,
      "properties": {
        "name": "Section 8a",
        "layer": "Alternative Sections",
        "description": "Stoughton to Chichester",
        "style_url": "#line-1A237E-5263",
        "vertex_count": 215,
        "length_km_geodesic": 13.179
      },
      "geometry": {
        "type": "LineString",
        "coordinates": [
          [
            -0.862501,
            50.897947,
            0.0
          ],
          [
            -0.862222,
            50.897845,
            0.0
          ],
          [
            -0.861771,
            50.896891,
            0.0
          ],
          [
            -0.861653,
            50.896553,
            0.0
          ],
          [
            -0.86204,
            50.896266,
            0.0
          ],
          [
            -0.862201,
            50.896093,
            0.0
          ],
          [
            -0.862361,
            50.895924,
            0.0
          ],
          [
            -0.861428,
            50.895636,
            0.0
          ],
          [
            -0.858231,
            50.893738,
            0.0
          ],
          [
            -0.85777,
            50.893535,
            0.0
          ],
          [
            -0.856976,
            50.893345,
            0.0
          ],
          [
            -0.856096,
            50.892905,
            0.0
          ],
          [
            -0.854401,
            50.892987,
            0.0
          ],
          [
            -0.853349,
            50.892872,
            0.0
          ],
          [
            -0.852255,
            50.892533,
            0.0
          ],
          [
            -0.851847,
            50.892398,
            0.0
          ],
          [
            -0.850989,
            50.891735,
            0.0
          ],
          [
            -0.850528,
            50.891376,
            0.0
          ],
          [
            -0.849616,
            50.890828,
            0.0
          ],
          [
            -0.848489,
            50.89028,
            0.0
          ],
          [
            -0.846815,
            50.889461,
            0.0
          ],
          [
            -0.842899,
            50.889887,
            0.0
          ],
          [
            -0.841172,
            50.890483,
            0.0
          ],
          [
            -0.83923,
            50.891944,
            0.0
          ],
          [
            -0.837546,
            50.892872,
            0.0
          ],
          [
            -0.837149,
            50.892675,
            0.0
          ],
          [
            -0.834788,
            50.893981,
            0.0
          ],
          [
            -0.834102,
            50.893366,
            0.0
          ],
          [
            -0.833163,
            50.893439,
            0.0
          ],
          [
            -0.832514,
            50.893395,
            0.0
          ],
          [
            -0.83201,
            50.893325,
            0.0
          ],
          [
            -0.831387,
            50.893178,
            0.0
          ],
          [
            -0.830937,
            50.892995,
            0.0
          ],
          [
            -0.830765,
            50.892772,
            0.0
          ],
          [
            -0.83054,
            50.892572,
            0.0
          ],
          [
            -0.830556,
            50.892511,
            0.0
          ],
          [
            -0.830711,
            50.89241,
            0.0
          ],
          [
            -0.830824,
            50.892271,
            0.0
          ],
          [
            -0.831248,
            50.891767,
            0.0
          ],
          [
            -0.831495,
            50.891496,
            0.0
          ],
          [
            -0.831656,
            50.891401,
            0.0
          ],
          [
            -0.831784,
            50.89132,
            0.0
          ],
          [
            -0.831688,
            50.890721,
            0.0
          ],
          [
            -0.831672,
            50.890305,
            0.0
          ],
          [
            -0.831752,
            50.889432,
            0.0
          ],
          [
            -0.831618,
            50.889337,
            0.0
          ],
          [
            -0.831838,
            50.889232,
            0.0
          ],
          [
            -0.832133,
            50.889225,
            0.0
          ],
          [
            -0.832433,
            50.889137,
            0.0
          ],
          [
            -0.832653,
            50.888838,
            0.0
          ],
          [
            -0.832578,
            50.888425,
            0.0
          ],
          [
            -0.83261,
            50.88831,
            0.0
          ],
          [
            -0.832546,
            50.887938,
            0.0
          ],
          [
            -0.832702,
            50.887875,
            0.0
          ],
          [
            -0.832954,
            50.887816,
            0.0
          ],
          [
            -0.833002,
            50.887797,
            0.0
          ],
          [
            -0.83297,
            50.887666,
            0.0
          ],
          [
            -0.832686,
            50.887281,
            0.0
          ],
          [
            -0.83202,
            50.886887,
            0.0
          ],
          [
            -0.831983,
            50.886725,
            0.0
          ],
          [
            -0.831897,
            50.886667,
            0.0
          ],
          [
            -0.831414,
            50.886725,
            0.0
          ],
          [
            -0.831371,
            50.886586,
            0.0
          ],
          [
            -0.83128,
            50.886447,
            0.0
          ],
          [
            -0.831135,
            50.886393,
            0.0
          ],
          [
            -0.830883,
            50.886126,
            0.0
          ],
          [
            -0.830755,
            50.885888,
            0.0
          ],
          [
            -0.830658,
            50.885808,
            0.0
          ],
          [
            -0.830561,
            50.88556,
            0.0
          ],
          [
            -0.830492,
            50.885334,
            0.0
          ],
          [
            -0.830454,
            50.88507,
            0.0
          ],
          [
            -0.830491,
            50.884741,
            0.0
          ],
          [
            -0.830518,
            50.884295,
            0.0
          ],
          [
            -0.830465,
            50.883862,
            0.0
          ],
          [
            -0.830298,
            50.88357,
            0.0
          ],
          [
            -0.830261,
            50.883496,
            0.0
          ],
          [
            -0.830186,
            50.883202,
            0.0
          ],
          [
            -0.830105,
            50.883087,
            0.0
          ],
          [
            -0.829622,
            50.882213,
            0.0
          ],
          [
            -0.82944,
            50.881841,
            0.0
          ],
          [
            -0.829327,
            50.881472,
            0.0
          ],
          [
            -0.829097,
            50.880968,
            0.0
          ],
          [
            -0.829049,
            50.880714,
            0.0
          ],
          [
            -0.829065,
            50.880477,
            0.0
          ],
          [
            -0.829102,
            50.880332,
            0.0
          ],
          [
            -0.82914,
            50.88019,
            0.0
          ],
          [
            -0.829435,
            50.879919,
            0.0
          ],
          [
            -0.829709,
            50.879652,
            0.0
          ],
          [
            -0.829837,
            50.879526,
            0.0
          ],
          [
            -0.830019,
            50.879279,
            0.0
          ],
          [
            -0.830465,
            50.877962,
            0.0
          ],
          [
            -0.830599,
            50.877282,
            0.0
          ],
          [
            -0.830658,
            50.876859,
            0.0
          ],
          [
            -0.83055,
            50.876124,
            0.0
          ],
          [
            -0.830567,
            50.875796,
            0.0
          ],
          [
            -0.830261,
            50.874956,
            0.0
          ],
          [
            -0.830186,
            50.874455,
            0.0
          ],
          [
            -0.830164,
            50.873833,
            0.0
          ],
          [
            -0.829982,
            50.873352,
            0.0
          ],
          [
            -0.829793,
            50.873064,
            0.0
          ],
          [
            -0.829703,
            50.872942,
            0.0
          ],
          [
            -0.829488,
            50.872854,
            0.0
          ],
          [
            -0.829354,
            50.87257,
            0.0
          ],
          [
            -0.829451,
            50.872499,
            0.0
          ],
          [
            -0.829376,
            50.87239,
            0.0
          ],
          [
            -0.82922,
            50.872279,
            0.0
          ],
          [
            -0.829,
            50.872221,
            0.0
          ],
          [
            -0.828566,
            50.872211,
            0.0
          ],
          [
            -0.828185,
            50.87216,
            0.0
          ],
          [
            -0.827627,
            50.871954,
            0.0
          ],
          [
            -0.82752,
            50.871964,
            0.0
          ],
          [
            -0.827434,
            50.87213,
            0.0
          ],
          [
            -0.827005,
            50.872083,
            0.0
          ],
          [
            -0.826887,
            50.872116,
            0.0
          ],
          [
            -0.826602,
            50.871923,
            0.0
          ],
          [
            -0.82686,
            50.871626,
            0.0
          ],
          [
            -0.825546,
            50.871216,
            0.0
          ],
          [
            -0.824183,
            50.871013,
            0.0
          ],
          [
            -0.823185,
            50.87084,
            0.0
          ],
          [
            -0.82134,
            50.870329,
            0.0
          ],
          [
            -0.818454,
            50.869029,
            0.0
          ],
          [
            -0.817343,
            50.868625,
            0.0
          ],
          [
            -0.816356,
            50.86842,
            0.0
          ],
          [
            -0.815739,
            50.86823,
            0.0
          ],
          [
            -0.815439,
            50.867877,
            0.0
          ],
          [
            -0.815171,
            50.867522,
            0.0
          ],
          [
            -0.814774,
            50.867125,
            0.0
          ],
          [
            -0.812939,
            50.866226,
            0.0
          ],
          [
            -0.811968,
            50.865694,
            0.0
          ],
          [
            -0.811051,
            50.865115,
            0.0
          ],
          [
            -0.808937,
            50.863619,
            0.0
          ],
          [
            -0.808165,
            50.863016,
            0.0
          ],
          [
            -0.80707,
            50.862014,
            0.0
          ],
          [
            -0.805944,
            50.860876,
            0.0
          ],
          [
            -0.805692,
            50.860669,
            0.0
          ],
          [
            -0.804774,
            50.860036,
            0.0
          ],
          [
            -0.803508,
            50.859244,
            0.0
          ],
          [
            -0.802318,
            50.858451,
            0.0
          ],
          [
            -0.801416,
            50.857517,
            0.0
          ],
          [
            -0.800494,
            50.856806,
            0.0
          ],
          [
            -0.800226,
            50.856694,
            0.0
          ],
          [
            -0.798906,
            50.855749,
            0.0
          ],
          [
            -0.797511,
            50.854828,
            0.0
          ],
          [
            -0.796299,
            50.853961,
            0.0
          ],
          [
            -0.795955,
            50.85413,
            0.0
          ],
          [
            -0.794775,
            50.85392,
            0.0
          ],
          [
            -0.79411,
            50.853263,
            0.0
          ],
          [
            -0.793906,
            50.853108,
            0.0
          ],
          [
            -0.793745,
            50.852857,
            0.0
          ],
          [
            -0.793541,
            50.852789,
            0.0
          ],
          [
            -0.792941,
            50.852823,
            0.0
          ],
          [
            -0.792715,
            50.852877,
            0.0
          ],
          [
            -0.792624,
            50.85305,
            0.0
          ],
          [
            -0.792458,
            50.853053,
            0.0
          ],
          [
            -0.792061,
            50.853091,
            0.0
          ],
          [
            -0.791583,
            50.853074,
            0.0
          ],
          [
            -0.79109,
            50.853047,
            0.0
          ],
          [
            -0.790741,
            50.853027,
            0.0
          ],
          [
            -0.790564,
            50.853047,
            0.0
          ],
          [
            -0.79035,
            50.853088,
            0.0
          ],
          [
            -0.790307,
            50.853116,
            0.0
          ],
          [
            -0.790044,
            50.853087,
            0.0
          ],
          [
            -0.789969,
            50.853075,
            0.0
          ],
          [
            -0.789443,
            50.853147,
            0.0
          ],
          [
            -0.78881,
            50.853121,
            0.0
          ],
          [
            -0.788193,
            50.852987,
            0.0
          ],
          [
            -0.787619,
            50.853031,
            0.0
          ],
          [
            -0.787093,
            50.852964,
            0.0
          ],
          [
            -0.786718,
            50.853001,
            0.0
          ],
          [
            -0.786568,
            50.853004,
            0.0
          ],
          [
            -0.786589,
            50.852649,
            0.0
          ],
          [
            -0.786766,
            50.851435,
            0.0
          ],
          [
            -0.787238,
            50.849894,
            0.0
          ],
          [
            -0.788054,
            50.848431,
            0.0
          ],
          [
            -0.789062,
            50.847279,
            0.0
          ],
          [
            -0.790983,
            50.845619,
            0.0
          ],
          [
            -0.793332,
            50.843756,
            0.0
          ],
          [
            -0.796304,
            50.841283,
            0.0
          ],
          [
            -0.796615,
            50.841077,
            0.0
          ],
          [
            -0.797109,
            50.840572,
            0.0
          ],
          [
            -0.798257,
            50.839671,
            0.0
          ],
          [
            -0.798815,
            50.839116,
            0.0
          ],
          [
            -0.79919,
            50.838363,
            0.0
          ],
          [
            -0.799201,
            50.837632,
            0.0
          ],
          [
            -0.799126,
            50.837361,
            0.0
          ],
          [
            -0.798729,
            50.836737,
            0.0
          ],
          [
            -0.798278,
            50.836507,
            0.0
          ],
          [
            -0.797892,
            50.836209,
            0.0
          ],
          [
            -0.797624,
            50.836148,
            0.0
          ],
          [
            -0.797366,
            50.835992,
            0.0
          ],
          [
            -0.796991,
            50.835992,
            0.0
          ],
          [
            -0.79683,
            50.835938,
            0.0
          ],
          [
            -0.796637,
            50.835938,
            0.0
          ],
          [
            -0.796433,
            50.835795,
            0.0
          ],
          [
            -0.794351,
            50.835809,
            0.0
          ],
          [
            -0.793708,
            50.835911,
            0.0
          ],
          [
            -0.790124,
            50.836331,
            0.0
          ],
          [
            -0.786155,
            50.836866,
            0.0
          ],
          [
            -0.785355,
            50.836917,
            0.0
          ],
          [
            -0.78476,
            50.836968,
            0.0
          ],
          [
            -0.784266,
            50.83692,
            0.0
          ],
          [
            -0.784331,
            50.836432,
            0.0
          ],
          [
            -0.783912,
            50.836046,
            0.0
          ],
          [
            -0.783939,
            50.835735,
            0.0
          ],
          [
            -0.783537,
            50.835734,
            0.0
          ],
          [
            -0.783397,
            50.835775,
            0.0
          ],
          [
            -0.78255,
            50.835734,
            0.0
          ],
          [
            -0.782367,
            50.835697,
            0.0
          ],
          [
            -0.782013,
            50.835504,
            0.0
          ],
          [
            -0.781477,
            50.835416,
            0.0
          ],
          [
            -0.781198,
            50.835372,
            0.0
          ],
          [
            -0.780957,
            50.835891,
            0.0
          ],
          [
            -0.781069,
            50.835904,
            0.0
          ],
          [
            -0.781563,
            50.835992,
            0.0
          ],
          [
            -0.781616,
            50.836284,
            0.0
          ]
        ]
      }
    },
    {
      "type": "Feature",
      "id": 8,
      "properties": {
        "name": "Section 9a",
        "layer": "Alternative Sections",
        "description": "Chichester via Runcton to Boxgrove",
        "style_url": "#line-1A237E-5263",
        "vertex_count": 85,
        "length_km_geodesic": 14.16
      },
      "geometry": {
        "type": "LineString",
        "coordinates": [
          [
            -0.7777916638,
            50.8359357676,
            0.0
          ],
          [
            -0.7782348168,
            50.8346608088,
            0.0
          ],
          [
            -0.7788340325,
            50.8336814855,
            0.0
          ],
          [
            -0.7801039451,
            50.8331588958,
            0.0
          ],
          [
            -0.7808141164,
            50.832111569,
            0.0
          ],
          [
            -0.7821857854,
            50.830829151,
            0.0
          ],
          [
            -0.7818076683,
            50.8306695071,
            0.0
          ],
          [
            -0.7822280248,
            50.8302589344,
            0.0
          ],
          [
            -0.7810641301,
            50.8298661499,
            0.0
          ],
          [
            -0.7811038932,
            50.8273072277,
            0.0
          ],
          [
            -0.7823282379,
            50.8243458368,
            0.0
          ],
          [
            -0.782264908,
            50.8236361577,
            0.0
          ],
          [
            -0.7793828004,
            50.8210981036,
            0.0
          ],
          [
            -0.7775526852,
            50.8190553746,
            0.0
          ],
          [
            -0.7742586725,
            50.8135211254,
            0.0
          ],
          [
            -0.773468651,
            50.8134608137,
            0.0
          ],
          [
            -0.7737006335,
            50.8129445024,
            0.0
          ],
          [
            -0.7749682138,
            50.8124911187,
            0.0
          ],
          [
            -0.7763458218,
            50.8109667318,
            0.0
          ],
          [
            -0.7736861979,
            50.8103849933,
            0.0
          ],
          [
            -0.772646996,
            50.8104603584,
            0.0
          ],
          [
            -0.7704144506,
            50.8102462588,
            0.0
          ],
          [
            -0.7696010396,
            50.8121051877,
            0.0
          ],
          [
            -0.7670063555,
            50.8121638306,
            0.0
          ],
          [
            -0.7656160247,
            50.8120970198,
            0.0
          ],
          [
            -0.7647338674,
            50.8113958181,
            0.0
          ],
          [
            -0.7633912482,
            50.811588888,
            0.0
          ],
          [
            -0.7602244632,
            50.8116066324,
            0.0
          ],
          [
            -0.7597240647,
            50.8119470904,
            0.0
          ],
          [
            -0.758806956,
            50.8125597324,
            0.0
          ],
          [
            -0.7569073848,
            50.8121414537,
            0.0
          ],
          [
            -0.7562085446,
            50.8127564371,
            0.0
          ],
          [
            -0.7547169269,
            50.8123944175,
            0.0
          ],
          [
            -0.7528479327,
            50.8118553521,
            0.0
          ],
          [
            -0.7515917579,
            50.8118762938,
            0.0
          ],
          [
            -0.7488207999,
            50.8123995245,
            0.0
          ],
          [
            -0.7490839233,
            50.8127655434,
            0.0
          ],
          [
            -0.7476131382,
            50.8126457608,
            0.0
          ],
          [
            -0.7474835107,
            50.8134052407,
            0.0
          ],
          [
            -0.745844583,
            50.8144595283,
            0.0
          ],
          [
            -0.7451108148,
            50.8153507532,
            0.0
          ],
          [
            -0.7420506076,
            50.8154556315,
            0.0
          ],
          [
            -0.7402607053,
            50.8150209868,
            0.0
          ],
          [
            -0.7387552005,
            50.8161803968,
            0.0
          ],
          [
            -0.7360751168,
            50.8163584619,
            0.0
          ],
          [
            -0.7329047284,
            50.816496473,
            0.0
          ],
          [
            -0.730466383,
            50.8178184166,
            0.0
          ],
          [
            -0.7314262406,
            50.818659085,
            0.0
          ],
          [
            -0.7315701078,
            50.8213929763,
            0.0
          ],
          [
            -0.7318909539,
            50.8236446139,
            0.0
          ],
          [
            -0.7333385018,
            50.8246289892,
            0.0
          ],
          [
            -0.7334203815,
            50.8256328878,
            0.0
          ],
          [
            -0.7341385582,
            50.8273355181,
            0.0
          ],
          [
            -0.7345230818,
            50.8282562833,
            0.0
          ],
          [
            -0.7346200428,
            50.8287069696,
            0.0
          ],
          [
            -0.729613939,
            50.8320411751,
            0.0
          ],
          [
            -0.7286575131,
            50.8320651855,
            0.0
          ],
          [
            -0.7295369598,
            50.8348590873,
            0.0
          ],
          [
            -0.7304453752,
            50.8355954315,
            0.0
          ],
          [
            -0.7312746879,
            50.8372301316,
            0.0
          ],
          [
            -0.728147546,
            50.8377316557,
            0.0
          ],
          [
            -0.725619111,
            50.8383089071,
            0.0
          ],
          [
            -0.7245457561,
            50.8386082767,
            0.0
          ],
          [
            -0.7216470765,
            50.8397347104,
            0.0
          ],
          [
            -0.7215849175,
            50.8380220085,
            0.0
          ],
          [
            -0.7215373858,
            50.8397507836,
            0.0
          ],
          [
            -0.7195889846,
            50.8410779548,
            0.0
          ],
          [
            -0.7207599458,
            50.8421977453,
            0.0
          ],
          [
            -0.7205996331,
            50.8430606127,
            0.0
          ],
          [
            -0.7145115354,
            50.8449295185,
            0.0
          ],
          [
            -0.7145029899,
            50.8462264011,
            0.0
          ],
          [
            -0.7158343742,
            50.8464833823,
            0.0
          ],
          [
            -0.7169034111,
            50.8483283791,
            0.0
          ],
          [
            -0.7203835313,
            50.8479348395,
            0.0
          ],
          [
            -0.7199312285,
            50.8504718772,
            0.0
          ],
          [
            -0.7185101507,
            50.8504906331,
            0.0
          ],
          [
            -0.7175724228,
            50.849823043,
            0.0
          ],
          [
            -0.7165385745,
            50.850658865,
            0.0
          ],
          [
            -0.7142713548,
            50.8506508276,
            0.0
          ],
          [
            -0.7133265401,
            50.8512282215,
            0.0
          ],
          [
            -0.7129111624,
            50.8524167915,
            0.0
          ],
          [
            -0.7118364462,
            50.8537363197,
            0.0
          ],
          [
            -0.7123515621,
            50.8558518379,
            0.0
          ],
          [
            -0.7130780064,
            50.8562577096,
            0.0
          ],
          [
            -0.7126707499,
            50.8591237911,
            0.0
          ]
        ]
      }
    },
    {
      "type": "Feature",
      "id": 9,
      "properties": {
        "name": "Section 10a",
        "layer": "Alternative Sections",
        "description": "Eartham to Slindon",
        "style_url": "#line-1A237E-5263",
        "vertex_count": 22,
        "length_km_geodesic": 1.641
      },
      "geometry": {
        "type": "LineString",
        "coordinates": [
          [
            -0.65221,
            50.876868,
            0.0
          ],
          [
            -0.652285,
            50.876002,
            0.0
          ],
          [
            -0.652575,
            50.874729,
            0.0
          ],
          [
            -0.650354,
            50.874621,
            0.0
          ],
          [
            -0.649167,
            50.874612,
            0.0
          ],
          [
            -0.649045,
            50.874485,
            0.0
          ],
          [
            -0.648841,
            50.874417,
            0.0
          ],
          [
            -0.648595,
            50.874458,
            0.0
          ],
          [
            -0.648408,
            50.874396,
            0.0
          ],
          [
            -0.647962,
            50.874255,
            0.0
          ],
          [
            -0.646975,
            50.873734,
            0.0
          ],
          [
            -0.645462,
            50.873158,
            0.0
          ],
          [
            -0.644367,
            50.872813,
            0.0
          ],
          [
            -0.642887,
            50.872522,
            0.0
          ],
          [
            -0.642082,
            50.8724,
            0.0
          ],
          [
            -0.641556,
            50.872366,
            0.0
          ],
          [
            -0.640966,
            50.872217,
            0.0
          ],
          [
            -0.640108,
            50.871757,
            0.0
          ],
          [
            -0.639153,
            50.871296,
            0.0
          ],
          [
            -0.637415,
            50.870816,
            0.0
          ],
          [
            -0.636986,
            50.86999,
            0.0
          ],
          [
            -0.637283,
            50.868926,
            0.0
          ]
        ]
      }
    },
    {
      "type": "Feature",
      "id": 10,
      "properties": {
        "name": "Section 11a",
        "layer": "Alternative Sections",
        "description": "",
        "style_url": "#line-1A237E-5263-nodesc",
        "vertex_count": 69,
        "length_km_geodesic": 7.052
      },
      "geometry": {
        "type": "LineString",
        "coordinates": [
          [
            -0.611535,
            50.863207,
            0.0
          ],
          [
            -0.6121787,
            50.8619617,
            0.0
          ],
          [
            -0.6125142,
            50.8607564,
            0.0
          ],
          [
            -0.6134814,
            50.8591557,
            0.0
          ],
          [
            -0.6137833,
            50.8582119,
            0.0
          ],
          [
            -0.6138641,
            50.85724,
            0.0
          ],
          [
            -0.613623,
            50.8566407,
            0.0
          ],
          [
            -0.6133236,
            50.8563332,
            0.0
          ],
          [
            -0.613197,
            50.8557551,
            0.0
          ],
          [
            -0.6132582,
            50.8547469,
            0.0
          ],
          [
            -0.6116553,
            50.8551184,
            0.0
          ],
          [
            -0.6129825,
            50.8541699,
            0.0
          ],
          [
            -0.6129685,
            50.8537699,
            0.0
          ],
          [
            -0.611034,
            50.8542128,
            0.0
          ],
          [
            -0.6091942,
            50.8513712,
            0.0
          ],
          [
            -0.6099672,
            50.8506029,
            0.0
          ],
          [
            -0.6100077,
            50.8502101,
            0.0
          ],
          [
            -0.6099302,
            50.8498918,
            0.0
          ],
          [
            -0.6091208,
            50.8491767,
            0.0
          ],
          [
            -0.6084079,
            50.848736,
            0.0
          ],
          [
            -0.6070037,
            50.8479968,
            0.0
          ],
          [
            -0.6076255,
            50.8476059,
            0.0
          ],
          [
            -0.6076638,
            50.8471891,
            0.0
          ],
          [
            -0.6075949,
            50.8467384,
            0.0
          ],
          [
            -0.6073459,
            50.8465237,
            0.0
          ],
          [
            -0.6069038,
            50.8464513,
            0.0
          ],
          [
            -0.605677,
            50.8454595,
            0.0
          ],
          [
            -0.6018405,
            50.8464923,
            0.0
          ],
          [
            -0.5993713,
            50.8466566,
            0.0
          ],
          [
            -0.5969558,
            50.8469022,
            0.0
          ],
          [
            -0.5962184,
            50.8467728,
            0.0
          ],
          [
            -0.5959724,
            50.8466995,
            0.0
          ],
          [
            -0.5957478,
            50.8468903,
            0.0
          ],
          [
            -0.5952771,
            50.8472382,
            0.0
          ],
          [
            -0.5946562,
            50.8472651,
            0.0
          ],
          [
            -0.5905377,
            50.8471497,
            0.0
          ],
          [
            -0.5861309,
            50.8469188,
            0.0
          ],
          [
            -0.5832015,
            50.8466871,
            0.0
          ],
          [
            -0.5821092,
            50.8468323,
            0.0
          ],
          [
            -0.5788496,
            50.8474584,
            0.0
          ],
          [
            -0.5763803,
            50.8480128,
            0.0
          ],
          [
            -0.576118,
            50.8475122,
            0.0
          ],
          [
            -0.5758771,
            50.8472283,
            0.0
          ],
          [
            -0.5751631,
            50.8466308,
            0.0
          ],
          [
            -0.5744491,
            50.8462772,
            0.0
          ],
          [
            -0.5735475,
            50.8459151,
            0.0
          ],
          [
            -0.5730807,
            50.8457273,
            0.0
          ],
          [
            -0.572646,
            50.8457021,
            0.0
          ],
          [
            -0.5715891,
            50.8455981,
            0.0
          ],
          [
            -0.5700601,
            50.8453518,
            0.0
          ],
          [
            -0.5677901,
            50.8474686,
            0.0
          ],
          [
            -0.5660618,
            50.8469005,
            0.0
          ],
          [
            -0.5644302,
            50.8464305,
            0.0
          ],
          [
            -0.5635162,
            50.8481486,
            0.0
          ],
          [
            -0.562613,
            50.8496092,
            0.0
          ],
          [
            -0.5620032,
            50.8501694,
            0.0
          ],
          [
            -0.5615328,
            50.8507431,
            0.0
          ],
          [
            -0.5613735,
            50.8511187,
            0.0
          ],
          [
            -0.5605544,
            50.8517957,
            0.0
          ],
          [
            -0.5601418,
            50.8520309,
            0.0
          ],
          [
            -0.5597292,
            50.8520493,
            0.0
          ],
          [
            -0.5596605,
            50.8522648,
            0.0
          ],
          [
            -0.5593445,
            50.852464,
            0.0
          ],
          [
            -0.5592616,
            50.8527482,
            0.0
          ],
          [
            -0.5591466,
            50.8527411,
            0.0
          ],
          [
            -0.5575309,
            50.853444,
            0.0
          ],
          [
            -0.5581221,
            50.8539545,
            0.0
          ],
          [
            -0.5582485,
            50.8542499,
            0.0
          ],
          [
            -0.5583427,
            50.8553581,
            0.0
          ]
        ]
      }
    },
    {
      "type": "Feature",
      "id": 11,
      "properties": {
        "name": "Section 12a",
        "layer": "Alternative Sections",
        "description": "Arundel to Findon",
        "style_url": "#line-1A237E-5263",
        "vertex_count": 185,
        "length_km_geodesic": 15.645
      },
      "geometry": {
        "type": "LineString",
        "coordinates": [
          [
            -0.553686,
            50.854375,
            0.0
          ],
          [
            -0.553402,
            50.854251,
            0.0
          ],
          [
            -0.552983,
            50.853892,
            0.0
          ],
          [
            -0.552436,
            50.853351,
            0.0
          ],
          [
            -0.551782,
            50.853483,
            0.0
          ],
          [
            -0.551728,
            50.853574,
            0.0
          ],
          [
            -0.550875,
            50.853479,
            0.0
          ],
          [
            -0.550325,
            50.853218,
            0.0
          ],
          [
            -0.55003,
            50.852871,
            0.0
          ],
          [
            -0.549733,
            50.852287,
            0.0
          ],
          [
            -0.549502,
            50.851894,
            0.0
          ],
          [
            -0.549089,
            50.851532,
            0.0
          ],
          [
            -0.548488,
            50.851247,
            0.0
          ],
          [
            -0.548011,
            50.851066,
            0.0
          ],
          [
            -0.54756,
            50.851031,
            0.0
          ],
          [
            -0.546755,
            50.851034,
            0.0
          ],
          [
            -0.546173,
            50.851105,
            0.0
          ],
          [
            -0.545586,
            50.851251,
            0.0
          ],
          [
            -0.543376,
            50.852074,
            0.0
          ],
          [
            -0.542968,
            50.852145,
            0.0
          ],
          [
            -0.542829,
            50.85225,
            0.0
          ],
          [
            -0.541777,
            50.852585,
            0.0
          ],
          [
            -0.541133,
            50.852978,
            0.0
          ],
          [
            -0.54064,
            50.853378,
            0.0
          ],
          [
            -0.540141,
            50.854316,
            0.0
          ],
          [
            -0.539905,
            50.855332,
            0.0
          ],
          [
            -0.539771,
            50.855514,
            0.0
          ],
          [
            -0.539401,
            50.855755,
            0.0
          ],
          [
            -0.539031,
            50.855779,
            0.0
          ],
          [
            -0.538741,
            50.855726,
            0.0
          ],
          [
            -0.538564,
            50.855696,
            0.0
          ],
          [
            -0.538215,
            50.855824,
            0.0
          ],
          [
            -0.537276,
            50.855664,
            0.0
          ],
          [
            -0.536654,
            50.855616,
            0.0
          ],
          [
            -0.535721,
            50.855433,
            0.0
          ],
          [
            -0.533768,
            50.854858,
            0.0
          ],
          [
            -0.532121,
            50.856188,
            0.0
          ],
          [
            -0.531601,
            50.856608,
            0.0
          ],
          [
            -0.530877,
            50.857584,
            0.0
          ],
          [
            -0.530469,
            50.857614,
            0.0
          ],
          [
            -0.526548,
            50.856971,
            0.0
          ],
          [
            -0.524311,
            50.856764,
            0.0
          ],
          [
            -0.523184,
            50.856954,
            0.0
          ],
          [
            -0.522412,
            50.857204,
            0.0
          ],
          [
            -0.522031,
            50.857496,
            0.0
          ],
          [
            -0.521457,
            50.85776,
            0.0
          ],
          [
            -0.520738,
            50.858545,
            0.0
          ],
          [
            -0.519922,
            50.858982,
            0.0
          ],
          [
            -0.516221,
            50.859592,
            0.0
          ],
          [
            -0.513609,
            50.859659,
            0.0
          ],
          [
            -0.512638,
            50.859683,
            0.0
          ],
          [
            -0.511833,
            50.859829,
            0.0
          ],
          [
            -0.511618,
            50.859923,
            0.0
          ],
          [
            -0.511211,
            50.859903,
            0.0
          ],
          [
            -0.508931,
            50.859629,
            0.0
          ],
          [
            -0.508271,
            50.859399,
            0.0
          ],
          [
            -0.507823,
            50.859241,
            0.0
          ],
          [
            -0.505793,
            50.859636,
            0.0
          ],
          [
            -0.50476,
            50.859908,
            0.0
          ],
          [
            -0.501437,
            50.861369,
            0.0
          ],
          [
            -0.497969,
            50.862278,
            0.0
          ],
          [
            -0.495407,
            50.862426,
            0.0
          ],
          [
            -0.493347,
            50.862642,
            0.0
          ],
          [
            -0.492188,
            50.862629,
            0.0
          ],
          [
            -0.488991,
            50.86294,
            0.0
          ],
          [
            -0.487146,
            50.863035,
            0.0
          ],
          [
            -0.486202,
            50.86294,
            0.0
          ],
          [
            -0.48397,
            50.863184,
            0.0
          ],
          [
            -0.479689,
            50.863144,
            0.0
          ],
          [
            -0.476599,
            50.863333,
            0.0
          ],
          [
            -0.473917,
            50.863381,
            0.0
          ],
          [
            -0.473499,
            50.863191,
            0.0
          ],
          [
            -0.472984,
            50.862697,
            0.0
          ],
          [
            -0.470892,
            50.862453,
            0.0
          ],
          [
            -0.469315,
            50.862155,
            0.0
          ],
          [
            -0.46631,
            50.86185,
            0.0
          ],
          [
            -0.465377,
            50.86143,
            0.0
          ],
          [
            -0.464251,
            50.860164,
            0.0
          ],
          [
            -0.463231,
            50.85925,
            0.0
          ],
          [
            -0.462019,
            50.858268,
            0.0
          ],
          [
            -0.459884,
            50.856947,
            0.0
          ],
          [
            -0.458736,
            50.855802,
            0.0
          ],
          [
            -0.45747,
            50.854712,
            0.0
          ],
          [
            -0.456858,
            50.85398,
            0.0
          ],
          [
            -0.456311,
            50.852951,
            0.0
          ],
          [
            -0.456966,
            50.852863,
            0.0
          ],
          [
            -0.457803,
            50.852788,
            0.0
          ],
          [
            -0.45949,
            50.852716,
            0.0
          ],
          [
            -0.459329,
            50.851534,
            0.0
          ],
          [
            -0.459087,
            50.850836,
            0.0
          ],
          [
            -0.458465,
            50.849935,
            0.0
          ],
          [
            -0.457982,
            50.848966,
            0.0
          ],
          [
            -0.457891,
            50.848523,
            0.0
          ],
          [
            -0.457945,
            50.848153,
            0.0
          ],
          [
            -0.457773,
            50.848116,
            0.0
          ],
          [
            -0.457306,
            50.84817,
            0.0
          ],
          [
            -0.45684,
            50.848055,
            0.0
          ],
          [
            -0.456909,
            50.848516,
            0.0
          ],
          [
            -0.456759,
            50.848052,
            0.0
          ],
          [
            -0.456397,
            50.847715,
            0.0
          ],
          [
            -0.456579,
            50.847254,
            0.0
          ],
          [
            -0.456641,
            50.846853,
            0.0
          ],
          [
            -0.455901,
            50.846843,
            0.0
          ],
          [
            -0.454831,
            50.846624,
            0.0
          ],
          [
            -0.454519,
            50.846645,
            0.0
          ],
          [
            -0.453396,
            50.847154,
            0.0
          ],
          [
            -0.453307,
            50.847139,
            0.0
          ],
          [
            -0.450603,
            50.846821,
            0.0
          ],
          [
            -0.450571,
            50.846143,
            0.0
          ],
          [
            -0.45055,
            50.845686,
            0.0
          ],
          [
            -0.4504,
            50.845696,
            0.0
          ],
          [
            -0.450389,
            50.845854,
            0.0
          ],
          [
            -0.450223,
            50.845984,
            0.0
          ],
          [
            -0.446634,
            50.846617,
            0.0
          ],
          [
            -0.446172,
            50.846638,
            0.0
          ],
          [
            -0.445853,
            50.847148,
            0.0
          ],
          [
            -0.445432,
            50.847661,
            0.0
          ],
          [
            -0.445411,
            50.847832,
            0.0
          ],
          [
            -0.445228,
            50.84806,
            0.0
          ],
          [
            -0.445314,
            50.848311,
            0.0
          ],
          [
            -0.445365,
            50.848414,
            0.0
          ],
          [
            -0.445152,
            50.848631,
            0.0
          ],
          [
            -0.444914,
            50.848867,
            0.0
          ],
          [
            -0.444705,
            50.848881,
            0.0
          ],
          [
            -0.444724,
            50.849009,
            0.0
          ],
          [
            -0.444123,
            50.849063,
            0.0
          ],
          [
            -0.443423,
            50.849523,
            0.0
          ],
          [
            -0.443013,
            50.84976,
            0.0
          ],
          [
            -0.442578,
            50.850573,
            0.0
          ],
          [
            -0.442224,
            50.850865,
            0.0
          ],
          [
            -0.442138,
            50.851068,
            0.0
          ],
          [
            -0.441216,
            50.851908,
            0.0
          ],
          [
            -0.44054,
            50.8531,
            0.0
          ],
          [
            -0.439499,
            50.853181,
            0.0
          ],
          [
            -0.43811,
            50.853127,
            0.0
          ],
          [
            -0.43627,
            50.854211,
            0.0
          ],
          [
            -0.435057,
            50.854786,
            0.0
          ],
          [
            -0.434628,
            50.8552,
            0.0
          ],
          [
            -0.432311,
            50.855775,
            0.0
          ],
          [
            -0.426399,
            50.857414,
            0.0
          ],
          [
            -0.426147,
            50.857668,
            0.0
          ],
          [
            -0.424457,
            50.858864,
            0.0
          ],
          [
            -0.423958,
            50.860005,
            0.0
          ],
          [
            -0.42346,
            50.861715,
            0.0
          ],
          [
            -0.423567,
            50.862419,
            0.0
          ],
          [
            -0.423545,
            50.862613,
            0.0
          ],
          [
            -0.42332,
            50.862971,
            0.0
          ],
          [
            -0.422977,
            50.862507,
            0.0
          ],
          [
            -0.422623,
            50.862473,
            0.0
          ],
          [
            -0.422247,
            50.862521,
            0.0
          ],
          [
            -0.421872,
            50.862669,
            0.0
          ],
          [
            -0.421662,
            50.86272,
            0.0
          ],
          [
            -0.42126,
            50.862727,
            0.0
          ],
          [
            -0.42096,
            50.86273,
            0.0
          ],
          [
            -0.420316,
            50.862571,
            0.0
          ],
          [
            -0.419844,
            50.862493,
            0.0
          ],
          [
            -0.419045,
            50.862348,
            0.0
          ],
          [
            -0.418599,
            50.862175,
            0.0
          ],
          [
            -0.418283,
            50.86204,
            0.0
          ],
          [
            -0.417644,
            50.861782,
            0.0
          ],
          [
            -0.415788,
            50.861146,
            0.0
          ],
          [
            -0.415005,
            50.860882,
            0.0
          ],
          [
            -0.414297,
            50.860773,
            0.0
          ],
          [
            -0.412479,
            50.86056,
            0.0
          ],
          [
            -0.4114,
            50.860685,
            0.0
          ],
          [
            -0.411812,
            50.864249,
            0.0
          ],
          [
            -0.411604,
            50.864505,
            0.0
          ],
          [
            -0.411604,
            50.864884,
            0.0
          ],
          [
            -0.411486,
            50.865033,
            0.0
          ],
          [
            -0.411432,
            50.865338,
            0.0
          ],
          [
            -0.413289,
            50.865622,
            0.0
          ],
          [
            -0.413879,
            50.865575,
            0.0
          ],
          [
            -0.414544,
            50.865324,
            0.0
          ],
          [
            -0.414973,
            50.865101,
            0.0
          ],
          [
            -0.41449,
            50.865331,
            0.0
          ],
          [
            -0.413771,
            50.865608,
            0.0
          ],
          [
            -0.413428,
            50.865656,
            0.0
          ],
          [
            -0.410585,
            50.865249,
            0.0
          ],
          [
            -0.410188,
            50.865209,
            0.0
          ],
          [
            -0.408064,
            50.864823,
            0.0
          ],
          [
            -0.408203,
            50.865588,
            0.0
          ],
          [
            -0.408203,
            50.866005,
            0.0
          ],
          [
            -0.408107,
            50.866407,
            0.0
          ],
          [
            -0.407849,
            50.867437,
            0.0
          ],
          [
            -0.407291,
            50.868303,
            0.0
          ]
        ]
      }
    },
    {
      "type": "Feature",
      "id": 12,
      "properties": {
        "name": "Section 12b",
        "layer": "Alternative Sections",
        "description": "Findon to Bramber via Lancing",
        "style_url": "#line-1A237E-5263",
        "vertex_count": 224,
        "length_km_geodesic": 17.306
      },
      "geometry": {
        "type": "LineString",
        "coordinates": [
          [
            -0.40727691444135,
            50.868300660476,
            0.0
          ],
          [
            -0.40663854869579,
            50.867874084089,
            0.0
          ],
          [
            -0.40644006522871,
            50.867647252199,
            0.0
          ],
          [
            -0.40623621734356,
            50.867329008581,
            0.0
          ],
          [
            -0.40561930927013,
            50.866895652077,
            0.0
          ],
          [
            -0.4052545288441,
            50.866614645315,
            0.0
          ],
          [
            -0.40488438400007,
            50.866438592024,
            0.0
          ],
          [
            -0.40428893359876,
            50.866259152408,
            0.0
          ],
          [
            -0.40302829536177,
            50.865758072086,
            0.0
          ],
          [
            -0.40160672458387,
            50.865426272693,
            0.0
          ],
          [
            -0.40146188529705,
            50.865311158066,
            0.0
          ],
          [
            -0.40137605460858,
            50.865067384977,
            0.0
          ],
          [
            -0.39886550697064,
            50.865074156469,
            0.0
          ],
          [
            -0.39693431647993,
            50.86508769945,
            0.0
          ],
          [
            -0.39516405853008,
            50.865123249756,
            0.0
          ],
          [
            -0.39474563392377,
            50.865299308016,
            0.0
          ],
          [
            -0.39194540771221,
            50.865847792945,
            0.0
          ],
          [
            -0.38931684287761,
            50.866430127906,
            0.0
          ],
          [
            -0.38800792487837,
            50.866734835162,
            0.0
          ],
          [
            -0.38663463386272,
            50.867086938843,
            0.0
          ],
          [
            -0.38396315368391,
            50.867892704569,
            0.0
          ],
          [
            -0.38281516822554,
            50.865482137042,
            0.0
          ],
          [
            -0.38232164176677,
            50.864764359708,
            0.0
          ],
          [
            -0.38225726875044,
            50.86459507099,
            0.0
          ],
          [
            -0.38224653991436,
            50.864561213172,
            0.0
          ],
          [
            -0.38225726875044,
            50.864351294156,
            0.0
          ],
          [
            -0.38226799758648,
            50.864330979362,
            0.0
          ],
          [
            -0.3820748785374,
            50.863884051662,
            0.0
          ],
          [
            -0.38071231635783,
            50.861866052037,
            0.0
          ],
          [
            -0.38206414970136,
            50.863863736665,
            0.0
          ],
          [
            -0.3823926258,
            50.8647389573,
            0.0
          ],
          [
            -0.38130240234114,
            50.86457137052,
            0.0
          ],
          [
            -0.38018660339094,
            50.864567984737,
            0.0
          ],
          [
            -0.37919955047343,
            50.864490111676,
            0.0
          ],
          [
            -0.37858800681805,
            50.864358065752,
            0.0
          ],
          [
            -0.3775902250645,
            50.864070272058,
            0.0
          ],
          [
            -0.3760304073,
            50.8638192755,
            0.0
          ],
          [
            -0.37203268798565,
            50.863240739118,
            0.0
          ],
          [
            -0.37118510993696,
            50.863186565025,
            0.0
          ],
          [
            -0.37049846442915,
            50.863179793258,
            0.0
          ],
          [
            -0.36906080039717,
            50.863044357731,
            0.0
          ],
          [
            -0.36645369323469,
            50.862915693614,
            0.0
          ],
          [
            -0.3656275728581,
            50.862868290956,
            0.0
          ],
          [
            -0.36518769057966,
            50.862875062767,
            0.0
          ],
          [
            -0.36367492469526,
            50.862793800966,
            0.0
          ],
          [
            -0.36153988631939,
            50.862773485494,
            0.0
          ],
          [
            -0.36103563102458,
            50.862671908,
            0.0
          ],
          [
            -0.36023096832012,
            50.862404419539,
            0.0
          ],
          [
            -0.35856799873089,
            50.861412328685,
            0.0
          ],
          [
            -0.35775260719038,
            50.861046637995,
            0.0
          ],
          [
            -0.3574418146,
            50.8609268648,
            0.0
          ],
          [
            -0.35707669051861,
            50.860870563676,
            0.0
          ],
          [
            -0.35536007674909,
            50.86091119627,
            0.0
          ],
          [
            -0.3544052103398,
            50.860863791574,
            0.0
          ],
          [
            -0.35236673148847,
            50.860294931457,
            0.0
          ],
          [
            -0.35033898147321,
            50.859803945419,
            0.0
          ],
          [
            -0.34992055686689,
            50.859773470253,
            0.0
          ],
          [
            -0.34823612960555,
            50.859749767333,
            0.0
          ],
          [
            -0.34669117721294,
            50.859966479301,
            0.0
          ],
          [
            -0.34566120895124,
            50.859817489931,
            0.0
          ],
          [
            -0.34154133590436,
            50.859465331347,
            0.0
          ],
          [
            -0.34075813087201,
            50.858994653701,
            0.0
          ],
          [
            -0.33958868774152,
            50.858439315693,
            0.0
          ],
          [
            -0.3389710592,
            50.8578601956,
            0.0
          ],
          [
            -0.33836560043073,
            50.856796966422,
            0.0
          ],
          [
            -0.33794717582441,
            50.855594797818,
            0.0
          ],
          [
            -0.33767895492292,
            50.855195196884,
            0.0
          ],
          [
            -0.33727125915265,
            50.854927665532,
            0.0
          ],
          [
            -0.33473925384259,
            50.853071836187,
            0.0
          ],
          [
            -0.3337684349,
            50.8520778505,
            0.0
          ],
          [
            -0.33328013213848,
            50.851503806031,
            0.0
          ],
          [
            -0.33169226440167,
            50.850514870057,
            0.0
          ],
          [
            -0.32995419296003,
            50.849451401812,
            0.0
          ],
          [
            -0.32818393501018,
            50.848211787207,
            0.0
          ],
          [
            -0.32583431991316,
            50.847066977247,
            0.0
          ],
          [
            -0.32369928153728,
            50.845949236277,
            0.0
          ],
          [
            -0.32148914130904,
            50.844296285396,
            0.0
          ],
          [
            -0.31990127357222,
            50.843849165669,
            0.0
          ],
          [
            -0.31918244155621,
            50.843876263956,
            0.0
          ],
          [
            -0.31797008308147,
            50.843679801016,
            0.0
          ],
          [
            -0.31726197990154,
            50.843415590931,
            0.0
          ],
          [
            -0.3166075209019,
            50.843185252714,
            0.0
          ],
          [
            -0.31533078941083,
            50.842961688062,
            0.0
          ],
          [
            -0.31423644813275,
            50.84278554546,
            0.0
          ],
          [
            -0.31376437934613,
            50.842765221271,
            0.0
          ],
          [
            -0.30944065841414,
            50.842304537277,
            0.0
          ],
          [
            -0.30476288589217,
            50.842555204132,
            0.0
          ],
          [
            -0.30389385017132,
            50.842575528413,
            0.0
          ],
          [
            -0.30327157767988,
            50.842656825447,
            0.0
          ],
          [
            -0.30253128799176,
            50.842812644366,
            0.0
          ],
          [
            -0.30125455650068,
            50.842968462764,
            0.0
          ],
          [
            -0.30075030120587,
            50.842961688062,
            0.0
          ],
          [
            -0.3003211477635,
            50.842968462764,
            0.0
          ],
          [
            -0.30063228400921,
            50.843076857865,
            0.0
          ],
          [
            -0.30100779327131,
            50.843252999366,
            0.0
          ],
          [
            -0.30112581046797,
            50.843605280375,
            0.0
          ],
          [
            -0.30113653930402,
            50.843910136793,
            0.0
          ],
          [
            -0.30105070861552,
            50.844126922367,
            0.0
          ],
          [
            -0.30084686073041,
            50.844323383424,
            0.0
          ],
          [
            -0.30047135146834,
            50.845244706998,
            0.0
          ],
          [
            -0.30020313056685,
            50.846057624453,
            0.0
          ],
          [
            -0.30031041892742,
            50.846206657784,
            0.0
          ],
          [
            -0.30084686073041,
            50.846247303155,
            0.0
          ],
          [
            -0.30033187659955,
            50.846206657784,
            0.0
          ],
          [
            -0.30017094405864,
            50.846084721458,
            0.0
          ],
          [
            -0.30052499564863,
            50.845027926617,
            0.0
          ],
          [
            -0.30085758956649,
            50.844323383424,
            0.0
          ],
          [
            -0.30096487792703,
            50.844154020493,
            0.0
          ],
          [
            -0.29946284087868,
            50.843510435749,
            0.0
          ],
          [
            -0.2974672773716,
            50.842318086871,
            0.0
          ],
          [
            -0.29698447974891,
            50.842250338861,
            0.0
          ],
          [
            -0.29684500488016,
            50.842514555544,
            0.0
          ],
          [
            -0.2959545114872,
            50.843022660346,
            0.0
          ],
          [
            -0.29564337524146,
            50.843110731282,
            0.0
          ],
          [
            -0.2959008673069,
            50.844445324353,
            0.0
          ],
          [
            -0.29554681571695,
            50.845217609505,
            0.0
          ],
          [
            -0.29563264640542,
            50.846321819576,
            0.0
          ],
          [
            -0.29555754455301,
            50.846965365539,
            0.0
          ],
          [
            -0.29572920592995,
            50.847588580535,
            0.0
          ],
          [
            -0.2947811618,
            50.8484458823,
            0.0
          ],
          [
            -0.29486017020912,
            50.848841759402,
            0.0
          ],
          [
            -0.29501037391398,
            50.849038200604,
            0.0
          ],
          [
            -0.29522495063515,
            50.8492143196,
            0.0
          ],
          [
            -0.29520349296302,
            50.849356569072,
            0.0
          ],
          [
            -0.29464559348795,
            50.849397211699,
            0.0
          ],
          [
            -0.29411988052102,
            50.84924141477,
            0.0
          ],
          [
            -0.29377655776712,
            50.849322700189,
            0.0
          ],
          [
            -0.29315428527564,
            50.849078843508,
            0.0
          ],
          [
            -0.2929289797184,
            50.849200772008,
            0.0
          ],
          [
            -0.29282169135782,
            50.849566555595,
            0.0
          ],
          [
            -0.29219941886634,
            50.850128772925,
            0.0
          ],
          [
            -0.29187755378456,
            50.850521643663,
            0.0
          ],
          [
            -0.29177026542398,
            50.851070302432,
            0.0
          ],
          [
            -0.29222087653847,
            50.851761196887,
            0.0
          ],
          [
            -0.29380874427528,
            50.853102315733,
            0.0
          ],
          [
            -0.29580430778237,
            50.853657717296,
            0.0
          ],
          [
            -0.29631929191323,
            50.854362119522,
            0.0
          ],
          [
            -0.29612617286415,
            50.854592402557,
            0.0
          ],
          [
            -0.29679136069987,
            50.856461716884,
            0.0
          ],
          [
            -0.29705958160136,
            50.856454944142,
            0.0
          ],
          [
            -0.2983684996006,
            50.856678444134,
            0.0
          ],
          [
            -0.29876546653483,
            50.856576853361,
            0.0
          ],
          [
            -0.29903368743632,
            50.856915488408,
            0.0
          ],
          [
            -0.30026750358315,
            50.857260893624,
            0.0
          ],
          [
            -0.30182318481179,
            50.857972013952,
            0.0
          ],
          [
            -0.30410842689249,
            50.859570301972,
            0.0
          ],
          [
            -0.30637221130104,
            50.860694488693,
            0.0
          ],
          [
            -0.3074236372349,
            50.861398784636,
            0.0
          ],
          [
            -0.30770795139054,
            50.861696752794,
            0.0
          ],
          [
            -0.30863599570961,
            50.861182079325,
            0.0
          ],
          [
            -0.30879692825051,
            50.860863791573,
            0.0
          ],
          [
            -0.30921535285683,
            50.860579362382,
            0.0
          ],
          [
            -0.30958013328286,
            50.860577669346,
            0.0
          ],
          [
            -0.30918316634866,
            50.860594599705,
            0.0
          ],
          [
            -0.30877547057839,
            50.860870563676,
            0.0
          ],
          [
            -0.30867354663588,
            50.861087270435,
            0.0
          ],
          [
            -0.30895786079142,
            50.861241334784,
            0.0
          ],
          [
            -0.30929045470924,
            50.86132259929,
            0.0
          ],
          [
            -0.30922071727487,
            50.861559619958,
            0.0
          ],
          [
            -0.30885593684885,
            50.861674743848,
            0.0
          ],
          [
            -0.30849652084085,
            50.861837271209,
            0.0
          ],
          [
            -0.30821220668525,
            50.862057359439,
            0.0
          ],
          [
            -0.30818002017714,
            50.862130157626,
            0.0
          ],
          [
            -0.30797617229196,
            50.862480603118,
            0.0
          ],
          [
            -0.30754701884966,
            50.863738460653,
            0.0
          ],
          [
            -0.30763284953805,
            50.864007634371,
            0.0
          ],
          [
            -0.30758993419381,
            50.864275113634,
            0.0
          ],
          [
            -0.30760066302996,
            50.86440885269,
            0.0
          ],
          [
            -0.30767576488227,
            50.865446587009,
            0.0
          ],
          [
            -0.30768112930031,
            50.865937513631,
            0.0
          ],
          [
            -0.30775623115272,
            50.866106797473,
            0.0
          ],
          [
            -0.30769185813639,
            50.866242224106,
            0.0
          ],
          [
            -0.30777768882484,
            50.866360722086,
            0.0
          ],
          [
            -0.30759529861185,
            50.866526618752,
            0.0
          ],
          [
            -0.30755774768564,
            50.86713603001,
            0.0
          ],
          [
            -0.3068711021778,
            50.868266805349,
            0.0
          ],
          [
            -0.3065599659321,
            50.869468647272,
            0.0
          ],
          [
            -0.30637221130104,
            50.869885052878,
            0.0
          ],
          [
            -0.30585722717018,
            50.870474108116,
            0.0
          ],
          [
            -0.30510084422806,
            50.870414864391,
            0.0
          ],
          [
            -0.30585722717018,
            50.870474108116,
            0.0
          ],
          [
            -0.30527787002298,
            50.871107164928,
            0.0
          ],
          [
            -0.30526177676897,
            50.871254425574,
            0.0
          ],
          [
            -0.3056641081211,
            50.87152017062,
            0.0
          ],
          [
            -0.30616299899787,
            50.871794377296,
            0.0
          ],
          [
            -0.30522422584266,
            50.871784221522,
            0.0
          ],
          [
            -0.30401723178595,
            50.871726672094,
            0.0
          ],
          [
            -0.30378119739267,
            50.871760524707,
            0.0
          ],
          [
            -0.30399577411394,
            50.872506968584,
            0.0
          ],
          [
            -0.30389921458933,
            50.872884417512,
            0.0
          ],
          [
            -0.30366318019608,
            50.873332951502,
            0.0
          ],
          [
            -0.30314819606522,
            50.874084447833,
            0.0
          ],
          [
            -0.30305163654062,
            50.874377257312,
            0.0
          ],
          [
            -0.30304090770464,
            50.874754691095,
            0.0
          ],
          [
            -0.30303554328653,
            50.875081346564,
            0.0
          ],
          [
            -0.3030584705,
            50.8753920672,
            0.0
          ],
          [
            -0.30314819606516,
            50.875653411248,
            0.0
          ],
          [
            -0.30327694209793,
            50.875912361297,
            0.0
          ],
          [
            -0.30351297649118,
            50.876178079785,
            0.0
          ],
          [
            -0.30374901088457,
            50.876359173684,
            0.0
          ],
          [
            -0.30440346988421,
            50.876772132838,
            0.0
          ],
          [
            -0.30451075824473,
            50.877159701829,
            0.0
          ],
          [
            -0.30468241962175,
            50.877537113078,
            0.0
          ],
          [
            -0.30462341102334,
            50.877809591944,
            0.0
          ],
          [
            -0.30446784290054,
            50.877862056637,
            0.0
          ],
          [
            -0.30434982570381,
            50.878198844704,
            0.0
          ],
          [
            -0.30413524898272,
            50.878579632302,
            0.0
          ],
          [
            -0.30358807834359,
            50.879187193624,
            0.0
          ],
          [
            -0.30349151881912,
            50.879351352289,
            0.0
          ],
          [
            -0.30340032371256,
            50.879562896105,
            0.0
          ],
          [
            -0.30343787463883,
            50.87975074621,
            0.0
          ],
          [
            -0.30352906974527,
            50.879955518884,
            0.0
          ],
          [
            -0.30388848575335,
            50.880244906833,
            0.0
          ],
          [
            -0.30502574237565,
            50.880996291709,
            0.0
          ],
          [
            -0.30628101619463,
            50.881429517122,
            0.0
          ],
          [
            -0.30660288127632,
            50.881644436046,
            0.0
          ],
          [
            -0.30687110217791,
            50.881937198026,
            0.0
          ],
          [
            -0.30691938194009,
            50.88217580614,
            0.0
          ],
          [
            -0.30694620403032,
            50.882444873399,
            0.0
          ],
          [
            -0.30675844939919,
            50.882697016778,
            0.0
          ],
          [
            -0.30800835880013,
            50.882974542141,
            0.0
          ],
          [
            -0.30898468288155,
            50.883011771028,
            0.0
          ],
          [
            -0.30985908302039,
            50.882910237631,
            0.0
          ],
          [
            -0.31025604995462,
            50.882839164122,
            0.0
          ]
        ]
      }
    },
    {
      "type": "Feature",
      "id": 13,
      "properties": {
        "name": "Section 13a",
        "layer": "Alternative Sections",
        "description": "Findon to Steyning",
        "style_url": "#line-1A237E-5263",
        "vertex_count": 130,
        "length_km_geodesic": 12.659
      },
      "geometry": {
        "type": "LineString",
        "coordinates": [
          [
            -0.40725,
            50.868309,
            0.0
          ],
          [
            -0.406929,
            50.868058,
            0.0
          ],
          [
            -0.406446,
            50.867659,
            0.0
          ],
          [
            -0.40622,
            50.867307,
            0.0
          ],
          [
            -0.405258,
            50.86659,
            0.0
          ],
          [
            -0.403088,
            50.86577,
            0.0
          ],
          [
            -0.401873,
            50.865488,
            0.0
          ],
          [
            -0.401586,
            50.865447,
            0.0
          ],
          [
            -0.40136,
            50.865306,
            0.0
          ],
          [
            -0.400164,
            50.864851,
            0.0
          ],
          [
            -0.39705,
            50.865065,
            0.0
          ],
          [
            -0.395709,
            50.86509,
            0.0
          ],
          [
            -0.394652,
            50.865293,
            0.0
          ],
          [
            -0.390229,
            50.866201,
            0.0
          ],
          [
            -0.386962,
            50.866976,
            0.0
          ],
          [
            -0.383921,
            50.86788,
            0.0
          ],
          [
            -0.383175,
            50.866366,
            0.0
          ],
          [
            -0.382789,
            50.865539,
            0.0
          ],
          [
            -0.382306,
            50.864788,
            0.0
          ],
          [
            -0.382081,
            50.863521,
            0.0
          ],
          [
            -0.38252,
            50.863054,
            0.0
          ],
          [
            -0.382456,
            50.862831,
            0.0
          ],
          [
            -0.380611,
            50.861829,
            0.0
          ],
          [
            -0.381555,
            50.862242,
            0.0
          ],
          [
            -0.382435,
            50.862831,
            0.0
          ],
          [
            -0.38252,
            50.863054,
            0.0
          ],
          [
            -0.382081,
            50.863515,
            0.0
          ],
          [
            -0.382102,
            50.86386,
            0.0
          ],
          [
            -0.382252,
            50.864253,
            0.0
          ],
          [
            -0.382285,
            50.864703,
            0.0
          ],
          [
            -0.382799,
            50.865445,
            0.0
          ],
          [
            -0.383196,
            50.866284,
            0.0
          ],
          [
            -0.383922,
            50.867908,
            0.0
          ],
          [
            -0.38413,
            50.868471,
            0.0
          ],
          [
            -0.383754,
            50.870144,
            0.0
          ],
          [
            -0.382531,
            50.87252,
            0.0
          ],
          [
            -0.382596,
            50.872771,
            0.0
          ],
          [
            -0.382209,
            50.87338,
            0.0
          ],
          [
            -0.381812,
            50.873691,
            0.0
          ],
          [
            -0.380149,
            50.875445,
            0.0
          ],
          [
            -0.378744,
            50.876562,
            0.0
          ],
          [
            -0.378143,
            50.87734,
            0.0
          ],
          [
            -0.377746,
            50.87862,
            0.0
          ],
          [
            -0.377596,
            50.879581,
            0.0
          ],
          [
            -0.377092,
            50.880922,
            0.0
          ],
          [
            -0.376105,
            50.882634,
            0.0
          ],
          [
            -0.374828,
            50.886485,
            0.0
          ],
          [
            -0.373787,
            50.889765,
            0.0
          ],
          [
            -0.373744,
            50.890103,
            0.0
          ],
          [
            -0.374077,
            50.89036,
            0.0
          ],
          [
            -0.374972,
            50.890956,
            0.0
          ],
          [
            -0.375715,
            50.891624,
            0.0
          ],
          [
            -0.376373,
            50.893142,
            0.0
          ],
          [
            -0.377392,
            50.894576,
            0.0
          ],
          [
            -0.379553,
            50.896036,
            0.0
          ],
          [
            -0.380385,
            50.896241,
            0.0
          ],
          [
            -0.381568,
            50.896272,
            0.0
          ],
          [
            -0.381351,
            50.896559,
            0.0
          ],
          [
            -0.381221,
            50.896821,
            0.0
          ],
          [
            -0.38149,
            50.896194,
            0.0
          ],
          [
            -0.380493,
            50.896261,
            0.0
          ],
          [
            -0.379656,
            50.896018,
            0.0
          ],
          [
            -0.377499,
            50.894691,
            0.0
          ],
          [
            -0.376114,
            50.892702,
            0.0
          ],
          [
            -0.375772,
            50.891768,
            0.0
          ],
          [
            -0.374881,
            50.890895,
            0.0
          ],
          [
            -0.373701,
            50.890069,
            0.0
          ],
          [
            -0.373605,
            50.890206,
            0.0
          ],
          [
            -0.373583,
            50.890394,
            0.0
          ],
          [
            -0.374023,
            50.891309,
            0.0
          ],
          [
            -0.374125,
            50.89174,
            0.0
          ],
          [
            -0.374012,
            50.892817,
            0.0
          ],
          [
            -0.373927,
            50.893369,
            0.0
          ],
          [
            -0.373766,
            50.893914,
            0.0
          ],
          [
            -0.373444,
            50.895068,
            0.0
          ],
          [
            -0.373707,
            50.89546,
            0.0
          ],
          [
            -0.374206,
            50.895745,
            0.0
          ],
          [
            -0.374527,
            50.895965,
            0.0
          ],
          [
            -0.374645,
            50.896232,
            0.0
          ],
          [
            -0.374506,
            50.896492,
            0.0
          ],
          [
            -0.374356,
            50.896992,
            0.0
          ],
          [
            -0.374603,
            50.897156,
            0.0
          ],
          [
            -0.374694,
            50.897348,
            0.0
          ],
          [
            -0.374533,
            50.897518,
            0.0
          ],
          [
            -0.373283,
            50.897853,
            0.0
          ],
          [
            -0.373176,
            50.898007,
            0.0
          ],
          [
            -0.372661,
            50.899173,
            0.0
          ],
          [
            -0.372065,
            50.899064,
            0.0
          ],
          [
            -0.37162,
            50.899076,
            0.0
          ],
          [
            -0.370869,
            50.899029,
            0.0
          ],
          [
            -0.369463,
            50.898677,
            0.0
          ],
          [
            -0.368026,
            50.898279,
            0.0
          ],
          [
            -0.367511,
            50.898157,
            0.0
          ],
          [
            -0.365569,
            50.897941,
            0.0
          ],
          [
            -0.364131,
            50.897687,
            0.0
          ],
          [
            -0.363471,
            50.897484,
            0.0
          ],
          [
            -0.362736,
            50.897315,
            0.0
          ],
          [
            -0.361599,
            50.897213,
            0.0
          ],
          [
            -0.36021,
            50.897301,
            0.0
          ],
          [
            -0.35881,
            50.89746,
            0.0
          ],
          [
            -0.358563,
            50.897391,
            0.0
          ],
          [
            -0.356406,
            50.897256,
            0.0
          ],
          [
            -0.355752,
            50.897067,
            0.0
          ],
          [
            -0.355666,
            50.897148,
            0.0
          ],
          [
            -0.354819,
            50.897053,
            0.0
          ],
          [
            -0.353531,
            50.896782,
            0.0
          ],
          [
            -0.353156,
            50.896356,
            0.0
          ],
          [
            -0.352501,
            50.896248,
            0.0
          ],
          [
            -0.35175,
            50.896119,
            0.0
          ],
          [
            -0.350829,
            50.896396,
            0.0
          ],
          [
            -0.35048,
            50.895922,
            0.0
          ],
          [
            -0.350291,
            50.895822,
            0.0
          ],
          [
            -0.348436,
            50.895347,
            0.0
          ],
          [
            -0.346666,
            50.89485,
            0.0
          ],
          [
            -0.345602,
            50.894651,
            0.0
          ],
          [
            -0.343628,
            50.894224,
            0.0
          ],
          [
            -0.340742,
            50.893264,
            0.0
          ],
          [
            -0.340245,
            50.893165,
            0.0
          ],
          [
            -0.340068,
            50.893175,
            0.0
          ],
          [
            -0.33463,
            50.892092,
            0.0
          ],
          [
            -0.333888,
            50.891808,
            0.0
          ],
          [
            -0.33364,
            50.891693,
            0.0
          ],
          [
            -0.33276,
            50.89122,
            0.0
          ],
          [
            -0.332091,
            50.890535,
            0.0
          ],
          [
            -0.331785,
            50.890268,
            0.0
          ],
          [
            -0.331129,
            50.890022,
            0.0
          ],
          [
            -0.330185,
            50.889359,
            0.0
          ],
          [
            -0.329262,
            50.888418,
            0.0
          ],
          [
            -0.328801,
            50.888093,
            0.0
          ],
          [
            -0.328222,
            50.887958,
            0.0
          ]
        ]
      }
    },
    {
      "type": "Feature",
      "id": 14,
      "properties": {
        "name": "Section 14a",
        "layer": "Alternative Sections",
        "description": "Storrington via Washington to Steyning",
        "style_url": "#line-1A237E-5263",
        "vertex_count": 235,
        "length_km_geodesic": 12.697
      },
      "geometry": {
        "type": "LineString",
        "coordinates": [
          [
            -0.45634850713539,
            50.915836060968,
            0.0
          ],
          [
            -0.45529171678349,
            50.916639292791,
            0.0
          ],
          [
            -0.45508250448036,
            50.916904778998,
            0.0
          ],
          [
            -0.45452996942329,
            50.917729974861,
            0.0
          ],
          [
            -0.45433148595618,
            50.917753648297,
            0.0
          ],
          [
            -0.45395597669411,
            50.917814522791,
            0.0
          ],
          [
            -0.45370384904671,
            50.917804377048,
            0.0
          ],
          [
            -0.45328542444039,
            50.917740120621,
            0.0
          ],
          [
            -0.45266851636695,
            50.917675864105,
            0.0
          ],
          [
            -0.45221790525243,
            50.917675864105,
            0.0
          ],
          [
            -0.45227154943276,
            50.91738839966,
            0.0
          ],
          [
            -0.45175120088386,
            50.917084023606,
            0.0
          ],
          [
            -0.45180484506416,
            50.916931834832,
            0.0
          ],
          [
            -0.45098945352361,
            50.916451591438,
            0.0
          ],
          [
            -0.45097336026953,
            50.916380569107,
            0.0
          ],
          [
            -0.45102700444982,
            50.916218231943,
            0.0
          ],
          [
            -0.4506407663517,
            50.916224996003,
            0.0
          ],
          [
            -0.45022770616339,
            50.916187793663,
            0.0
          ],
          [
            -0.44975563737678,
            50.915822532735,
            0.0
          ],
          [
            -0.44978782388495,
            50.915680486044,
            0.0
          ],
          [
            -0.45003458711431,
            50.915406537631,
            0.0
          ],
          [
            -0.44977173063087,
            50.915261107571,
            0.0
          ],
          [
            -0.44929966184425,
            50.915037888456,
            0.0
          ],
          [
            -0.44911190721318,
            50.915004067284,
            0.0
          ],
          [
            -0.44893488141823,
            50.915041270571,
            0.0
          ],
          [
            -0.44872030469703,
            50.915115677057,
            0.0
          ],
          [
            -0.4485003635578,
            50.915007449403,
            0.0
          ],
          [
            -0.4484467193775,
            50.914845107449,
            0.0
          ],
          [
            -0.44836088868904,
            50.914807904005,
            0.0
          ],
          [
            -0.44833943101692,
            50.914709822055,
            0.0
          ],
          [
            -0.44840380403325,
            50.914662472074,
            0.0
          ],
          [
            -0.4485003635578,
            50.914462925197,
            0.0
          ],
          [
            -0.44858619424629,
            50.914371606849,
            0.0
          ],
          [
            -0.44814631196785,
            50.914134854743,
            0.0
          ],
          [
            -0.44809803220556,
            50.914263377464,
            0.0
          ],
          [
            -0.44796392175481,
            50.914219409205,
            0.0
          ],
          [
            -0.44782981130407,
            50.914104415099,
            0.0
          ],
          [
            -0.44755622598458,
            50.913962363165,
            0.0
          ],
          [
            -0.44726118299293,
            50.913627524746,
            0.0
          ],
          [
            -0.44701441976356,
            50.913488853584,
            0.0
          ],
          [
            -0.44654771539495,
            50.913269008212,
            0.0
          ],
          [
            -0.44633313867376,
            50.91307283762,
            0.0
          ],
          [
            -0.44559284898566,
            50.9126940231,
            0.0
          ],
          [
            -0.44532462808417,
            50.912426821719,
            0.0
          ],
          [
            -0.44506177160071,
            50.912365940177,
            0.0
          ],
          [
            -0.44485255929755,
            50.911872120283,
            0.0
          ],
          [
            -0.44438585492896,
            50.911263294023,
            0.0
          ],
          [
            -0.44418737146184,
            50.910881082358,
            0.0
          ],
          [
            -0.44404253217505,
            50.910798213043,
            0.0
          ],
          [
            -0.44276580068397,
            50.910520853446,
            0.0
          ],
          [
            -0.44075950834081,
            50.910304376515,
            0.0
          ],
          [
            -0.44069513532447,
            50.910142018156,
            0.0
          ],
          [
            -0.44071659299659,
            50.90973611978,
            0.0
          ],
          [
            -0.44082388135718,
            50.909546699328,
            0.0
          ],
          [
            -0.44070586416052,
            50.909472283938,
            0.0
          ],
          [
            -0.44040545675087,
            50.909458753855,
            0.0
          ],
          [
            -0.44016942235754,
            50.909370808216,
            0.0
          ],
          [
            -0.44000848981666,
            50.90923550691,
            0.0
          ],
          [
            -0.43975099775122,
            50.908491342692,
            0.0
          ],
          [
            -0.43964370939064,
            50.908308682384,
            0.0
          ],
          [
            -0.43935403081703,
            50.908092195164,
            0.0
          ],
          [
            -0.43872102948951,
            50.907821584724,
            0.0
          ],
          [
            -0.4384662196331,
            50.907700655175,
            0.0
          ],
          [
            -0.43908312770654,
            50.907519683095,
            0.0
          ],
          [
            -0.43899997922708,
            50.907260908712,
            0.0
          ],
          [
            -0.438806860178,
            50.907093465698,
            0.0
          ],
          [
            -0.43882563564109,
            50.906876972826,
            0.0
          ],
          [
            -0.43937548848915,
            50.906962386148,
            0.0
          ],
          [
            -0.43878540250585,
            50.906871053084,
            0.0
          ],
          [
            -0.43881758901405,
            50.90677971984,
            0.0
          ],
          [
            -0.43870493623543,
            50.906535317966,
            0.0
          ],
          [
            -0.43860033008385,
            50.906332353496,
            0.0
          ],
          [
            -0.43843939754298,
            50.906235099374,
            0.0
          ],
          [
            -0.43798342201042,
            50.906150530407,
            0.0
          ],
          [
            -0.43706878873633,
            50.90609978895,
            0.0
          ],
          [
            -0.4363580033474,
            50.906005071423,
            0.0
          ],
          [
            -0.43420150729944,
            50.905950947035,
            0.0
          ],
          [
            -0.43405398580358,
            50.905873143113,
            0.0
          ],
          [
            -0.4340137526684,
            50.905612668179,
            0.0
          ],
          [
            -0.43367579433251,
            50.905551777724,
            0.0
          ],
          [
            -0.4331178948574,
            50.905575457355,
            0.0
          ],
          [
            -0.43224349471856,
            50.905578840158,
            0.0
          ],
          [
            -0.43086752149391,
            50.905517949657,
            0.0
          ],
          [
            -0.43082192394066,
            50.90527100404,
            0.0
          ],
          [
            -0.42985096427728,
            50.905260855561,
            0.0
          ],
          [
            -0.42908653470802,
            50.905125542307,
            0.0
          ],
          [
            -0.42826846095847,
            50.904875211753,
            0.0
          ],
          [
            -0.42519464942743,
            50.904418524165,
            0.0
          ],
          [
            -0.42367651912499,
            50.904367780823,
            0.0
          ],
          [
            -0.41881903859902,
            50.904384695274,
            0.0
          ],
          [
            -0.41872247907448,
            50.904594433986,
            0.0
          ],
          [
            -0.41765227767756,
            50.904560605228,
            0.0
          ],
          [
            -0.41729554387854,
            50.904520010681,
            0.0
          ],
          [
            -0.41720166656304,
            50.904665474306,
            0.0
          ],
          [
            -0.41583910438347,
            50.904641794212,
            0.0
          ],
          [
            -0.41552528592873,
            50.904614731231,
            0.0
          ],
          [
            -0.41505589935113,
            50.904401609724,
            0.0
          ],
          [
            -0.41462406369972,
            50.904147892367,
            0.0
          ],
          [
            -0.4138301298313,
            50.904208784658,
            0.0
          ],
          [
            -0.41280016156959,
            50.904465884566,
            0.0
          ],
          [
            -0.41124448034095,
            50.904438821484,
            0.0
          ],
          [
            -0.41042640659143,
            50.904245996577,
            0.0
          ],
          [
            -0.40940984937477,
            50.904127594918,
            0.0
          ],
          [
            -0.40893509837916,
            50.904005810046,
            0.0
          ],
          [
            -0.40796950313379,
            50.903796068682,
            0.0
          ],
          [
            -0.40717825147436,
            50.903451008251,
            0.0
          ],
          [
            -0.40630921575356,
            50.903011221644,
            0.0
          ],
          [
            -0.40574326965141,
            50.903576177528,
            0.0
          ],
          [
            -0.40524974319269,
            50.903278477079,
            0.0
          ],
          [
            -0.40446653816033,
            50.903180370833,
            0.0
          ],
          [
            -0.4039059564762,
            50.902997689683,
            0.0
          ],
          [
            -0.40325149747656,
            50.902930029816,
            0.0
          ],
          [
            -0.4014892861538,
            50.902967242757,
            0.0
          ],
          [
            -0.39975389692115,
            50.903078881393,
            0.0
          ],
          [
            -0.39665326329995,
            50.902963859761,
            0.0
          ],
          [
            -0.39372160884668,
            50.901810244751,
            0.0
          ],
          [
            -0.39081409427451,
            50.900670133796,
            0.0
          ],
          [
            -0.3908275053196,
            50.900588937883,
            0.0
          ],
          [
            -0.3910447642498,
            50.900335199753,
            0.0
          ],
          [
            -0.39135321828649,
            50.900122058651,
            0.0
          ],
          [
            -0.39139345142174,
            50.899875084413,
            0.0
          ],
          [
            -0.391082315176,
            50.899770204544,
            0.0
          ],
          [
            -0.39011671993066,
            50.900051011403,
            0.0
          ],
          [
            -0.38963928672602,
            50.900162657033,
            0.0
          ],
          [
            -0.38903847190667,
            50.900210021765,
            0.0
          ],
          [
            -0.38869514915276,
            50.900132208251,
            0.0
          ],
          [
            -0.38757666799352,
            50.89972960582,
            0.0
          ],
          [
            -0.38699999305537,
            50.899181519609,
            0.0
          ],
          [
            -0.38692489120292,
            50.898951456807,
            0.0
          ],
          [
            -0.38661375495722,
            50.8986604934,
            0.0
          ],
          [
            -0.38636699172785,
            50.898345844879,
            0.0
          ],
          [
            -0.38611754628942,
            50.898051494336,
            0.0
          ],
          [
            -0.38532629463007,
            50.89757443951,
            0.0
          ],
          [
            -0.38484081479834,
            50.897219182737,
            0.0
          ],
          [
            -0.38400128337671,
            50.896830088881,
            0.0
          ],
          [
            -0.38187697383691,
            50.896190614522,
            0.0
          ],
          [
            -0.38140758725927,
            50.896156779652,
            0.0
          ],
          [
            -0.38051441165734,
            50.89623121633,
            0.0
          ],
          [
            -0.3802032754116,
            50.896193998007,
            0.0
          ],
          [
            -0.379733888834,
            50.896034973928,
            0.0
          ],
          [
            -0.37858322116663,
            50.895388721566,
            0.0
          ],
          [
            -0.37761226150324,
            50.894752611004,
            0.0
          ],
          [
            -0.37716165038872,
            50.894302591369,
            0.0
          ],
          [
            -0.37642940732763,
            50.893301028302,
            0.0
          ],
          [
            -0.37557914706995,
            50.891527938171,
            0.0
          ],
          [
            -0.37498101445961,
            50.890966219964,
            0.0
          ],
          [
            -0.37366404983332,
            50.890096558539,
            0.0
          ],
          [
            -0.3735889479809,
            50.89036050419,
            0.0
          ],
          [
            -0.37361040565299,
            50.890485708656,
            0.0
          ],
          [
            -0.37392154189873,
            50.89097637156,
            0.0
          ],
          [
            -0.37406638118555,
            50.891324908276,
            0.0
          ],
          [
            -0.37400737258722,
            50.892566760617,
            0.0
          ],
          [
            -0.3740476057224,
            50.892834075997,
            0.0
          ],
          [
            -0.37384644004632,
            50.893517584306,
            0.0
          ],
          [
            -0.37384107562828,
            50.893893171233,
            0.0
          ],
          [
            -0.3735889479809,
            50.894339811203,
            0.0
          ],
          [
            -0.3733326386,
            50.8948416349,
            0.0
          ],
          [
            -0.37325098964501,
            50.894975927404,
            0.0
          ],
          [
            -0.37328585836217,
            50.895128187969,
            0.0
          ],
          [
            -0.37344410869408,
            50.895290598695,
            0.0
          ],
          [
            -0.3736506387882,
            50.895459775928,
            0.0
          ],
          [
            -0.37437215301325,
            50.895683088939,
            0.0
          ],
          [
            -0.37443652602959,
            50.895831963683,
            0.0
          ],
          [
            -0.37447407695579,
            50.896062041897,
            0.0
          ],
          [
            -0.37443652602959,
            50.896248133739,
            0.0
          ],
          [
            -0.37431582662389,
            50.8964680595,
            0.0
          ],
          [
            -0.37436947080421,
            50.89698911024,
            0.0
          ],
          [
            -0.37467792484095,
            50.897137980811,
            0.0
          ],
          [
            -0.37504538747594,
            50.897273317277,
            0.0
          ],
          [
            -0.37505879852106,
            50.897368052573,
            0.0
          ],
          [
            -0.37493809911536,
            50.897476321242,
            0.0
          ],
          [
            -0.37378206702995,
            50.897628573637,
            0.0
          ],
          [
            -0.37325098964501,
            50.897889093243,
            0.0
          ],
          [
            -0.37313297244835,
            50.898041344286,
            0.0
          ],
          [
            -0.37265285703467,
            50.89917475307,
            0.0
          ],
          [
            -0.3717006728344,
            50.899056338519,
            0.0
          ],
          [
            -0.37094697210119,
            50.899025889012,
            0.0
          ],
          [
            -0.37050977203179,
            50.89896160666,
            0.0
          ],
          [
            -0.36979094001581,
            50.898724776169,
            0.0
          ],
          [
            -0.36892190429497,
            50.898504861064,
            0.0
          ],
          [
            -0.36835864040186,
            50.898437194669,
            0.0
          ],
          [
            -0.36808505508234,
            50.898322161571,
            0.0
          ],
          [
            -0.3676451728039,
            50.89823757823,
            0.0
          ],
          [
            -0.36630406829645,
            50.898125927984,
            0.0
          ],
          [
            -0.36554768535424,
            50.89801427747,
            0.0
          ],
          [
            -0.36533847305108,
            50.897966910505,
            0.0
          ],
          [
            -0.36458477231786,
            50.897902626687,
            0.0
          ],
          [
            -0.3625787819,
            50.8973871901,
            0.0
          ],
          [
            -0.36228611919212,
            50.897330835159,
            0.0
          ],
          [
            -0.36191329213905,
            50.897286850902,
            0.0
          ],
          [
            -0.36046489927098,
            50.897449254098,
            0.0
          ],
          [
            -0.35990431758692,
            50.897439103916,
            0.0
          ],
          [
            -0.35880461189079,
            50.89748985481,
            0.0
          ],
          [
            -0.35859808179664,
            50.897368052571,
            0.0
          ],
          [
            -0.35661056491663,
            50.897280084092,
            0.0
          ],
          [
            -0.35640671703147,
            50.897253016834,
            0.0
          ],
          [
            -0.35588636848261,
            50.897097379794,
            0.0
          ],
          [
            -0.35571470710563,
            50.897097379794,
            0.0
          ],
          [
            -0.35560741874505,
            50.897141364228,
            0.0
          ],
          [
            -0.35541966411402,
            50.897134597394,
            0.0
          ],
          [
            -0.35508707019615,
            50.897066929008,
            0.0
          ],
          [
            -0.35420998784828,
            50.896968809671,
            0.0
          ],
          [
            -0.35351261350439,
            50.896765803493,
            0.0
          ],
          [
            -0.35328462573814,
            50.896501894142,
            0.0
          ],
          [
            -0.35309418889807,
            50.896353021538,
            0.0
          ],
          [
            -0.35258725139429,
            50.896281968539,
            0.0
          ],
          [
            -0.35241559001734,
            50.896227832847,
            0.0
          ],
          [
            -0.35223319980431,
            50.896214298913,
            0.0
          ],
          [
            -0.35174235555458,
            50.89609587683,
            0.0
          ],
          [
            -0.35148754569817,
            50.896160163143,
            0.0
          ],
          [
            -0.35109057876398,
            50.896281968539,
            0.0
          ],
          [
            -0.35097256156732,
            50.896265051142,
            0.0
          ],
          [
            -0.35085454437066,
            50.896173697091,
            0.0
          ],
          [
            -0.35071238729283,
            50.89598760495,
            0.0
          ],
          [
            -0.35038247558404,
            50.895771060436,
            0.0
          ],
          [
            -0.34963145705987,
            50.895507145445,
            0.0
          ],
          [
            -0.34740790578651,
            50.894931940922,
            0.0
          ],
          [
            -0.34561350795557,
            50.894519142714,
            0.0
          ],
          [
            -0.34383520337865,
            50.894052202621,
            0.0
          ],
          [
            -0.34184232208063,
            50.893500665904,
            0.0
          ],
          [
            -0.34044757339287,
            50.892999878441,
            0.0
          ],
          [
            -0.34007742854883,
            50.893131843228,
            0.0
          ],
          [
            -0.33963754627039,
            50.893077703873,
            0.0
          ],
          [
            -0.33732011768152,
            50.89258029561,
            0.0
          ],
          [
            -0.33475860807226,
            50.892109952296,
            0.0
          ],
          [
            -0.33399686071204,
            50.891758037646,
            0.0
          ],
          [
            -0.33366426679418,
            50.891703896695,
            0.0
          ],
          [
            -0.3325880808,
            50.8910942775,
            0.0
          ],
          [
            -0.33195838186071,
            50.890370655914,
            0.0
          ],
          [
            -0.33113226148412,
            50.889984888773,
            0.0
          ],
          [
            -0.33055558654596,
            50.889609270331,
            0.0
          ],
          [
            -0.32968386861609,
            50.888780191869,
            0.0
          ],
          [
            -0.32913669797706,
            50.88827258553,
            0.0
          ],
          [
            -0.3287102267437,
            50.888066157372,
            0.0
          ],
          [
            -0.32847151014135,
            50.888001859888,
            0.0
          ]
        ]
      }
    },
    {
      "type": "Feature",
      "id": 15,
      "properties": {
        "name": "Section 16a",
        "layer": "Alternative Sections",
        "description": "Edburton Hill to Fulking via SDW",
        "style_url": "#line-1A237E-5263",
        "vertex_count": 37,
        "length_km_geodesic": 1.874
      },
      "geometry": {
        "type": "LineString",
        "coordinates": [
          [
            -0.249747,
            50.885322,
            0.0
          ],
          [
            -0.24957,
            50.885606,
            0.0
          ],
          [
            -0.249216,
            50.885941,
            0.0
          ],
          [
            -0.248079,
            50.886144,
            0.0
          ],
          [
            -0.247226,
            50.885897,
            0.0
          ],
          [
            -0.246834,
            50.885701,
            0.0
          ],
          [
            -0.246528,
            50.885554,
            0.0
          ],
          [
            -0.246324,
            50.885471,
            0.0
          ],
          [
            -0.245697,
            50.885268,
            0.0
          ],
          [
            -0.245321,
            50.885207,
            0.0
          ],
          [
            -0.243894,
            50.885173,
            0.0
          ],
          [
            -0.243331,
            50.885122,
            0.0
          ],
          [
            -0.242328,
            50.885048,
            0.0
          ],
          [
            -0.24169,
            50.885094,
            0.0
          ],
          [
            -0.240971,
            50.885114,
            0.0
          ],
          [
            -0.240145,
            50.885012,
            0.0
          ],
          [
            -0.239505,
            50.884936,
            0.0
          ],
          [
            -0.238402,
            50.885179,
            0.0
          ],
          [
            -0.237205,
            50.88464,
            0.0
          ],
          [
            -0.236116,
            50.884398,
            0.0
          ],
          [
            -0.235971,
            50.884368,
            0.0
          ],
          [
            -0.235413,
            50.884527,
            0.0
          ],
          [
            -0.234814,
            50.88464,
            0.0
          ],
          [
            -0.234045,
            50.884726,
            0.0
          ],
          [
            -0.232843,
            50.884696,
            0.0
          ],
          [
            -0.230612,
            50.884418,
            0.0
          ],
          [
            -0.230344,
            50.884439,
            0.0
          ],
          [
            -0.229813,
            50.884405,
            0.0
          ],
          [
            -0.229212,
            50.884368,
            0.0
          ],
          [
            -0.229088,
            50.884537,
            0.0
          ],
          [
            -0.228686,
            50.884655,
            0.0
          ],
          [
            -0.228337,
            50.884781,
            0.0
          ],
          [
            -0.227533,
            50.884946,
            0.0
          ],
          [
            -0.226948,
            50.884977,
            0.0
          ],
          [
            -0.226374,
            50.885112,
            0.0
          ],
          [
            -0.225945,
            50.885271,
            0.0
          ],
          [
            -0.22536,
            50.885667,
            0.0
          ]
        ]
      }
    },
    {
      "type": "Feature",
      "id": 16,
      "properties": {
        "name": "Section 17a",
        "layer": "Alternative Sections",
        "description": "Pyecombe to Chattri",
        "style_url": "#line-1A237E-5263",
        "vertex_count": 43,
        "length_km_geodesic": 4.709
      },
      "geometry": {
        "type": "LineString",
        "coordinates": [
          [
            -0.144799,
            50.900416,
            0.0
          ],
          [
            -0.144596,
            50.89999,
            0.0
          ],
          [
            -0.143437,
            50.899117,
            0.0
          ],
          [
            -0.141827,
            50.898143,
            0.0
          ],
          [
            -0.141237,
            50.897906,
            0.0
          ],
          [
            -0.140958,
            50.897777,
            0.0
          ],
          [
            -0.140755,
            50.897588,
            0.0
          ],
          [
            -0.140776,
            50.897453,
            0.0
          ],
          [
            -0.141409,
            50.896762,
            0.0
          ],
          [
            -0.14246,
            50.895605,
            0.0
          ],
          [
            -0.142385,
            50.895253,
            0.0
          ],
          [
            -0.142589,
            50.894177,
            0.0
          ],
          [
            -0.142557,
            50.893629,
            0.0
          ],
          [
            -0.140626,
            50.893257,
            0.0
          ],
          [
            -0.139939,
            50.893115,
            0.0
          ],
          [
            -0.140991,
            50.89147,
            0.0
          ],
          [
            -0.139789,
            50.890489,
            0.0
          ],
          [
            -0.140454,
            50.889751,
            0.0
          ],
          [
            -0.141151,
            50.888857,
            0.0
          ],
          [
            -0.141913,
            50.888323,
            0.0
          ],
          [
            -0.143319,
            50.887559,
            0.0
          ],
          [
            -0.144284,
            50.887098,
            0.0
          ],
          [
            -0.145901,
            50.886287,
            0.0
          ],
          [
            -0.14756,
            50.885121,
            0.0
          ],
          [
            -0.148329,
            50.884486,
            0.0
          ],
          [
            -0.147879,
            50.88431,
            0.0
          ],
          [
            -0.147578,
            50.884012,
            0.0
          ],
          [
            -0.147095,
            50.884154,
            0.0
          ],
          [
            -0.147567,
            50.884032,
            0.0
          ],
          [
            -0.147782,
            50.884256,
            0.0
          ],
          [
            -0.148308,
            50.884486,
            0.0
          ],
          [
            -0.14702,
            50.88544,
            0.0
          ],
          [
            -0.145482,
            50.886505,
            0.0
          ],
          [
            -0.14205,
            50.888249,
            0.0
          ],
          [
            -0.141066,
            50.888939,
            0.0
          ],
          [
            -0.139982,
            50.89032,
            0.0
          ],
          [
            -0.139627,
            50.890718,
            0.0
          ],
          [
            -0.138051,
            50.892621,
            0.0
          ],
          [
            -0.13583,
            50.895348,
            0.0
          ],
          [
            -0.134478,
            50.896241,
            0.0
          ],
          [
            -0.133266,
            50.89821,
            0.0
          ],
          [
            -0.132526,
            50.899273,
            0.0
          ],
          [
            -0.131957,
            50.900389,
            0.0
          ]
        ]
      }
    },
    {
      "type": "Feature",
      "id": 17,
      "properties": {
        "name": "Section 19a ",
        "layer": "Alternative Sections",
        "description": "Glynde to Firle direct",
        "style_url": "#line-1A237E-5263",
        "vertex_count": 11,
        "length_km_geodesic": 0.912
      },
      "geometry": {
        "type": "LineString",
        "coordinates": [
          [
            0.069671,
            50.858296,
            0.0
          ],
          [
            0.069511,
            50.857732,
            0.0
          ],
          [
            0.069329,
            50.856697,
            0.0
          ],
          [
            0.069338,
            50.856264,
            0.0
          ],
          [
            0.069789,
            50.855174,
            0.0
          ],
          [
            0.069653,
            50.854771,
            0.0
          ],
          [
            0.069774,
            50.853195,
            0.0
          ],
          [
            0.069574,
            50.853129,
            0.0
          ],
          [
            0.069574,
            50.852864,
            0.0
          ],
          [
            0.069434,
            50.851697,
            0.0
          ],
          [
            0.069177,
            50.85025,
            0.0
          ]
        ]
      }
    },
    {
      "type": "Feature",
      "id": 18,
      "properties": {
        "name": "Section 22a",
        "layer": "Alternative Sections",
        "description": "Wilmington to Jevington (via Seven Sisters)",
        "style_url": "#line-1A237E-5263",
        "vertex_count": 325,
        "length_km_geodesic": 27.934
      },
      "geometry": {
        "type": "LineString",
        "coordinates": [
          [
            0.190928,
            50.81747,
            0.0
          ],
          [
            0.190252,
            50.817934,
            0.0
          ],
          [
            0.190221,
            50.817973,
            0.0
          ],
          [
            0.190158,
            50.818037,
            0.0
          ],
          [
            0.189632,
            50.818193,
            0.0
          ],
          [
            0.189031,
            50.818346,
            0.0
          ],
          [
            0.188672,
            50.818339,
            0.0
          ],
          [
            0.187663,
            50.818112,
            0.0
          ],
          [
            0.186708,
            50.817841,
            0.0
          ],
          [
            0.186081,
            50.817773,
            0.0
          ],
          [
            0.185791,
            50.817722,
            0.0
          ],
          [
            0.185453,
            50.817692,
            0.0
          ],
          [
            0.184879,
            50.817597,
            0.0
          ],
          [
            0.180223,
            50.816933,
            0.0
          ],
          [
            0.179719,
            50.816868,
            0.0
          ],
          [
            0.179252,
            50.81678,
            0.0
          ],
          [
            0.178404,
            50.816648,
            0.0
          ],
          [
            0.178125,
            50.816617,
            0.0
          ],
          [
            0.17768,
            50.816539,
            0.0
          ],
          [
            0.177289,
            50.816519,
            0.0
          ],
          [
            0.177069,
            50.816441,
            0.0
          ],
          [
            0.176114,
            50.816262,
            0.0
          ],
          [
            0.175411,
            50.816156,
            0.0
          ],
          [
            0.174596,
            50.815987,
            0.0
          ],
          [
            0.17422,
            50.815804,
            0.0
          ],
          [
            0.173694,
            50.815628,
            0.0
          ],
          [
            0.173126,
            50.815316,
            0.0
          ],
          [
            0.172455,
            50.815072,
            0.0
          ],
          [
            0.167606,
            50.813736,
            0.0
          ],
          [
            0.167134,
            50.813836,
            0.0
          ],
          [
            0.165728,
            50.812696,
            0.0
          ],
          [
            0.165433,
            50.812642,
            0.0
          ],
          [
            0.16406,
            50.81214,
            0.0
          ],
          [
            0.162687,
            50.811679,
            0.0
          ],
          [
            0.162349,
            50.811098,
            0.0
          ],
          [
            0.162177,
            50.810943,
            0.0
          ],
          [
            0.161383,
            50.810488,
            0.0
          ],
          [
            0.161142,
            50.810269,
            0.0
          ],
          [
            0.160584,
            50.809655,
            0.0
          ],
          [
            0.159409,
            50.808332,
            0.0
          ],
          [
            0.159259,
            50.808106,
            0.0
          ],
          [
            0.159173,
            50.807764,
            0.0
          ],
          [
            0.159208,
            50.807562,
            0.0
          ],
          [
            0.159331,
            50.807393,
            0.0
          ],
          [
            0.159637,
            50.807115,
            0.0
          ],
          [
            0.159742,
            50.806869,
            0.0
          ],
          [
            0.159763,
            50.806649,
            0.0
          ],
          [
            0.15965,
            50.806408,
            0.0
          ],
          [
            0.159495,
            50.806228,
            0.0
          ],
          [
            0.15921,
            50.805784,
            0.0
          ],
          [
            0.159015,
            50.805582,
            0.0
          ],
          [
            0.158921,
            50.805523,
            0.0
          ],
          [
            0.158607,
            50.805454,
            0.0
          ],
          [
            0.157813,
            50.805393,
            0.0
          ],
          [
            0.157384,
            50.80525,
            0.0
          ],
          [
            0.156472,
            50.804525,
            0.0
          ],
          [
            0.156158,
            50.804187,
            0.0
          ],
          [
            0.155921,
            50.803876,
            0.0
          ],
          [
            0.15553,
            50.803411,
            0.0
          ],
          [
            0.155152,
            50.802789,
            0.0
          ],
          [
            0.154594,
            50.80186,
            0.0
          ],
          [
            0.153707,
            50.800682,
            0.0
          ],
          [
            0.153707,
            50.800526,
            0.0
          ],
          [
            0.153768,
            50.800314,
            0.0
          ],
          [
            0.154122,
            50.800009,
            0.0
          ],
          [
            0.155045,
            50.799575,
            0.0
          ],
          [
            0.155828,
            50.799371,
            0.0
          ],
          [
            0.156626,
            50.799055,
            0.0
          ],
          [
            0.15688,
            50.798693,
            0.0
          ],
          [
            0.157022,
            50.798363,
            0.0
          ],
          [
            0.157008,
            50.797981,
            0.0
          ],
          [
            0.156711,
            50.797505,
            0.0
          ],
          [
            0.15677,
            50.797373,
            0.0
          ],
          [
            0.156998,
            50.797195,
            0.0
          ],
          [
            0.157188,
            50.797081,
            0.0
          ],
          [
            0.158167,
            50.796781,
            0.0
          ],
          [
            0.15851,
            50.796611,
            0.0
          ],
          [
            0.158513,
            50.796525,
            0.0
          ],
          [
            0.15836,
            50.796354,
            0.0
          ],
          [
            0.157856,
            50.795914,
            0.0
          ],
          [
            0.157738,
            50.795452,
            0.0
          ],
          [
            0.157738,
            50.795099,
            0.0
          ],
          [
            0.157494,
            50.79405,
            0.0
          ],
          [
            0.15736,
            50.793812,
            0.0
          ],
          [
            0.156861,
            50.793612,
            0.0
          ],
          [
            0.155155,
            50.793151,
            0.0
          ],
          [
            0.154994,
            50.793015,
            0.0
          ],
          [
            0.154919,
            50.792273,
            0.0
          ],
          [
            0.154731,
            50.791866,
            0.0
          ],
          [
            0.153975,
            50.791615,
            0.0
          ],
          [
            0.153106,
            50.791442,
            0.0
          ],
          [
            0.152553,
            50.791411,
            0.0
          ],
          [
            0.151083,
            50.791856,
            0.0
          ],
          [
            0.15074,
            50.791896,
            0.0
          ],
          [
            0.150483,
            50.791988,
            0.0
          ],
          [
            0.149453,
            50.791893,
            0.0
          ],
          [
            0.14772,
            50.791401,
            0.0
          ],
          [
            0.14632,
            50.790862,
            0.0
          ],
          [
            0.145767,
            50.790618,
            0.0
          ],
          [
            0.145086,
            50.790469,
            0.0
          ],
          [
            0.144549,
            50.790143,
            0.0
          ],
          [
            0.144539,
            50.789957,
            0.0
          ],
          [
            0.144646,
            50.789733,
            0.0
          ],
          [
            0.144759,
            50.789642,
            0.0
          ],
          [
            0.14595,
            50.789041,
            0.0
          ],
          [
            0.14654,
            50.788729,
            0.0
          ],
          [
            0.1475,
            50.788051,
            0.0
          ],
          [
            0.147674,
            50.787754,
            0.0
          ],
          [
            0.147645,
            50.787464,
            0.0
          ],
          [
            0.147221,
            50.787016,
            0.0
          ],
          [
            0.147141,
            50.786555,
            0.0
          ],
          [
            0.147843,
            50.785951,
            0.0
          ],
          [
            0.148036,
            50.785697,
            0.0
          ],
          [
            0.148063,
            50.785344,
            0.0
          ],
          [
            0.146974,
            50.78429,
            0.0
          ],
          [
            0.146282,
            50.783723,
            0.0
          ],
          [
            0.145499,
            50.782767,
            0.0
          ],
          [
            0.145113,
            50.782183,
            0.0
          ],
          [
            0.144276,
            50.781366,
            0.0
          ],
          [
            0.143224,
            50.779911,
            0.0
          ],
          [
            0.142168,
            50.7789,
            0.0
          ],
          [
            0.142178,
            50.778598,
            0.0
          ],
          [
            0.142704,
            50.778469,
            0.0
          ],
          [
            0.143133,
            50.778245,
            0.0
          ],
          [
            0.143149,
            50.777737,
            0.0
          ],
          [
            0.142468,
            50.777523,
            0.0
          ],
          [
            0.142248,
            50.777306,
            0.0
          ],
          [
            0.142125,
            50.777004,
            0.0
          ],
          [
            0.142307,
            50.776654,
            0.0
          ],
          [
            0.144126,
            50.775263,
            0.0
          ],
          [
            0.144968,
            50.774884,
            0.0
          ],
          [
            0.146229,
            50.774059,
            0.0
          ],
          [
            0.146357,
            50.773846,
            0.0
          ],
          [
            0.146321,
            50.773769,
            0.0
          ],
          [
            0.146546,
            50.773332,
            0.0
          ],
          [
            0.148557,
            50.769815,
            0.0
          ],
          [
            0.149732,
            50.767854,
            0.0
          ],
          [
            0.150584,
            50.765909,
            0.0
          ],
          [
            0.149837,
            50.764259,
            0.0
          ],
          [
            0.148986,
            50.76257,
            0.0
          ],
          [
            0.148546,
            50.761443,
            0.0
          ],
          [
            0.148567,
            50.761131,
            0.0
          ],
          [
            0.149501,
            50.760167,
            0.0
          ],
          [
            0.150145,
            50.759747,
            0.0
          ],
          [
            0.152087,
            50.759271,
            0.0
          ],
          [
            0.152966,
            50.759081,
            0.0
          ],
          [
            0.154533,
            50.758579,
            0.0
          ],
          [
            0.155541,
            50.758491,
            0.0
          ],
          [
            0.15567,
            50.758457,
            0.0
          ],
          [
            0.156035,
            50.757887,
            0.0
          ],
          [
            0.156185,
            50.757534,
            0.0
          ],
          [
            0.157397,
            50.75714,
            0.0
          ],
          [
            0.158309,
            50.756468,
            0.0
          ],
          [
            0.159232,
            50.756448,
            0.0
          ],
          [
            0.160316,
            50.756095,
            0.0
          ],
          [
            0.160519,
            50.755966,
            0.0
          ],
          [
            0.162579,
            50.755294,
            0.0
          ],
          [
            0.16406,
            50.754901,
            0.0
          ],
          [
            0.166338,
            50.754367,
            0.0
          ],
          [
            0.168276,
            50.753835,
            0.0
          ],
          [
            0.169381,
            50.75336,
            0.0
          ],
          [
            0.173136,
            50.752396,
            0.0
          ],
          [
            0.174746,
            50.751887,
            0.0
          ],
          [
            0.176119,
            50.751371,
            0.0
          ],
          [
            0.178029,
            50.750774,
            0.0
          ],
          [
            0.178962,
            50.750319,
            0.0
          ],
          [
            0.180604,
            50.749905,
            0.0
          ],
          [
            0.182256,
            50.749816,
            0.0
          ],
          [
            0.184595,
            50.749307,
            0.0
          ],
          [
            0.186118,
            50.749212,
            0.0
          ],
          [
            0.187127,
            50.748995,
            0.0
          ],
          [
            0.187663,
            50.748656,
            0.0
          ],
          [
            0.18982,
            50.748004,
            0.0
          ],
          [
            0.191107,
            50.747773,
            0.0
          ],
          [
            0.193167,
            50.74685,
            0.0
          ],
          [
            0.194624,
            50.746013,
            0.0
          ],
          [
            0.1963,
            50.745635,
            0.0
          ],
          [
            0.198768,
            50.745329,
            0.0
          ],
          [
            0.198929,
            50.745003,
            0.0
          ],
          [
            0.201664,
            50.743496,
            0.0
          ],
          [
            0.20219,
            50.743035,
            0.0
          ],
          [
            0.201922,
            50.742973,
            0.0
          ],
          [
            0.201235,
            50.742872,
            0.0
          ],
          [
            0.201943,
            50.742912,
            0.0
          ],
          [
            0.202051,
            50.742763,
            0.0
          ],
          [
            0.202587,
            50.741806,
            0.0
          ],
          [
            0.203574,
            50.741106,
            0.0
          ],
          [
            0.204937,
            50.740427,
            0.0
          ],
          [
            0.207801,
            50.739443,
            0.0
          ],
          [
            0.209904,
            50.739144,
            0.0
          ],
          [
            0.213627,
            50.738519,
            0.0
          ],
          [
            0.214346,
            50.738662,
            0.0
          ],
          [
            0.215494,
            50.73839,
            0.0
          ],
          [
            0.216266,
            50.737854,
            0.0
          ],
          [
            0.218863,
            50.737202,
            0.0
          ],
          [
            0.221448,
            50.737032,
            0.0
          ],
          [
            0.222435,
            50.737055,
            0.0
          ],
          [
            0.223605,
            50.737039,
            0.0
          ],
          [
            0.228004,
            50.73653,
            0.0
          ],
          [
            0.231115,
            50.736279,
            0.0
          ],
          [
            0.234924,
            50.735803,
            0.0
          ],
          [
            0.237552,
            50.73562,
            0.0
          ],
          [
            0.238657,
            50.73562,
            0.0
          ],
          [
            0.240707,
            50.735817,
            0.0
          ],
          [
            0.242445,
            50.736211,
            0.0
          ],
          [
            0.243421,
            50.736347,
            0.0
          ],
          [
            0.244344,
            50.736863,
            0.0
          ],
          [
            0.245213,
            50.737189,
            0.0
          ],
          [
            0.247026,
            50.737684,
            0.0
          ],
          [
            0.248131,
            50.737908,
            0.0
          ],
          [
            0.249247,
            50.738309,
            0.0
          ],
          [
            0.249966,
            50.738499,
            0.0
          ],
          [
            0.250803,
            50.738968,
            0.0
          ],
          [
            0.251596,
            50.739103,
            0.0
          ],
          [
            0.252187,
            50.739063,
            0.0
          ],
          [
            0.252637,
            50.738879,
            0.0
          ],
          [
            0.253023,
            50.738873,
            0.0
          ],
          [
            0.253345,
            50.738995,
            0.0
          ],
          [
            0.253603,
            50.739205,
            0.0
          ],
          [
            0.25533,
            50.739063,
            0.0
          ],
          [
            0.257497,
            50.738574,
            0.0
          ],
          [
            0.258377,
            50.738859,
            0.0
          ],
          [
            0.260437,
            50.740808,
            0.0
          ],
          [
            0.261145,
            50.741337,
            0.0
          ],
          [
            0.262486,
            50.742892,
            0.0
          ],
          [
            0.264171,
            50.744983,
            0.0
          ],
          [
            0.264643,
            50.745655,
            0.0
          ],
          [
            0.264814,
            50.746246,
            0.0
          ],
          [
            0.265093,
            50.746585,
            0.0
          ],
          [
            0.265297,
            50.747271,
            0.0
          ],
          [
            0.265662,
            50.747617,
            0.0
          ],
          [
            0.266284,
            50.749314,
            0.0
          ],
          [
            0.266252,
            50.749884,
            0.0
          ],
          [
            0.267003,
            50.750521,
            0.0
          ],
          [
            0.267325,
            50.750775,
            0.0
          ],
          [
            0.267303,
            50.750989,
            0.0
          ],
          [
            0.267094,
            50.751556,
            0.0
          ],
          [
            0.267094,
            50.751855,
            0.0
          ],
          [
            0.268494,
            50.75252,
            0.0
          ],
          [
            0.269283,
            50.750952,
            0.0
          ],
          [
            0.269235,
            50.750741,
            0.0
          ],
          [
            0.269031,
            50.750517,
            0.0
          ],
          [
            0.26887,
            50.750188,
            0.0
          ],
          [
            0.269122,
            50.75011,
            0.0
          ],
          [
            0.269202,
            50.750256,
            0.0
          ],
          [
            0.269122,
            50.7501,
            0.0
          ],
          [
            0.268859,
            50.750202,
            0.0
          ],
          [
            0.269079,
            50.750592,
            0.0
          ],
          [
            0.269251,
            50.750782,
            0.0
          ],
          [
            0.269278,
            50.750942,
            0.0
          ],
          [
            0.269127,
            50.751166,
            0.0
          ],
          [
            0.268532,
            50.752537,
            0.0
          ],
          [
            0.267126,
            50.751861,
            0.0
          ],
          [
            0.266783,
            50.752065,
            0.0
          ],
          [
            0.266461,
            50.752184,
            0.0
          ],
          [
            0.266397,
            50.752309,
            0.0
          ],
          [
            0.2663,
            50.752398,
            0.0
          ],
          [
            0.266096,
            50.752425,
            0.0
          ],
          [
            0.26593,
            50.752418,
            0.0
          ],
          [
            0.265737,
            50.75234,
            0.0
          ],
          [
            0.265598,
            50.752248,
            0.0
          ],
          [
            0.26534,
            50.752011,
            0.0
          ],
          [
            0.264889,
            50.751681,
            0.0
          ],
          [
            0.264278,
            50.751447,
            0.0
          ],
          [
            0.263489,
            50.75125,
            0.0
          ],
          [
            0.261352,
            50.750568,
            0.0
          ],
          [
            0.260268,
            50.75031,
            0.0
          ],
          [
            0.25868,
            50.750039,
            0.0
          ],
          [
            0.25839,
            50.750079,
            0.0
          ],
          [
            0.25824,
            50.750154,
            0.0
          ],
          [
            0.258176,
            50.750419,
            0.0
          ],
          [
            0.256671,
            50.751885,
            0.0
          ],
          [
            0.256255,
            50.752272,
            0.0
          ],
          [
            0.255746,
            50.752577,
            0.0
          ],
          [
            0.255504,
            50.752815,
            0.0
          ],
          [
            0.255032,
            50.753731,
            0.0
          ],
          [
            0.254711,
            50.754118,
            0.0
          ],
          [
            0.25397,
            50.754648,
            0.0
          ],
          [
            0.253294,
            50.755014,
            0.0
          ],
          [
            0.253123,
            50.75517,
            0.0
          ],
          [
            0.253208,
            50.755394,
            0.0
          ],
          [
            0.252661,
            50.755632,
            0.0
          ],
          [
            0.251964,
            50.756609,
            0.0
          ],
          [
            0.251159,
            50.757716,
            0.0
          ],
          [
            0.250827,
            50.759521,
            0.0
          ],
          [
            0.250848,
            50.759847,
            0.0
          ],
          [
            0.250912,
            50.760064,
            0.0
          ],
          [
            0.251374,
            50.760681,
            0.0
          ],
          [
            0.251368,
            50.760831,
            0.0
          ],
          [
            0.250859,
            50.761306,
            0.0
          ],
          [
            0.249979,
            50.762188,
            0.0
          ],
          [
            0.249217,
            50.762582,
            0.0
          ],
          [
            0.248321,
            50.763165,
            0.0
          ],
          [
            0.247769,
            50.763776,
            0.0
          ],
          [
            0.247222,
            50.764387,
            0.0
          ],
          [
            0.246245,
            50.765025,
            0.0
          ],
          [
            0.246299,
            50.76516,
            0.0
          ],
          [
            0.246551,
            50.765337,
            0.0
          ],
          [
            0.246771,
            50.765506,
            0.0
          ],
          [
            0.246723,
            50.765649,
            0.0
          ],
          [
            0.244684,
            50.771213,
            0.0
          ],
          [
            0.244513,
            50.773194,
            0.0
          ],
          [
            0.243413,
            50.776213,
            0.0
          ],
          [
            0.242598,
            50.777848,
            0.0
          ],
          [
            0.240806,
            50.782088,
            0.0
          ],
          [
            0.239604,
            50.784259,
            0.0
          ],
          [
            0.238381,
            50.785182,
            0.0
          ],
          [
            0.23557,
            50.786375,
            0.0
          ],
          [
            0.233736,
            50.787603,
            0.0
          ],
          [
            0.23247,
            50.788234,
            0.0
          ],
          [
            0.230474,
            50.788695,
            0.0
          ],
          [
            0.228242,
            50.788946,
            0.0
          ],
          [
            0.227094,
            50.788892,
            0.0
          ],
          [
            0.225914,
            50.788783,
            0.0
          ],
          [
            0.224627,
            50.78858,
            0.0
          ],
          [
            0.222996,
            50.788431,
            0.0
          ],
          [
            0.220925,
            50.788593,
            0.0
          ],
          [
            0.219584,
            50.788743,
            0.0
          ],
          [
            0.218372,
            50.789075,
            0.0
          ],
          [
            0.217127,
            50.789868,
            0.0
          ],
          [
            0.216559,
            50.790201,
            0.0
          ],
          [
            0.215615,
            50.790547,
            0.0
          ],
          [
            0.215679,
            50.791021,
            0.0
          ],
          [
            0.214349,
            50.791449,
            0.0
          ],
          [
            0.213844,
            50.79193,
            0.0
          ]
        ]
      }
    },
    {
      "type": "Feature",
      "id": 19,
      "properties": {
        "name": "Section 24a",
        "layer": "Alternative Sections",
        "description": "Brownbread Street to Ashburnham",
        "style_url": "#line-1A237E-5263",
        "vertex_count": 28,
        "length_km_geodesic": 3.182
      },
      "geometry": {
        "type": "LineString",
        "coordinates": [
          [
            0.382084,
            50.905956,
            0.0
          ],
          [
            0.384262,
            50.905239,
            0.0
          ],
          [
            0.385152,
            50.905348,
            0.0
          ],
          [
            0.387534,
            50.905097,
            0.0
          ],
          [
            0.389384,
            50.90451,
            0.0
          ],
          [
            0.391264,
            50.903849,
            0.0
          ],
          [
            0.392737,
            50.903766,
            0.0
          ],
          [
            0.394497,
            50.904725,
            0.0
          ],
          [
            0.396176,
            50.905217,
            0.0
          ],
          [
            0.398327,
            50.906626,
            0.0
          ],
          [
            0.398735,
            50.906619,
            0.0
          ],
          [
            0.400054,
            50.905605,
            0.0
          ],
          [
            0.400473,
            50.905611,
            0.0
          ],
          [
            0.401507,
            50.905712,
            0.0
          ],
          [
            0.400505,
            50.905625,
            0.0
          ],
          [
            0.400076,
            50.905605,
            0.0
          ],
          [
            0.398778,
            50.906586,
            0.0
          ],
          [
            0.398348,
            50.906626,
            0.0
          ],
          [
            0.396192,
            50.905212,
            0.0
          ],
          [
            0.394465,
            50.904691,
            0.0
          ],
          [
            0.392769,
            50.903778,
            0.0
          ],
          [
            0.391267,
            50.903825,
            0.0
          ],
          [
            0.389562,
            50.904434,
            0.0
          ],
          [
            0.387717,
            50.905064,
            0.0
          ],
          [
            0.385098,
            50.905375,
            0.0
          ],
          [
            0.384251,
            50.905239,
            0.0
          ],
          [
            0.383156,
            50.905551,
            0.0
          ],
          [
            0.382084,
            50.905902,
            0.0
          ]
        ]
      }
    },
    {
      "type": "Feature",
      "id": 20,
      "properties": {
        "name": "Section 28b",
        "layer": "Alternative Sections",
        "description": "Wickham Manor",
        "style_url": "#line-1A237E-5263",
        "vertex_count": 11,
        "length_km_geodesic": 1.475
      },
      "geometry": {
        "type": "LineString",
        "coordinates": [
          [
            0.6869539335,
            50.91249595,
            0.0
          ],
          [
            0.6899886409,
            50.912944245,
            0.0
          ],
          [
            0.69201601,
            50.9130007716,
            0.0
          ],
          [
            0.6930740292,
            50.9133220804,
            0.0
          ],
          [
            0.6947302012,
            50.9149960847,
            0.0
          ],
          [
            0.6989102131,
            50.9158498943,
            0.0
          ],
          [
            0.7004954024,
            50.9162972057,
            0.0
          ],
          [
            0.7023648482,
            50.9169281369,
            0.0
          ],
          [
            0.7034250326,
            50.9172839021,
            0.0
          ],
          [
            0.7035688387,
            50.9169345406,
            0.0
          ],
          [
            0.7027273913,
            50.9161065643,
            0.0
          ]
        ]
      }
    },
    {
      "type": "Feature",
      "id": 21,
      "properties": {
        "name": "Section 29a",
        "layer": "Alternative Sections",
        "description": "Fairfield to Appledore",
        "style_url": "#line-1A237E-5263",
        "vertex_count": 69,
        "length_km_geodesic": 7.848
      },
      "geometry": {
        "type": "LineString",
        "coordinates": [
          [
            0.76269,
            50.992952,
            0.0
          ],
          [
            0.764238,
            50.994558,
            0.0
          ],
          [
            0.765131,
            50.995668,
            0.0
          ],
          [
            0.765239,
            50.996141,
            0.0
          ],
          [
            0.765823,
            50.996786,
            0.0
          ],
          [
            0.768959,
            51.000189,
            0.0
          ],
          [
            0.769208,
            51.000807,
            0.0
          ],
          [
            0.772855,
            51.004853,
            0.0
          ],
          [
            0.773435,
            51.004729,
            0.0
          ],
          [
            0.78035,
            51.003704,
            0.0
          ],
          [
            0.78088,
            51.003397,
            0.0
          ],
          [
            0.785741,
            51.003107,
            0.0
          ],
          [
            0.788645,
            51.001722,
            0.0
          ],
          [
            0.789509,
            51.001511,
            0.0
          ],
          [
            0.790171,
            51.001581,
            0.0
          ],
          [
            0.790344,
            51.001745,
            0.0
          ],
          [
            0.791181,
            51.002204,
            0.0
          ],
          [
            0.792372,
            51.002819,
            0.0
          ],
          [
            0.794217,
            51.003683,
            0.0
          ],
          [
            0.796041,
            51.004567,
            0.0
          ],
          [
            0.797543,
            51.00531,
            0.0
          ],
          [
            0.799496,
            51.003968,
            0.0
          ],
          [
            0.800837,
            51.004554,
            0.0
          ],
          [
            0.801835,
            51.004324,
            0.0
          ],
          [
            0.801717,
            51.004101,
            0.0
          ],
          [
            0.802039,
            51.004101,
            0.0
          ],
          [
            0.80191,
            51.004317,
            0.0
          ],
          [
            0.800869,
            51.004547,
            0.0
          ],
          [
            0.799496,
            51.003968,
            0.0
          ],
          [
            0.797661,
            51.005249,
            0.0
          ],
          [
            0.796234,
            51.006106,
            0.0
          ],
          [
            0.795269,
            51.006579,
            0.0
          ],
          [
            0.793337,
            51.009327,
            0.0
          ],
          [
            0.793219,
            51.009718,
            0.0
          ],
          [
            0.7947,
            51.010555,
            0.0
          ],
          [
            0.795934,
            51.011358,
            0.0
          ],
          [
            0.796159,
            51.011811,
            0.0
          ],
          [
            0.795033,
            51.013923,
            0.0
          ],
          [
            0.794679,
            51.014274,
            0.0
          ],
          [
            0.794331,
            51.014664,
            0.0
          ],
          [
            0.794121,
            51.016117,
            0.0
          ],
          [
            0.793863,
            51.017157,
            0.0
          ],
          [
            0.794925,
            51.018257,
            0.0
          ],
          [
            0.795601,
            51.01904,
            0.0
          ],
          [
            0.79603,
            51.019377,
            0.0
          ],
          [
            0.796449,
            51.019539,
            0.0
          ],
          [
            0.797039,
            51.019667,
            0.0
          ],
          [
            0.797264,
            51.019789,
            0.0
          ],
          [
            0.797168,
            51.020106,
            0.0
          ],
          [
            0.796567,
            51.021361,
            0.0
          ],
          [
            0.796148,
            51.02261,
            0.0
          ],
          [
            0.796202,
            51.023082,
            0.0
          ],
          [
            0.796964,
            51.02456,
            0.0
          ],
          [
            0.797028,
            51.025026,
            0.0
          ],
          [
            0.796942,
            51.025397,
            0.0
          ],
          [
            0.79662,
            51.02564,
            0.0
          ],
          [
            0.796095,
            51.025754,
            0.0
          ],
          [
            0.794206,
            51.02566,
            0.0
          ],
          [
            0.793166,
            51.025707,
            0.0
          ],
          [
            0.790945,
            51.026031,
            0.0
          ],
          [
            0.788842,
            51.026672,
            0.0
          ],
          [
            0.78862,
            51.026808,
            0.0
          ],
          [
            0.788724,
            51.026983,
            0.0
          ],
          [
            0.789883,
            51.027354,
            0.0
          ],
          [
            0.790119,
            51.027549,
            0.0
          ],
          [
            0.790366,
            51.0279,
            0.0
          ],
          [
            0.790752,
            51.028285,
            0.0
          ],
          [
            0.790268,
            51.028671,
            0.0
          ],
          [
            0.789947,
            51.029007,
            0.0
          ]
        ]
      }
    },
    {
      "type": "Feature",
      "id": 22,
      "properties": {
        "name": "Section 32b",
        "layer": "Alternative Sections",
        "description": "Pedlinge to Saltwood",
        "style_url": "#line-1A237E-5263",
        "vertex_count": 40,
        "length_km_geodesic": 1.794
      },
      "geometry": {
        "type": "LineString",
        "coordinates": [
          [
            1.053459,
            51.080768,
            0.0
          ],
          [
            1.053722,
            51.080815,
            0.0
          ],
          [
            1.053877,
            51.080863,
            0.0
          ],
          [
            1.05414,
            51.080981,
            0.0
          ],
          [
            1.054382,
            51.081048,
            0.0
          ],
          [
            1.054703,
            51.080991,
            0.0
          ],
          [
            1.055213,
            51.080812,
            0.0
          ],
          [
            1.056399,
            51.080522,
            0.0
          ],
          [
            1.057166,
            51.080391,
            0.0
          ],
          [
            1.058303,
            51.08005,
            0.0
          ],
          [
            1.058818,
            51.079734,
            0.0
          ],
          [
            1.058893,
            51.079717,
            0.0
          ],
          [
            1.059113,
            51.079804,
            0.0
          ],
          [
            1.060502,
            51.080054,
            0.0
          ],
          [
            1.06172,
            51.080246,
            0.0
          ],
          [
            1.061919,
            51.080266,
            0.0
          ],
          [
            1.062037,
            51.080219,
            0.0
          ],
          [
            1.062525,
            51.080246,
            0.0
          ],
          [
            1.062841,
            51.080293,
            0.0
          ],
          [
            1.063067,
            51.080334,
            0.0
          ],
          [
            1.063619,
            51.08035,
            0.0
          ],
          [
            1.063946,
            51.080286,
            0.0
          ],
          [
            1.06429,
            51.080283,
            0.0
          ],
          [
            1.066586,
            51.080088,
            0.0
          ],
          [
            1.066816,
            51.080111,
            0.0
          ],
          [
            1.067068,
            51.080185,
            0.0
          ],
          [
            1.067197,
            51.080276,
            0.0
          ],
          [
            1.067449,
            51.080387,
            0.0
          ],
          [
            1.067841,
            51.080522,
            0.0
          ],
          [
            1.068007,
            51.080529,
            0.0
          ],
          [
            1.068281,
            51.08062,
            0.0
          ],
          [
            1.072041,
            51.081345,
            0.0
          ],
          [
            1.072256,
            51.081358,
            0.0
          ],
          [
            1.072599,
            51.081136,
            0.0
          ],
          [
            1.073066,
            51.08092,
            0.0
          ],
          [
            1.073431,
            51.080802,
            0.0
          ],
          [
            1.075136,
            51.080428,
            0.0
          ],
          [
            1.076183,
            51.080499,
            0.0
          ],
          [
            1.076923,
            51.080505,
            0.0
          ],
          [
            1.077449,
            51.080482,
            0.0
          ]
        ]
      }
    },
    {
      "type": "Feature",
      "id": 23,
      "properties": {
        "name": "Section 33a",
        "layer": "Alternative Sections",
        "description": "Tolsford Hill to Tolsford Tower",
        "style_url": "#line-1A237E-5263",
        "vertex_count": 29,
        "length_km_geodesic": 1.779
      },
      "geometry": {
        "type": "LineString",
        "coordinates": [
          [
            1.0803781585083,
            51.100775094814,
            0.0
          ],
          [
            1.0805337266311,
            51.101293856284,
            0.0
          ],
          [
            1.0807080702172,
            51.101630711264,
            0.0
          ],
          [
            1.0807939009056,
            51.101812611933,
            0.0
          ],
          [
            1.0813486062,
            51.1021998768,
            0.0
          ],
          [
            1.0821376876221,
            51.102590734491,
            0.0
          ],
          [
            1.0829262570725,
            51.102890527132,
            0.0
          ],
          [
            1.0831998423919,
            51.103402528048,
            0.0
          ],
          [
            1.0833165705,
            51.1037046172,
            0.0
          ],
          [
            1.0835163430557,
            51.103971785566,
            0.0
          ],
          [
            1.0837309197769,
            51.104524194442,
            0.0
          ],
          [
            1.0841734842644,
            51.105585205172,
            0.0
          ],
          [
            1.0846991972313,
            51.107033529709,
            0.0
          ],
          [
            1.0841198400841,
            51.107276035429,
            0.0
          ],
          [
            1.0841010646209,
            51.10806417023,
            0.0
          ],
          [
            1.0841439799652,
            51.108134899619,
            0.0
          ],
          [
            1.0841815308914,
            51.10839760783,
            0.0
          ],
          [
            1.0842485861168,
            51.108717570944,
            0.0
          ],
          [
            1.0839910940514,
            51.108724306986,
            0.0
          ],
          [
            1.0830684141502,
            51.108394239786,
            0.0
          ],
          [
            1.0824273661957,
            51.108626634284,
            0.0
          ],
          [
            1.0808153585777,
            51.109357490525,
            0.0
          ],
          [
            1.0796888307915,
            51.109842476304,
            0.0
          ],
          [
            1.0792140797958,
            51.110162429414,
            0.0
          ],
          [
            1.0788305239067,
            51.110455437162,
            0.0
          ],
          [
            1.0782189802513,
            51.111344552747,
            0.0
          ],
          [
            1.0777335004197,
            51.111893505722,
            0.0
          ],
          [
            1.0771273211823,
            51.112809535431,
            0.0
          ],
          [
            1.0772185162888,
            51.113004862947,
            0.0
          ]
        ]
      }
    },
    {
      "type": "Feature",
      "id": 24,
      "properties": {
        "name": "Section 33b",
        "layer": "Alternative Sections",
        "description": "Summerhouse to Tolsford",
        "style_url": "#line-1A237E-5263",
        "vertex_count": 18,
        "length_km_geodesic": 0.665
      },
      "geometry": {
        "type": "LineString",
        "coordinates": [
          [
            1.0887658148,
            51.0993550757,
            0.0
          ],
          [
            1.0890703526656,
            51.100088408251,
            0.0
          ],
          [
            1.0882200924079,
            51.100342740619,
            0.0
          ],
          [
            1.0881181684653,
            51.100442115138,
            0.0
          ],
          [
            1.0880296555678,
            51.10065770658,
            0.0
          ],
          [
            1.0877882567565,
            51.100800872217,
            0.0
          ],
          [
            1.0868253437201,
            51.101225313615,
            0.0
          ],
          [
            1.0865410295646,
            51.101412268709,
            0.0
          ],
          [
            1.0863693681876,
            51.101602591587,
            0.0
          ],
          [
            1.086262079827,
            51.102099448504,
            0.0
          ],
          [
            1.0859214392821,
            51.102291452798,
            0.0
          ],
          [
            1.0854171839873,
            51.102239241183,
            0.0
          ],
          [
            1.0850389925162,
            51.102336927382,
            0.0
          ],
          [
            1.0845615593115,
            51.102532299162,
            0.0
          ],
          [
            1.0842423764388,
            51.102597984315,
            0.0
          ],
          [
            1.0836147395293,
            51.102576089274,
            0.0
          ],
          [
            1.0829844204108,
            51.102796723444,
            0.0
          ],
          [
            1.0828824964682,
            51.102747880856,
            0.0
          ]
        ]
      }
    },
    {
      "type": "Feature",
      "id": 25,
      "properties": {
        "name": "Section 34a",
        "layer": "Alternative Sections",
        "description": "Lyminge via Rhodes Minnis to Elham",
        "style_url": "#line-1A237E-5263",
        "vertex_count": 40,
        "length_km_geodesic": 5.554
      },
      "geometry": {
        "type": "LineString",
        "coordinates": [
          [
            1.0909085246,
            51.1285028987,
            0.0
          ],
          [
            1.0907384881,
            51.1288361651,
            0.0
          ],
          [
            1.0891651761,
            51.1295528995,
            0.0
          ],
          [
            1.0877062107,
            51.1319794087,
            0.0
          ],
          [
            1.0847556568,
            51.1314178783,
            0.0
          ],
          [
            1.0833302332,
            51.1331167727,
            0.0
          ],
          [
            1.082743113,
            51.1337898555,
            0.0
          ],
          [
            1.0821559759,
            51.1344629354,
            0.0
          ],
          [
            1.0819462335,
            51.135437396,
            0.0
          ],
          [
            1.0826701749,
            51.1359890776,
            0.0
          ],
          [
            1.081320833,
            51.1371841763,
            0.0
          ],
          [
            1.0810178873,
            51.1371749336,
            0.0
          ],
          [
            1.078464942,
            51.1388691436,
            0.0
          ],
          [
            1.0779200954,
            51.139765993,
            0.0
          ],
          [
            1.0780699571,
            51.1399523259,
            0.0
          ],
          [
            1.075741654,
            51.1433706359,
            0.0
          ],
          [
            1.0749347765,
            51.1440495082,
            0.0
          ],
          [
            1.0746171969,
            51.1446461832,
            0.0
          ],
          [
            1.0760322271,
            51.1460792316,
            0.0
          ],
          [
            1.0813214142,
            51.1458348573,
            0.0
          ],
          [
            1.0833617997,
            51.146749445,
            0.0
          ],
          [
            1.084947897,
            51.1470359448,
            0.0
          ],
          [
            1.0866426225,
            51.1473022276,
            0.0
          ],
          [
            1.0890161464,
            51.1470313453,
            0.0
          ],
          [
            1.0915152682,
            51.1465840477,
            0.0
          ],
          [
            1.093178381,
            51.1459687047,
            0.0
          ],
          [
            1.0952236273,
            51.1469521644,
            0.0
          ],
          [
            1.097154162,
            51.1474542149,
            0.0
          ],
          [
            1.0981324054,
            51.1481028155,
            0.0
          ],
          [
            1.0990325831,
            51.1484074668,
            0.0
          ],
          [
            1.1000394753,
            51.1490725873,
            0.0
          ],
          [
            1.1000820086,
            51.1492963686,
            0.0
          ],
          [
            1.1033765936,
            51.1516822772,
            0.0
          ],
          [
            1.1059600216,
            51.1528933594,
            0.0
          ],
          [
            1.1078213799,
            51.15358741,
            0.0
          ],
          [
            1.1082026036,
            51.1539405155,
            0.0
          ],
          [
            1.1088426469,
            51.1536465183,
            0.0
          ],
          [
            1.1094091611,
            51.1530776659,
            0.0
          ],
          [
            1.1098108486,
            51.1533264079,
            0.0
          ],
          [
            1.1115690869,
            51.152898566,
            0.0
          ]
        ]
      }
    },
    {
      "type": "Feature",
      "id": 26,
      "properties": {
        "name": "Section 35a ",
        "layer": "Alternative Sections",
        "description": "Elham Valley Way connection",
        "style_url": "#line-1A237E-5263",
        "vertex_count": 22,
        "length_km_geodesic": 1.416
      },
      "geometry": {
        "type": "LineString",
        "coordinates": [
          [
            1.1275727146522,
            51.16583056798,
            0.0
          ],
          [
            1.127181112136,
            51.166442785968,
            0.0
          ],
          [
            1.1268377893822,
            51.167314005247,
            0.0
          ],
          [
            1.1268431538002,
            51.167707562228,
            0.0
          ],
          [
            1.1267197721855,
            51.168612394174,
            0.0
          ],
          [
            1.1263710850135,
            51.168999212823,
            0.0
          ],
          [
            1.1262262457267,
            51.169332210626,
            0.0
          ],
          [
            1.1263657205955,
            51.169856929559,
            0.0
          ],
          [
            1.1275190704719,
            51.172134006008,
            0.0
          ],
          [
            1.1276424520866,
            51.172551065434,
            0.0
          ],
          [
            1.1276424520866,
            51.172984937769,
            0.0
          ],
          [
            1.1276853674308,
            51.17361051395,
            0.0
          ],
          [
            1.1280815363,
            51.1746173185,
            0.0
          ],
          [
            1.1280608068,
            51.1759328,
            0.0
          ],
          [
            1.1281359785454,
            51.176095918263,
            0.0
          ],
          [
            1.1284846657173,
            51.176324609087,
            0.0
          ],
          [
            1.1288440817252,
            51.17654320955,
            0.0
          ],
          [
            1.1292356842414,
            51.17627416268,
            0.0
          ],
          [
            1.1294395321266,
            51.17610264448,
            0.0
          ],
          [
            1.1296970241921,
            51.176018566698,
            0.0
          ],
          [
            1.1303836696998,
            51.175934488763,
            0.0
          ],
          [
            1.1308664673225,
            51.175803326878,
            0.0
          ]
        ]
      }
    },
    {
      "type": "Feature",
      "id": 27,
      "properties": {
        "name": "Section 37a",
        "layer": "Alternative Sections",
        "description": "Bridge to Patrixbourne",
        "style_url": "#line-1A237E-5263",
        "vertex_count": 19,
        "length_km_geodesic": 0.961
      },
      "geometry": {
        "type": "LineString",
        "coordinates": [
          [
            1.1284449960483,
            51.251056114669,
            0.0
          ],
          [
            1.128573742081,
            51.250965458352,
            0.0
          ],
          [
            1.133085217644,
            51.249887641784,
            0.0
          ],
          [
            1.1332729722751,
            51.24984399136,
            0.0
          ],
          [
            1.1341151859057,
            51.249923737296,
            0.0
          ],
          [
            1.1342895294917,
            51.249911985272,
            0.0
          ],
          [
            1.1344746019137,
            51.249918700715,
            0.0
          ],
          [
            1.1360892917407,
            51.250244398508,
            0.0
          ],
          [
            1.1365372206462,
            51.250680897087,
            0.0
          ],
          [
            1.1368724967731,
            51.251092209264,
            0.0
          ],
          [
            1.136679377724,
            51.251654609756,
            0.0
          ],
          [
            1.1365479494823,
            51.251961828612,
            0.0
          ],
          [
            1.1364808942569,
            51.252225397251,
            0.0
          ],
          [
            1.1364218856586,
            51.25225393644,
            0.0
          ],
          [
            1.1366579200519,
            51.252626623044,
            0.0
          ],
          [
            1.13649966972,
            51.253126891304,
            0.0
          ],
          [
            1.1365345384372,
            51.253214185879,
            0.0
          ],
          [
            1.1367625262035,
            51.25336862972,
            0.0
          ],
          [
            1.1365157629741,
            51.253365272251,
            0.0
          ]
        ]
      }
    },
    {
      "type": "Feature",
      "id": 28,
      "properties": {
        "name": "Section 37b",
        "layer": "Alternative Sections",
        "description": "Patrixbourne to St Martins",
        "style_url": "#line-1A237E-5263",
        "vertex_count": 58,
        "length_km_geodesic": 4.156
      },
      "geometry": {
        "type": "LineString",
        "coordinates": [
          [
            1.1342318130244,
            51.25590138604,
            0.0
          ],
          [
            1.1334056926479,
            51.25633531298,
            0.0
          ],
          [
            1.1330006790865,
            51.256633268178,
            0.0
          ],
          [
            1.1314905954113,
            51.257654694298,
            0.0
          ],
          [
            1.1298919988384,
            51.258648401793,
            0.0
          ],
          [
            1.1289585901013,
            51.259051250064,
            0.0
          ],
          [
            1.1284328771343,
            51.259373526138,
            0.0
          ],
          [
            1.1277355027904,
            51.259826723046,
            0.0
          ],
          [
            1.1263461185207,
            51.260474619014,
            0.0
          ],
          [
            1.1251981330623,
            51.260931161983,
            0.0
          ],
          [
            1.1234278751125,
            51.26134406091,
            0.0
          ],
          [
            1.1214269471874,
            51.261679748362,
            0.0
          ],
          [
            1.120997793745,
            51.261683105224,
            0.0
          ],
          [
            1.1193884683361,
            51.261904657583,
            0.0
          ],
          [
            1.1185355258694,
            51.2620859269,
            0.0
          ],
          [
            1.1181385589352,
            51.262273909141,
            0.0
          ],
          [
            1.1177952361812,
            51.262492101849,
            0.0
          ],
          [
            1.1174680066815,
            51.262633087356,
            0.0
          ],
          [
            1.1164326740017,
            51.263139960249,
            0.0
          ],
          [
            1.1151559425106,
            51.263671163756,
            0.0
          ],
          [
            1.1144934368839,
            51.26336402314,
            0.0
          ],
          [
            1.1142869067897,
            51.263634239856,
            0.0
          ],
          [
            1.1140964699497,
            51.263927951875,
            0.0
          ],
          [
            1.113978452753,
            51.264401243866,
            0.0
          ],
          [
            1.1135734391918,
            51.264869496039,
            0.0
          ],
          [
            1.1135305238476,
            51.265014670028,
            0.0
          ],
          [
            1.113230116438,
            51.265373826825,
            0.0
          ],
          [
            1.1121089530696,
            51.265981366047,
            0.0
          ],
          [
            1.1107785773983,
            51.266662740261,
            0.0
          ],
          [
            1.1078013253918,
            51.268089229915,
            0.0
          ],
          [
            1.1064494920483,
            51.268841056055,
            0.0
          ],
          [
            1.1059452367535,
            51.26941498648,
            0.0
          ],
          [
            1.1054141593685,
            51.26958951361,
            0.0
          ],
          [
            1.1045550353,
            51.2699744799,
            0.0
          ],
          [
            1.1037350965252,
            51.270297684198,
            0.0
          ],
          [
            1.1014713121167,
            51.271203858133,
            0.0
          ],
          [
            1.0989822221508,
            51.272190560538,
            0.0
          ],
          [
            1.0974104476681,
            51.272794653595,
            0.0
          ],
          [
            1.0971636844387,
            51.273106765228,
            0.0
          ],
          [
            1.0971744132748,
            51.273368534642,
            0.0
          ],
          [
            1.0972924304714,
            51.273741050081,
            0.0
          ],
          [
            1.0971100402584,
            51.273741050081,
            0.0
          ],
          [
            1.096852548193,
            51.273818237587,
            0.0
          ],
          [
            1.0958333087674,
            51.274361902435,
            0.0
          ],
          [
            1.0956562829723,
            51.274388749915,
            0.0
          ],
          [
            1.0956670118084,
            51.274439088898,
            0.0
          ],
          [
            1.0950232816448,
            51.274734409821,
            0.0
          ],
          [
            1.0943259073009,
            51.275009593517,
            0.0
          ],
          [
            1.0929955316296,
            51.275559955966,
            0.0
          ],
          [
            1.0932315660229,
            51.275848558029,
            0.0
          ],
          [
            1.0937733722439,
            51.276318371464,
            0.0
          ],
          [
            1.0941113305798,
            51.276506295492,
            0.0
          ],
          [
            1.0939825845471,
            51.276771401297,
            0.0
          ],
          [
            1.0939289403667,
            51.277049928532,
            0.0
          ],
          [
            1.0939235759487,
            51.277278118262,
            0.0
          ],
          [
            1.0926414800396,
            51.277429125548,
            0.0
          ],
          [
            1.0927147935,
            51.277522429,
            0.0
          ],
          [
            1.0930277181377,
            51.277912345528,
            0.0
          ]
        ]
      }
    },
    {
      "type": "Feature",
      "id": 29,
      "properties": {
        "name": "Old Way Complete Sep 2022",
        "layer": "Old Way Complete",
        "description": "",
        "style_url": "#line-F9A825-5000-nodesc",
        "vertex_count": 5378,
        "length_km_geodesic": 377.799
      },
      "geometry": {
        "type": "LineString",
        "coordinates": [
          [
            -1.4135073682,
            50.9077996678,
            0.0
          ],
          [
            -1.413324978,
            50.90789861,
            0.0
          ],
          [
            -1.4132766982,
            50.9080372978,
            0.0
          ],
          [
            -1.4129011889,
            50.9080305325,
            0.0
          ],
          [
            -1.4128234049,
            50.9086673074,
            0.0
          ],
          [
            -1.4127670785,
            50.9088533488,
            0.0
          ],
          [
            -1.4124586245,
            50.9089370673,
            0.0
          ],
          [
            -1.4099480768,
            50.9089150806,
            0.0
          ],
          [
            -1.4097013136,
            50.9092093625,
            0.0
          ],
          [
            -1.4091863295,
            50.9094461396,
            0.0
          ],
          [
            -1.4090253969,
            50.9095239376,
            0.0
          ],
          [
            -1.4088000914,
            50.9096152654,
            0.0
          ],
          [
            -1.4087088963,
            50.9097201231,
            0.0
          ],
          [
            -1.4086177012,
            50.9097302706,
            0.0
          ],
          [
            -1.408333387,
            50.9095611453,
            0.0
          ],
          [
            -1.4080651661,
            50.9095611453,
            0.0
          ],
          [
            -1.4077272078,
            50.9094833474,
            0.0
          ],
          [
            -1.4075662752,
            50.9095036425,
            0.0
          ],
          [
            -1.4075019022,
            50.9094630522,
            0.0
          ],
          [
            -1.4064558407,
            50.9095340851,
            0.0
          ],
          [
            -1.406434383,
            50.9094596697,
            0.0
          ],
          [
            -1.4062305351,
            50.9094089319,
            0.0
          ],
          [
            -1.4060266872,
            50.9094664348,
            0.0
          ],
          [
            -1.4059998652,
            50.9096017354,
            0.0
          ],
          [
            -1.4055063387,
            50.9096558555,
            0.0
          ],
          [
            -1.4054258724,
            50.9095780578,
            0.0
          ],
          [
            -1.4049859901,
            50.9095645278,
            0.0
          ],
          [
            -1.4049484392,
            50.9096795331,
            0.0
          ],
          [
            -1.4042296072,
            50.9097268881,
            0.0
          ],
          [
            -1.40411159,
            50.9095307026,
            0.0
          ],
          [
            -1.4039613863,
            50.909364959,
            0.0
          ],
          [
            -1.4035268684,
            50.9092228926,
            0.0
          ],
          [
            -1.403046753,
            50.9091290271,
            0.0
          ],
          [
            -1.4028777739,
            50.9082385635,
            0.0
          ],
          [
            -1.4026417395,
            50.9070038945,
            0.0
          ],
          [
            -1.402507629,
            50.9063780908,
            0.0
          ],
          [
            -1.4024454535,
            50.9060750415,
            0.0
          ],
          [
            -1.40231451,
            50.9056609433,
            0.0
          ],
          [
            -1.401198711,
            50.9051027784,
            0.0
          ],
          [
            -1.4010592361,
            50.9049979103,
            0.0
          ],
          [
            -1.4008929392,
            50.9049640818,
            0.0
          ],
          [
            -1.4005210589,
            50.904716274,
            0.0
          ],
          [
            -1.3997891278,
            50.9042109965,
            0.0
          ],
          [
            -1.3991977831,
            50.9038138993,
            0.0
          ],
          [
            -1.398580875,
            50.9034654561,
            0.0
          ],
          [
            -1.3980497976,
            50.9032049677,
            0.0
          ],
          [
            -1.3978995939,
            50.9031745209,
            0.0
          ],
          [
            -1.3979639669,
            50.9029918397,
            0.0
          ],
          [
            -1.3978137632,
            50.9030019887,
            0.0
          ],
          [
            -1.3978513142,
            50.9028362218,
            0.0
          ],
          [
            -1.3963746648,
            50.9028861677,
            0.0
          ],
          [
            -1.396386828,
            50.9031914358,
            0.0
          ],
          [
            -1.3960488697,
            50.9031136272,
            0.0
          ],
          [
            -1.3957967421,
            50.9029918397,
            0.0
          ],
          [
            -1.3956343751,
            50.9028024384,
            0.0
          ],
          [
            -1.3962410698,
            50.9031112758,
            0.0
          ],
          [
            -1.3963563423,
            50.903185371,
            0.0
          ],
          [
            -1.3963746648,
            50.9028861677,
            0.0
          ],
          [
            -1.3978713374,
            50.9028159705,
            0.0
          ],
          [
            -1.3978016,
            50.9029851204,
            0.0
          ],
          [
            -1.3979571681,
            50.9030358652,
            0.0
          ],
          [
            -1.3981288295,
            50.9029817374,
            0.0
          ],
          [
            -1.3979893546,
            50.9031914824,
            0.0
          ],
          [
            -1.3987779241,
            50.9031475037,
            0.0
          ],
          [
            -1.4005589109,
            50.9030121843,
            0.0
          ],
          [
            -1.4010202508,
            50.9031576526,
            0.0
          ],
          [
            -1.4010578017,
            50.9034519709,
            0.0
          ],
          [
            -1.4012616496,
            50.903441822,
            0.0
          ],
          [
            -1.4012777429,
            50.9033673969,
            0.0
          ],
          [
            -1.4018356424,
            50.9030054183,
            0.0
          ],
          [
            -1.4025061946,
            50.9030392482,
            0.0
          ],
          [
            -1.4026403051,
            50.9029749714,
            0.0
          ],
          [
            -1.4033376794,
            50.9030189503,
            0.0
          ],
          [
            -1.4040082317,
            50.9030358652,
            0.0
          ],
          [
            -1.4041262489,
            50.9028802475,
            0.0
          ],
          [
            -1.4041208844,
            50.902667118,
            0.0
          ],
          [
            -1.4044856649,
            50.9026840331,
            0.0
          ],
          [
            -1.4048558097,
            50.9027110972,
            0.0
          ],
          [
            -1.4048879962,
            50.9026299049,
            0.0
          ],
          [
            -1.4050381999,
            50.902653586,
            0.0
          ],
          [
            -1.406014524,
            50.9026434369,
            0.0
          ],
          [
            -1.4060628038,
            50.9025453294,
            0.0
          ],
          [
            -1.4059769731,
            50.9021934936,
            0.0
          ],
          [
            -1.4059447866,
            50.9020040424,
            0.0
          ],
          [
            -1.4061539989,
            50.9018112074,
            0.0
          ],
          [
            -1.4062988382,
            50.9009586642,
            0.0
          ],
          [
            -1.4063149314,
            50.9006880123,
            0.0
          ],
          [
            -1.4064517241,
            50.9007023907,
            0.0
          ],
          [
            -1.4065670591,
            50.9002143677,
            0.0
          ],
          [
            -1.4067709069,
            50.8996045431,
            0.0
          ],
          [
            -1.4065509658,
            50.8995850895,
            0.0
          ],
          [
            -1.4063578468,
            50.8996730536,
            0.0
          ],
          [
            -1.4058643203,
            50.8996223051,
            0.0
          ],
          [
            -1.4058750491,
            50.8995208079,
            0.0
          ],
          [
            -1.4054056626,
            50.8995690191,
            0.0
          ],
          [
            -1.4054137092,
            50.8994793632,
            0.0
          ],
          [
            -1.4050060134,
            50.8994675218,
            0.0
          ],
          [
            -1.4048906784,
            50.8994624469,
            0.0
          ],
          [
            -1.4049094539,
            50.8994193105,
            0.0
          ],
          [
            -1.4047780256,
            50.8994945878,
            0.0
          ],
          [
            -1.403935812,
            50.8995504113,
            0.0
          ],
          [
            -1.4036005359,
            50.8996967362,
            0.0
          ],
          [
            -1.4033537727,
            50.8997001195,
            0.0
          ],
          [
            -1.4035924893,
            50.8996941988,
            0.0
          ],
          [
            -1.4037453752,
            50.8994835922,
            0.0
          ],
          [
            -1.4038955789,
            50.8984043242,
            0.0
          ],
          [
            -1.4050435643,
            50.898529507,
            0.0
          ],
          [
            -1.4051535349,
            50.8985827942,
            0.0
          ],
          [
            -1.4059581976,
            50.8987181265,
            0.0
          ],
          [
            -1.4060735326,
            50.8987595719,
            0.0
          ],
          [
            -1.4066233854,
            50.898826392,
            0.0
          ],
          [
            -1.4068460088,
            50.8988847538,
            0.0
          ],
          [
            -1.4070900898,
            50.8989532654,
            0.0
          ],
          [
            -1.4072966199,
            50.8986885226,
            0.0
          ],
          [
            -1.4073304651,
            50.8984076068,
            0.0
          ],
          [
            -1.4073019843,
            50.898319741,
            0.0
          ],
          [
            -1.4071464162,
            50.8981480366,
            0.0
          ],
          [
            -1.4069211106,
            50.8979281188,
            0.0
          ],
          [
            -1.4070203524,
            50.8980397695,
            0.0
          ],
          [
            -1.4069103818,
            50.8980330028,
            0.0
          ],
          [
            -1.406797729,
            50.8979171229,
            0.0
          ],
          [
            -1.4065670591,
            50.8977073541,
            0.0
          ],
          [
            -1.4065348725,
            50.8976489908,
            0.0
          ],
          [
            -1.4065858345,
            50.897527189,
            0.0
          ],
          [
            -1.4064758639,
            50.8974544461,
            0.0
          ],
          [
            -1.4062398296,
            50.8974121537,
            0.0
          ],
          [
            -1.4061539989,
            50.8974332999,
            0.0
          ],
          [
            -1.4061700921,
            50.8973512525,
            0.0
          ],
          [
            -1.4061137657,
            50.8973208019,
            0.0
          ],
          [
            -1.4060359817,
            50.8972945805,
            0.0
          ],
          [
            -1.4058777313,
            50.8972176079,
            0.0
          ],
          [
            -1.4057945829,
            50.8971533231,
            0.0
          ],
          [
            -1.4057033878,
            50.8971186431,
            0.0
          ],
          [
            -1.4050086956,
            50.8969503177,
            0.0
          ],
          [
            -1.4047324281,
            50.8968961828,
            0.0
          ],
          [
            -1.4047109704,
            50.8969435509,
            0.0
          ],
          [
            -1.4047216993,
            50.8968961828,
            0.0
          ],
          [
            -1.4041959863,
            50.8968115969,
            0.0
          ],
          [
            -1.4042549949,
            50.8966356576,
            0.0
          ],
          [
            -1.4037480574,
            50.8964935524,
            0.0
          ],
          [
            -1.4029514413,
            50.8963277624,
            0.0
          ],
          [
            -1.4026993137,
            50.8971161055,
            0.0
          ],
          [
            -1.4026000719,
            50.897958569,
            0.0
          ],
          [
            -1.4006232839,
            50.8978359222,
            0.0
          ],
          [
            -1.4004730802,
            50.8978291554,
            0.0
          ],
          [
            -1.4001994949,
            50.8976126195,
            0.0
          ],
          [
            -1.4000063758,
            50.8974366833,
            0.0
          ],
          [
            -1.3998373966,
            50.8974256872,
            0.0
          ],
          [
            -1.3997327905,
            50.8973588651,
            0.0
          ],
          [
            -1.3987296443,
            50.8972979639,
            0.0
          ],
          [
            -1.3976782184,
            50.8972235289,
            0.0
          ],
          [
            -1.3971069079,
            50.8970856547,
            0.0
          ],
          [
            -1.3952883701,
            50.897072121,
            0.0
          ],
          [
            -1.3933759551,
            50.8970619708,
            0.0
          ],
          [
            -1.3928475599,
            50.897165165,
            0.0
          ],
          [
            -1.3897764306,
            50.8986775268,
            0.0
          ],
          [
            -1.3896369558,
            50.8988348502,
            0.0
          ],
          [
            -1.3895430784,
            50.8989989397,
            0.0
          ],
          [
            -1.3893472772,
            50.8990243143,
            0.0
          ],
          [
            -1.3890254121,
            50.899091134,
            0.0
          ],
          [
            -1.3882636647,
            50.8995757856,
            0.0
          ],
          [
            -1.3879525285,
            50.8997720131,
            0.0
          ],
          [
            -1.3877325874,
            50.8999673939,
            0.0
          ],
          [
            -1.3873973112,
            50.899885351,
            0.0
          ],
          [
            -1.3872846584,
            50.89986336,
            0.0
          ],
          [
            -1.3871237259,
            50.8998329111,
            0.0
          ],
          [
            -1.3871585946,
            50.899466676,
            0.0
          ],
          [
            -1.3882475715,
            50.8994362267,
            0.0
          ],
          [
            -1.3883816819,
            50.8994269228,
            0.0
          ],
          [
            -1.3889449458,
            50.8990649136,
            0.0
          ],
          [
            -1.3895028453,
            50.8990776009,
            0.0
          ],
          [
            -1.3903665166,
            50.8990090895,
            0.0
          ],
          [
            -1.3903772454,
            50.8988982869,
            0.0
          ],
          [
            -1.3907795768,
            50.898840771,
            0.0
          ],
          [
            -1.3907634835,
            50.8988128588,
            0.0
          ],
          [
            -1.3897335153,
            50.8988094755,
            0.0
          ],
          [
            -1.3876521211,
            50.8988433085,
            0.0
          ],
          [
            -1.3846587758,
            50.8988754497,
            0.0
          ],
          [
            -1.3794499259,
            50.8989718734,
            0.0
          ],
          [
            -1.3794284682,
            50.899002323,
            0.0
          ],
          [
            -1.3789644461,
            50.8990649136,
            0.0
          ],
          [
            -1.3795759897,
            50.8991951696,
            0.0
          ],
          [
            -1.379707418,
            50.8992839803,
            0.0
          ],
          [
            -1.3792943578,
            50.8996941988,
            0.0
          ],
          [
            -1.3791334253,
            50.8997567885,
            0.0
          ],
          [
            -1.3789671283,
            50.8998988838,
            0.0
          ],
          [
            -1.3796618204,
            50.9001306336,
            0.0
          ],
          [
            -1.3798066597,
            50.9002642697,
            0.0
          ],
          [
            -1.3798549395,
            50.900412284,
            0.0
          ],
          [
            -1.3795008879,
            50.9012614541,
            0.0
          ],
          [
            -1.3799568634,
            50.9015726999,
            0.0
          ],
          [
            -1.379887126,
            50.901772302,
            0.0
          ],
          [
            -1.3795974474,
            50.9021951851,
            0.0
          ],
          [
            -1.3787015896,
            50.902932684,
            0.0
          ],
          [
            -1.3789322596,
            50.9036295758,
            0.0
          ],
          [
            -1.3779827576,
            50.904011847,
            0.0
          ],
          [
            -1.3774677735,
            50.9040862712,
            0.0
          ],
          [
            -1.3767596703,
            50.9040456762,
            0.0
          ],
          [
            -1.3763895254,
            50.9039002106,
            0.0
          ],
          [
            -1.3753434639,
            50.903551768,
            0.0
          ],
          [
            -1.3751288872,
            50.9038765302,
            0.0
          ],
          [
            -1.3749196749,
            50.9040490591,
            0.0
          ],
          [
            -1.3743778687,
            50.9039374228,
            0.0
          ],
          [
            -1.374946497,
            50.9040558249,
            0.0
          ],
          [
            -1.375126205,
            50.9038968277,
            0.0
          ],
          [
            -1.3752951842,
            50.9035179385,
            0.0
          ],
          [
            -1.3757243376,
            50.902878556,
            0.0
          ],
          [
            -1.376089118,
            50.902438764,
            0.0
          ],
          [
            -1.3768776875,
            50.9011904086,
            0.0
          ],
          [
            -1.3773765783,
            50.9001348626,
            0.0
          ],
          [
            -1.3775589686,
            50.8997660924,
            0.0
          ],
          [
            -1.3777520876,
            50.8993973194,
            0.0
          ],
          [
            -1.3780551772,
            50.8989033619,
            0.0
          ],
          [
            -1.3791226964,
            50.8981243532,
            0.0
          ],
          [
            -1.3792004805,
            50.8979264271,
            0.0
          ],
          [
            -1.3802277665,
            50.896627199,
            0.0
          ],
          [
            -1.3803431015,
            50.896387819,
            0.0
          ],
          [
            -1.3804342966,
            50.8962220287,
            0.0
          ],
          [
            -1.3806488733,
            50.8959648832,
            0.0
          ],
          [
            -1.3818236809,
            50.895399835,
            0.0
          ],
          [
            -1.3816305618,
            50.8947806425,
            0.0
          ],
          [
            -1.3816573839,
            50.894635148,
            0.0
          ],
          [
            -1.3817968588,
            50.8944016791,
            0.0
          ],
          [
            -1.3812121372,
            50.8941851273,
            0.0
          ],
          [
            -1.3807990771,
            50.89402948,
            0.0
          ],
          [
            -1.380670331,
            50.8939922599,
            0.0
          ],
          [
            -1.3807481151,
            50.8938822913,
            0.0
          ],
          [
            -1.3808044415,
            50.8938129263,
            0.0
          ],
          [
            -1.3807829838,
            50.8937249511,
            0.0
          ],
          [
            -1.3809412341,
            50.8935100879,
            0.0
          ],
          [
            -1.3811531286,
            50.8933798161,
            0.0
          ],
          [
            -1.3812872391,
            50.8931970965,
            0.0
          ],
          [
            -1.381426714,
            50.8930482133,
            0.0
          ],
          [
            -1.3814320784,
            50.8929670041,
            0.0
          ],
          [
            -1.382454,
            50.8918655903,
            0.0
          ],
          [
            -1.3828402381,
            50.8912903408,
            0.0
          ],
          [
            -1.3830977302,
            50.8910399359,
            0.0
          ],
          [
            -1.3830654048,
            50.8907749542,
            0.0
          ],
          [
            -1.3830092173,
            50.8902024231,
            0.0
          ],
          [
            -1.3828080516,
            50.8900315348,
            0.0
          ],
          [
            -1.3829367976,
            50.8898894094,
            0.0
          ],
          [
            -1.3827973228,
            50.8896051573,
            0.0
          ],
          [
            -1.3824352245,
            50.8891906199,
            0.0
          ],
          [
            -1.3820892196,
            50.8889418957,
            0.0
          ],
          [
            -1.3820570331,
            50.8887794628,
            0.0
          ],
          [
            -1.3811068023,
            50.8885242623,
            0.0
          ],
          [
            -1.3804201568,
            50.88824677,
            0.0
          ],
          [
            -1.3797442401,
            50.8879963487,
            0.0
          ],
          [
            -1.3791541541,
            50.8877357737,
            0.0
          ],
          [
            -1.3788001025,
            50.8876376347,
            0.0
          ],
          [
            -1.3766327631,
            50.8872283695,
            0.0
          ],
          [
            -1.3751898492,
            50.8868491312,
            0.0
          ],
          [
            -1.3739774907,
            50.8864024194,
            0.0
          ],
          [
            -1.3734249557,
            50.8861384513,
            0.0
          ],
          [
            -1.37232525,
            50.8857695703,
            0.0
          ],
          [
            -1.3713918412,
            50.8853973021,
            0.0
          ],
          [
            -1.3707051957,
            50.8850385682,
            0.0
          ],
          [
            -1.3697449649,
            50.8843955476,
            0.0
          ],
          [
            -1.3686345304,
            50.883813437,
            0.0
          ],
          [
            -1.3672022308,
            50.8825882737,
            0.0
          ],
          [
            -1.3669066234,
            50.8826965499,
            0.0
          ],
          [
            -1.366730162,
            50.8827134991,
            0.0
          ],
          [
            -1.3665585006,
            50.8827676505,
            0.0
          ],
          [
            -1.3661668981,
            50.8827338058,
            0.0
          ],
          [
            -1.3652120317,
            50.8826153495,
            0.0
          ],
          [
            -1.3645790303,
            50.8822802856,
            0.0
          ],
          [
            -1.3639031137,
            50.881904605,
            0.0
          ],
          [
            -1.3625137294,
            50.8816507651,
            0.0
          ],
          [
            -1.3617788041,
            50.8817489167,
            0.0
          ],
          [
            -1.3613872016,
            50.8819621419,
            0.0
          ],
          [
            -1.3610170568,
            50.8821855196,
            0.0
          ],
          [
            -1.3602982247,
            50.8823141305,
            0.0
          ],
          [
            -1.3593701804,
            50.8824427411,
            0.0
          ],
          [
            -1.358812281,
            50.882337822,
            0.0
          ],
          [
            -1.3585279668,
            50.882344591,
            0.0
          ],
          [
            -1.3578105697,
            50.8821443968,
            0.0
          ],
          [
            -1.3573907102,
            50.8820535238,
            0.0
          ],
          [
            -1.3570795739,
            50.8818470681,
            0.0
          ],
          [
            -1.3569615567,
            50.881569536,
            0.0
          ],
          [
            -1.3561282426,
            50.8812358009,
            0.0
          ],
          [
            -1.3556794608,
            50.8810043131,
            0.0
          ],
          [
            -1.3555936301,
            50.8807606221,
            0.0
          ],
          [
            -1.3566611493,
            50.8803138519,
            0.0
          ],
          [
            -1.3579249536,
            50.8798107374,
            0.0
          ],
          [
            -1.3579110587,
            50.8793559893,
            0.0
          ],
          [
            -1.3585386956,
            50.8788855124,
            0.0
          ],
          [
            -1.3582329238,
            50.878631656,
            0.0
          ],
          [
            -1.3576106513,
            50.8776568347,
            0.0
          ],
          [
            -1.3571332181,
            50.8783033331,
            0.0
          ],
          [
            -1.3575727403,
            50.8776127862,
            0.0
          ],
          [
            -1.3575355495,
            50.8773758928,
            0.0
          ],
          [
            -1.3565324033,
            50.8775925228,
            0.0
          ],
          [
            -1.356221267,
            50.8775789835,
            0.0
          ],
          [
            -1.3558886731,
            50.8772134196,
            0.0
          ],
          [
            -1.357037839,
            50.8767625149,
            0.0
          ],
          [
            -1.3571761335,
            50.8765262871,
            0.0
          ],
          [
            -1.3564733947,
            50.8759440783,
            0.0
          ],
          [
            -1.3560817922,
            50.8757849851,
            0.0
          ],
          [
            -1.3547406877,
            50.8746747024,
            0.0
          ],
          [
            -1.3536838973,
            50.873665947,
            0.0
          ],
          [
            -1.3533405746,
            50.873158176,
            0.0
          ],
          [
            -1.3531327938,
            50.8725733285,
            0.0
          ],
          [
            -1.3529114211,
            50.8721460026,
            0.0
          ],
          [
            -1.3524340521,
            50.8717221075,
            0.0
          ],
          [
            -1.3520584787,
            50.8710017801,
            0.0
          ],
          [
            -1.3515381301,
            50.8703517951,
            0.0
          ],
          [
            -1.3506851876,
            50.8697390404,
            0.0
          ],
          [
            -1.3484428609,
            50.8698033631,
            0.0
          ],
          [
            -1.3481370891,
            50.8695697698,
            0.0
          ],
          [
            -1.3477723086,
            50.8693903422,
            0.0
          ],
          [
            -1.3465975011,
            50.8692583102,
            0.0
          ],
          [
            -1.3461844409,
            50.8690822669,
            0.0
          ],
          [
            -1.3452724898,
            50.8684661101,
            0.0
          ],
          [
            -1.3440447317,
            50.8677492027,
            0.0
          ],
          [
            -1.3420162881,
            50.8663501249,
            0.0
          ],
          [
            -1.3398866141,
            50.8649044287,
            0.0
          ],
          [
            -1.3396774018,
            50.8648536423,
            0.0
          ],
          [
            -1.3395325626,
            50.8644947501,
            0.0
          ],
          [
            -1.3399831737,
            50.8637092408,
            0.0
          ],
          [
            -1.3392375196,
            50.8635027038,
            0.0
          ],
          [
            -1.3383202041,
            50.8634078996,
            0.0
          ],
          [
            -1.3380680764,
            50.8632893941,
            0.0
          ],
          [
            -1.337703296,
            50.8630151374,
            0.0
          ],
          [
            -1.338819095,
            50.8625580393,
            0.0
          ],
          [
            -1.3386849845,
            50.8624632332,
            0.0
          ],
          [
            -1.3384274924,
            50.8623921285,
            0.0
          ],
          [
            -1.3376281942,
            50.8618097431,
            0.0
          ],
          [
            -1.3371668542,
            50.8615998117,
            0.0
          ],
          [
            -1.3371078456,
            50.861308615,
            0.0
          ],
          [
            -1.3370327438,
            50.8612950709,
            0.0
          ],
          [
            -1.336920091,
            50.8610140304,
            0.0
          ],
          [
            -1.336689421,
            50.8610072583,
            0.0
          ],
          [
            -1.3364319289,
            50.860672039,
            0.0
          ],
          [
            -1.3359330381,
            50.8603842226,
            0.0
          ],
          [
            -1.3358257497,
            50.8601201071,
            0.0
          ],
          [
            -1.335675546,
            50.8600456127,
            0.0
          ],
          [
            -1.3356058086,
            50.8598627624,
            0.0
          ],
          [
            -1.335021087,
            50.8595173764,
            0.0
          ],
          [
            -1.3347206796,
            50.8593582271,
            0.0
          ],
          [
            -1.3343612636,
            50.8591584432,
            0.0
          ],
          [
            -1.3344417298,
            50.8590128375,
            0.0
          ],
          [
            -1.3338516439,
            50.8586708314,
            0.0
          ],
          [
            -1.333352753,
            50.8582103045,
            0.0
          ],
          [
            -1.3325856412,
            50.8577700907,
            0.0
          ],
          [
            -1.3320867503,
            50.8573874399,
            0.0
          ],
          [
            -1.3311645928,
            50.8569367593,
            0.0
          ],
          [
            -1.3287929977,
            50.8557585993,
            0.0
          ],
          [
            -1.3244370902,
            50.8532728992,
            0.0
          ],
          [
            -1.3238416398,
            50.8529376243,
            0.0
          ],
          [
            -1.3221035684,
            50.8520130659,
            0.0
          ],
          [
            -1.3219801868,
            50.8519961325,
            0.0
          ],
          [
            -1.3216583217,
            50.852185787,
            0.0
          ],
          [
            -1.3212613547,
            50.8523009341,
            0.0
          ],
          [
            -1.3209287608,
            50.8530426096,
            0.0
          ],
          [
            -1.3207447664,
            50.8538666733,
            0.0
          ],
          [
            -1.3209126676,
            50.8544040107,
            0.0
          ],
          [
            -1.320867174,
            50.8548357118,
            0.0
          ],
          [
            -1.3209019387,
            50.8557856906,
            0.0
          ],
          [
            -1.3203976834,
            50.8574687111,
            0.0
          ],
          [
            -1.3204395708,
            50.8579110191,
            0.0
          ],
          [
            -1.3201536733,
            50.8587738838,
            0.0
          ],
          [
            -1.319673487,
            50.8588232107,
            0.0
          ],
          [
            -1.3188151801,
            50.8589959065,
            0.0
          ],
          [
            -1.3183197943,
            50.8589877573,
            0.0
          ],
          [
            -1.3178549493,
            50.8589620446,
            0.0
          ],
          [
            -1.318069526,
            50.8583034261,
            0.0
          ],
          [
            -1.3178334916,
            50.8589806687,
            0.0
          ],
          [
            -1.3165567601,
            50.8588587657,
            0.0
          ],
          [
            -1.3150439942,
            50.8589806687,
            0.0
          ],
          [
            -1.3148294175,
            50.8589468068,
            0.0
          ],
          [
            -1.3146845782,
            50.858863845,
            0.0
          ],
          [
            -1.3139389241,
            50.8586149589,
            0.0
          ],
          [
            -1.3135795081,
            50.8583288229,
            0.0
          ],
          [
            -1.3131074393,
            50.8583389816,
            0.0
          ],
          [
            -1.3130859817,
            50.8582204632,
            0.0
          ],
          [
            -1.312603184,
            50.8582610981,
            0.0
          ],
          [
            -1.3125334466,
            50.8579766531,
            0.0
          ],
          [
            -1.312410065,
            50.8579326316,
            0.0
          ],
          [
            -1.3118491344,
            50.8580023693,
            0.0
          ],
          [
            -1.3110619526,
            50.8576518061,
            0.0
          ],
          [
            -1.3103951293,
            50.8565584372,
            0.0
          ],
          [
            -1.309976791,
            50.85529365,
            0.0
          ],
          [
            -1.3091644111,
            50.8548045909,
            0.0
          ],
          [
            -1.3084553923,
            50.8547138509,
            0.0
          ],
          [
            -1.3078494576,
            50.8550387215,
            0.0
          ],
          [
            -1.3075130233,
            50.8552573652,
            0.0
          ],
          [
            -1.3074325571,
            50.8552742975,
            0.0
          ],
          [
            -1.3072877178,
            50.8547155286,
            0.0
          ],
          [
            -1.3067254478,
            50.8540938148,
            0.0
          ],
          [
            -1.3062201986,
            50.8535200796,
            0.0
          ],
          [
            -1.3063113937,
            50.8534455746,
            0.0
          ],
          [
            -1.3060378084,
            50.8522467063,
            0.0
          ],
          [
            -1.3061290035,
            50.852111239,
            0.0
          ],
          [
            -1.3051312217,
            50.851416963,
            0.0
          ],
          [
            -1.3043962965,
            50.8506244597,
            0.0
          ],
          [
            -1.3036494638,
            50.8497004293,
            0.0
          ],
          [
            -1.3031785736,
            50.8487074944,
            0.0
          ],
          [
            -1.3031678447,
            50.8483992824,
            0.0
          ],
          [
            -1.3038062105,
            50.8475423745,
            0.0
          ],
          [
            -1.3038920412,
            50.8473256048,
            0.0
          ],
          [
            -1.3038276682,
            50.8470139966,
            0.0
          ],
          [
            -1.3039295921,
            50.8467531924,
            0.0
          ],
          [
            -1.3042568216,
            50.8462722252,
            0.0
          ],
          [
            -1.3042997369,
            50.8460588367,
            0.0
          ],
          [
            -1.3046591529,
            50.8453170501,
            0.0
          ],
          [
            -1.3052331457,
            50.8453814065,
            0.0
          ],
          [
            -1.3060539016,
            50.8454220526,
            0.0
          ],
          [
            -1.3062845716,
            50.8453780193,
            0.0
          ],
          [
            -1.3067244539,
            50.8450460749,
            0.0
          ],
          [
            -1.3069336662,
            50.8446904175,
            0.0
          ],
          [
            -1.3067995557,
            50.8441518455,
            0.0
          ],
          [
            -1.3066118011,
            50.8437724703,
            0.0
          ],
          [
            -1.3066708097,
            50.8436234292,
            0.0
          ],
          [
            -1.3078241596,
            50.8431424296,
            0.0
          ],
          [
            -1.3078885326,
            50.8430746828,
            0.0
          ],
          [
            -1.3078348884,
            50.8430137106,
            0.0
          ],
          [
            -1.3075237522,
            50.8424615697,
            0.0
          ],
          [
            -1.3076739559,
            50.8424243084,
            0.0
          ],
          [
            -1.3062362918,
            50.8407000949,
            0.0
          ],
          [
            -1.3050132045,
            50.8397922319,
            0.0
          ],
          [
            -1.3036399135,
            50.8387488451,
            0.0
          ],
          [
            -1.3025679465,
            50.8380567623,
            0.0
          ],
          [
            -1.3016336212,
            50.8376173539,
            0.0
          ],
          [
            -1.2993591079,
            50.8368042894,
            0.0
          ],
          [
            -1.29712751,
            50.8361267248,
            0.0
          ],
          [
            -1.2951104889,
            50.8357811631,
            0.0
          ],
          [
            -1.2938981304,
            50.8352865311,
            0.0
          ],
          [
            -1.2928896198,
            50.8349883942,
            0.0
          ],
          [
            -1.2915807018,
            50.8347241349,
            0.0
          ],
          [
            -1.290915514,
            50.8344124425,
            0.0
          ],
          [
            -1.2894563923,
            50.8340804201,
            0.0
          ],
          [
            -1.2879114399,
            50.8336196503,
            0.0
          ],
          [
            -1.2876110324,
            50.8339991081,
            0.0
          ],
          [
            -1.2874930153,
            50.834351459,
            0.0
          ],
          [
            -1.2872247944,
            50.8346970313,
            0.0
          ],
          [
            -1.2859212408,
            50.8364011397,
            0.0
          ],
          [
            -1.2838827619,
            50.8357506722,
            0.0
          ],
          [
            -1.2822090635,
            50.8357642237,
            0.0
          ],
          [
            -1.2809430608,
            50.8355745024,
            0.0
          ],
          [
            -1.2774454603,
            50.8359674957,
            0.0
          ],
          [
            -1.2778531561,
            50.8352966948,
            0.0
          ],
          [
            -1.2778102407,
            50.8351679541,
            0.0
          ],
          [
            -1.2773381719,
            50.8351611783,
            0.0
          ],
          [
            -1.2766944418,
            50.8352221608,
            0.0
          ],
          [
            -1.2760077962,
            50.835289919,
            0.0
          ],
          [
            -1.2748919973,
            50.8350256614,
            0.0
          ],
          [
            -1.2735508928,
            50.8343955026,
            0.0
          ],
          [
            -1.2712012777,
            50.8337314552,
            0.0
          ],
          [
            -1.268958951,
            50.8332639059,
            0.0
          ],
          [
            -1.2650429258,
            50.8319696508,
            0.0
          ],
          [
            -1.2650858411,
            50.8313462272,
            0.0
          ],
          [
            -1.2634979734,
            50.8304042996,
            0.0
          ],
          [
            -1.2635087022,
            50.8302043916,
            0.0
          ],
          [
            -1.26306882,
            50.8297977966,
            0.0
          ],
          [
            -1.2660514364,
            50.8282831988,
            0.0
          ],
          [
            -1.266405488,
            50.8280155131,
            0.0
          ],
          [
            -1.2667380819,
            50.8275648489,
            0.0
          ],
          [
            -1.2657081136,
            50.827310713,
            0.0
          ],
          [
            -1.2654566975,
            50.8273285932,
            0.0
          ],
          [
            -1.2643991956,
            50.8271548423,
            0.0
          ],
          [
            -1.2588631162,
            50.8246879501,
            0.0
          ],
          [
            -1.253585572,
            50.8218049416,
            0.0
          ],
          [
            -1.2520181188,
            50.8208721429,
            0.0
          ],
          [
            -1.2517498979,
            50.8208518092,
            0.0
          ],
          [
            -1.2504409799,
            50.8198690015,
            0.0
          ],
          [
            -1.2494968423,
            50.8193403102,
            0.0
          ],
          [
            -1.2491857061,
            50.819279307,
            0.0
          ],
          [
            -1.248735095,
            50.8189742897,
            0.0
          ],
          [
            -1.2466537008,
            50.8176999735,
            0.0
          ],
          [
            -1.2466000566,
            50.8178423191,
            0.0
          ],
          [
            -1.2484454164,
            50.818845504,
            0.0
          ],
          [
            -1.2487780103,
            50.8190505442,
            0.0
          ],
          [
            -1.2489604005,
            50.8192996414,
            0.0
          ],
          [
            -1.2490086803,
            50.8194402876,
            0.0
          ],
          [
            -1.248799468,
            50.8198876412,
            0.0
          ],
          [
            -1.2484936962,
            50.8202502656,
            0.0
          ],
          [
            -1.247324253,
            50.820968728,
            0.0
          ],
          [
            -1.2448029766,
            50.822422564,
            0.0
          ],
          [
            -1.2437622795,
            50.8231274378,
            0.0
          ],
          [
            -1.2430863628,
            50.8237374163,
            0.0
          ],
          [
            -1.2430327186,
            50.8238865209,
            0.0
          ],
          [
            -1.2428451842,
            50.8241206121,
            0.0
          ],
          [
            -1.241895462,
            50.8253605978,
            0.0
          ],
          [
            -1.2415038595,
            50.8258146718,
            0.0
          ],
          [
            -1.2409942398,
            50.8261094788,
            0.0
          ],
          [
            -1.2406401882,
            50.8262517987,
            0.0
          ],
          [
            -1.2398516187,
            50.8268719018,
            0.0
          ],
          [
            -1.2395941267,
            50.8273022418,
            0.0
          ],
          [
            -1.2394273889,
            50.8277464666,
            0.0
          ],
          [
            -1.2387304554,
            50.8292675235,
            0.0
          ],
          [
            -1.238199378,
            50.8301213788,
            0.0
          ],
          [
            -1.2365685949,
            50.8313851914,
            0.0
          ],
          [
            -1.2361662635,
            50.8316596341,
            0.0
          ],
          [
            -1.2355064401,
            50.8329742262,
            0.0
          ],
          [
            -1.2360857973,
            50.8342345736,
            0.0
          ],
          [
            -1.2360643396,
            50.8345903107,
            0.0
          ],
          [
            -1.2350772867,
            50.8368906782,
            0.0
          ],
          [
            -1.2349056253,
            50.8379476573,
            0.0
          ],
          [
            -1.2348983755,
            50.8391114078,
            0.0
          ],
          [
            -1.2349378118,
            50.8398752275,
            0.0
          ],
          [
            -1.2351041088,
            50.8404849871,
            0.0
          ],
          [
            -1.2349646339,
            50.8409829516,
            0.0
          ],
          [
            -1.2347446928,
            50.8415452723,
            0.0
          ],
          [
            -1.2341653356,
            50.8422735693,
            0.0
          ],
          [
            -1.2339561233,
            50.8424395517,
            0.0
          ],
          [
            -1.2338059196,
            50.8432457433,
            0.0
          ],
          [
            -1.2335859785,
            50.8435810879,
            0.0
          ],
          [
            -1.2335001478,
            50.8439130427,
            0.0
          ],
          [
            -1.2332158336,
            50.845251,
            0.0
          ],
          [
            -1.232899333,
            50.8457726236,
            0.0
          ],
          [
            -1.232733036,
            50.8458573022,
            0.0
          ],
          [
            -1.2327598581,
            50.8459521421,
            0.0
          ],
          [
            -1.2324272642,
            50.8463585964,
            0.0
          ],
          [
            -1.2323467979,
            50.8466431123,
            0.0
          ],
          [
            -1.2322556028,
            50.8471308499,
            0.0
          ],
          [
            -1.232014204,
            50.8482858192,
            0.0
          ],
          [
            -1.2325881967,
            50.8485127453,
            0.0
          ],
          [
            -1.2326954851,
            50.8485974189,
            0.0
          ],
          [
            -1.2324809084,
            50.8488345042,
            0.0
          ],
          [
            -1.2329315195,
            50.8488988558,
            0.0
          ],
          [
            -1.2332641134,
            50.8490275586,
            0.0
          ],
          [
            -1.2332104692,
            50.8490952967,
            0.0
          ],
          [
            -1.2333947934,
            50.849113137,
            0.0
          ],
          [
            -1.2343530902,
            50.8490682015,
            0.0
          ],
          [
            -1.2343050861,
            50.8492596535,
            0.0
          ],
          [
            -1.2348147058,
            50.8504450513,
            0.0
          ],
          [
            -1.2347503328,
            50.8506245518,
            0.0
          ],
          [
            -1.2346752309,
            50.8506990613,
            0.0
          ],
          [
            -1.2347181463,
            50.8507634102,
            0.0
          ],
          [
            -1.2345518493,
            50.8512070769,
            0.0
          ],
          [
            -1.2345625782,
            50.8516338058,
            0.0
          ],
          [
            -1.2346162223,
            50.8517286339,
            0.0
          ],
          [
            -1.2347235107,
            50.8518505555,
            0.0
          ],
          [
            -1.2347345686,
            50.8519445774,
            0.0
          ],
          [
            -1.2347503328,
            50.8520266639,
            0.0
          ],
          [
            -1.234573307,
            50.8523975053,
            0.0
          ],
          [
            -1.2341548824,
            50.8545835471,
            0.0
          ],
          [
            -1.2340154075,
            50.8552642302,
            0.0
          ],
          [
            -1.233918848,
            50.8559652217,
            0.0
          ],
          [
            -1.233559432,
            50.8559584489,
            0.0
          ],
          [
            -1.2328835153,
            50.855877175,
            0.0
          ],
          [
            -1.2320895815,
            50.8557213998,
            0.0
          ],
          [
            -1.2311669016,
            50.8555994883,
            0.0
          ],
          [
            -1.230453434,
            50.8555825561,
            0.0
          ],
          [
            -1.2303193235,
            50.8560160178,
            0.0
          ],
          [
            -1.2301691198,
            50.8564867255,
            0.0
          ],
          [
            -1.2314780378,
            50.8565104301,
            0.0
          ],
          [
            -1.2314726734,
            50.8568185885,
            0.0
          ],
          [
            -1.2314243936,
            50.8565070437,
            0.0
          ],
          [
            -1.2302120351,
            50.8564934982,
            0.0
          ],
          [
            -1.2300028228,
            50.8565459869,
            0.0
          ],
          [
            -1.2291606092,
            50.8564494754,
            0.0
          ],
          [
            -1.2287636423,
            50.8563478842,
            0.0
          ],
          [
            -1.2283583476,
            50.8562725775,
            0.0
          ],
          [
            -1.2282325649,
            50.8585083442,
            0.0
          ],
          [
            -1.2281199121,
            50.8586708826,
            0.0
          ],
          [
            -1.2270416641,
            50.8596291704,
            0.0
          ],
          [
            -1.2258293056,
            50.8602352857,
            0.0
          ],
          [
            -1.2242468023,
            50.8608921839,
            0.0
          ],
          [
            -1.2232865715,
            50.860831235,
            0.0
          ],
          [
            -1.2229539775,
            50.8608786397,
            0.0
          ],
          [
            -1.2225409174,
            50.8611055045,
            0.0
          ],
          [
            -1.2217040681,
            50.8617657764,
            0.0
          ],
          [
            -1.220958414,
            50.8625242311,
            0.0
          ],
          [
            -1.2203468704,
            50.8626021075,
            0.0
          ],
          [
            -1.2197299623,
            50.8628052626,
            0.0
          ],
          [
            -1.2196173095,
            50.8628425076,
            0.0
          ],
          [
            -1.2191827917,
            50.8632386571,
            0.0
          ],
          [
            -1.2188633666,
            50.8635916957,
            0.0
          ],
          [
            -1.217686119,
            50.8644338571,
            0.0
          ],
          [
            -1.2167795324,
            50.8652396686,
            0.0
          ],
          [
            -1.2152721309,
            50.866360333,
            0.0
          ],
          [
            -1.2153096819,
            50.8666176419,
            0.0
          ],
          [
            -1.2152238512,
            50.8668884918,
            0.0
          ],
          [
            -1.2150307321,
            50.8670577722,
            0.0
          ],
          [
            -1.2146820449,
            50.8671525689,
            0.0
          ],
          [
            -1.2138505602,
            50.8672236664,
            0.0
          ],
          [
            -1.2135823393,
            50.8673827888,
            0.0
          ],
          [
            -1.2137808227,
            50.8678804661,
            0.0
          ],
          [
            -1.2135823393,
            50.8680768271,
            0.0
          ],
          [
            -1.2135286951,
            50.8689536705,
            0.0
          ],
          [
            -1.2133087539,
            50.8697357062,
            0.0
          ],
          [
            -1.2129010582,
            50.8705820503,
            0.0
          ],
          [
            -1.2127079391,
            50.8708359505,
            0.0
          ],
          [
            -1.2113668346,
            50.8719632508,
            0.0
          ],
          [
            -1.2101812982,
            50.8730194354,
            0.0
          ],
          [
            -1.2082179212,
            50.8746341329,
            0.0
          ],
          [
            -1.2076010131,
            50.8753822233,
            0.0
          ],
          [
            -1.2072201395,
            50.8760727576,
            0.0
          ],
          [
            -1.2073703432,
            50.8761573812,
            0.0
          ],
          [
            -1.2072415971,
            50.8771931615,
            0.0
          ],
          [
            -1.2075366401,
            50.8773793287,
            0.0
          ],
          [
            -1.2069626474,
            50.8773996379,
            0.0
          ],
          [
            -1.2066585851,
            50.8773583392,
            0.0
          ],
          [
            -1.2065925026,
            50.8766752742,
            0.0
          ],
          [
            -1.2028749609,
            50.8763063183,
            0.0
          ],
          [
            -1.2002732181,
            50.8761472263,
            0.0
          ],
          [
            -1.1980630779,
            50.8759102798,
            0.0
          ],
          [
            -1.1981059932,
            50.8783507711,
            0.0
          ],
          [
            -1.1981435442,
            50.8808148269,
            0.0
          ],
          [
            -1.1984278583,
            50.8809095957,
            0.0
          ],
          [
            -1.1982776546,
            50.8813834366,
            0.0
          ],
          [
            -1.197794857,
            50.8826661676,
            0.0
          ],
          [
            -1.1974783563,
            50.8836781126,
            0.0
          ],
          [
            -1.1971779489,
            50.8844768228,
            0.0
          ],
          [
            -1.1962767267,
            50.8852822879,
            0.0
          ],
          [
            -1.1965395832,
            50.8853601263,
            0.0
          ],
          [
            -1.1975427293,
            50.8858271535,
            0.0
          ],
          [
            -1.1977573061,
            50.8859523701,
            0.0
          ],
          [
            -1.1982476739,
            50.886360563,
            0.0
          ],
          [
            -1.1984654092,
            50.8865919851,
            0.0
          ],
          [
            -1.1984600448,
            50.887884725,
            0.0
          ],
          [
            -1.1986853504,
            50.8880742336,
            0.0
          ],
          [
            -1.1998333358,
            50.8887882679,
            0.0
          ],
          [
            -1.20011765,
            50.889065757,
            0.0
          ],
          [
            -1.1987658167,
            50.8896342661,
            0.0
          ],
          [
            -1.1979343319,
            50.8901723129,
            0.0
          ],
          [
            -1.1973388815,
            50.8906088369,
            0.0
          ],
          [
            -1.19644419,
            50.891033929,
            0.0
          ],
          [
            -1.1947961473,
            50.8918507083,
            0.0
          ],
          [
            -1.1936780203,
            50.8928647001,
            0.0
          ],
          [
            -1.192982974,
            50.8933260221,
            0.0
          ],
          [
            -1.1918671751,
            50.893924932,
            0.0
          ],
          [
            -1.1907674694,
            50.8943614208,
            0.0
          ],
          [
            -1.1891635084,
            50.8952919065,
            0.0
          ],
          [
            -1.1889703893,
            50.8955050697,
            0.0
          ],
          [
            -1.1888309145,
            50.8958062034,
            0.0
          ],
          [
            -1.1882783794,
            50.89645245,
            0.0
          ],
          [
            -1.186862173,
            50.8973321429,
            0.0
          ],
          [
            -1.1869265461,
            50.8974302615,
            0.0
          ],
          [
            -1.185360136,
            50.8986076682,
            0.0
          ],
          [
            -1.1844535493,
            50.8995888177,
            0.0
          ],
          [
            -1.1843087101,
            50.8995414524,
            0.0
          ],
          [
            -1.1841370487,
            50.8997139974,
            0.0
          ],
          [
            -1.1838580989,
            50.8996395663,
            0.0
          ],
          [
            -1.1835020469,
            50.8996873294,
            0.0
          ],
          [
            -1.1837990903,
            50.8996125004,
            0.0
          ],
          [
            -1.1849470758,
            50.9000827679,
            0.0
          ],
          [
            -1.1856659078,
            50.9001504319,
            0.0
          ],
          [
            -1.1865081215,
            50.9004515356,
            0.0
          ],
          [
            -1.1871411228,
            50.9001030672,
            0.0
          ],
          [
            -1.1873052529,
            50.8999737104,
            0.0
          ],
          [
            -1.1842530373,
            50.8997488698,
            0.0
          ],
          [
            -1.1856654564,
            50.8983303147,
            0.0
          ],
          [
            -1.1868992726,
            50.8974303403,
            0.0
          ],
          [
            -1.1867170652,
            50.8972591026,
            0.0
          ],
          [
            -1.185236303,
            50.8965100476,
            0.0
          ],
          [
            -1.184890298,
            50.8963256486,
            0.0
          ],
          [
            -1.1846274415,
            50.8961632415,
            0.0
          ],
          [
            -1.1846274415,
            50.8960888047,
            0.0
          ],
          [
            -1.1846582869,
            50.8959754575,
            0.0
          ],
          [
            -1.1846877912,
            50.895917938,
            0.0
          ],
          [
            -1.1843847016,
            50.8957809058,
            0.0
          ],
          [
            -1.184196947,
            50.8956658662,
            0.0
          ],
          [
            -1.1840467433,
            50.895530525,
            0.0
          ],
          [
            -1.1839582304,
            50.8954865391,
            0.0
          ],
          [
            -1.1839099506,
            50.8954848473,
            0.0
          ],
          [
            -1.1838563064,
            50.8953579645,
            0.0
          ],
          [
            -1.183786569,
            50.8948842656,
            0.0
          ],
          [
            -1.1837651113,
            50.8943361224,
            0.0
          ],
          [
            -1.1837597469,
            50.894065432,
            0.0
          ],
          [
            -1.1836631874,
            50.8937710544,
            0.0
          ],
          [
            -1.1835505346,
            50.8935528077,
            0.0
          ],
          [
            -1.1834003309,
            50.8933362519,
            0.0
          ],
          [
            -1.1833735088,
            50.8932871883,
            0.0
          ],
          [
            -1.1830234805,
            50.8932228981,
            0.0
          ],
          [
            -1.1827042977,
            50.8931332299,
            0.0
          ],
          [
            -1.1809447686,
            50.8925579961,
            0.0
          ],
          [
            -1.180373458,
            50.8924700185,
            0.0
          ],
          [
            -1.1802601505,
            50.8924064574,
            0.0
          ],
          [
            -1.1801427881,
            50.8923515869,
            0.0
          ],
          [
            -1.1796385328,
            50.8918880089,
            0.0
          ],
          [
            -1.1793917695,
            50.8916646777,
            0.0
          ],
          [
            -1.1791004413,
            50.8914990042,
            0.0
          ],
          [
            -1.1785307804,
            50.891305992,
            0.0
          ],
          [
            -1.1777046601,
            50.8911638704,
            0.0
          ],
          [
            -1.1751404682,
            50.8904126495,
            0.0
          ],
          [
            -1.1744457761,
            50.8900438024,
            0.0
          ],
          [
            -1.1740246693,
            50.8899185968,
            0.0
          ],
          [
            -1.1734748164,
            50.8892079637,
            0.0
          ],
          [
            -1.1733997146,
            50.8890996758,
            0.0
          ],
          [
            -1.1736008803,
            50.8889372435,
            0.0
          ],
          [
            -1.1726138274,
            50.8886191452,
            0.0
          ],
          [
            -1.1715919057,
            50.8885007038,
            0.0
          ],
          [
            -1.1702668945,
            50.8884025665,
            0.0
          ],
          [
            -1.1690196673,
            50.8878340424,
            0.0
          ],
          [
            -1.1655113379,
            50.8865548378,
            0.0
          ],
          [
            -1.164588658,
            50.8862096496,
            0.0
          ],
          [
            -1.1636069695,
            50.8857493947,
            0.0
          ],
          [
            -1.1590853389,
            50.8839532235,
            0.0
          ],
          [
            -1.1558687965,
            50.883214527,
            0.0
          ],
          [
            -1.1542192379,
            50.8824801003,
            0.0
          ],
          [
            -1.1537283937,
            50.8823954882,
            0.0
          ],
          [
            -1.152564315,
            50.882270262,
            0.0
          ],
          [
            -1.1525321285,
            50.8820198086,
            0.0
          ],
          [
            -1.1523095051,
            50.8814444375,
            0.0
          ],
          [
            -1.1495280544,
            50.880946905,
            0.0
          ],
          [
            -1.1493805329,
            50.8810179814,
            0.0
          ],
          [
            -1.149047939,
            50.8809841355,
            0.0
          ],
          [
            -1.1467734257,
            50.880198904,
            0.0
          ],
          [
            -1.1460653225,
            50.8799078234,
            0.0
          ],
          [
            -1.1457971016,
            50.879880746,
            0.0
          ],
          [
            -1.1460438649,
            50.879616741,
            0.0
          ],
          [
            -1.146033136,
            50.8793459651,
            0.0
          ],
          [
            -1.1457005421,
            50.8788924118,
            0.0
          ],
          [
            -1.1454966942,
            50.8782763847,
            0.0
          ],
          [
            -1.1451667825,
            50.8777348156,
            0.0
          ],
          [
            -1.1450246254,
            50.8772338587,
            0.0
          ],
          [
            -1.1448207775,
            50.8770781547,
            0.0
          ],
          [
            -1.1447859088,
            50.8765941153,
            0.0
          ],
          [
            -1.1446893493,
            50.8763774806,
            0.0
          ],
          [
            -1.1438659111,
            50.8752096669,
            0.0
          ],
          [
            -1.1427071968,
            50.8732869418,
            0.0
          ],
          [
            -1.1426991502,
            50.8731887724,
            0.0
          ],
          [
            -1.1431175748,
            50.8723661721,
            0.0
          ],
          [
            -1.1435681859,
            50.8716485008,
            0.0
          ],
          [
            -1.1435413638,
            50.8714690812,
            0.0
          ],
          [
            -1.1431122104,
            50.8712354962,
            0.0
          ],
          [
            -1.1431175748,
            50.8709037358,
            0.0
          ],
          [
            -1.1436620632,
            50.8708834239,
            0.0
          ],
          [
            -1.143106846,
            50.8708495706,
            0.0
          ],
          [
            -1.1431443969,
            50.8706125972,
            0.0
          ],
          [
            -1.1421466152,
            50.8703586957,
            0.0
          ],
          [
            -1.1410522739,
            50.8700066168,
            0.0
          ],
          [
            -1.1387241165,
            50.8690654695,
            0.0
          ],
          [
            -1.1385578195,
            50.8691162513,
            0.0
          ],
          [
            -1.1380428354,
            50.8694751079,
            0.0
          ],
          [
            -1.1374634782,
            50.8696816184,
            0.0
          ],
          [
            -1.136151878,
            50.8703282275,
            0.0
          ],
          [
            -1.1357736865,
            50.8712151844,
            0.0
          ],
          [
            -1.1357575933,
            50.8713844491,
            0.0
          ],
          [
            -1.1358756105,
            50.8721021245,
            0.0
          ],
          [
            -1.1357844154,
            50.872108895,
            0.0
          ],
          [
            -1.1357307712,
            50.8721461325,
            0.0
          ],
          [
            -1.1345532814,
            50.872108895,
            0.0
          ],
          [
            -1.1336279193,
            50.8719734854,
            0.0
          ],
          [
            -1.1333623806,
            50.8719531739,
            0.0
          ],
          [
            -1.1321205179,
            50.8718685427,
            0.0
          ],
          [
            -1.1308974305,
            50.8718346901,
            0.0
          ],
          [
            -1.1296314279,
            50.8719260919,
            0.0
          ],
          [
            -1.1293819825,
            50.8719667149,
            0.0
          ],
          [
            -1.1292639653,
            50.8721630587,
            0.0
          ],
          [
            -1.1282259504,
            50.8722002962,
            0.0
          ],
          [
            -1.126796333,
            50.8720547312,
            0.0
          ],
          [
            -1.1257422248,
            50.8718414607,
            0.0
          ],
          [
            -1.124486951,
            50.8717974523,
            0.0
          ],
          [
            -1.122292904,
            50.8720039526,
            0.0
          ],
          [
            -1.1207627302,
            50.872080476,
            0.0
          ],
          [
            -1.1206487099,
            50.8721698292,
            0.0
          ],
          [
            -1.1192137281,
            50.8717399029,
            0.0
          ],
          [
            -1.1189133207,
            50.8715841806,
            0.0
          ],
          [
            -1.1183929721,
            50.8712693492,
            0.0
          ],
          [
            -1.1181944887,
            50.8713235139,
            0.0
          ],
          [
            -1.1180496494,
            50.8714555401,
            0.0
          ],
          [
            -1.1179477254,
            50.8715198604,
            0.0
          ],
          [
            -1.1177814285,
            50.8717297471,
            0.0
          ],
          [
            -1.1178699414,
            50.8719396329,
            0.0
          ],
          [
            -1.1180764715,
            50.8720208788,
            0.0
          ],
          [
            -1.1182695905,
            50.8720851983,
            0.0
          ],
          [
            -1.1182347218,
            50.8727994778,
            0.0
          ],
          [
            -1.1182910482,
            50.8737574752,
            0.0
          ],
          [
            -1.1182320396,
            50.873781171,
            0.0
          ],
          [
            -1.1121058742,
            50.8738962647,
            0.0
          ],
          [
            -1.1115211526,
            50.8732869418,
            0.0
          ],
          [
            -1.1105581446,
            50.8735278587,
            0.0
          ],
          [
            -1.1101264039,
            50.8734866652,
            0.0
          ],
          [
            -1.1099708358,
            50.8735374422,
            0.0
          ],
          [
            -1.109909145,
            50.8735306719,
            0.0
          ],
          [
            -1.1097669879,
            50.8735408273,
            0.0
          ],
          [
            -1.1096926037,
            50.8735466783,
            0.0
          ],
          [
            -1.1092224995,
            50.8735103611,
            0.0
          ],
          [
            -1.1088577191,
            50.8737270091,
            0.0
          ],
          [
            -1.1086216847,
            50.8736863877,
            0.0
          ],
          [
            -1.108407108,
            50.8737270091,
            0.0
          ],
          [
            -1.1082971374,
            50.8736559216,
            0.0
          ],
          [
            -1.1082032601,
            50.8734223476,
            0.0
          ],
          [
            -1.1077821533,
            50.8724609581,
            0.0
          ],
          [
            -1.1073373003,
            50.8720153488,
            0.0
          ],
          [
            -1.1077541017,
            50.8724454443,
            0.0
          ],
          [
            -1.1083233507,
            50.8736790588,
            0.0
          ],
          [
            -1.1088591718,
            50.873718266,
            0.0
          ],
          [
            -1.1092132234,
            50.8735083882,
            0.0
          ],
          [
            -1.1097496652,
            50.8734745369,
            0.0
          ],
          [
            -1.1098676824,
            50.8730886298,
            0.0
          ],
          [
            -1.110414853,
            50.8725673117,
            0.0
          ],
          [
            -1.1101098181,
            50.8721017311,
            0.0
          ],
          [
            -1.1100715302,
            50.8713621644,
            0.0
          ],
          [
            -1.1104470395,
            50.8706580189,
            0.0
          ],
          [
            -1.1096165348,
            50.870386377,
            0.0
          ],
          [
            -1.1087733411,
            50.8702314641,
            0.0
          ],
          [
            -1.1067852088,
            50.8698110319,
            0.0
          ],
          [
            -1.1037430292,
            50.8688362592,
            0.0
          ],
          [
            -1.1028724813,
            50.8688569832,
            0.0
          ],
          [
            -1.1002546453,
            50.868877296,
            0.0
          ],
          [
            -1.0982805394,
            50.8689517763,
            0.0
          ],
          [
            -1.0974436902,
            50.8690939655,
            0.0
          ],
          [
            -1.0962742471,
            50.8688840669,
            0.0
          ],
          [
            -1.0942679547,
            50.8690397982,
            0.0
          ],
          [
            -1.0939782762,
            50.8690804237,
            0.0
          ],
          [
            -1.0939675473,
            50.8692835506,
            0.0
          ],
          [
            -1.0913818978,
            50.8700147999,
            0.0
          ],
          [
            -1.0892039441,
            50.8707460377,
            0.0
          ],
          [
            -1.0881954335,
            50.8708882215,
            0.0
          ],
          [
            -1.0875302457,
            50.8708949921,
            0.0
          ],
          [
            -1.087444415,
            50.8707934323,
            0.0
          ],
          [
            -1.0868221425,
            50.8707528084,
            0.0
          ],
          [
            -1.085352292,
            50.8701028198,
            0.0
          ],
          [
            -1.0849338674,
            50.8699877168,
            0.0
          ],
          [
            -1.0844403409,
            50.8699267797,
            0.0
          ],
          [
            -1.084300866,
            50.869818447,
            0.0
          ],
          [
            -1.0834854745,
            50.8696559475,
            0.0
          ],
          [
            -1.0827237271,
            50.8694460514,
            0.0
          ],
          [
            -1.0823804044,
            50.8694392805,
            0.0
          ],
          [
            -1.0815650128,
            50.8692429253,
            0.0
          ],
          [
            -1.079526534,
            50.8690194855,
            0.0
          ],
          [
            -1.0794514321,
            50.8686267706,
            0.0
          ],
          [
            -1.0786896848,
            50.8684710379,
            0.0
          ],
          [
            -1.0783785485,
            50.8684371829,
            0.0
          ],
          [
            -1.0776597165,
            50.8684981219,
            0.0
          ],
          [
            -1.0765439176,
            50.8685252058,
            0.0
          ],
          [
            -1.0746127271,
            50.8688366703,
            0.0
          ],
          [
            -1.0742003187,
            50.8687919094,
            0.0
          ],
          [
            -1.0714906358,
            50.8690871946,
            0.0
          ],
          [
            -1.0704821252,
            50.8692767797,
            0.0
          ],
          [
            -1.0694736146,
            50.869418968,
            0.0
          ],
          [
            -1.069248309,
            50.8698387594,
            0.0
          ],
          [
            -1.0674351357,
            50.8698049054,
            0.0
          ],
          [
            -1.0659652852,
            50.870041883,
            0.0
          ],
          [
            -1.0653200853,
            50.8700514033,
            0.0
          ],
          [
            -1.0621136331,
            50.8692970923,
            0.0
          ],
          [
            -1.0593885087,
            50.8684642669,
            0.0
          ],
          [
            -1.0568135881,
            50.8678277886,
            0.0
          ],
          [
            -1.0549253129,
            50.8676111132,
            0.0
          ],
          [
            -1.0536593102,
            50.8672048441,
            0.0
          ],
          [
            -1.0524469518,
            50.8669001399,
            0.0
          ],
          [
            -1.0523074769,
            50.8669881657,
            0.0
          ],
          [
            -1.0505264901,
            50.8666157475,
            0.0
          ],
          [
            -1.0502153539,
            50.8666225188,
            0.0
          ],
          [
            -1.0497325563,
            50.8671032762,
            0.0
          ],
          [
            -1.0480588578,
            50.8669881657,
            0.0
          ],
          [
            -1.0459452771,
            50.8667376302,
            0.0
          ],
          [
            -1.0454624795,
            50.8671642169,
            0.0
          ],
          [
            -1.0454088353,
            50.8677600777,
            0.0
          ],
          [
            -1.0445699336,
            50.8677017702,
            0.0
          ],
          [
            -1.0414606236,
            50.8671168186,
            0.0
          ],
          [
            -1.0408168935,
            50.8671879161,
            0.0
          ],
          [
            -1.0384458207,
            50.8679665958,
            0.0
          ],
          [
            -1.0365897321,
            50.8684473394,
            0.0
          ],
          [
            -1.0359567308,
            50.8681900406,
            0.0
          ],
          [
            -1.0353773736,
            50.8683254612,
            0.0
          ],
          [
            -1.0350769662,
            50.8682035827,
            0.0
          ],
          [
            -1.034830203,
            50.8674452204,
            0.0
          ],
          [
            -1.0339504384,
            50.8675400164,
            0.0
          ],
          [
            -1.0324484014,
            50.8674181358,
            0.0
          ],
          [
            -1.0312038564,
            50.8674113646,
            0.0
          ],
          [
            -1.0281568669,
            50.8677905476,
            0.0
          ],
          [
            -1.0268908643,
            50.8679395115,
            0.0
          ],
          [
            -1.0259467267,
            50.867749921,
            0.0
          ],
          [
            -1.0259601378,
            50.8676517399,
            0.0
          ],
          [
            -1.0248765253,
            50.8673233396,
            0.0
          ],
          [
            -1.0226610207,
            50.8672454711,
            0.0
          ],
          [
            -1.0226288342,
            50.8670931194,
            0.0
          ],
          [
            -1.0224625372,
            50.8667410158,
            0.0
          ],
          [
            -1.0223606133,
            50.8660977427,
            0.0
          ],
          [
            -1.0224249863,
            50.865545875,
            0.0
          ],
          [
            -1.0229775213,
            50.8643981046,
            0.0
          ],
          [
            -1.0229238771,
            50.8643744041,
            0.0
          ],
          [
            -1.022768309,
            50.8644455057,
            0.0
          ],
          [
            -1.021523764,
            50.8644522773,
            0.0
          ],
          [
            -1.0215398573,
            50.8642592869,
            0.0
          ],
          [
            -1.0219046377,
            50.8642322004,
            0.0
          ],
          [
            -1.0219368242,
            50.8638326735,
            0.0
          ],
          [
            -1.0219743752,
            50.8631893602,
            0.0
          ],
          [
            -1.0220065617,
            50.8630336094,
            0.0
          ],
          [
            -1.0213655137,
            50.8628710862,
            0.0
          ],
          [
            -1.0210463308,
            50.8627864385,
            0.0
          ],
          [
            -1.020762989,
            50.8626766865,
            0.0
          ],
          [
            -1.0200780534,
            50.8624241445,
            0.0
          ],
          [
            -1.0196810864,
            50.862200672,
            0.0
          ],
          [
            -1.01918756,
            50.8613880359,
            0.0
          ],
          [
            -1.0182675623,
            50.8609343079,
            0.0
          ],
          [
            -1.0179349684,
            50.8608225682,
            0.0
          ],
          [
            -1.0176533364,
            50.8607243725,
            0.0
          ],
          [
            -1.0170391106,
            50.8604873476,
            0.0
          ],
          [
            -1.0170498394,
            50.8599828192,
            0.0
          ],
          [
            -1.0169371866,
            50.8594579683,
            0.0
          ],
          [
            -1.0167428169,
            50.8589591185,
            0.0
          ],
          [
            -1.0166314148,
            50.8585403117,
            0.0
          ],
          [
            -1.0164831796,
            50.8583170884,
            0.0
          ],
          [
            -1.0153601828,
            50.8584457975,
            0.0
          ],
          [
            -1.0132652425,
            50.8580967147,
            0.0
          ],
          [
            -1.0054273229,
            50.8578414076,
            0.0
          ],
          [
            -1.0049289369,
            50.8578529039,
            0.0
          ],
          [
            -1.0041671895,
            50.8576429547,
            0.0
          ],
          [
            -1.0035771035,
            50.8572975523,
            0.0
          ],
          [
            -1.0031801366,
            50.8568302391,
            0.0
          ],
          [
            -1.0029199623,
            50.856450967,
            0.0
          ],
          [
            -1.0024702415,
            50.8555850704,
            0.0
          ],
          [
            -1.0023674273,
            50.8554011799,
            0.0
          ],
          [
            -1.0023727917,
            50.8541888157,
            0.0
          ],
          [
            -1.0024747156,
            50.8536909922,
            0.0
          ],
          [
            -1.0025471353,
            50.853613101,
            0.0
          ],
          [
            -1.0026839279,
            50.8535758486,
            0.0
          ],
          [
            -1.0026302837,
            50.853274442,
            0.0
          ],
          [
            -1.0027858519,
            50.8529391671,
            0.0
          ],
          [
            -1.0032981538,
            50.8529628735,
            0.0
          ],
          [
            -1.0032230519,
            50.8528883677,
            0.0
          ],
          [
            -1.0029124531,
            50.852804884,
            0.0
          ],
          [
            -1.0026222371,
            50.8519807419,
            0.0
          ],
          [
            -1.0025927328,
            50.8518418871,
            0.0
          ],
          [
            -1.0026758813,
            50.8509511748,
            0.0
          ],
          [
            -1.0028368138,
            50.8510324572,
            0.0
          ],
          [
            -1.0024076604,
            50.8512627567,
            0.0
          ],
          [
            -1.0013669633,
            50.8517775396,
            0.0
          ],
          [
            -1.0002297067,
            50.8523600503,
            0.0
          ],
          [
            -1.000194838,
            50.8521094361,
            0.0
          ],
          [
            -1.0000258588,
            50.8520146088,
            0.0
          ],
          [
            -0.9998220109,
            50.8517639928,
            0.0
          ],
          [
            -0.9995510696,
            50.8515824813,
            0.0
          ],
          [
            -0.9993204378,
            50.8515336958,
            0.0
          ],
          [
            -0.9988778733,
            50.851493055,
            0.0
          ],
          [
            -0.9985452794,
            50.8514998285,
            0.0
          ],
          [
            -0.9979981088,
            50.8516556179,
            0.0
          ],
          [
            -0.9978586339,
            50.8517978599,
            0.0
          ],
          [
            -0.9976655149,
            50.8517368991,
            0.0
          ],
          [
            -0.9974938535,
            50.8517436725,
            0.0
          ],
          [
            -0.9961805542,
            50.8520545281,
            0.0
          ],
          [
            -0.9939426087,
            50.8536469668,
            0.0
          ],
          [
            -0.9903162622,
            50.8528341816,
            0.0
          ],
          [
            -0.9865826272,
            50.8520146088,
            0.0
          ],
          [
            -0.9848633312,
            50.8517335124,
            0.0
          ],
          [
            -0.983372023,
            50.8516285241,
            0.0
          ],
          [
            -0.9824547075,
            50.8515032152,
            0.0
          ],
          [
            -0.9825915002,
            50.8509223872,
            0.0
          ],
          [
            -0.9827202462,
            50.8509088401,
            0.0
          ],
          [
            -0.9827417039,
            50.8508411046,
            0.0
          ],
          [
            -0.982832899,
            50.8508377178,
            0.0
          ],
          [
            -0.9824168166,
            50.851496367,
            0.0
          ],
          [
            -0.9815972223,
            50.8513946329,
            0.0
          ],
          [
            -0.9815543069,
            50.8512185221,
            0.0
          ],
          [
            -0.981581129,
            50.8506630915,
            0.0
          ],
          [
            -0.9807657375,
            50.8505310064,
            0.0
          ],
          [
            -0.9806423559,
            50.850605516,
            0.0
          ],
          [
            -0.9798859729,
            50.8505276196,
            0.0
          ],
          [
            -0.9798859729,
            50.8504768176,
            0.0
          ],
          [
            -0.9798537864,
            50.8504294023,
            0.0
          ],
          [
            -0.9792905225,
            50.8503718265,
            0.0
          ],
          [
            -0.9787165298,
            50.8503718265,
            0.0
          ],
          [
            -0.9786414279,
            50.8503142506,
            0.0
          ],
          [
            -0.9781747236,
            50.8500399176,
            0.0
          ],
          [
            -0.9776651039,
            50.8496741377,
            0.0
          ],
          [
            -0.9773486032,
            50.8495623711,
            0.0
          ],
          [
            -0.9772627725,
            50.8494201222,
            0.0
          ],
          [
            -0.9773217811,
            50.8493422238,
            0.0
          ],
          [
            -0.977396883,
            50.8487495147,
            0.0
          ],
          [
            -0.9774397983,
            50.8480924454,
            0.0
          ],
          [
            -0.9777294769,
            50.8469340843,
            0.0
          ],
          [
            -0.9778635873,
            50.8464395705,
            0.0
          ],
          [
            -0.9781747236,
            50.8455453678,
            0.0
          ],
          [
            -0.9782873764,
            50.8453658478,
            0.0
          ],
          [
            -0.9796713962,
            50.844234517,
            0.0
          ],
          [
            -0.9808837547,
            50.8432149409,
            0.0
          ],
          [
            -0.9807871952,
            50.8431336449,
            0.0
          ],
          [
            -0.9803312196,
            50.8419311241,
            0.0
          ],
          [
            -0.9796767606,
            50.8403593319,
            0.0
          ],
          [
            -0.9794943704,
            50.8403085188,
            0.0
          ],
          [
            -0.9792529716,
            50.839939275,
            0.0
          ],
          [
            -0.9792851581,
            50.8396885941,
            0.0
          ],
          [
            -0.9787540807,
            50.8396750437,
            0.0
          ],
          [
            -0.978410758,
            50.8398342602,
            0.0
          ],
          [
            -0.9779708757,
            50.8403152938,
            0.0
          ],
          [
            -0.9776221885,
            50.8409047227,
            0.0
          ],
          [
            -0.9776758327,
            50.8409961851,
            0.0
          ],
          [
            -0.9774880781,
            50.8411282972,
            0.0
          ],
          [
            -0.9773539676,
            50.8413552581,
            0.0
          ],
          [
            -0.9764259233,
            50.8417380404,
            0.0
          ],
          [
            -0.9754731055,
            50.8421015024,
            0.0
          ],
          [
            -0.9747522249,
            50.8423105143,
            0.0
          ],
          [
            -0.9743498935,
            50.8423918118,
            0.0
          ],
          [
            -0.9729605093,
            50.8424731091,
            0.0
          ],
          [
            -0.9722145838,
            50.8424700944,
            0.0
          ],
          [
            -0.971260307,
            50.8423923775,
            0.0
          ],
          [
            -0.9701817407,
            50.8420649272,
            0.0
          ],
          [
            -0.9690981283,
            50.841800708,
            0.0
          ],
          [
            -0.9674458875,
            50.8428033782,
            0.0
          ],
          [
            -0.9674132605,
            50.8434299562,
            0.0
          ],
          [
            -0.9665393009,
            50.8434520536,
            0.0
          ],
          [
            -0.966464199,
            50.8437399746,
            0.0
          ],
          [
            -0.966233529,
            50.8437332,
            0.0
          ],
          [
            -0.9662228002,
            50.8436688413,
            0.0
          ],
          [
            -0.9653001203,
            50.8435333491,
            0.0
          ],
          [
            -0.9652142896,
            50.8434927014,
            0.0
          ],
          [
            -0.9640341177,
            50.8434622156,
            0.0
          ],
          [
            -0.9638409986,
            50.8434317297,
            0.0
          ],
          [
            -0.9630095138,
            50.843445279,
            0.0
          ],
          [
            -0.9628807678,
            50.8434757648,
            0.0
          ],
          [
            -0.9625795191,
            50.8433863767,
            0.0
          ],
          [
            -0.9584217564,
            50.84243224,
            0.0
          ],
          [
            -0.9565614833,
            50.8424324605,
            0.0
          ],
          [
            -0.9564112796,
            50.8424155235,
            0.0
          ],
          [
            -0.9563844575,
            50.8416702916,
            0.0
          ],
          [
            -0.9559123888,
            50.8412299216,
            0.0
          ],
          [
            -0.9536807909,
            50.8419717732,
            0.0
          ],
          [
            -0.9527366533,
            50.84244601,
            0.0
          ],
          [
            -0.952463068,
            50.8424968208,
            0.0
          ],
          [
            -0.9521841182,
            50.8428321707,
            0.0
          ],
          [
            -0.9522109403,
            50.8431404196,
            0.0
          ],
          [
            -0.951347269,
            50.8432928495,
            0.0
          ],
          [
            -0.950757183,
            50.8431167082,
            0.0
          ],
          [
            -0.9500437154,
            50.8431031588,
            0.0
          ],
          [
            -0.9482895507,
            50.8429134673,
            0.0
          ],
          [
            -0.9479569568,
            50.8429066926,
            0.0
          ],
          [
            -0.9472113027,
            50.8428897558,
            0.0
          ],
          [
            -0.9464602842,
            50.842920242,
            0.0
          ],
          [
            -0.9451030864,
            50.8428728191,
            0.0
          ],
          [
            -0.9446792974,
            50.842788135,
            0.0
          ],
          [
            -0.9435903205,
            50.8424663344,
            0.0
          ],
          [
            -0.9423886909,
            50.8425239199,
            0.0
          ],
          [
            -0.9409939422,
            50.8424222983,
            0.0
          ],
          [
            -0.9398352279,
            50.8423714874,
            0.0
          ],
          [
            -0.939605442,
            50.842294579,
            0.0
          ],
          [
            -0.9389286413,
            50.8421885678,
            0.0
          ],
          [
            -0.9382849111,
            50.8423443883,
            0.0
          ],
          [
            -0.9377913846,
            50.8427237751,
            0.0
          ],
          [
            -0.9374641551,
            50.843370758,
            0.0
          ],
          [
            -0.9372764005,
            50.843885628,
            0.0
          ],
          [
            -0.9373300447,
            50.8440211192,
            0.0
          ],
          [
            -0.9378664865,
            50.8441396737,
            0.0
          ],
          [
            -0.9378074779,
            50.8444174286,
            0.0
          ],
          [
            -0.9376787319,
            50.8445122714,
            0.0
          ],
          [
            -0.9376519098,
            50.8445935651,
            0.0
          ],
          [
            -0.9375499858,
            50.8446308246,
            0.0
          ],
          [
            -0.9374051466,
            50.8452439093,
            0.0
          ],
          [
            -0.9371637477,
            50.8455623036,
            0.0
          ],
          [
            -0.9368150606,
            50.8458265015,
            0.0
          ],
          [
            -0.9365951194,
            50.8460331168,
            0.0
          ],
          [
            -0.936396636,
            50.8463989253,
            0.0
          ],
          [
            -0.9356563463,
            50.8460263426,
            0.0
          ],
          [
            -0.9353559389,
            50.8459213415,
            0.0
          ],
          [
            -0.9344439878,
            50.846175376,
            0.0
          ],
          [
            -0.9336876049,
            50.8464192479,
            0.0
          ],
          [
            -0.93308679,
            50.8465140866,
            0.0
          ],
          [
            -0.9327059164,
            50.8465479575,
            0.0
          ],
          [
            -0.9325396194,
            50.8462668281,
            0.0
          ],
          [
            -0.9324806108,
            50.8461042465,
            0.0
          ],
          [
            -0.9321319236,
            50.8453793965,
            0.0
          ],
          [
            -0.9318261518,
            50.8439974083,
            0.0
          ],
          [
            -0.9306358608,
            50.8439406279,
            0.0
          ],
          [
            -0.9306674375,
            50.8435231872,
            0.0
          ],
          [
            -0.9305279626,
            50.8432725256,
            0.0
          ],
          [
            -0.9304850473,
            50.8430421866,
            0.0
          ],
          [
            -0.930275835,
            50.842659415,
            0.0
          ],
          [
            -0.9298359527,
            50.8424527848,
            0.0
          ],
          [
            -0.9297125711,
            50.8417990143,
            0.0
          ],
          [
            -0.9293370618,
            50.8418328886,
            0.0
          ],
          [
            -0.9292190446,
            50.8418193389,
            0.0
          ],
          [
            -0.9291761293,
            50.8414297823,
            0.0
          ],
          [
            -0.9291224851,
            50.8410029601,
            0.0
          ],
          [
            -0.9291010274,
            50.8405524213,
            0.0
          ],
          [
            -0.9271000995,
            50.8405287086,
            0.0
          ],
          [
            -0.9258984699,
            50.840460958,
            0.0
          ],
          [
            -0.9242301359,
            50.8403152938,
            0.0
          ],
          [
            -0.9233020915,
            50.8402238301,
            0.0
          ],
          [
            -0.9223150386,
            50.8400341269,
            0.0
          ],
          [
            -0.9209041967,
            50.8397766713,
            0.0
          ],
          [
            -0.9194611682,
            50.8395361523,
            0.0
          ],
          [
            -0.9186779632,
            50.8394209738,
            0.0
          ],
          [
            -0.9175675287,
            50.8396174547,
            0.0
          ],
          [
            -0.9170525445,
            50.8397089196,
            0.0
          ],
          [
            -0.9161996021,
            50.8397698962,
            0.0
          ],
          [
            -0.9144078865,
            50.8399494377,
            0.0
          ],
          [
            -0.9138285293,
            50.840064615,
            0.0
          ],
          [
            -0.9137212409,
            50.8400171891,
            0.0
          ],
          [
            -0.9133135452,
            50.8401831795,
            0.0
          ],
          [
            -0.9131096973,
            50.8401933421,
            0.0
          ],
          [
            -0.9124123229,
            50.8401493039,
            0.0
          ],
          [
            -0.9113066718,
            50.840023845,
            0.0
          ],
          [
            -0.9101753606,
            50.8397698962,
            0.0
          ],
          [
            -0.9096174612,
            50.8396343926,
            0.0
          ],
          [
            -0.9094297065,
            50.8395124391,
            0.0
          ],
          [
            -0.9091883077,
            50.8389602568,
            0.0
          ],
          [
            -0.9089039936,
            50.838143828,
            0.0
          ],
          [
            -0.9088235273,
            50.8379405655,
            0.0
          ],
          [
            -0.9086733236,
            50.8378931374,
            0.0
          ],
          [
            -0.9079813137,
            50.8382522343,
            0.0
          ],
          [
            -0.9068655147,
            50.8384148433,
            0.0
          ],
          [
            -0.9060179367,
            50.8384656585,
            0.0
          ],
          [
            -0.9050791635,
            50.838428394,
            0.0
          ],
          [
            -0.9042530431,
            50.8384250063,
            0.0
          ],
          [
            -0.9025525226,
            50.8382488466,
            0.0
          ],
          [
            -0.9009807481,
            50.8379913812,
            0.0
          ],
          [
            -0.9002243652,
            50.8379134637,
            0.0
          ],
          [
            -0.8989529981,
            50.8378660357,
            0.0
          ],
          [
            -0.8987115993,
            50.8379981566,
            0.0
          ],
          [
            -0.8982824459,
            50.8388484645,
            0.0
          ],
          [
            -0.898078598,
            50.8390381725,
            0.0
          ],
          [
            -0.8978103771,
            50.8390618859,
            0.0
          ],
          [
            -0.8964317216,
            50.8389534815,
            0.0
          ],
          [
            -0.8953326126,
            50.8387127038,
            0.0
          ],
          [
            -0.8947526588,
            50.8386113284,
            0.0
          ],
          [
            -0.8937816991,
            50.8383166004,
            0.0
          ],
          [
            -0.8932829102,
            50.8376208362,
            0.0
          ],
          [
            -0.8925693407,
            50.8360061396,
            0.0
          ],
          [
            -0.8923923149,
            50.835924831,
            0.0
          ],
          [
            -0.8922152891,
            50.8354030973,
            0.0
          ],
          [
            -0.8921026363,
            50.8348373146,
            0.0
          ],
          [
            -0.8905040397,
            50.8349457286,
            0.0
          ],
          [
            -0.8890288248,
            50.8351388404,
            0.0
          ],
          [
            -0.8872639312,
            50.8352167624,
            0.0
          ],
          [
            -0.8864217176,
            50.8351862712,
            0.0
          ],
          [
            -0.8858638181,
            50.8349389527,
            0.0
          ],
          [
            -0.8856599702,
            50.8348813578,
            0.0
          ],
          [
            -0.8854239358,
            50.8346984088,
            0.0
          ],
          [
            -0.8849357738,
            50.8345120711,
            0.0
          ],
          [
            -0.883873619,
            50.8343731643,
            0.0
          ],
          [
            -0.8825754299,
            50.834271525,
            0.0
          ],
          [
            -0.8826451673,
            50.8336210279,
            0.0
          ],
          [
            -0.8827792778,
            50.8331433133,
            0.0
          ],
          [
            -0.8831333293,
            50.8326825343,
            0.0
          ],
          [
            -0.8838789834,
            50.8319811928,
            0.0
          ],
          [
            -0.8843671455,
            50.8314628032,
            0.0
          ],
          [
            -0.8843886032,
            50.831283229,
            0.0
          ],
          [
            -0.8840560092,
            50.829385799,
            0.0
          ],
          [
            -0.8838843479,
            50.829257042,
            0.0
          ],
          [
            -0.8834444656,
            50.8291858867,
            0.0
          ],
          [
            -0.8830474987,
            50.8291824983,
            0.0
          ],
          [
            -0.8825754299,
            50.8292807604,
            0.0
          ],
          [
            -0.8820365848,
            50.8294037056,
            0.0
          ],
          [
            -0.8821020483,
            50.8301113475,
            0.0
          ],
          [
            -0.8817147197,
            50.8302304521,
            0.0
          ],
          [
            -0.8800946654,
            50.8301288038,
            0.0
          ],
          [
            -0.8790646972,
            50.8300813678,
            0.0
          ],
          [
            -0.8783351363,
            50.8301830163,
            0.0
          ],
          [
            -0.8781527461,
            50.83015591,
            0.0
          ],
          [
            -0.8738075675,
            50.8308403378,
            0.0
          ],
          [
            -0.8734964313,
            50.8315112027,
            0.0
          ],
          [
            -0.8743118228,
            50.8326834992,
            0.0
          ],
          [
            -0.8733140411,
            50.833137502,
            0.0
          ],
          [
            -0.8719943942,
            50.8334356507,
            0.0
          ],
          [
            -0.8714472236,
            50.8333678898,
            0.0
          ],
          [
            -0.8704368155,
            50.8336978083,
            0.0
          ],
          [
            -0.8699701534,
            50.8337969731,
            0.0
          ],
          [
            -0.8697735252,
            50.8339099743,
            0.0
          ],
          [
            -0.869784254,
            50.8341335824,
            0.0
          ],
          [
            -0.8705567302,
            50.8350076762,
            0.0
          ],
          [
            -0.8707176627,
            50.83571236,
            0.0
          ],
          [
            -0.8709751548,
            50.8364847897,
            0.0
          ],
          [
            -0.8707283916,
            50.8371894513,
            0.0
          ],
          [
            -0.8703957977,
            50.837582431,
            0.0
          ],
          [
            -0.8703850688,
            50.8379754074,
            0.0
          ],
          [
            -0.8700095596,
            50.8383209529,
            0.0
          ],
          [
            -0.8700202884,
            50.8387884515,
            0.0
          ],
          [
            -0.8697302081,
            50.8391725965,
            0.0
          ],
          [
            -0.8697520675,
            50.8399131392,
            0.0
          ],
          [
            -0.8696340503,
            50.8400283165,
            0.0
          ],
          [
            -0.8696447791,
            50.8401570438,
            0.0
          ],
          [
            -0.8690868797,
            50.8405296733,
            0.0
          ],
          [
            -0.8681856574,
            50.8408887499,
            0.0
          ],
          [
            -0.8681427421,
            50.8411123245,
            0.0
          ],
          [
            -0.8678530635,
            50.8412545987,
            0.0
          ],
          [
            -0.8675097408,
            50.8413223481,
            0.0
          ],
          [
            -0.86707971,
            50.8414636866,
            0.0
          ],
          [
            -0.8648811759,
            50.8425824701,
            0.0
          ],
          [
            -0.8641301574,
            50.8426773166,
            0.0
          ],
          [
            -0.8625315608,
            50.8424876234,
            0.0
          ],
          [
            -0.8610938968,
            50.8423182538,
            0.0
          ],
          [
            -0.8600102843,
            50.8420337115,
            0.0
          ],
          [
            -0.8587657394,
            50.8418101413,
            0.0
          ],
          [
            -0.8593665542,
            50.8400960677,
            0.0
          ],
          [
            -0.8576928558,
            50.8395472799,
            0.0
          ],
          [
            -0.8577572288,
            50.8389442833,
            0.0
          ],
          [
            -0.857875246,
            50.8383819312,
            0.0
          ],
          [
            -0.8585833491,
            50.837582431,
            0.0
          ],
          [
            -0.8591090621,
            50.8374875741,
            0.0
          ],
          [
            -0.8589630152,
            50.836091462,
            0.0
          ],
          [
            -0.8596776904,
            50.8350280037,
            0.0
          ],
          [
            -0.8605808699,
            50.8347071797,
            0.0
          ],
          [
            -0.8607613029,
            50.8335305159,
            0.0
          ],
          [
            -0.8607613029,
            50.8325818561,
            0.0
          ],
          [
            -0.8607024217,
            50.8319761558,
            0.0
          ],
          [
            -0.861012901,
            50.8315642129,
            0.0
          ],
          [
            -0.8612361919,
            50.8302521897,
            0.0
          ],
          [
            -0.8612655582,
            50.8300678146,
            0.0
          ],
          [
            -0.8612011851,
            50.8293833756,
            0.0
          ],
          [
            -0.860814947,
            50.829268172,
            0.0
          ],
          [
            -0.8606938135,
            50.8289844505,
            0.0
          ],
          [
            -0.8603428783,
            50.8288344618,
            0.0
          ],
          [
            -0.859902996,
            50.828854792,
            0.0
          ],
          [
            -0.8592243073,
            50.8287796446,
            0.0
          ],
          [
            -0.8588193835,
            50.8287599174,
            0.0
          ],
          [
            -0.8584438743,
            50.828651489,
            0.0
          ],
          [
            -0.8573817195,
            50.8287599174,
            0.0
          ],
          [
            -0.857181531,
            50.8285691169,
            0.0
          ],
          [
            -0.8557723941,
            50.8289767734,
            0.0
          ],
          [
            -0.8544742049,
            50.8292478419,
            0.0
          ],
          [
            -0.854077238,
            50.8293494922,
            0.0
          ],
          [
            -0.8537446441,
            50.8293223855,
            0.0
          ],
          [
            -0.8533798637,
            50.8294308123,
            0.0
          ],
          [
            -0.8525517591,
            50.8291800747,
            0.0
          ],
          [
            -0.8517097443,
            50.828998733,
            0.0
          ],
          [
            -0.8514486732,
            50.8287463639,
            0.0
          ],
          [
            -0.8511482658,
            50.8286921497,
            0.0
          ],
          [
            -0.8509534793,
            50.8286626094,
            0.0
          ],
          [
            -0.8480436061,
            50.828183852,
            0.0
          ],
          [
            -0.8464275779,
            50.8280890129,
            0.0
          ],
          [
            -0.8453225078,
            50.8280144674,
            0.0
          ],
          [
            -0.8449684562,
            50.8279670292,
            0.0
          ],
          [
            -0.8449255408,
            50.827858599,
            0.0
          ],
          [
            -0.8447109641,
            50.8278111607,
            0.0
          ],
          [
            -0.844067234,
            50.8278382683,
            0.0
          ],
          [
            -0.8415888728,
            50.8278247145,
            0.0
          ],
          [
            -0.8404835656,
            50.8280386083,
            0.0
          ],
          [
            -0.8400331916,
            50.828034798,
            0.0
          ],
          [
            -0.8398186149,
            50.8278721528,
            0.0
          ],
          [
            -0.8396254958,
            50.8277840531,
            0.0
          ],
          [
            -0.838831562,
            50.8277976069,
            0.0
          ],
          [
            -0.8386384429,
            50.8279873599,
            0.0
          ],
          [
            -0.8381663741,
            50.8280009136,
            0.0
          ],
          [
            -0.8355163516,
            50.8274790913,
            0.0
          ],
          [
            -0.8325230064,
            50.8269301551,
            0.0
          ],
          [
            -0.8276091994,
            50.8264896461,
            0.0
          ],
          [
            -0.8241652431,
            50.8267946143,
            0.0
          ],
          [
            -0.8237575473,
            50.8245649117,
            0.0
          ],
          [
            -0.8213006438,
            50.8248834471,
            0.0
          ],
          [
            -0.8198200645,
            50.8250935438,
            0.0
          ],
          [
            -0.8194445552,
            50.8250461027,
            0.0
          ],
          [
            -0.8190154018,
            50.8251884259,
            0.0
          ],
          [
            -0.8182536544,
            50.8253171941,
            0.0
          ],
          [
            -0.8179425182,
            50.8257712686,
            0.0
          ],
          [
            -0.8178996028,
            50.8262863328,
            0.0
          ],
          [
            -0.8182214679,
            50.8268013914,
            0.0
          ],
          [
            -0.8182751121,
            50.8275468608,
            0.0
          ],
          [
            -0.8174489917,
            50.8292410652,
            0.0
          ],
          [
            -0.8169554652,
            50.8296951015,
            0.0
          ],
          [
            -0.8162795486,
            50.8299932723,
            0.0
          ],
          [
            -0.8158506978,
            50.830312051,
            0.0
          ],
          [
            -0.8143795713,
            50.8312479787,
            0.0
          ],
          [
            -0.8138011874,
            50.8316670589,
            0.0
          ],
          [
            -0.8136938991,
            50.8321278479,
            0.0
          ],
          [
            -0.8135436954,
            50.8322701494,
            0.0
          ],
          [
            -0.8137046279,
            50.8328596799,
            0.0
          ],
          [
            -0.8130930843,
            50.833191711,
            0.0
          ],
          [
            -0.8127068462,
            50.8335779483,
            0.0
          ],
          [
            -0.8124171676,
            50.8337405736,
            0.0
          ],
          [
            -0.8121253323,
            50.8339742396,
            0.0
          ],
          [
            -0.8110975207,
            50.8339845105,
            0.0
          ],
          [
            -0.8100675525,
            50.83381511,
            0.0
          ],
          [
            -0.8098422469,
            50.8334830833,
            0.0
          ],
          [
            -0.8096920432,
            50.8332323677,
            0.0
          ],
          [
            -0.8095632972,
            50.833137502,
            0.0
          ],
          [
            -0.8092950763,
            50.832107519,
            0.0
          ],
          [
            -0.8085762443,
            50.8309284317,
            0.0
          ],
          [
            -0.8081433497,
            50.8305782034,
            0.0
          ],
          [
            -0.8077393951,
            50.8305828315,
            0.0
          ],
          [
            -0.8078681411,
            50.8304066421,
            0.0
          ],
          [
            -0.8088015498,
            50.8301491335,
            0.0
          ],
          [
            -0.8108078422,
            50.8296476651,
            0.0
          ],
          [
            -0.8108400287,
            50.8293223855,
            0.0
          ],
          [
            -0.8104216041,
            50.828909006,
            0.0
          ],
          [
            -0.8102606715,
            50.828556614,
            0.0
          ],
          [
            -0.8103250446,
            50.8284007475,
            0.0
          ],
          [
            -0.8101104678,
            50.8282448805,
            0.0
          ],
          [
            -0.8096491279,
            50.8283329793,
            0.0
          ],
          [
            -0.809574026,
            50.828129674,
            0.0
          ],
          [
            -0.809638399,
            50.8267403979,
            0.0
          ],
          [
            -0.8103115809,
            50.8258797512,
            0.0
          ],
          [
            -0.8105396213,
            50.8244496962,
            0.0
          ],
          [
            -0.8092736186,
            50.8240023863,
            0.0
          ],
          [
            -0.8084904136,
            50.8239075018,
            0.0
          ],
          [
            -0.808007616,
            50.8236906223,
            0.0
          ],
          [
            -0.8066665115,
            50.8235550721,
            0.0
          ],
          [
            -0.8080935776,
            50.8237418787,
            0.0
          ],
          [
            -0.8084798157,
            50.8238909833,
            0.0
          ],
          [
            -0.8092308342,
            50.8240062001,
            0.0
          ],
          [
            -0.8105182945,
            50.8244060682,
            0.0
          ],
          [
            -0.8104431926,
            50.8251583532,
            0.0
          ],
          [
            -0.8103144466,
            50.8259174032,
            0.0
          ],
          [
            -0.8096063434,
            50.8267238803,
            0.0
          ],
          [
            -0.8095634281,
            50.8282419171,
            0.0
          ],
          [
            -0.8096921741,
            50.8282961318,
            0.0
          ],
          [
            -0.8101105987,
            50.828248694,
            0.0
          ],
          [
            -0.8103144466,
            50.8284316682,
            0.0
          ],
          [
            -0.8103895485,
            50.8288382752,
            0.0
          ],
          [
            -0.8107865154,
            50.8293058688,
            0.0
          ],
          [
            -0.8107650577,
            50.8296514785,
            0.0
          ],
          [
            -0.8103767436,
            50.8297367139,
            0.0
          ],
          [
            -0.8078897297,
            50.8303969024,
            0.0
          ],
          [
            -0.8076858818,
            50.8306001978,
            0.0
          ],
          [
            -0.8069563209,
            50.8319893591,
            0.0
          ],
          [
            -0.8063125908,
            50.8330803299,
            0.0
          ],
          [
            -0.8061838447,
            50.8332226286,
            0.0
          ],
          [
            -0.8056903183,
            50.8339205634,
            0.0
          ],
          [
            -0.8053738176,
            50.8339154814,
            0.0
          ],
          [
            -0.8054113685,
            50.8340984334,
            0.0
          ],
          [
            -0.8055615722,
            50.8341424774,
            0.0
          ],
          [
            -0.8056956827,
            50.8344440076,
            0.0
          ],
          [
            -0.8061838447,
            50.8343491444,
            0.0
          ],
          [
            -0.8063501417,
            50.8344440076,
            0.0
          ],
          [
            -0.8065271675,
            50.8349911615,
            0.0
          ],
          [
            -0.8070957958,
            50.8353231775,
            0.0
          ],
          [
            -0.8074927627,
            50.8356213122,
            0.0
          ],
          [
            -0.8075249492,
            50.8357636032,
            0.0
          ],
          [
            -0.8072889148,
            50.8357822365,
            0.0
          ],
          [
            -0.8067578375,
            50.8358228909,
            0.0
          ],
          [
            -0.8062482178,
            50.8358398303,
            0.0
          ],
          [
            -0.8059799968,
            50.8358669332,
            0.0
          ],
          [
            -0.8050358593,
            50.8358872604,
            0.0
          ],
          [
            -0.8049500286,
            50.8358330545,
            0.0
          ],
          [
            -0.8017581999,
            50.8358262788,
            0.0
          ],
          [
            -0.7985878288,
            50.8358110334,
            0.0
          ],
          [
            -0.79811576,
            50.8357229487,
            0.0
          ],
          [
            -0.7977080642,
            50.8357652971,
            0.0
          ],
          [
            -0.7978689968,
            50.835872015,
            0.0
          ],
          [
            -0.7978368103,
            50.8360668169,
            0.0
          ],
          [
            -0.7979977428,
            50.8361701463,
            0.0
          ],
          [
            -0.7979548275,
            50.83621927,
            0.0
          ],
          [
            -0.7976758777,
            50.8361769219,
            0.0
          ],
          [
            -0.7974183857,
            50.8360278566,
            0.0
          ],
          [
            -0.7969248592,
            50.8360007537,
            0.0
          ],
          [
            -0.796613723,
            50.835946548,
            0.0
          ],
          [
            -0.7964313328,
            50.8357924001,
            0.0
          ],
          [
            -0.7958680689,
            50.8357788486,
            0.0
          ],
          [
            -0.7951438724,
            50.8357771547,
            0.0
          ],
          [
            -0.7941514551,
            50.8358330545,
            0.0
          ],
          [
            -0.7936847507,
            50.835897424,
            0.0
          ],
          [
            -0.7900208532,
            50.8363209051,
            0.0
          ],
          [
            -0.7860243618,
            50.8368968332,
            0.0
          ],
          [
            -0.7849353849,
            50.8369374867,
            0.0
          ],
          [
            -0.7845920622,
            50.8370018546,
            0.0
          ],
          [
            -0.7842970192,
            50.8369950791,
            0.0
          ],
          [
            -0.7843131124,
            50.836785036,
            0.0
          ],
          [
            -0.7843184768,
            50.8364293156,
            0.0
          ],
          [
            -0.7841307222,
            50.8364293156,
            0.0
          ],
          [
            -0.7841897308,
            50.8363988252,
            0.0
          ],
          [
            -0.7843023836,
            50.8356636608,
            0.0
          ],
          [
            -0.7827735245,
            50.8351148208,
            0.0
          ],
          [
            -0.7826823293,
            50.8353214835,
            0.0
          ],
          [
            -0.7832831442,
            50.835507818,
            0.0
          ],
          [
            -0.783524543,
            50.8356704365,
            0.0
          ],
          [
            -0.7835191786,
            50.835768685,
            0.0
          ],
          [
            -0.7834011614,
            50.8358330545,
            0.0
          ],
          [
            -0.783165127,
            50.8357314184,
            0.0
          ],
          [
            -0.7826716005,
            50.835741582,
            0.0
          ],
          [
            -0.7824248373,
            50.8357077032,
            0.0
          ],
          [
            -0.7820976078,
            50.8355315332,
            0.0
          ],
          [
            -0.7817274629,
            50.8354569996,
            0.0
          ],
          [
            -0.7812500297,
            50.8353892416,
            0.0
          ],
          [
            -0.7810032665,
            50.8358940361,
            0.0
          ],
          [
            -0.7811051904,
            50.8359177512,
            0.0
          ],
          [
            -0.7816040813,
            50.8360295505,
            0.0
          ],
          [
            -0.7815665304,
            50.8362971903,
            0.0
          ],
          [
            -0.7814324199,
            50.8362938024,
            0.0
          ],
          [
            -0.7815504371,
            50.8363039659,
            0.0
          ],
          [
            -0.7815826236,
            50.8365648285,
            0.0
          ],
          [
            -0.7815397083,
            50.8367308311,
            0.0
          ],
          [
            -0.7810569107,
            50.8366901775,
            0.0
          ],
          [
            -0.7810139953,
            50.8366359725,
            0.0
          ],
          [
            -0.7795602381,
            50.8364564182,
            0.0
          ],
          [
            -0.7792759239,
            50.8365004599,
            0.0
          ],
          [
            -0.7792276441,
            50.8364293156,
            0.0
          ],
          [
            -0.7776826917,
            50.8363276808,
            0.0
          ],
          [
            -0.7742119133,
            50.8360922258,
            0.0
          ],
          [
            -0.7738042175,
            50.8362141882,
            0.0
          ],
          [
            -0.7736271917,
            50.8363801921,
            0.0
          ],
          [
            -0.7728654444,
            50.8367494641,
            0.0
          ],
          [
            -0.7716316282,
            50.837379591,
            0.0
          ],
          [
            -0.7718247473,
            50.8375286521,
            0.0
          ],
          [
            -0.7715887129,
            50.8374066931,
            0.0
          ],
          [
            -0.7700330316,
            50.8380977899,
            0.0
          ],
          [
            -0.7667285501,
            50.8396628831,
            0.0
          ],
          [
            -0.7653659879,
            50.8402455451,
            0.0
          ],
          [
            -0.765033394,
            50.8404081471,
            0.0
          ],
          [
            -0.7647881764,
            50.8405479061,
            0.0
          ],
          [
            -0.7614499628,
            50.8419731628,
            0.0
          ],
          [
            -0.7616216242,
            50.8421222092,
            0.0
          ],
          [
            -0.7612246572,
            50.8424270753,
            0.0
          ],
          [
            -0.7621902525,
            50.8444459162,
            0.0
          ],
          [
            -0.7615357935,
            50.8448185115,
            0.0
          ],
          [
            -0.7612461149,
            50.8450183568,
            0.0
          ],
          [
            -0.76110664,
            50.8451978782,
            0.0
          ],
          [
            -0.7608974277,
            50.8452961066,
            0.0
          ],
          [
            -0.7607955038,
            50.8454011091,
            0.0
          ],
          [
            -0.7608276903,
            50.8456585336,
            0.0
          ],
          [
            -0.760323435,
            50.8462411207,
            0.0
          ],
          [
            -0.7601625025,
            50.8463224114,
            0.0
          ],
          [
            -0.7598406374,
            50.8464307987,
            0.0
          ],
          [
            -0.7594980132,
            50.8463705132,
            0.0
          ],
          [
            -0.7589447796,
            50.8461395072,
            0.0
          ],
          [
            -0.758655101,
            50.8461598299,
            0.0
          ],
          [
            -0.7584780752,
            50.8459836994,
            0.0
          ],
          [
            -0.7576519548,
            50.8453740117,
            0.0
          ],
          [
            -0.7573086321,
            50.8453943347,
            0.0
          ],
          [
            -0.7565468847,
            50.846078539,
            0.0
          ],
          [
            -0.7562893926,
            50.8463359598,
            0.0
          ],
          [
            -0.7561821043,
            50.8466069275,
            0.0
          ],
          [
            -0.7559567987,
            50.8467017658,
            0.0
          ],
          [
            -0.7554954588,
            50.8466746692,
            0.0
          ],
          [
            -0.7552057802,
            50.8465324115,
            0.0
          ],
          [
            -0.7545084059,
            50.8469659573,
            0.0
          ],
          [
            -0.7537466585,
            50.8471420841,
            0.0
          ],
          [
            -0.7498145401,
            50.8477009437,
            0.0
          ],
          [
            -0.7497858157,
            50.8479427035,
            0.0
          ],
          [
            -0.7499540149,
            50.8482445552,
            0.0
          ],
          [
            -0.7502222358,
            50.8483800337,
            0.0
          ],
          [
            -0.7498789131,
            50.8488948485,
            0.0
          ],
          [
            -0.7498359977,
            50.8492707951,
            0.0
          ],
          [
            -0.7494068443,
            50.8497178629,
            0.0
          ],
          [
            -0.7490098774,
            50.8505493298,
            0.0
          ],
          [
            -0.74870947,
            50.8507728581,
            0.0
          ],
          [
            -0.7491064369,
            50.8516872809,
            0.0
          ],
          [
            -0.7492351829,
            50.852520406,
            0.0
          ],
          [
            -0.7492029964,
            50.8528184309,
            0.0
          ],
          [
            -0.7475507557,
            50.8543627112,
            0.0
          ],
          [
            -0.7439244091,
            50.8560762606,
            0.0
          ],
          [
            -0.7426798641,
            50.8580877383,
            0.0
          ],
          [
            -0.742486745,
            50.8581554634,
            0.0
          ],
          [
            -0.7425618469,
            50.8587582116,
            0.0
          ],
          [
            -0.7413602173,
            50.8589139768,
            0.0
          ],
          [
            -0.7402336895,
            50.8589749282,
            0.0
          ],
          [
            -0.7389676868,
            50.8590968308,
            0.0
          ],
          [
            -0.7383454143,
            50.8593270905,
            0.0
          ],
          [
            -0.7373476326,
            50.8601736236,
            0.0
          ],
          [
            -0.7372832596,
            50.8610472296,
            0.0
          ],
          [
            -0.7359528839,
            50.8631532978,
            0.0
          ],
          [
            -0.7350409328,
            50.8647920374,
            0.0
          ],
          [
            -0.733259946,
            50.8663020647,
            0.0
          ],
          [
            -0.7327664196,
            50.8666812567,
            0.0
          ],
          [
            -0.7320261299,
            50.8682995592,
            0.0
          ],
          [
            -0.7306635677,
            50.8679880911,
            0.0
          ],
          [
            -0.7292580902,
            50.8673245217,
            0.0
          ],
          [
            -0.7263613045,
            50.8668099104,
            0.0
          ],
          [
            -0.7197630703,
            50.8657535851,
            0.0
          ],
          [
            -0.7157397568,
            50.8654150142,
            0.0
          ],
          [
            -0.7126713096,
            50.8620765738,
            0.0
          ],
          [
            -0.7126927673,
            50.8611149503,
            0.0
          ],
          [
            -0.7127893268,
            50.8600855848,
            0.0
          ],
          [
            -0.7126391231,
            50.8593135458,
            0.0
          ],
          [
            -0.7112809207,
            50.8593326282,
            0.0
          ],
          [
            -0.7111370861,
            50.8597334283,
            0.0
          ],
          [
            -0.7113187422,
            50.8593257916,
            0.0
          ],
          [
            -0.7102407856,
            50.8593987859,
            0.0
          ],
          [
            -0.7085786801,
            50.8592291758,
            0.0
          ],
          [
            -0.7081962693,
            50.8592248808,
            0.0
          ],
          [
            -0.7079820741,
            50.8597253572,
            0.0
          ],
          [
            -0.7078533281,
            50.8609714379,
            0.0
          ],
          [
            -0.7077245821,
            50.8610459308,
            0.0
          ],
          [
            -0.7032935728,
            50.8612964969,
            0.0
          ],
          [
            -0.701641332,
            50.8616960456,
            0.0
          ],
          [
            -0.6985514272,
            50.8630571941,
            0.0
          ],
          [
            -0.6945817579,
            50.8640187776,
            0.0
          ],
          [
            -0.6922643293,
            50.8638020844,
            0.0
          ],
          [
            -0.690579902,
            50.8635379883,
            0.0
          ],
          [
            -0.6881981004,
            50.8629353018,
            0.0
          ],
          [
            -0.6873183359,
            50.8647027087,
            0.0
          ],
          [
            -0.6870715727,
            50.8654001726,
            0.0
          ],
          [
            -0.6856982816,
            50.8671200877,
            0.0
          ],
          [
            -0.6844000925,
            50.8678039733,
            0.0
          ],
          [
            -0.6847648729,
            50.8681019005,
            0.0
          ],
          [
            -0.6851189245,
            50.8688467103,
            0.0
          ],
          [
            -0.6851940263,
            50.8694831746,
            0.0
          ],
          [
            -0.6848292459,
            50.8706951412,
            0.0
          ],
          [
            -0.6845181097,
            50.8707019118,
            0.0
          ],
          [
            -0.6828980554,
            50.8710269031,
            0.0
          ],
          [
            -0.6813745607,
            50.8714331389,
            0.0
          ],
          [
            -0.6805377115,
            50.8713654332,
            0.0
          ],
          [
            -0.6800978292,
            50.8718935352,
            0.0
          ],
          [
            -0.6796686758,
            50.8721034203,
            0.0
          ],
          [
            -0.6763212789,
            50.8744527143,
            0.0
          ],
          [
            -0.6759457697,
            50.8750078616,
            0.0
          ],
          [
            -0.6725125421,
            50.8772825424,
            0.0
          ],
          [
            -0.6675343622,
            50.8763212325,
            0.0
          ],
          [
            -0.6675172858,
            50.8761749684,
            0.0
          ],
          [
            -0.6673841585,
            50.8763415421,
            0.0
          ],
          [
            -0.6670301069,
            50.8764295501,
            0.0
          ],
          [
            -0.6667296995,
            50.8767951201,
            0.0
          ],
          [
            -0.6658713926,
            50.8768357388,
            0.0
          ],
          [
            -0.6649594415,
            50.8765987958,
            0.0
          ],
          [
            -0.66008855,
            50.8765987958,
            0.0
          ],
          [
            -0.6558613886,
            50.8761249062,
            0.0
          ],
          [
            -0.6552176584,
            50.8762670736,
            0.0
          ],
          [
            -0.6551532854,
            50.8772757727,
            0.0
          ],
          [
            -0.6522564996,
            50.8769372855,
            0.0
          ],
          [
            -0.6521307643,
            50.8757753099,
            0.0
          ],
          [
            -0.6524877385,
            50.8747764871,
            0.0
          ],
          [
            -0.6491016619,
            50.8746676088,
            0.0
          ],
          [
            -0.6488911215,
            50.8743884457,
            0.0
          ],
          [
            -0.6476403016,
            50.8741662327,
            0.0
          ],
          [
            -0.6462943088,
            50.8734586768,
            0.0
          ],
          [
            -0.6439657741,
            50.8727049426,
            0.0
          ],
          [
            -0.6414096444,
            50.8722597516,
            0.0
          ],
          [
            -0.6392016767,
            50.8711268926,
            0.0
          ],
          [
            -0.6375148749,
            50.870864825,
            0.0
          ],
          [
            -0.6369948318,
            50.869959417,
            0.0
          ],
          [
            -0.6370667147,
            50.8693722982,
            0.0
          ],
          [
            -0.6372832211,
            50.8689258137,
            0.0
          ],
          [
            -0.6369184407,
            50.8681810053,
            0.0
          ],
          [
            -0.6361566934,
            50.8677341145,
            0.0
          ],
          [
            -0.6351681046,
            50.8673394024,
            0.0
          ],
          [
            -0.6347604659,
            50.8663315568,
            0.0
          ],
          [
            -0.6346224698,
            50.865811081,
            0.0
          ],
          [
            -0.6344937238,
            50.8655740819,
            0.0
          ],
          [
            -0.6337212476,
            50.8652490527,
            0.0
          ],
          [
            -0.6332920941,
            50.8649578787,
            0.0
          ],
          [
            -0.6328646239,
            50.864821823,
            0.0
          ],
          [
            -0.6320046338,
            50.864856306,
            0.0
          ],
          [
            -0.6312787006,
            50.864854846,
            0.0
          ],
          [
            -0.6307600888,
            50.8655808533,
            0.0
          ],
          [
            -0.6303364705,
            50.866227095,
            0.0
          ],
          [
            -0.63037582,
            50.8667463617,
            0.0
          ],
          [
            -0.6294726285,
            50.8667048952,
            0.0
          ],
          [
            -0.6290542039,
            50.8667116664,
            0.0
          ],
          [
            -0.6254385861,
            50.8663595599,
            0.0
          ],
          [
            -0.6226812753,
            50.866149649,
            0.0
          ],
          [
            -0.6222628507,
            50.8661225636,
            0.0
          ],
          [
            -0.619752303,
            50.866149649,
            0.0
          ],
          [
            -0.6195055398,
            50.8660480788,
            0.0
          ],
          [
            -0.6190549287,
            50.8656621103,
            0.0
          ],
          [
            -0.6178962144,
            50.8652422812,
            0.0
          ],
          [
            -0.6168340596,
            50.8651000802,
            0.0
          ],
          [
            -0.6161366853,
            50.8647885907,
            0.0
          ],
          [
            -0.6154071244,
            50.8647208754,
            0.0
          ],
          [
            -0.6132613572,
            50.8640708027,
            0.0
          ],
          [
            -0.6115983876,
            50.8634613514,
            0.0
          ],
          [
            -0.6092273148,
            50.8627740162,
            0.0
          ],
          [
            -0.6063949021,
            50.8617175994,
            0.0
          ],
          [
            -0.605289832,
            50.8614027013,
            0.0
          ],
          [
            -0.6032191667,
            50.8610640989,
            0.0
          ],
          [
            -0.6011806878,
            50.8606442284,
            0.0
          ],
          [
            -0.5970500859,
            50.8595674465,
            0.0
          ],
          [
            -0.5955158624,
            50.8586904266,
            0.0
          ],
          [
            -0.5943571481,
            50.8583111696,
            0.0
          ],
          [
            -0.5912243279,
            50.8578506391,
            0.0
          ],
          [
            -0.588735238,
            50.8578269352,
            0.0
          ],
          [
            -0.586181775,
            50.8577151881,
            0.0
          ],
          [
            -0.5830704125,
            50.8573799452,
            0.0
          ],
          [
            -0.5830060395,
            50.8572851285,
            0.0
          ],
          [
            -0.581139222,
            50.8576034407,
            0.0
          ],
          [
            -0.5806027802,
            50.8575560327,
            0.0
          ],
          [
            -0.5800448808,
            50.8571462896,
            0.0
          ],
          [
            -0.5787788781,
            50.8567805654,
            0.0
          ],
          [
            -0.5779205712,
            50.8569397235,
            0.0
          ],
          [
            -0.5770622643,
            50.8570379272,
            0.0
          ],
          [
            -0.5750452432,
            50.8570921084,
            0.0
          ],
          [
            -0.5738436135,
            50.8572952875,
            0.0
          ],
          [
            -0.5724059495,
            50.8578235489,
            0.0
          ],
          [
            -0.5715261849,
            50.8585007985,
            0.0
          ],
          [
            -0.5695735368,
            50.8568110425,
            0.0
          ],
          [
            -0.5695306214,
            50.8564249975,
            0.0
          ],
          [
            -0.5672131928,
            50.8556461251,
            0.0
          ],
          [
            -0.5648957642,
            50.8547520989,
            0.0
          ],
          [
            -0.5645738992,
            50.8547317799,
            0.0
          ],
          [
            -0.5632649812,
            50.8538817615,
            0.0
          ],
          [
            -0.5624066743,
            50.8533162028,
            0.0
          ],
          [
            -0.5622135552,
            50.8529910881,
            0.0
          ],
          [
            -0.5622564706,
            50.8527133842,
            0.0
          ],
          [
            -0.561773673,
            50.8527472506,
            0.0
          ],
          [
            -0.5615912827,
            50.8529233556,
            0.0
          ],
          [
            -0.5615161809,
            50.8531130064,
            0.0
          ],
          [
            -0.5614088925,
            50.8531400993,
            0.0
          ],
          [
            -0.5613016042,
            50.8530046346,
            0.0
          ],
          [
            -0.5608939084,
            50.8529165823,
            0.0
          ],
          [
            -0.5606149587,
            50.8529504486,
            0.0
          ],
          [
            -0.5592376881,
            50.8527687516,
            0.0
          ],
          [
            -0.5575482459,
            50.8535085011,
            0.0
          ],
          [
            -0.5557538078,
            50.8541085598,
            0.0
          ],
          [
            -0.5553404027,
            50.854224425,
            0.0
          ],
          [
            -0.5540460932,
            50.8545540386,
            0.0
          ],
          [
            -0.5555403208,
            50.8554531112,
            0.0
          ],
          [
            -0.5559372877,
            50.8553718365,
            0.0
          ],
          [
            -0.5565349069,
            50.8553465631,
            0.0
          ],
          [
            -0.5574285959,
            50.8553311991,
            0.0
          ],
          [
            -0.5574178671,
            50.8557443445,
            0.0
          ],
          [
            -0.5574393248,
            50.855337972,
            0.0
          ],
          [
            -0.5584478354,
            50.8553582907,
            0.0
          ],
          [
            -0.5599674569,
            50.8556662714,
            0.0
          ],
          [
            -0.5618917917,
            50.8568821689,
            0.0
          ],
          [
            -0.5614519095,
            50.857823562,
            0.0
          ],
          [
            -0.5611407732,
            50.858053828,
            0.0
          ],
          [
            -0.561022756,
            50.8584534044,
            0.0
          ],
          [
            -0.5607438063,
            50.8586701224,
            0.0
          ],
          [
            -0.5608189081,
            50.8588868394,
            0.0
          ],
          [
            -0.5608081793,
            50.8611487628,
            0.0
          ],
          [
            -0.5610656714,
            50.8616634367,
            0.0
          ],
          [
            -0.562396047,
            50.8626589081,
            0.0
          ],
          [
            -0.5622994875,
            50.8631735653,
            0.0
          ],
          [
            -0.5619668936,
            50.8633767178,
            0.0
          ],
          [
            -0.5611836886,
            50.8635324676,
            0.0
          ],
          [
            -0.5607759928,
            50.8637491619,
            0.0
          ],
          [
            -0.5613553499,
            50.8640132569,
            0.0
          ],
          [
            -0.5625462507,
            50.8644127822,
            0.0
          ],
          [
            -0.5634903883,
            50.8649748206,
            0.0
          ],
          [
            -0.5646491026,
            50.86596345,
            0.0
          ],
          [
            -0.5649173235,
            50.8663629587,
            0.0
          ],
          [
            -0.5649065947,
            50.8678458507,
            0.0
          ],
          [
            -0.5647885775,
            50.8681099224,
            0.0
          ],
          [
            -0.5646169161,
            50.8682521143,
            0.0
          ],
          [
            -0.5642939232,
            50.8686213139,
            0.0
          ],
          [
            -0.5637586092,
            50.8695318213,
            0.0
          ],
          [
            -0.5637371515,
            50.8697755711,
            0.0
          ],
          [
            -0.5627610923,
            50.8722338193,
            0.0
          ],
          [
            -0.5626213526,
            50.8731337711,
            0.0
          ],
          [
            -0.5624817316,
            50.8759653705,
            0.0
          ],
          [
            -0.5623671739,
            50.8779008114,
            0.0
          ],
          [
            -0.5622351145,
            50.8789626527,
            0.0
          ],
          [
            -0.5627393698,
            50.8799103695,
            0.0
          ],
          [
            -0.5636735424,
            50.8816182826,
            0.0
          ],
          [
            -0.5636835074,
            50.881792207,
            0.0
          ],
          [
            -0.5634260153,
            50.8818802047,
            0.0
          ],
          [
            -0.5626535391,
            50.8817718998,
            0.0
          ],
          [
            -0.5616557573,
            50.8818395904,
            0.0
          ],
          [
            -0.5606901621,
            50.8824081876,
            0.0
          ],
          [
            -0.5591022944,
            50.8832001508,
            0.0
          ],
          [
            -0.55886626,
            50.8839988692,
            0.0
          ],
          [
            -0.5588233446,
            50.8835859741,
            0.0
          ],
          [
            -0.5587589716,
            50.8834641355,
            0.0
          ],
          [
            -0.5579864954,
            50.8832204573,
            0.0
          ],
          [
            -0.557160375,
            50.882753404,
            0.0
          ],
          [
            -0.5562806105,
            50.8821306589,
            0.0
          ],
          [
            -0.5561947798,
            50.8818057451,
            0.0
          ],
          [
            -0.5568492388,
            50.8813928305,
            0.0
          ],
          [
            -0.5567204928,
            50.8813251393,
            0.0
          ],
          [
            -0.5558729147,
            50.8814672908,
            0.0
          ],
          [
            -0.5554223036,
            50.8813928305,
            0.0
          ],
          [
            -0.5548214888,
            50.8810949883,
            0.0
          ],
          [
            -0.5532228922,
            50.8806076059,
            0.0
          ],
          [
            -0.5523538565,
            50.8804789902,
            0.0
          ],
          [
            -0.5512595152,
            50.8801743728,
            0.0
          ],
          [
            -0.5501437163,
            50.8799577548,
            0.0
          ],
          [
            -0.5502402758,
            50.879598979,
            0.0
          ],
          [
            -0.5493819689,
            50.8794500523,
            0.0
          ],
          [
            -0.5487016314,
            50.8795973827,
            0.0
          ],
          [
            -0.5480730509,
            50.8797682132,
            0.0
          ],
          [
            -0.5461955046,
            50.8799916014,
            0.0
          ],
          [
            -0.5457448935,
            50.8800728333,
            0.0
          ],
          [
            -0.5449402308,
            50.8800796026,
            0.0
          ],
          [
            -0.5439779884,
            50.8802986488,
            0.0
          ],
          [
            -0.5437386011,
            50.8804654517,
            0.0
          ],
          [
            -0.5434060072,
            50.8801946807,
            0.0
          ],
          [
            -0.5431807017,
            50.8799442161,
            0.0
          ],
          [
            -0.5427837347,
            50.8802082193,
            0.0
          ],
          [
            -0.5428051924,
            50.8807497596,
            0.0
          ],
          [
            -0.5423009371,
            50.880729452,
            0.0
          ],
          [
            -0.5427944636,
            50.8807768365,
            0.0
          ],
          [
            -0.5423974966,
            50.8810814499,
            0.0
          ],
          [
            -0.5418074106,
            50.8813319084,
            0.0
          ],
          [
            -0.5415070032,
            50.8816094419,
            0.0
          ],
          [
            -0.541388986,
            50.8820358926,
            0.0
          ],
          [
            -0.5426442598,
            50.8820629687,
            0.0
          ],
          [
            -0.5433416342,
            50.881798976,
            0.0
          ],
          [
            -0.5445861792,
            50.8820561997,
            0.0
          ],
          [
            -0.5451548075,
            50.8823337288,
            0.0
          ],
          [
            -0.5453252593,
            50.882667604,
            0.0
          ],
          [
            -0.5459487414,
            50.8827940175,
            0.0
          ],
          [
            -0.5462178278,
            50.8829728694,
            0.0
          ],
          [
            -0.5465924715,
            50.8832069196,
            0.0
          ],
          [
            -0.5470395328,
            50.8837960394,
            0.0
          ],
          [
            -0.5470108961,
            50.8841139377,
            0.0
          ],
          [
            -0.5464100813,
            50.8843982233,
            0.0
          ],
          [
            -0.5466997599,
            50.8858534677,
            0.0
          ],
          [
            -0.5469894385,
            50.8870717769,
            0.0
          ],
          [
            -0.5472898459,
            50.8874643364,
            0.0
          ],
          [
            -0.5492317652,
            50.887511714,
            0.0
          ],
          [
            -0.5507981753,
            50.8876403103,
            0.0
          ],
          [
            -0.5509269213,
            50.8874169587,
            0.0
          ],
          [
            -0.5513131594,
            50.8873086666,
            0.0
          ],
          [
            -0.5509054636,
            50.8873898857,
            0.0
          ],
          [
            -0.5507552599,
            50.8876403103,
            0.0
          ],
          [
            -0.5483198141,
            50.8874711046,
            0.0
          ],
          [
            -0.5475473379,
            50.8874711046,
            0.0
          ],
          [
            -0.5473542189,
            50.8880937783,
            0.0
          ],
          [
            -0.5461204027,
            50.8881817642,
            0.0
          ],
          [
            -0.5455410456,
            50.8885946186,
            0.0
          ],
          [
            -0.5451243774,
            50.889080967,
            0.0
          ],
          [
            -0.5463135218,
            50.8894812279,
            0.0
          ],
          [
            -0.547279117,
            50.8896842658,
            0.0
          ],
          [
            -0.5476566378,
            50.890288897,
            0.0
          ],
          [
            -0.5475902533,
            50.8912882344,
            0.0
          ],
          [
            -0.5479764914,
            50.8922492355,
            0.0
          ],
          [
            -0.5486953234,
            50.8925334714,
            0.0
          ],
          [
            -0.5477511858,
            50.8937380713,
            0.0
          ],
          [
            -0.5461336895,
            50.8952675006,
            0.0
          ],
          [
            -0.545380113,
            50.895720856,
            0.0
          ],
          [
            -0.5437922453,
            50.8963298855,
            0.0
          ],
          [
            -0.5439639067,
            50.8965193597,
            0.0
          ],
          [
            -0.5438297962,
            50.896795111,
            0.0
          ],
          [
            -0.5447578406,
            50.8966428559,
            0.0
          ],
          [
            -0.544827578,
            50.896466916,
            0.0
          ],
          [
            -0.5450893026,
            50.8963092129,
            0.0
          ],
          [
            -0.5458521818,
            50.89602368,
            0.0
          ],
          [
            -0.546265242,
            50.8959729275,
            0.0
          ],
          [
            -0.5465227341,
            50.8957293148,
            0.0
          ],
          [
            -0.5469787096,
            50.8954247971,
            0.0
          ],
          [
            -0.5474883293,
            50.8949138795,
            0.0
          ],
          [
            -0.5490708326,
            50.8929445954,
            0.0
          ],
          [
            -0.5496555542,
            50.8927077343,
            0.0
          ],
          [
            -0.5508893704,
            50.8923321378,
            0.0
          ],
          [
            -0.5518496012,
            50.8920682033,
            0.0
          ],
          [
            -0.5523592209,
            50.8921155763,
            0.0
          ],
          [
            -0.5528688406,
            50.8920377493,
            0.0
          ],
          [
            -0.5531424259,
            50.8921189601,
            0.0
          ],
          [
            -0.5524557804,
            50.8924471857,
            0.0
          ],
          [
            -0.5523270344,
            50.8925520821,
            0.0
          ],
          [
            -0.5523109411,
            50.8929581303,
            0.0
          ],
          [
            -0.5531892467,
            50.8943702864,
            0.0
          ],
          [
            -0.5507130712,
            50.89485795,
            0.0
          ],
          [
            -0.5533018147,
            50.8945531512,
            0.0
          ],
          [
            -0.5553847772,
            50.8972995417,
            0.0
          ],
          [
            -0.553448354,
            50.8978372876,
            0.0
          ],
          [
            -0.5525077953,
            50.8972184773,
            0.0
          ],
          [
            -0.5504750197,
            50.8985642971,
            0.0
          ],
          [
            -0.5498019319,
            50.8984883845,
            0.0
          ],
          [
            -0.5484681189,
            50.8990785926,
            0.0
          ],
          [
            -0.5488129529,
            50.8994201578,
            0.0
          ],
          [
            -0.5500986048,
            50.8992340066,
            0.0
          ],
          [
            -0.5520501377,
            50.900495024,
            0.0
          ],
          [
            -0.5544162072,
            50.9032899467,
            0.0
          ],
          [
            -0.5554787993,
            50.9045622308,
            0.0
          ],
          [
            -0.5554557251,
            50.9053038292,
            0.0
          ],
          [
            -0.5530441343,
            50.9073868342,
            0.0
          ],
          [
            -0.5504494776,
            50.9073542318,
            0.0
          ],
          [
            -0.5474022921,
            50.9081476833,
            0.0
          ],
          [
            -0.5466189229,
            50.9081827711,
            0.0
          ],
          [
            -0.5446805403,
            50.9087653131,
            0.0
          ],
          [
            -0.5398510825,
            50.9093082003,
            0.0
          ],
          [
            -0.5360099253,
            50.908588069,
            0.0
          ],
          [
            -0.5360811617,
            50.9076581744,
            0.0
          ],
          [
            -0.5353324087,
            50.9057034955,
            0.0
          ],
          [
            -0.5338734925,
            50.9062696697,
            0.0
          ],
          [
            -0.5328800748,
            50.9052496717,
            0.0
          ],
          [
            -0.5335086601,
            50.9039660673,
            0.0
          ],
          [
            -0.5323509334,
            50.9032520124,
            0.0
          ],
          [
            -0.5306943653,
            50.9029895006,
            0.0
          ],
          [
            -0.5275326649,
            50.9023892414,
            0.0
          ],
          [
            -0.5247488999,
            50.9025431248,
            0.0
          ],
          [
            -0.5208491084,
            50.902231539,
            0.0
          ],
          [
            -0.5165397582,
            50.9026495245,
            0.0
          ],
          [
            -0.5115356128,
            50.9031261068,
            0.0
          ],
          [
            -0.5066214417,
            50.9030963599,
            0.0
          ],
          [
            -0.5022961547,
            50.9033839082,
            0.0
          ],
          [
            -0.4979946545,
            50.9030227322,
            0.0
          ],
          [
            -0.4946703444,
            50.9027764936,
            0.0
          ],
          [
            -0.491162796,
            50.9021037023,
            0.0
          ],
          [
            -0.485947635,
            50.9014537655,
            0.0
          ],
          [
            -0.480110012,
            50.901635567,
            0.0
          ],
          [
            -0.4779795656,
            50.901892062,
            0.0
          ],
          [
            -0.4704979184,
            50.9020192183,
            0.0
          ],
          [
            -0.4699716265,
            50.9027749555,
            0.0
          ],
          [
            -0.4684306894,
            50.903215645,
            0.0
          ],
          [
            -0.4678774236,
            50.9042693331,
            0.0
          ],
          [
            -0.4666165305,
            50.9053204465,
            0.0
          ],
          [
            -0.4632491653,
            50.9064439853,
            0.0
          ],
          [
            -0.4630899192,
            50.9072352134,
            0.0
          ],
          [
            -0.463066323,
            50.9105981794,
            0.0
          ],
          [
            -0.4641172772,
            50.9111969398,
            0.0
          ],
          [
            -0.4636079595,
            50.9121222116,
            0.0
          ],
          [
            -0.4642450444,
            50.9127176131,
            0.0
          ],
          [
            -0.4639165849,
            50.9136622297,
            0.0
          ],
          [
            -0.4640414237,
            50.9146514403,
            0.0
          ],
          [
            -0.4635372847,
            50.9156686528,
            0.0
          ],
          [
            -0.4599439453,
            50.9162947747,
            0.0
          ],
          [
            -0.4567499364,
            50.9160070429,
            0.0
          ],
          [
            -0.4566833378,
            50.9156339286,
            0.0
          ],
          [
            -0.4552917168,
            50.9166392928,
            0.0
          ],
          [
            -0.4550825045,
            50.916904779,
            0.0
          ],
          [
            -0.4545299694,
            50.9177299749,
            0.0
          ],
          [
            -0.454331486,
            50.9177536483,
            0.0
          ],
          [
            -0.4539559767,
            50.9178145228,
            0.0
          ],
          [
            -0.453703849,
            50.917804377,
            0.0
          ],
          [
            -0.4532854244,
            50.9177401206,
            0.0
          ],
          [
            -0.4526685164,
            50.9176758641,
            0.0
          ],
          [
            -0.4522179053,
            50.9176758641,
            0.0
          ],
          [
            -0.4522715494,
            50.9173883997,
            0.0
          ],
          [
            -0.4517512009,
            50.9170840236,
            0.0
          ],
          [
            -0.4518048451,
            50.9169318348,
            0.0
          ],
          [
            -0.4509894535,
            50.9164515914,
            0.0
          ],
          [
            -0.4509733603,
            50.9163805691,
            0.0
          ],
          [
            -0.4510270044,
            50.9162182319,
            0.0
          ],
          [
            -0.4506407664,
            50.916224996,
            0.0
          ],
          [
            -0.4502277062,
            50.9161877937,
            0.0
          ],
          [
            -0.4497556374,
            50.9158225327,
            0.0
          ],
          [
            -0.4497878239,
            50.915680486,
            0.0
          ],
          [
            -0.4500345871,
            50.9154065376,
            0.0
          ],
          [
            -0.4497717306,
            50.9152611076,
            0.0
          ],
          [
            -0.4492996618,
            50.9150378885,
            0.0
          ],
          [
            -0.4491119072,
            50.9150040673,
            0.0
          ],
          [
            -0.4489348814,
            50.9150412706,
            0.0
          ],
          [
            -0.4487203047,
            50.9151156771,
            0.0
          ],
          [
            -0.4485003636,
            50.9150074494,
            0.0
          ],
          [
            -0.4484467194,
            50.9148451074,
            0.0
          ],
          [
            -0.4483608887,
            50.914807904,
            0.0
          ],
          [
            -0.448339431,
            50.9147098221,
            0.0
          ],
          [
            -0.448403804,
            50.9146624721,
            0.0
          ],
          [
            -0.4485003636,
            50.9144629252,
            0.0
          ],
          [
            -0.4485861942,
            50.9143716068,
            0.0
          ],
          [
            -0.448146312,
            50.9141348547,
            0.0
          ],
          [
            -0.4480980322,
            50.9142633775,
            0.0
          ],
          [
            -0.4479639218,
            50.9142194092,
            0.0
          ],
          [
            -0.4478298113,
            50.9141044151,
            0.0
          ],
          [
            -0.447556226,
            50.9139623632,
            0.0
          ],
          [
            -0.447261183,
            50.9136275247,
            0.0
          ],
          [
            -0.4471780345,
            50.9135590348,
            0.0
          ],
          [
            -0.4470144198,
            50.9134888536,
            0.0
          ],
          [
            -0.4465477154,
            50.9132690082,
            0.0
          ],
          [
            -0.4463331387,
            50.9130728376,
            0.0
          ],
          [
            -0.445592849,
            50.9126940231,
            0.0
          ],
          [
            -0.4453246281,
            50.9124268217,
            0.0
          ],
          [
            -0.4450617716,
            50.9123659402,
            0.0
          ],
          [
            -0.4448525593,
            50.9118721203,
            0.0
          ],
          [
            -0.4443858549,
            50.911263294,
            0.0
          ],
          [
            -0.4441873715,
            50.9108810824,
            0.0
          ],
          [
            -0.4440425322,
            50.910798213,
            0.0
          ],
          [
            -0.4427658007,
            50.9105208534,
            0.0
          ],
          [
            -0.4418618962,
            50.9103897836,
            0.0
          ],
          [
            -0.4406763598,
            50.9102815449,
            0.0
          ],
          [
            -0.4406951353,
            50.9101420182,
            0.0
          ],
          [
            -0.440716593,
            50.9097361198,
            0.0
          ],
          [
            -0.4408238814,
            50.9095466993,
            0.0
          ],
          [
            -0.4407058642,
            50.9094722839,
            0.0
          ],
          [
            -0.4404054568,
            50.9094587539,
            0.0
          ],
          [
            -0.4401694224,
            50.9093708082,
            0.0
          ],
          [
            -0.4400084898,
            50.9092355069,
            0.0
          ],
          [
            -0.4398234174,
            50.9088135334,
            0.0
          ],
          [
            -0.4397509978,
            50.9084913427,
            0.0
          ],
          [
            -0.4396437094,
            50.9083086824,
            0.0
          ],
          [
            -0.4393540308,
            50.9080921952,
            0.0
          ],
          [
            -0.4387210295,
            50.9078215847,
            0.0
          ],
          [
            -0.4385091349,
            50.9076837419,
            0.0
          ],
          [
            -0.4390831277,
            50.9075196831,
            0.0
          ],
          [
            -0.4389999792,
            50.9072609087,
            0.0
          ],
          [
            -0.4388068602,
            50.9070934657,
            0.0
          ],
          [
            -0.4388256356,
            50.9068769728,
            0.0
          ],
          [
            -0.4393754885,
            50.9069623861,
            0.0
          ],
          [
            -0.4388149068,
            50.9068448371,
            0.0
          ],
          [
            -0.438817589,
            50.9067797198,
            0.0
          ],
          [
            -0.4387049362,
            50.906535318,
            0.0
          ],
          [
            -0.4386003301,
            50.9063323535,
            0.0
          ],
          [
            -0.4386807963,
            50.9061276968,
            0.0
          ],
          [
            -0.4388202712,
            50.9050384342,
            0.0
          ],
          [
            -0.4389677927,
            50.9038189035,
            0.0
          ],
          [
            -0.439075081,
            50.9035313534,
            0.0
          ],
          [
            -0.4392896578,
            50.9032776313,
            0.0
          ],
          [
            -0.4396142051,
            50.9030323653,
            0.0
          ],
          [
            -0.4397456333,
            50.9028784391,
            0.0
          ],
          [
            -0.4397831842,
            50.9027397359,
            0.0
          ],
          [
            -0.4397349045,
            50.9026382455,
            0.0
          ],
          [
            -0.4394452259,
            50.9024048168,
            0.0
          ],
          [
            -0.439305751,
            50.9022356648,
            0.0
          ],
          [
            -0.4392789289,
            50.9020766613,
            0.0
          ],
          [
            -0.4393969461,
            50.9017586528,
            0.0
          ],
          [
            -0.439536421,
            50.9015691999,
            0.0
          ],
          [
            -0.4397617265,
            50.9013865124,
            0.0
          ],
          [
            -0.4400970027,
            50.9012596457,
            0.0
          ],
          [
            -0.4405878469,
            50.9011057136,
            0.0
          ],
          [
            -0.4409579918,
            50.9009534726,
            0.0
          ],
          [
            -0.4416821882,
            50.9004223167,
            0.0
          ],
          [
            -0.4422990963,
            50.9000636984,
            0.0
          ],
          [
            -0.4426102325,
            50.8998268735,
            0.0
          ],
          [
            -0.4428623602,
            50.8995562151,
            0.0
          ],
          [
            -0.4431144878,
            50.8990927087,
            0.0
          ],
          [
            -0.4434899971,
            50.8977664462,
            0.0
          ],
          [
            -0.4436831161,
            50.8973401395,
            0.0
          ],
          [
            -0.444117634,
            50.8967920252,
            0.0
          ],
          [
            -0.4447345421,
            50.8962134531,
            0.0
          ],
          [
            -0.4448096439,
            50.896088264,
            0.0
          ],
          [
            -0.4447774574,
            50.8959596911,
            0.0
          ],
          [
            -0.4443778083,
            50.8956128808,
            0.0
          ],
          [
            -0.443591921,
            50.8950258351,
            0.0
          ],
          [
            -0.4429160044,
            50.894508146,
            0.0
          ],
          [
            -0.4426477834,
            50.8942171548,
            0.0
          ],
          [
            -0.4421837613,
            50.8942729847,
            0.0
          ],
          [
            -0.4410679623,
            50.8944692345,
            0.0
          ],
          [
            -0.4403223082,
            50.8946214967,
            0.0
          ],
          [
            -0.4383669779,
            50.8951983969,
            0.0
          ],
          [
            -0.4354487345,
            50.8957634475,
            0.0
          ],
          [
            -0.4342792913,
            50.8958175838,
            0.0
          ],
          [
            -0.4335202262,
            50.8959884508,
            0.0
          ],
          [
            -0.4318277523,
            50.8962980401,
            0.0
          ],
          [
            -0.4301540539,
            50.8965044317,
            0.0
          ],
          [
            -0.4288692757,
            50.896756499,
            0.0
          ],
          [
            -0.42800024,
            50.8967666494,
            0.0
          ],
          [
            -0.426935403,
            50.8967548073,
            0.0
          ],
          [
            -0.4265169784,
            50.8967818749,
            0.0
          ],
          [
            -0.4233224675,
            50.896408003,
            0.0
          ],
          [
            -0.4227752969,
            50.8963809352,
            0.0
          ],
          [
            -0.4220135495,
            50.8964350707,
            0.0
          ],
          [
            -0.4216299936,
            50.89637586,
            0.0
          ],
          [
            -0.4185669109,
            50.8958142003,
            0.0
          ],
          [
            -0.4180867955,
            50.8957820569,
            0.0
          ],
          [
            -0.4177488372,
            50.8957752898,
            0.0
          ],
          [
            -0.4172070309,
            50.8958361931,
            0.0
          ],
          [
            -0.4162655756,
            50.8960273611,
            0.0
          ],
          [
            -0.4149995729,
            50.8964198451,
            0.0
          ],
          [
            -0.4139964268,
            50.8964875144,
            0.0
          ],
          [
            -0.4135458156,
            50.8965754844,
            0.0
          ],
          [
            -0.4132239506,
            50.8965890182,
            0.0
          ],
          [
            -0.4114805147,
            50.8963589426,
            0.0
          ],
          [
            -0.4107670471,
            50.8964469128,
            0.0
          ],
          [
            -0.4104559109,
            50.8963995443,
            0.0
          ],
          [
            -0.4101930544,
            50.8963081905,
            0.0
          ],
          [
            -0.4100696728,
            50.8956551749,
            0.0
          ],
          [
            -0.4101179525,
            50.8952017804,
            0.0
          ],
          [
            -0.4101340458,
            50.8951442599,
            0.0
          ],
          [
            -0.4099999353,
            50.8951197291,
            0.0
          ],
          [
            -0.4099248335,
            50.8952466125,
            0.0
          ],
          [
            -0.4099141046,
            50.8953506567,
            0.0
          ],
          [
            -0.4095171377,
            50.8953303554,
            0.0
          ],
          [
            -0.4094634935,
            50.8953438896,
            0.0
          ],
          [
            -0.4093883917,
            50.8955130666,
            0.0
          ],
          [
            -0.4092274591,
            50.8955942714,
            0.0
          ],
          [
            -0.409200637,
            50.8956957772,
            0.0
          ],
          [
            -0.4090102002,
            50.8959106303,
            0.0
          ],
          [
            -0.4089887425,
            50.8960256693,
            0.0
          ],
          [
            -0.4089136407,
            50.8961880769,
            0.0
          ],
          [
            -0.4086159155,
            50.89637586,
            0.0
          ],
          [
            -0.4086373731,
            50.8965044317,
            0.0
          ],
          [
            -0.4087714836,
            50.8966600708,
            0.0
          ],
          [
            -0.408583729,
            50.8966837549,
            0.0
          ],
          [
            -0.4080258295,
            50.8965822513,
            0.0
          ],
          [
            -0.4067866489,
            50.8965957852,
            0.0
          ],
          [
            -0.4064272329,
            50.896609319,
            0.0
          ],
          [
            -0.4058693334,
            50.8967311232,
            0.0
          ],
          [
            -0.4055903837,
            50.8967243563,
            0.0
          ],
          [
            -0.4054509088,
            50.8966296197,
            0.0
          ],
          [
            -0.4043082878,
            50.8968901449,
            0.0
          ],
          [
            -0.4023019954,
            50.8971845028,
            0.0
          ],
          [
            -0.4019264862,
            50.8971980364,
            0.0
          ],
          [
            -0.4017494604,
            50.8972589378,
            0.0
          ],
          [
            -0.4013042137,
            50.8972792383,
            0.0
          ],
          [
            -0.4007838651,
            50.8972860051,
            0.0
          ],
          [
            -0.3995446846,
            50.8974517917,
            0.0
          ],
          [
            -0.3989572808,
            50.8974399498,
            0.0
          ],
          [
            -0.3980426475,
            50.8974619418,
            0.0
          ],
          [
            -0.3977985665,
            50.8974128826,
            0.0
          ],
          [
            -0.3976805493,
            50.8973079972,
            0.0
          ],
          [
            -0.3976912782,
            50.8972267954,
            0.0
          ],
          [
            -0.3977985665,
            50.8970542412,
            0.0
          ],
          [
            -0.3978361174,
            50.8969324378,
            0.0
          ],
          [
            -0.3976805493,
            50.8967632659,
            0.0
          ],
          [
            -0.3976054475,
            50.896695597,
            0.0
          ],
          [
            -0.3975464389,
            50.8965230408,
            0.0
          ],
          [
            -0.3973479554,
            50.8964181534,
            0.0
          ],
          [
            -0.3968973443,
            50.8963234161,
            0.0
          ],
          [
            -0.3960122153,
            50.8959376983,
            0.0
          ],
          [
            -0.3958459183,
            50.8958395766,
            0.0
          ],
          [
            -0.3957547232,
            50.8956568666,
            0.0
          ],
          [
            -0.3959800288,
            50.8949158689,
            0.0
          ],
          [
            -0.3959424779,
            50.8948008271,
            0.0
          ],
          [
            -0.3956045195,
            50.894702703,
            0.0
          ],
          [
            -0.3951378152,
            50.8941647086,
            0.0
          ],
          [
            -0.3942902371,
            50.8936673119,
            0.0
          ],
          [
            -0.3940649316,
            50.8935962548,
            0.0
          ],
          [
            -0.3938557193,
            50.8936537772,
            0.0
          ],
          [
            -0.3930027768,
            50.8941579413,
            0.0
          ],
          [
            -0.3917421386,
            50.8948042107,
            0.0
          ],
          [
            -0.3909106538,
            50.8952846775,
            0.0
          ],
          [
            -0.3903527543,
            50.8955147584,
            0.0
          ],
          [
            -0.3897733971,
            50.8956873183,
            0.0
          ],
          [
            -0.3893710658,
            50.8957905157,
            0.0
          ],
          [
            -0.3885771319,
            50.8960256693,
            0.0
          ],
          [
            -0.3874291465,
            50.8963132657,
            0.0
          ],
          [
            -0.385792999,
            50.8963910856,
            0.0
          ],
          [
            -0.3829659507,
            50.8963132657,
            0.0
          ],
          [
            -0.3818769738,
            50.8961906145,
            0.0
          ],
          [
            -0.3814075873,
            50.8961567797,
            0.0
          ],
          [
            -0.3805144117,
            50.8962312163,
            0.0
          ],
          [
            -0.3802032754,
            50.896193998,
            0.0
          ],
          [
            -0.3797338888,
            50.8960349739,
            0.0
          ],
          [
            -0.3785832212,
            50.8953887216,
            0.0
          ],
          [
            -0.3776122615,
            50.894752611,
            0.0
          ],
          [
            -0.3771616504,
            50.8943025914,
            0.0
          ],
          [
            -0.3764294073,
            50.8933010283,
            0.0
          ],
          [
            -0.3755791471,
            50.8915279382,
            0.0
          ],
          [
            -0.3749810145,
            50.89096622,
            0.0
          ],
          [
            -0.3736640498,
            50.8900965585,
            0.0
          ],
          [
            -0.373588948,
            50.8903605042,
            0.0
          ],
          [
            -0.3736104057,
            50.8904857087,
            0.0
          ],
          [
            -0.3739215419,
            50.8909763716,
            0.0
          ],
          [
            -0.3740663812,
            50.8913249083,
            0.0
          ],
          [
            -0.3740556523,
            50.8919348413,
            0.0
          ],
          [
            -0.3740073726,
            50.8925667606,
            0.0
          ],
          [
            -0.3740476057,
            50.892834076,
            0.0
          ],
          [
            -0.37384644,
            50.8935175843,
            0.0
          ],
          [
            -0.3738410756,
            50.8938931712,
            0.0
          ],
          [
            -0.373588948,
            50.8943398112,
            0.0
          ],
          [
            -0.3733326386,
            50.8948416349,
            0.0
          ],
          [
            -0.3732509896,
            50.8949759274,
            0.0
          ],
          [
            -0.3732858584,
            50.895128188,
            0.0
          ],
          [
            -0.3734441087,
            50.8952905987,
            0.0
          ],
          [
            -0.3736506388,
            50.8954597759,
            0.0
          ],
          [
            -0.374372153,
            50.8956830889,
            0.0
          ],
          [
            -0.374436526,
            50.8958319637,
            0.0
          ],
          [
            -0.374474077,
            50.8960620419,
            0.0
          ],
          [
            -0.374436526,
            50.8962481337,
            0.0
          ],
          [
            -0.3743158266,
            50.8964680595,
            0.0
          ],
          [
            -0.3743694708,
            50.8969891102,
            0.0
          ],
          [
            -0.3746779248,
            50.8971379808,
            0.0
          ],
          [
            -0.3750453875,
            50.8972733173,
            0.0
          ],
          [
            -0.3750587985,
            50.8973680526,
            0.0
          ],
          [
            -0.3749380991,
            50.8974763212,
            0.0
          ],
          [
            -0.373782067,
            50.8976285736,
            0.0
          ],
          [
            -0.3732509896,
            50.8978890932,
            0.0
          ],
          [
            -0.3731329724,
            50.8980413443,
            0.0
          ],
          [
            -0.372652857,
            50.8991747531,
            0.0
          ],
          [
            -0.3717006728,
            50.8990563385,
            0.0
          ],
          [
            -0.3709469721,
            50.899025889,
            0.0
          ],
          [
            -0.370509772,
            50.8989616067,
            0.0
          ],
          [
            -0.36979094,
            50.8987247762,
            0.0
          ],
          [
            -0.3689219043,
            50.8985048611,
            0.0
          ],
          [
            -0.3683586404,
            50.8984371947,
            0.0
          ],
          [
            -0.3680850551,
            50.8983221616,
            0.0
          ],
          [
            -0.3676451728,
            50.8982375782,
            0.0
          ],
          [
            -0.3663040683,
            50.898125928,
            0.0
          ],
          [
            -0.3655476854,
            50.8980142775,
            0.0
          ],
          [
            -0.3653384731,
            50.8979669105,
            0.0
          ],
          [
            -0.3645847723,
            50.8979026267,
            0.0
          ],
          [
            -0.3625787819,
            50.8973871901,
            0.0
          ],
          [
            -0.3622861192,
            50.8973308352,
            0.0
          ],
          [
            -0.3619132921,
            50.8972868509,
            0.0
          ],
          [
            -0.3604648993,
            50.8974492541,
            0.0
          ],
          [
            -0.3599043176,
            50.8974391039,
            0.0
          ],
          [
            -0.3588046119,
            50.8974898548,
            0.0
          ],
          [
            -0.3585980818,
            50.8973680526,
            0.0
          ],
          [
            -0.3566105649,
            50.8972800841,
            0.0
          ],
          [
            -0.356406717,
            50.8972530168,
            0.0
          ],
          [
            -0.3558863685,
            50.8970973798,
            0.0
          ],
          [
            -0.3557147071,
            50.8970973798,
            0.0
          ],
          [
            -0.3556074187,
            50.8971413642,
            0.0
          ],
          [
            -0.3554196641,
            50.8971345974,
            0.0
          ],
          [
            -0.3550870702,
            50.897066929,
            0.0
          ],
          [
            -0.3542099878,
            50.8969688097,
            0.0
          ],
          [
            -0.3535126135,
            50.8967658035,
            0.0
          ],
          [
            -0.3532846257,
            50.8965018941,
            0.0
          ],
          [
            -0.3530941889,
            50.8963530215,
            0.0
          ],
          [
            -0.3525872514,
            50.8962819685,
            0.0
          ],
          [
            -0.35241559,
            50.8962278328,
            0.0
          ],
          [
            -0.3522331998,
            50.8962142989,
            0.0
          ],
          [
            -0.3517423556,
            50.8960958768,
            0.0
          ],
          [
            -0.3514875457,
            50.8961601631,
            0.0
          ],
          [
            -0.3510905788,
            50.8962819685,
            0.0
          ],
          [
            -0.3509725616,
            50.8962650511,
            0.0
          ],
          [
            -0.3508545444,
            50.8961736971,
            0.0
          ],
          [
            -0.3507123873,
            50.895987605,
            0.0
          ],
          [
            -0.3503824756,
            50.8957710604,
            0.0
          ],
          [
            -0.3496314571,
            50.8955071454,
            0.0
          ],
          [
            -0.3474079058,
            50.8949319409,
            0.0
          ],
          [
            -0.345613508,
            50.8945191427,
            0.0
          ],
          [
            -0.3438352034,
            50.8940522026,
            0.0
          ],
          [
            -0.3418423221,
            50.8935006659,
            0.0
          ],
          [
            -0.3404475734,
            50.8929998784,
            0.0
          ],
          [
            -0.3400774285,
            50.8931318432,
            0.0
          ],
          [
            -0.3396375463,
            50.8930777039,
            0.0
          ],
          [
            -0.3373201177,
            50.8925802956,
            0.0
          ],
          [
            -0.3347586081,
            50.8921099523,
            0.0
          ],
          [
            -0.3339968607,
            50.8917580376,
            0.0
          ],
          [
            -0.3336642668,
            50.8917038967,
            0.0
          ],
          [
            -0.3325880808,
            50.8910942775,
            0.0
          ],
          [
            -0.3319583819,
            50.8903706559,
            0.0
          ],
          [
            -0.3311322615,
            50.8899848888,
            0.0
          ],
          [
            -0.3305555865,
            50.8896092703,
            0.0
          ],
          [
            -0.3296838686,
            50.8887801919,
            0.0
          ],
          [
            -0.329136698,
            50.8882725855,
            0.0
          ],
          [
            -0.3287102267,
            50.8880661574,
            0.0
          ],
          [
            -0.3280772254,
            50.8879722492,
            0.0
          ],
          [
            -0.3274656817,
            50.8884595545,
            0.0
          ],
          [
            -0.3272296473,
            50.8887844219,
            0.0
          ],
          [
            -0.3269185111,
            50.8893055586,
            0.0
          ],
          [
            -0.3263069674,
            50.8897048672,
            0.0
          ],
          [
            -0.3262085909,
            50.8898253952,
            0.0
          ],
          [
            -0.3259958312,
            50.8899011363,
            0.0
          ],
          [
            -0.3253091857,
            50.8899146721,
            0.0
          ],
          [
            -0.32518834,
            50.8898754219,
            0.0
          ],
          [
            -0.3250506399,
            50.8897134469,
            0.0
          ],
          [
            -0.3247293661,
            50.889074514,
            0.0
          ],
          [
            -0.3245603869,
            50.889051672,
            0.0
          ],
          [
            -0.3246220777,
            50.8888570913,
            0.0
          ],
          [
            -0.3243779967,
            50.8887902569,
            0.0
          ],
          [
            -0.3245496581,
            50.8882149694,
            0.0
          ],
          [
            -0.3242116997,
            50.8881811288,
            0.0
          ],
          [
            -0.3240346739,
            50.8881032952,
            0.0
          ],
          [
            -0.3239756653,
            50.8881608244,
            0.0
          ],
          [
            -0.3237289021,
            50.8879239389,
            0.0
          ],
          [
            -0.3218567202,
            50.8876261384,
            0.0
          ],
          [
            -0.3211647103,
            50.8875347674,
            0.0
          ],
          [
            -0.320596082,
            50.8876227543,
            0.0
          ],
          [
            -0.3205558488,
            50.8875093866,
            0.0
          ],
          [
            -0.3197270462,
            50.8874738533,
            0.0
          ],
          [
            -0.3195205162,
            50.8874789295,
            0.0
          ],
          [
            -0.3191557357,
            50.8874789295,
            0.0
          ],
          [
            -0.3178414533,
            50.8874789295,
            0.0
          ],
          [
            -0.3179594705,
            50.8865618244,
            0.0
          ],
          [
            -0.3180533478,
            50.8860541939,
            0.0
          ],
          [
            -0.3180694411,
            50.8856734674,
            0.0
          ],
          [
            -0.318120403,
            50.884890007,
            0.0
          ],
          [
            -0.3179219196,
            50.8847783248,
            0.0
          ],
          [
            -0.3176402876,
            50.8846412598,
            0.0
          ],
          [
            -0.3172916005,
            50.884509271,
            0.0
          ],
          [
            -0.3173586557,
            50.883874704,
            0.0
          ],
          [
            -0.317221863,
            50.8834871909,
            0.0
          ],
          [
            -0.3169375489,
            50.8831352111,
            0.0
          ],
          [
            -0.3166371415,
            50.8829896802,
            0.0
          ],
          [
            -0.3160604665,
            50.8828458411,
            0.0
          ],
          [
            -0.3159075806,
            50.8827696908,
            0.0
          ],
          [
            -0.3156339953,
            50.882756153,
            0.0
          ],
          [
            -0.3156822751,
            50.8829896802,
            0.0
          ],
          [
            -0.3158324788,
            50.8831724399,
            0.0
          ],
          [
            -0.3160229156,
            50.8835531868,
            0.0
          ],
          [
            -0.3158217499,
            50.8832096686,
            0.0
          ],
          [
            -0.3156447241,
            50.8829829113,
            0.0
          ],
          [
            -0.3155964444,
            50.8827426151,
            0.0
          ],
          [
            -0.3153602917,
            50.8828709136,
            0.0
          ],
          [
            -0.3147032688,
            50.8826800025,
            0.0
          ],
          [
            -0.3142432139,
            50.8827680997,
            0.0
          ],
          [
            -0.3136598895,
            50.8828610711,
            0.0
          ],
          [
            -0.3123214672,
            50.8829338368,
            0.0
          ],
          [
            -0.3116428683,
            50.882905069,
            0.0
          ],
          [
            -0.311087651,
            50.8828763012,
            0.0
          ],
          [
            -0.3103983233,
            50.8828847623,
            0.0
          ],
          [
            -0.3098779747,
            50.8829084535,
            0.0
          ],
          [
            -0.3098967502,
            50.8828119965,
            0.0
          ],
          [
            -0.3098699281,
            50.8829067612,
            0.0
          ],
          [
            -0.308931155,
            50.8830049102,
            0.0
          ],
          [
            -0.3080272505,
            50.8829761424,
            0.0
          ],
          [
            -0.3074103425,
            50.882874609,
            0.0
          ],
          [
            -0.3067666123,
            50.8826850792,
            0.0
          ],
          [
            -0.3064045141,
            50.8826410811,
            0.0
          ],
          [
            -0.3064045141,
            50.8829118379,
            0.0
          ],
          [
            -0.3065118024,
            50.8831081356,
            0.0
          ],
          [
            -0.3071340749,
            50.8837647115,
            0.0
          ],
          [
            -0.3077778051,
            50.8843062105,
            0.0
          ],
          [
            -0.308174772,
            50.8848341659,
            0.0
          ],
          [
            -0.3082284162,
            50.8851590586,
            0.0
          ],
          [
            -0.3081640432,
            50.8856328564,
            0.0
          ],
          [
            -0.3075364063,
            50.8867597988,
            0.0
          ],
          [
            -0.3073379228,
            50.8876769,
            0.0
          ],
          [
            -0.3064983914,
            50.8873833281,
            0.0
          ],
          [
            -0.3061255643,
            50.8870279935,
            0.0
          ],
          [
            -0.3055327961,
            50.8869027798,
            0.0
          ],
          [
            -0.306211395,
            50.8870745256,
            0.0
          ],
          [
            -0.3065225313,
            50.8873926344,
            0.0
          ],
          [
            -0.3073164651,
            50.8877039728,
            0.0
          ],
          [
            -0.306608362,
            50.8874400121,
            0.0
          ],
          [
            -0.3062006662,
            50.8870812939,
            0.0
          ],
          [
            -0.3065627644,
            50.8874205534,
            0.0
          ],
          [
            -0.3073593805,
            50.8876904364,
            0.0
          ],
          [
            -0.3074720333,
            50.8867530305,
            0.0
          ],
          [
            -0.3080996702,
            50.8857953002,
            0.0
          ],
          [
            -0.308239145,
            50.8850846042,
            0.0
          ],
          [
            -0.3080889413,
            50.8847123306,
            0.0
          ],
          [
            -0.3075417707,
            50.8840963804,
            0.0
          ],
          [
            -0.3065332601,
            50.8831216734,
            0.0
          ],
          [
            -0.3064259717,
            50.8826410811,
            0.0
          ],
          [
            -0.3067692945,
            50.8826749258,
            0.0
          ],
          [
            -0.3069490025,
            50.8824752418,
            0.0
          ],
          [
            -0.306938523,
            50.8821767284,
            0.0
          ],
          [
            -0.3068417141,
            50.8819134144,
            0.0
          ],
          [
            -0.306621773,
            50.8816629591,
            0.0
          ],
          [
            -0.3063481877,
            50.8814869626,
            0.0
          ],
          [
            -0.3058036993,
            50.8812551201,
            0.0
          ],
          [
            -0.3051411936,
            50.8810503532,
            0.0
          ],
          [
            -0.30452965,
            50.8806848165,
            0.0
          ],
          [
            -0.3039288351,
            50.8802752767,
            0.0
          ],
          [
            -0.3035211394,
            50.8799198879,
            0.0
          ],
          [
            -0.303413851,
            50.8797405002,
            0.0
          ],
          [
            -0.3034460375,
            50.879378338,
            0.0
          ],
          [
            -0.3040146658,
            50.8787047765,
            0.0
          ],
          [
            -0.3042828867,
            50.8782850649,
            0.0
          ],
          [
            -0.3044760058,
            50.8778721191,
            0.0
          ],
          [
            -0.3046154807,
            50.8778450406,
            0.0
          ],
          [
            -0.3047120402,
            50.8774997879,
            0.0
          ],
          [
            -0.3045564721,
            50.8772865423,
            0.0
          ],
          [
            -0.3044062684,
            50.8767754258,
            0.0
          ],
          [
            -0.3035855124,
            50.8762541489,
            0.0
          ],
          [
            -0.3031992743,
            50.8757667159,
            0.0
          ],
          [
            -0.3030349391,
            50.8752879533,
            0.0
          ],
          [
            -0.3030383418,
            50.8746259673,
            0.0
          ],
          [
            -0.3031349013,
            50.8740843559,
            0.0
          ],
          [
            -0.3036659787,
            50.8733362447,
            0.0
          ],
          [
            -0.3038966486,
            50.8729130996,
            0.0
          ],
          [
            -0.3039771149,
            50.8725170322,
            0.0
          ],
          [
            -0.303875191,
            50.8720058635,
            0.0
          ],
          [
            -0.3037464449,
            50.8717350433,
            0.0
          ],
          [
            -0.306197984,
            50.8717925927,
            0.0
          ],
          [
            -0.3052323887,
            50.8712644895,
            0.0
          ],
          [
            -0.3057554195,
            50.8705281818,
            0.0
          ],
          [
            -0.3052881635,
            50.8704613623,
            0.0
          ],
          [
            -0.3057634661,
            50.8705264891,
            0.0
          ],
          [
            -0.3052162955,
            50.8712678748,
            0.0
          ],
          [
            -0.306197984,
            50.871795978,
            0.0
          ],
          [
            -0.3050124476,
            50.8717655106,
            0.0
          ],
          [
            -0.3037571738,
            50.871731658,
            0.0
          ],
          [
            -0.3021532128,
            50.8712543336,
            0.0
          ],
          [
            -0.3018152544,
            50.8710952244,
            0.0
          ],
          [
            -0.301514847,
            50.8707600777,
            0.0
          ],
          [
            -0.3007477353,
            50.870763463,
            0.0
          ],
          [
            -0.2993100712,
            50.8712306365,
            0.0
          ],
          [
            -0.2995353768,
            50.8719483143,
            0.0
          ],
          [
            -0.2994602749,
            50.8719923225,
            0.0
          ],
          [
            -0.2997606823,
            50.8733396298,
            0.0
          ],
          [
            -0.2994119952,
            50.8733700961,
            0.0
          ],
          [
            -0.2961879799,
            50.873187298,
            0.0
          ],
          [
            -0.2937471697,
            50.8730586619,
            0.0
          ],
          [
            -0.292223675,
            50.8731026691,
            0.0
          ],
          [
            -0.2907189558,
            50.8730061918,
            0.0
          ],
          [
            -0.2893805335,
            50.8728758626,
            0.0
          ],
          [
            -0.2889299223,
            50.8728894033,
            0.0
          ],
          [
            -0.2880045602,
            50.8730942062,
            0.0
          ],
          [
            -0.2867653797,
            50.8734462618,
            0.0
          ],
          [
            -0.2849280665,
            50.8737966222,
            0.0
          ],
          [
            -0.2846062014,
            50.8737695413,
            0.0
          ],
          [
            -0.2836352417,
            50.8740301944,
            0.0
          ],
          [
            -0.2799981663,
            50.8752386577,
            0.0
          ],
          [
            -0.2750199864,
            50.8768972819,
            0.0
          ],
          [
            -0.2732389996,
            50.8778213469,
            0.0
          ],
          [
            -0.2700847218,
            50.879774347,
            0.0
          ],
          [
            -0.2685183117,
            50.880539278,
            0.0
          ],
          [
            -0.2669358084,
            50.8811552752,
            0.0
          ],
          [
            -0.2664932439,
            50.8812652738,
            0.0
          ],
          [
            -0.26662199,
            50.8814141947,
            0.0
          ],
          [
            -0.2663382854,
            50.8812352959,
            0.0
          ],
          [
            -0.2638298762,
            50.8816279063,
            0.0
          ],
          [
            -0.2633301496,
            50.8816313611,
            0.0
          ],
          [
            -0.2593130362,
            50.881905438,
            0.0
          ],
          [
            -0.2566200984,
            50.8819189761,
            0.0
          ],
          [
            -0.2552789939,
            50.882115278,
            0.0
          ],
          [
            -0.2545172465,
            50.882338655,
            0.0
          ],
          [
            -0.2535516513,
            50.8827515611,
            0.0
          ],
          [
            -0.2524251235,
            50.8834555239,
            0.0
          ],
          [
            -0.2513415111,
            50.8840376388,
            0.0
          ],
          [
            -0.2508538305,
            50.8848323869,
            0.0
          ],
          [
            -0.2503115428,
            50.885201847,
            0.0
          ],
          [
            -0.2497375501,
            50.8853118361,
            0.0
          ],
          [
            -0.2492172015,
            50.885939615,
            0.0
          ],
          [
            -0.2510679257,
            50.8861460526,
            0.0
          ],
          [
            -0.2518296731,
            50.886707829,
            0.0
          ],
          [
            -0.2518833173,
            50.8873237446,
            0.0
          ],
          [
            -0.251314689,
            50.8876976894,
            0.0
          ],
          [
            -0.2509016288,
            50.8880868596,
            0.0
          ],
          [
            -0.2508962644,
            50.8882932877,
            0.0
          ],
          [
            -0.2503759158,
            50.8887907417,
            0.0
          ],
          [
            -0.25042956,
            50.8892374306,
            0.0
          ],
          [
            -0.2503759158,
            50.8893457182,
            0.0
          ],
          [
            -0.2485573781,
            50.8891020708,
            0.0
          ],
          [
            -0.2482408774,
            50.8897078029,
            0.0
          ],
          [
            -0.2485412848,
            50.8891122228,
            0.0
          ],
          [
            -0.2466047299,
            50.88883981,
            0.0
          ],
          [
            -0.2467763913,
            50.8878702783,
            0.0
          ],
          [
            -0.245617677,
            50.8877755237,
            0.0
          ],
          [
            -0.245258261,
            50.8876266232,
            0.0
          ],
          [
            -0.244475056,
            50.8876807689,
            0.0
          ],
          [
            -0.2412456763,
            50.8876976894,
            0.0
          ],
          [
            -0.2404571069,
            50.8876773848,
            0.0
          ],
          [
            -0.240151335,
            50.8875690934,
            0.0
          ],
          [
            -0.2398777497,
            50.8874794143,
            0.0
          ],
          [
            -0.239239384,
            50.8873491256,
            0.0
          ],
          [
            -0.2383971703,
            50.8873017478,
            0.0
          ],
          [
            -0.2368683112,
            50.8873322049,
            0.0
          ],
          [
            -0.2364391578,
            50.8874235763,
            0.0
          ],
          [
            -0.2356452239,
            50.8872983636,
            0.0
          ],
          [
            -0.2356344951,
            50.8871697665,
            0.0
          ],
          [
            -0.2355379355,
            50.8866722951,
            0.0
          ],
          [
            -0.2348244679,
            50.8868381195,
            0.0
          ],
          [
            -0.233247329,
            50.8869937908,
            0.0
          ],
          [
            -0.232759167,
            50.8869497968,
            0.0
          ],
          [
            -0.232566048,
            50.8869565651,
            0.0
          ],
          [
            -0.2317989362,
            50.886689216,
            0.0
          ],
          [
            -0.2308923495,
            50.8864354021,
            0.0
          ],
          [
            -0.2304471028,
            50.8864895492,
            0.0
          ],
          [
            -0.2298677457,
            50.886486165,
            0.0
          ],
          [
            -0.227882911,
            50.8863101868,
            0.0
          ],
          [
            -0.228113581,
            50.8867230577,
            0.0
          ],
          [
            -0.2279526484,
            50.8868415036,
            0.0
          ],
          [
            -0.227947284,
            50.8870750104,
            0.0
          ],
          [
            -0.2281457675,
            50.8874269605,
            0.0
          ],
          [
            -0.2283818019,
            50.8877315305,
            0.0
          ],
          [
            -0.2287304891,
            50.8878635102,
            0.0
          ],
          [
            -0.2287251246,
            50.8878736624,
            0.0
          ],
          [
            -0.2289504302,
            50.8880631711,
            0.0
          ],
          [
            -0.2284998191,
            50.8877958283,
            0.0
          ],
          [
            -0.2280974877,
            50.8873626621,
            0.0
          ],
          [
            -0.2279258264,
            50.8870682421,
            0.0
          ],
          [
            -0.227947284,
            50.8868381195,
            0.0
          ],
          [
            -0.2281243098,
            50.8867264419,
            0.0
          ],
          [
            -0.2278453601,
            50.8862831131,
            0.0
          ],
          [
            -0.2273464692,
            50.8857940929,
            0.0
          ],
          [
            -0.2269816888,
            50.885591038,
            0.0
          ],
          [
            -0.2266169084,
            50.8855165843,
            0.0
          ],
          [
            -0.2261770261,
            50.885577501,
            0.0
          ],
          [
            -0.2255869401,
            50.8858143984,
            0.0
          ],
          [
            -0.2253187192,
            50.8856654916,
            0.0
          ],
          [
            -0.2248681081,
            50.8856519546,
            0.0
          ],
          [
            -0.2240527165,
            50.8853406024,
            0.0
          ],
          [
            -0.2236235631,
            50.884914182,
            0.0
          ],
          [
            -0.2234197152,
            50.8846231309,
            0.0
          ],
          [
            -0.2230442059,
            50.8843591527,
            0.0
          ],
          [
            -0.2212417615,
            50.8839056483,
            0.0
          ],
          [
            -0.2210808289,
            50.8837635042,
            0.0
          ],
          [
            -0.2201366914,
            50.8832896874,
            0.0
          ],
          [
            -0.2194822324,
            50.8830595461,
            0.0
          ],
          [
            -0.2192891133,
            50.8829850884,
            0.0
          ],
          [
            -0.2190584434,
            50.8828869394,
            0.0
          ],
          [
            -0.2177495254,
            50.8827921747,
            0.0
          ],
          [
            -0.2173203719,
            50.8828598638,
            0.0
          ],
          [
            -0.2161723865,
            50.8833201472,
            0.0
          ],
          [
            -0.2152067912,
            50.8838684201,
            0.0
          ],
          [
            -0.2139407886,
            50.8846062093,
            0.0
          ],
          [
            -0.2127391589,
            50.8851003184,
            0.0
          ],
          [
            -0.2126962436,
            50.88408502,
            0.0
          ],
          [
            -0.2123314631,
            50.8830900061,
            0.0
          ],
          [
            -0.2122027171,
            50.8822777341,
            0.0
          ],
          [
            -0.2116448176,
            50.8822032751,
            0.0
          ],
          [
            -0.2109474433,
            50.8821897371,
            0.0
          ],
          [
            -0.2105504764,
            50.8822032751,
            0.0
          ],
          [
            -0.2096687824,
            50.8823665524,
            0.0
          ],
          [
            -0.2081579459,
            50.8824063447,
            0.0
          ],
          [
            -0.2075038436,
            50.8825058429,
            0.0
          ],
          [
            -0.2053791774,
            50.8827718679,
            0.0
          ],
          [
            -0.2040166152,
            50.8830087795,
            0.0
          ],
          [
            -0.2033192409,
            50.8833404538,
            0.0
          ],
          [
            -0.2028042567,
            50.8833539914,
            0.0
          ],
          [
            -0.2020854247,
            50.8839158014,
            0.0
          ],
          [
            -0.1996285212,
            50.8848228057,
            0.0
          ],
          [
            -0.1981908572,
            50.8851680042,
            0.0
          ],
          [
            -0.1978368056,
            50.8855402742,
            0.0
          ],
          [
            -0.1969999564,
            50.8860817525,
            0.0
          ],
          [
            -0.1964205993,
            50.8863863313,
            0.0
          ],
          [
            -0.1955865555,
            50.886695466,
            0.0
          ],
          [
            -0.1938242209,
            50.8872729826,
            0.0
          ],
          [
            -0.1942211879,
            50.8883558927,
            0.0
          ],
          [
            -0.1943284762,
            50.8885927759,
            0.0
          ],
          [
            -0.1940280688,
            50.8888702662,
            0.0
          ],
          [
            -0.1935667289,
            50.8889041063,
            0.0
          ],
          [
            -0.1928800834,
            50.8890462348,
            0.0
          ],
          [
            -0.1927191508,
            50.8892628105,
            0.0
          ],
          [
            -0.1920325053,
            50.889371098,
            0.0
          ],
          [
            -0.1915604365,
            50.8893440262,
            0.0
          ],
          [
            -0.1908952487,
            50.8891815947,
            0.0
          ],
          [
            -0.1900583995,
            50.8891951307,
            0.0
          ],
          [
            -0.1890713466,
            50.8891139148,
            0.0
          ],
          [
            -0.1886207355,
            50.8889514825,
            0.0
          ],
          [
            -0.1881486667,
            50.8890597708,
            0.0
          ],
          [
            -0.1873332751,
            50.8892560426,
            0.0
          ],
          [
            -0.1857990516,
            50.8894523135,
            0.0
          ],
          [
            -0.1845330489,
            50.889702727,
            0.0
          ],
          [
            -0.1828700793,
            50.8901426393,
            0.0
          ],
          [
            -0.177194525,
            50.8910765932,
            0.0
          ],
          [
            -0.173776926,
            50.8927856649,
            0.0
          ],
          [
            -0.172484566,
            50.8937836001,
            0.0
          ],
          [
            -0.1688796771,
            50.8950490719,
            0.0
          ],
          [
            -0.1672381652,
            50.8955701385,
            0.0
          ],
          [
            -0.1659507049,
            50.8958340531,
            0.0
          ],
          [
            -0.1651460422,
            50.8961182672,
            0.0
          ],
          [
            -0.1650709403,
            50.8962603736,
            0.0
          ],
          [
            -0.1659614337,
            50.8969641322,
            0.0
          ],
          [
            -0.1668572915,
            50.8973989009,
            0.0
          ],
          [
            -0.1674956573,
            50.8977355477,
            0.0
          ],
          [
            -0.1667339099,
            50.8981753841,
            0.0
          ],
          [
            -0.1665676129,
            50.8983902258,
            0.0
          ],
          [
            -0.1664764178,
            50.8985610835,
            0.0
          ],
          [
            -0.1665515197,
            50.8986947241,
            0.0
          ],
          [
            -0.1663154853,
            50.8987894565,
            0.0
          ],
          [
            -0.1656502974,
            50.8986642744,
            0.0
          ],
          [
            -0.1652892521,
            50.8986176647,
            0.0
          ],
          [
            -0.1645398629,
            50.8986676577,
            0.0
          ],
          [
            -0.1645291341,
            50.8985458585,
            0.0
          ],
          [
            -0.1645344985,
            50.8986744243,
            0.0
          ],
          [
            -0.163749972,
            50.8988179893,
            0.0
          ],
          [
            -0.1617103824,
            50.8996230353,
            0.0
          ],
          [
            -0.1614636191,
            50.8998327954,
            0.0
          ],
          [
            -0.1610988387,
            50.9007259572,
            0.0
          ],
          [
            -0.1608306178,
            50.9010304402,
            0.0
          ],
          [
            -0.1606267699,
            50.9010575053,
            0.0
          ],
          [
            -0.1598972091,
            50.9008612832,
            0.0
          ],
          [
            -0.1584380874,
            50.9009154135,
            0.0
          ],
          [
            -0.1531058559,
            50.9008071528,
            0.0
          ],
          [
            -0.1520544299,
            50.9004553039,
            0.0
          ],
          [
            -0.1508098849,
            50.9003944067,
            0.0
          ],
          [
            -0.1447802791,
            50.9004620702,
            0.0
          ],
          [
            -0.1409018048,
            50.9004942104,
            0.0
          ],
          [
            -0.1390832671,
            50.9005077431,
            0.0
          ],
          [
            -0.1371091613,
            50.9005686401,
            0.0
          ],
          [
            -0.1370984325,
            50.9009813847,
            0.0
          ],
          [
            -0.1368141183,
            50.9014347229,
            0.0
          ],
          [
            -0.1338690528,
            50.9006921256,
            0.0
          ],
          [
            -0.1319378623,
            50.9004011731,
            0.0
          ],
          [
            -0.1311868438,
            50.9003944067,
            0.0
          ],
          [
            -0.1291590938,
            50.900658294,
            0.0
          ],
          [
            -0.1273995647,
            50.9009627775,
            0.0
          ],
          [
            -0.1249855765,
            50.9016799974,
            0.0
          ],
          [
            -0.1231724032,
            50.9022415863,
            0.0
          ],
          [
            -0.1223033675,
            50.9024175044,
            0.0
          ],
          [
            -0.1214772471,
            50.9024513347,
            0.0
          ],
          [
            -0.1206940421,
            50.9024175044,
            0.0
          ],
          [
            -0.1197820911,
            50.9022551185,
            0.0
          ],
          [
            -0.1173788318,
            50.9027355084,
            0.0
          ],
          [
            -0.1162201175,
            50.9029249566,
            0.0
          ],
          [
            -0.1142781982,
            50.9030873401,
            0.0
          ],
          [
            -0.1121124059,
            50.9030686648,
            0.0
          ],
          [
            -0.111145378,
            50.9029723185,
            0.0
          ],
          [
            -0.1089781531,
            50.902640784,
            0.0
          ],
          [
            -0.1082378635,
            50.9024581008,
            0.0
          ],
          [
            -0.107446852,
            50.9021274026,
            0.0
          ],
          [
            -0.1076263182,
            50.9017498515,
            0.0
          ],
          [
            -0.1073655679,
            50.9021087728,
            0.0
          ],
          [
            -0.1063174018,
            50.9016529326,
            0.0
          ],
          [
            -0.1051694163,
            50.9011657653,
            0.0
          ],
          [
            -0.1047617206,
            50.9010033751,
            0.0
          ],
          [
            -0.1046437034,
            50.9008139191,
            0.0
          ],
          [
            -0.1044183978,
            50.9007327235,
            0.0
          ],
          [
            -0.1038604983,
            50.9006785929,
            0.0
          ],
          [
            -0.1034528026,
            50.9005635654,
            0.0
          ],
          [
            -0.1023906478,
            50.9004553039,
            0.0
          ],
          [
            -0.1007276782,
            50.8998801605,
            0.0
          ],
          [
            -0.0977021464,
            50.899189979,
            0.0
          ],
          [
            -0.0967258224,
            50.8989531497,
            0.0
          ],
          [
            -0.0948697337,
            50.8991426133,
            0.0
          ],
          [
            -0.0927025088,
            50.8993997411,
            0.0
          ],
          [
            -0.0906747588,
            50.8997854303,
            0.0
          ],
          [
            -0.0873059043,
            50.9001102187,
            0.0
          ],
          [
            -0.0846873854,
            50.8996241971,
            0.0
          ],
          [
            -0.0812226543,
            50.8990546481,
            0.0
          ],
          [
            -0.0785404452,
            50.898411821,
            0.0
          ],
          [
            -0.0725430259,
            50.897768985,
            0.0
          ],
          [
            -0.0690934902,
            50.8971502464,
            0.0
          ],
          [
            -0.0597741314,
            50.8963711383,
            0.0
          ],
          [
            -0.0551837691,
            50.8962329093,
            0.0
          ],
          [
            -0.053231121,
            50.8959554629,
            0.0
          ],
          [
            -0.0518471011,
            50.8957659864,
            0.0
          ],
          [
            -0.0478774318,
            50.8956035773,
            0.0
          ],
          [
            -0.0472873458,
            50.8956374126,
            0.0
          ],
          [
            -0.0465685138,
            50.8952043193,
            0.0
          ],
          [
            -0.0441867122,
            50.8946088095,
            0.0
          ],
          [
            -0.0411397227,
            50.8938847134,
            0.0
          ],
          [
            -0.0386399039,
            50.8934583711,
            0.0
          ],
          [
            -0.0371485957,
            50.8931470712,
            0.0
          ],
          [
            -0.0355392703,
            50.8928019318,
            0.0
          ],
          [
            -0.034380556,
            50.8926192099,
            0.0
          ],
          [
            -0.0312605058,
            50.8917021761,
            0.0
          ],
          [
            -0.0287801036,
            50.8909070035,
            0.0
          ],
          [
            -0.0265055903,
            50.8900813321,
            0.0
          ],
          [
            -0.0251430282,
            50.887766667,
            0.0
          ],
          [
            -0.0244885692,
            50.8872996592,
            0.0
          ],
          [
            -0.0238233813,
            50.8869206349,
            0.0
          ],
          [
            -0.0223557313,
            50.8863610297,
            0.0
          ],
          [
            -0.0210553416,
            50.8862099561,
            0.0
          ],
          [
            -0.0186842689,
            50.8859933661,
            0.0
          ],
          [
            -0.0161844501,
            50.8874214877,
            0.0
          ],
          [
            -0.0155943641,
            50.8880644666,
            0.0
          ],
          [
            -0.0150901088,
            50.8885720752,
            0.0
          ],
          [
            -0.0146889333,
            50.8892041199,
            0.0
          ],
          [
            -0.0134807834,
            50.8899527426,
            0.0
          ],
          [
            -0.0120538482,
            50.8906362932,
            0.0
          ],
          [
            -0.0116246947,
            50.8912183185,
            0.0
          ],
          [
            -0.011216999,
            50.8913266014,
            0.0
          ],
          [
            -0.0107449302,
            50.8914484195,
            0.0
          ],
          [
            -0.0107449302,
            50.8916446812,
            0.0
          ],
          [
            -0.0107429666,
            50.8920775267,
            0.0
          ],
          [
            -0.0105015678,
            50.8921062888,
            0.0
          ],
          [
            -0.0103942795,
            50.8920233861,
            0.0
          ],
          [
            -0.0101582451,
            50.8917679094,
            0.0
          ],
          [
            -0.01006705,
            50.8917019251,
            0.0
          ],
          [
            -0.0100026769,
            50.8914159921,
            0.0
          ],
          [
            -0.0098202867,
            50.891336472,
            0.0
          ],
          [
            -0.0093857689,
            50.8913060174,
            0.0
          ],
          [
            -0.0088976068,
            50.8913889215,
            0.0
          ],
          [
            -0.0085220976,
            50.8914024568,
            0.0
          ],
          [
            -0.008425538,
            50.891294174,
            0.0
          ],
          [
            -0.0084040804,
            50.890894879,
            0.0
          ],
          [
            -0.0085757418,
            50.8901842609,
            0.0
          ],
          [
            -0.008951251,
            50.8898052601,
            0.0
          ],
          [
            -0.008951251,
            50.889282437,
            0.0
          ],
          [
            -0.0088761492,
            50.8886902354,
            0.0
          ],
          [
            -0.0084469957,
            50.8881893962,
            0.0
          ],
          [
            -0.0082485123,
            50.8877833065,
            0.0
          ],
          [
            -0.0060651941,
            50.8877494655,
            0.0
          ],
          [
            -0.0038550539,
            50.8875616476,
            0.0
          ],
          [
            -0.0030342979,
            50.8875768761,
            0.0
          ],
          [
            -0.0028787298,
            50.8875853364,
            0.0
          ],
          [
            -0.0007973356,
            50.8893044329,
            0.0
          ],
          [
            0.0022067385,
            50.8908745758,
            0.0
          ],
          [
            0.0042344885,
            50.8920589158,
            0.0
          ],
          [
            0.005216177,
            50.8927559705,
            0.0
          ],
          [
            0.0057687121,
            50.8925343353,
            0.0
          ],
          [
            0.0059940176,
            50.8925411028,
            0.0
          ],
          [
            0.0065572815,
            50.8929048546,
            0.0
          ],
          [
            0.0068469601,
            50.8928574824,
            0.0
          ],
          [
            0.0076301651,
            50.8924903465,
            0.0
          ],
          [
            0.0082738953,
            50.8920995212,
            0.0
          ],
          [
            0.0091751175,
            50.891251876,
            0.0
          ],
          [
            0.0094433384,
            50.8910843754,
            0.0
          ],
          [
            0.0091214733,
            50.8912789467,
            0.0
          ],
          [
            0.0089176254,
            50.8914955121,
            0.0
          ],
          [
            0.0089980917,
            50.8914244517,
            0.0
          ],
          [
            0.008424099,
            50.8919844725,
            0.0
          ],
          [
            0.0076730805,
            50.8924531252,
            0.0
          ],
          [
            0.006820138,
            50.8928727092,
            0.0
          ],
          [
            0.0065680103,
            50.8929031627,
            0.0
          ],
          [
            0.0060262041,
            50.8925546378,
            0.0
          ],
          [
            0.005677517,
            50.8925478703,
            0.0
          ],
          [
            0.0051786261,
            50.892749203,
            0.0
          ],
          [
            0.004792388,
            50.8925021896,
            0.0
          ],
          [
            0.0039501743,
            50.8918626559,
            0.0
          ],
          [
            9.85222e-05,
            50.8896766698,
            0.0
          ],
          [
            -0.0006846828,
            50.8893856485,
            0.0
          ],
          [
            -0.0009475393,
            50.8892147572,
            0.0
          ],
          [
            -0.0019453211,
            50.8882435413,
            0.0
          ],
          [
            -0.0024978561,
            50.887768078,
            0.0
          ],
          [
            -0.0029506928,
            50.8875139264,
            0.0
          ],
          [
            -0.0028411789,
            50.8869829608,
            0.0
          ],
          [
            -0.0022081776,
            50.885945706,
            0.0
          ],
          [
            -0.00126404,
            50.8854549901,
            0.0
          ],
          [
            1.9627e-06,
            50.884864432,
            0.0
          ],
          [
            0.0002165394,
            50.8846867555,
            0.0
          ],
          [
            0.0003345566,
            50.8845192313,
            0.0
          ],
          [
            0.0002809124,
            50.8838694347,
            0.0
          ],
          [
            0.0006671505,
            50.8834430008,
            0.0
          ],
          [
            0.0037034111,
            50.8812836962,
            0.0
          ],
          [
            0.0044758873,
            50.8808843155,
            0.0
          ],
          [
            0.005151804,
            50.8801870832,
            0.0
          ],
          [
            0.0055380421,
            50.8797944624,
            0.0
          ],
          [
            0.0060798483,
            50.8795169181,
            0.0
          ],
          [
            0.0070293503,
            50.8792664498,
            0.0
          ],
          [
            0.0094969826,
            50.8790904443,
            0.0
          ],
          [
            0.0095238047,
            50.8795050716,
            0.0
          ],
          [
            0.0097115593,
            50.8799907732,
            0.0
          ],
          [
            0.0101299839,
            50.8803427767,
            0.0
          ],
          [
            0.0100119667,
            50.8807573929,
            0.0
          ],
          [
            0.0100977974,
            50.8808572387,
            0.0
          ],
          [
            0.0105913239,
            50.8814393861,
            0.0
          ],
          [
            0.0084080057,
            50.8811601593,
            0.0
          ],
          [
            0.006884511,
            50.8810383144,
            0.0
          ],
          [
            0.0083543615,
            50.8811432364,
            0.0
          ],
          [
            0.0106235104,
            50.881432617,
            0.0
          ],
          [
            0.009990509,
            50.8807353929,
            0.0
          ],
          [
            0.0101621704,
            50.8803766231,
            0.0
          ],
          [
            0.0098295765,
            50.8800652357,
            0.0
          ],
          [
            0.0096901016,
            50.8799721575,
            0.0
          ],
          [
            0.0096364575,
            50.8797470769,
            0.0
          ],
          [
            0.0094862538,
            50.879131061,
            0.0
          ],
          [
            0.0093575077,
            50.8784050319,
            0.0
          ],
          [
            0.0093145924,
            50.8768040047,
            0.0
          ],
          [
            0.0092824059,
            50.8767007653,
            0.0
          ],
          [
            0.0091322022,
            50.8757716006,
            0.0
          ],
          [
            0.0083704548,
            50.8747493288,
            0.0
          ],
          [
            0.0088210659,
            50.8747831792,
            0.0
          ],
          [
            0.0085313873,
            50.8744142084,
            0.0
          ],
          [
            0.008475061,
            50.8741992561,
            0.0
          ],
          [
            0.0080351787,
            50.8740266165,
            0.0
          ],
          [
            0.008295353,
            50.8739098306,
            0.0
          ],
          [
            0.0082095223,
            50.8738455136,
            0.0
          ],
          [
            0.0080378609,
            50.8734646873,
            0.0
          ],
          [
            0.008359726,
            50.8730381582,
            0.0
          ],
          [
            0.0082631664,
            50.8726048547,
            0.0
          ],
          [
            0.0083275395,
            50.8724440575,
            0.0
          ],
          [
            0.0075201945,
            50.8721876271,
            0.0
          ],
          [
            0.0067477183,
            50.8720225969,
            0.0
          ],
          [
            0.0016536729,
            50.8722926332,
            0.0
          ],
          [
            0.0068032395,
            50.8719263461,
            0.0
          ],
          [
            0.0073973296,
            50.8717603363,
            0.0
          ],
          [
            0.0076569872,
            50.8712659894,
            0.0
          ],
          [
            0.007705267,
            50.8710120915,
            0.0
          ],
          [
            0.008976634,
            50.8712626041,
            0.0
          ],
          [
            0.0091375666,
            50.871296457,
            0.0
          ],
          [
            0.0093199568,
            50.8712761453,
            0.0
          ],
          [
            0.0089095788,
            50.8710814904,
            0.0
          ],
          [
            0.0082014756,
            50.870905454,
            0.0
          ],
          [
            0.0082175689,
            50.8708479035,
            0.0
          ],
          [
            0.0072895246,
            50.8706989489,
            0.0
          ],
          [
            0.007166143,
            50.8705364524,
            0.0
          ],
          [
            0.0071822362,
            50.87046536,
            0.0
          ],
          [
            0.0076221185,
            50.8705262963,
            0.0
          ],
          [
            0.0077723222,
            50.8703028627,
            0.0
          ],
          [
            0.0073163467,
            50.8699507833,
            0.0
          ],
          [
            0.007179554,
            50.869930471,
            0.0
          ],
          [
            0.0072922068,
            50.8696816439,
            0.0
          ],
          [
            0.0073029356,
            50.8694514354,
            0.0
          ],
          [
            0.0052537279,
            50.8690553387,
            0.0
          ],
          [
            0.0057311611,
            50.8674133633,
            0.0
          ],
          [
            0.0062890606,
            50.8674996954,
            0.0
          ],
          [
            0.006718214,
            50.8676554314,
            0.0
          ],
          [
            0.0069113331,
            50.867905962,
            0.0
          ],
          [
            0.0071688252,
            50.8680616966,
            0.0
          ],
          [
            0.00776964,
            50.8682377437,
            0.0
          ],
          [
            0.00800031,
            50.8681988103,
            0.0
          ],
          [
            0.0082792597,
            50.868249593,
            0.0
          ],
          [
            0.0085099297,
            50.868318996,
            0.0
          ],
          [
            0.0085206585,
            50.8684815002,
            0.0
          ],
          [
            0.0091751175,
            50.8684679582,
            0.0
          ],
          [
            0.0091346941,
            50.8685724164,
            0.0
          ],
          [
            0.0096042709,
            50.8684882712,
            0.0
          ],
          [
            0.0097866612,
            50.8684882712,
            0.0
          ],
          [
            0.0099475937,
            50.8686440039,
            0.0
          ],
          [
            0.0109882908,
            50.868596607,
            0.0
          ],
          [
            0.0109346466,
            50.8689063783,
            0.0
          ],
          [
            0.0104786711,
            50.8689063783,
            0.0
          ],
          [
            0.0105645018,
            50.8691196623,
            0.0
          ],
          [
            0.0105054932,
            50.8688928365,
            0.0
          ],
          [
            0.0109239178,
            50.8689165347,
            0.0
          ],
          [
            0.010940011,
            50.8691839858,
            0.0
          ],
          [
            0.0108863669,
            50.8695631544,
            0.0
          ],
          [
            0.0105108576,
            50.8696207065,
            0.0
          ],
          [
            0.0104840355,
            50.8697578156,
            0.0
          ],
          [
            0.0109024601,
            50.8701572918,
            0.0
          ],
          [
            0.0114914874,
            50.8718863691,
            0.0
          ],
          [
            0.01315905,
            50.8720614765,
            0.0
          ],
          [
            0.0135077372,
            50.8721528778,
            0.0
          ],
          [
            0.0140602722,
            50.8724507773,
            0.0
          ],
          [
            0.0143445864,
            50.8727385192,
            0.0
          ],
          [
            0.014491864,
            50.8730104488,
            0.0
          ],
          [
            0.0145645275,
            50.8733038424,
            0.0
          ],
          [
            0.0147576466,
            50.8732699909,
            0.0
          ],
          [
            0.0151868,
            50.8730702666,
            0.0
          ],
          [
            0.015610589,
            50.8731785917,
            0.0
          ],
          [
            0.0157929793,
            50.8731785917,
            0.0
          ],
          [
            0.0160021916,
            50.8733343087,
            0.0
          ],
          [
            0.0165064469,
            50.8729517857,
            0.0
          ],
          [
            0.0166834726,
            50.8729720967,
            0.0
          ],
          [
            0.0167424812,
            50.8730161039,
            0.0
          ],
          [
            0.0168283119,
            50.8729551708,
            0.0
          ],
          [
            0.0172413721,
            50.8728299193,
            0.0
          ],
          [
            0.0175203219,
            50.8728163785,
            0.0
          ],
          [
            0.0176383391,
            50.8727114377,
            0.0
          ],
          [
            0.0176061526,
            50.8726335783,
            0.0
          ],
          [
            0.0177617207,
            50.8725523335,
            0.0
          ],
          [
            0.0182713404,
            50.8723424504,
            0.0
          ],
          [
            0.0183705821,
            50.8722637441,
            0.0
          ],
          [
            0.0183893576,
            50.8721867302,
            0.0
          ],
          [
            0.0182337895,
            50.8721494926,
            0.0
          ],
          [
            0.0181855097,
            50.8720716322,
            0.0
          ],
          [
            0.018265976,
            50.8720106979,
            0.0
          ],
          [
            0.0183571711,
            50.8720310094,
            0.0
          ],
          [
            0.0182927981,
            50.8720987141,
            0.0
          ],
          [
            0.0184000864,
            50.8721156403,
            0.0
          ],
          [
            0.0184537306,
            50.8719599192,
            0.0
          ],
          [
            0.0182176962,
            50.8718651323,
            0.0
          ],
          [
            0.0179977551,
            50.8718177387,
            0.0
          ],
          [
            0.0179172888,
            50.8717669598,
            0.0
          ],
          [
            0.0178368225,
            50.8716992546,
            0.0
          ],
          [
            0.0178797379,
            50.8716044671,
            0.0
          ],
          [
            0.0179816618,
            50.871553688,
            0.0
          ],
          [
            0.0180056892,
            50.8714788173,
            0.0
          ],
          [
            0.0177939072,
            50.8714521296,
            0.0
          ],
          [
            0.0175015464,
            50.8715663828,
            0.0
          ],
          [
            0.0175364151,
            50.8717305683,
            0.0
          ],
          [
            0.0174881354,
            50.8720318557,
            0.0
          ],
          [
            0.0175417795,
            50.8721723429,
            0.0
          ],
          [
            0.0179226532,
            50.872255281,
            0.0
          ],
          [
            0.0182203784,
            50.8722146583,
            0.0
          ],
          [
            0.0183839932,
            50.8722298918,
            0.0
          ],
          [
            0.0182847514,
            50.8723703785,
            0.0
          ],
          [
            0.0177751317,
            50.8725701058,
            0.0
          ],
          [
            0.0176088348,
            50.8726395024,
            0.0
          ],
          [
            0.0176302924,
            50.8727139766,
            0.0
          ],
          [
            0.0175444617,
            50.8728155322,
            0.0
          ],
          [
            0.017072393,
            50.8728883136,
            0.0
          ],
          [
            0.0168524518,
            50.8729594023,
            0.0
          ],
          [
            0.01677735,
            50.8729272431,
            0.0
          ],
          [
            0.0166781082,
            50.8729594023,
            0.0
          ],
          [
            0.0164769426,
            50.872952632,
            0.0
          ],
          [
            0.0157339707,
            50.8736905939,
            0.0
          ],
          [
            0.0156722799,
            50.8741103469,
            0.0
          ],
          [
            0.0158514236,
            50.8741109172,
            0.0
          ],
          [
            0.0170911684,
            50.8742000517,
            0.0
          ],
          [
            0.0186629429,
            50.8743439175,
            0.0
          ],
          [
            0.018625392,
            50.874415004,
            0.0
          ],
          [
            0.0187112227,
            50.8743379936,
            0.0
          ],
          [
            0.0192101135,
            50.8743583041,
            0.0
          ],
          [
            0.0193522706,
            50.8743439175,
            0.0
          ],
          [
            0.0196714535,
            50.8743515339,
            0.0
          ],
          [
            0.0204063788,
            50.8740502615,
            0.0
          ],
          [
            0.0214899912,
            50.8737659128,
            0.0
          ],
          [
            0.022975935,
            50.8729568634,
            0.0
          ],
          [
            0.0245316162,
            50.8721748819,
            0.0
          ],
          [
            0.0252289906,
            50.871331952,
            0.0
          ],
          [
            0.0255025759,
            50.8712202372,
            0.0
          ],
          [
            0.0256796017,
            50.8711559165,
            0.0
          ],
          [
            0.0256420508,
            50.8710645132,
            0.0
          ],
          [
            0.0257010594,
            50.8710171188,
            0.0
          ],
          [
            0.0265593662,
            50.8712033107,
            0.0
          ],
          [
            0.0310708418,
            50.8723035204,
            0.0
          ],
          [
            0.0312934652,
            50.8722984426,
            0.0
          ],
          [
            0.0327096715,
            50.8723526061,
            0.0
          ],
          [
            0.0341687932,
            50.8726505042,
            0.0
          ],
          [
            0.0358693137,
            50.8726217301,
            0.0
          ],
          [
            0.0395063892,
            50.8713928872,
            0.0
          ],
          [
            0.0404237046,
            50.8711694577,
            0.0
          ],
          [
            0.0407509341,
            50.8710035775,
            0.0
          ],
          [
            0.0410245195,
            50.8705059336,
            0.0
          ],
          [
            0.0412981048,
            50.8700556797,
            0.0
          ],
          [
            0.0418506398,
            50.869642661,
            0.0
          ],
          [
            0.0428055062,
            50.8693515145,
            0.0
          ],
          [
            0.0438998475,
            50.8691348462,
            0.0
          ],
          [
            0.044881536,
            50.8691043771,
            0.0
          ],
          [
            0.0479007979,
            50.8670595068,
            0.0
          ],
          [
            0.0524346366,
            50.8649807129,
            0.0
          ],
          [
            0.0516353383,
            50.8636670225,
            0.0
          ],
          [
            0.0515629187,
            50.863441863,
            0.0
          ],
          [
            0.05152805,
            50.8629661467,
            0.0
          ],
          [
            0.0514368549,
            50.8627088177,
            0.0
          ],
          [
            0.0511659517,
            50.8624396364,
            0.0
          ],
          [
            0.0509594217,
            50.8616354695,
            0.0
          ],
          [
            0.0511337652,
            50.8623380582,
            0.0
          ],
          [
            0.0515092745,
            50.8628662626,
            0.0
          ],
          [
            0.0515629187,
            50.8634215478,
            0.0
          ],
          [
            0.0524319544,
            50.864938391,
            0.0
          ],
          [
            0.0534833803,
            50.8652227936,
            0.0
          ],
          [
            0.0539474025,
            50.8654513302,
            0.0
          ],
          [
            0.0543524161,
            50.8658254505,
            0.0
          ],
          [
            0.0550417438,
            50.8661081549,
            0.0
          ],
          [
            0.0556371942,
            50.8662909807,
            0.0
          ],
          [
            0.0564096704,
            50.866511048,
            0.0
          ],
          [
            0.0572062864,
            50.8666989507,
            0.0
          ],
          [
            0.0575898423,
            50.866741271,
            0.0
          ],
          [
            0.0590757861,
            50.8667785129,
            0.0
          ],
          [
            0.0605188146,
            50.8669748785,
            0.0
          ],
          [
            0.0611008539,
            50.8670375122,
            0.0
          ],
          [
            0.0616158381,
            50.8670036562,
            0.0
          ],
          [
            0.0624339118,
            50.8668496109,
            0.0
          ],
          [
            0.0642551317,
            50.8662791309,
            0.0
          ],
          [
            0.0651858583,
            50.8659998133,
            0.0
          ],
          [
            0.0660468474,
            50.8656900227,
            0.0
          ],
          [
            0.0666932597,
            50.8653836157,
            0.0
          ],
          [
            0.0668756499,
            50.8653836157,
            0.0
          ],
          [
            0.0669936671,
            50.8651127571,
            0.0
          ],
          [
            0.0673101678,
            50.8647267808,
            0.0
          ],
          [
            0.0675676599,
            50.864428832,
            0.0
          ],
          [
            0.0681738391,
            50.8645168625,
            0.0
          ],
          [
            0.0675086513,
            50.8644152888,
            0.0
          ],
          [
            0.0678251519,
            50.8639886769,
            0.0
          ],
          [
            0.0684393778,
            50.8630084704,
            0.0
          ],
          [
            0.0685547128,
            50.8623092777,
            0.0
          ],
          [
            0.0686244502,
            50.8621501379,
            0.0
          ],
          [
            0.0682140722,
            50.8618911114,
            0.0
          ],
          [
            0.0686405435,
            50.862146752,
            0.0
          ],
          [
            0.0687692895,
            50.8619740678,
            0.0
          ],
          [
            0.0691152945,
            50.8616879524,
            0.0
          ],
          [
            0.0699280038,
            50.8602336463,
            0.0
          ],
          [
            0.0707997217,
            50.8589316737,
            0.0
          ],
          [
            0.0702361447,
            50.8586699312,
            0.0
          ],
          [
            0.0695659056,
            50.8583018378,
            0.0
          ],
          [
            0.0686110392,
            50.8580377105,
            0.0
          ],
          [
            0.0674764648,
            50.8577549572,
            0.0
          ],
          [
            0.0663767591,
            50.8574366461,
            0.0
          ],
          [
            0.0645769968,
            50.8562294144,
            0.0
          ],
          [
            0.0633512273,
            50.8552795229,
            0.0
          ],
          [
            0.0623534455,
            50.8548799193,
            0.0
          ],
          [
            0.062369954,
            50.8537950586,
            0.0
          ],
          [
            0.0602854624,
            50.853046101,
            0.0
          ],
          [
            0.0601030722,
            50.8529512756,
            0.0
          ],
          [
            0.059920682,
            50.8527683974,
            0.0
          ],
          [
            0.0579019081,
            50.8528371669,
            0.0
          ],
          [
            0.056133712,
            50.8530071033,
            0.0
          ],
          [
            0.0546635523,
            50.853357669,
            0.0
          ],
          [
            0.053569211,
            50.8534702732,
            0.0
          ],
          [
            0.0528986588,
            50.853492286,
            0.0
          ],
          [
            0.0527082219,
            50.8534025413,
            0.0
          ],
          [
            0.0526177143,
            50.8531908651,
            0.0
          ],
          [
            0.0525902047,
            50.8525025455,
            0.0
          ],
          [
            0.0520054832,
            50.8524923855,
            0.0
          ],
          [
            0.0514368549,
            50.8524381989,
            0.0
          ],
          [
            0.0525848403,
            50.8524957722,
            0.0
          ],
          [
            0.0526492133,
            50.8524619056,
            0.0
          ],
          [
            0.0530622735,
            50.8524415856,
            0.0
          ],
          [
            0.0538347497,
            50.852146945,
            0.0
          ],
          [
            0.0547306075,
            50.8520656645,
            0.0
          ],
          [
            0.0555942788,
            50.8519640637,
            0.0
          ],
          [
            0.0564364925,
            50.8519166499,
            0.0
          ],
          [
            0.0595049396,
            50.8512833325,
            0.0
          ],
          [
            0.0604383483,
            50.8511139948,
            0.0
          ],
          [
            0.0621871486,
            50.8506804876,
            0.0
          ],
          [
            0.0661353603,
            50.8500437665,
            0.0
          ],
          [
            0.0680987373,
            50.8503451941,
            0.0
          ],
          [
            0.0690267816,
            50.8503011655,
            0.0
          ],
          [
            0.0692842736,
            50.8502503631,
            0.0
          ],
          [
            0.071880652,
            50.8504569588,
            0.0
          ],
          [
            0.0729320779,
            50.8504332512,
            0.0
          ],
          [
            0.0748253032,
            50.8506829663,
            0.0
          ],
          [
            0.0755338206,
            50.8508362797,
            0.0
          ],
          [
            0.0756464734,
            50.850876921,
            0.0
          ],
          [
            0.0775991216,
            50.8512054372,
            0.0
          ],
          [
            0.0778780713,
            50.8512020505,
            0.0
          ],
          [
            0.0780980125,
            50.8512596252,
            0.0
          ],
          [
            0.0781892769,
            50.8513833827,
            0.0
          ],
          [
            0.0783179536,
            50.8517337677,
            0.0
          ],
          [
            0.0784198775,
            50.8518252089,
            0.0
          ],
          [
            0.0785922546,
            50.851843116,
            0.0
          ],
          [
            0.0805710092,
            50.8517879551,
            0.0
          ],
          [
            0.0825236573,
            50.8516829669,
            0.0
          ],
          [
            0.0831191077,
            50.851276559,
            0.0
          ],
          [
            0.0835697189,
            50.8504230908,
            0.0
          ],
          [
            0.0856081977,
            50.8485636952,
            0.0
          ],
          [
            0.0860051646,
            50.8480319419,
            0.0
          ],
          [
            0.085651113,
            50.8475306657,
            0.0
          ],
          [
            0.085651113,
            50.8473985717,
            0.0
          ],
          [
            0.0855652824,
            50.8472969607,
            0.0
          ],
          [
            0.0853989854,
            50.8472597033,
            0.0
          ],
          [
            0.0854043498,
            50.8468159991,
            0.0
          ],
          [
            0.0854526296,
            50.8466703548,
            0.0
          ],
          [
            0.0855599179,
            50.8465382584,
            0.0
          ],
          [
            0.0863109365,
            50.8462130965,
            0.0
          ],
          [
            0.0868205562,
            50.8458269637,
            0.0
          ],
          [
            0.086831285,
            50.8455017968,
            0.0
          ],
          [
            0.0870565906,
            50.8454950225,
            0.0
          ],
          [
            0.0880865588,
            50.8450140422,
            0.0
          ],
          [
            0.0881509319,
            50.8449124261,
            0.0
          ],
          [
            0.0882904067,
            50.8448819412,
            0.0
          ],
          [
            0.0881810344,
            50.8447618226,
            0.0
          ],
          [
            0.0876231349,
            50.8448566647,
            0.0
          ],
          [
            0.0871617949,
            50.8448498903,
            0.0
          ],
          [
            0.0870008624,
            50.8441385699,
            0.0
          ],
          [
            0.0868613875,
            50.8440301772,
            0.0
          ],
          [
            0.086636082,
            50.8433594922,
            0.0
          ],
          [
            0.0865931666,
            50.8430343081,
            0.0
          ],
          [
            0.0868179146,
            50.8427694817,
            0.0
          ],
          [
            0.0873763717,
            50.8426210501,
            0.0
          ],
          [
            0.0932557738,
            50.8419774442,
            0.0
          ],
          [
            0.0934488929,
            50.8419367951,
            0.0
          ],
          [
            0.0934810794,
            50.8413948038,
            0.0
          ],
          [
            0.0940067923,
            50.8403175775,
            0.0
          ],
          [
            0.093835131,
            50.8392403263,
            0.0
          ],
          [
            0.0941355384,
            50.8392132253,
            0.0
          ],
          [
            0.0943715728,
            50.8389693158,
            0.0
          ],
          [
            0.0949938453,
            50.8373228931,
            0.0
          ],
          [
            0.0949509299,
            50.8354799149,
            0.0
          ],
          [
            0.0954122699,
            50.8350801417,
            0.0
          ],
          [
            0.0986416495,
            50.8342128252,
            0.0
          ],
          [
            0.100637213,
            50.8339892176,
            0.0
          ],
          [
            0.1031370318,
            50.8339892176,
            0.0
          ],
          [
            0.1039416945,
            50.8340637536,
            0.0
          ],
          [
            0.1059479869,
            50.8339079054,
            0.0
          ],
          [
            0.107771889,
            50.8336910724,
            0.0
          ],
          [
            0.1104004538,
            50.8323765004,
            0.0
          ],
          [
            0.1125676787,
            50.831387159,
            0.0
          ],
          [
            0.1153276378,
            50.828239312,
            0.0
          ],
          [
            0.1170523322,
            50.8271178424,
            0.0
          ],
          [
            0.1192624724,
            50.8258301941,
            0.0
          ],
          [
            0.1209576285,
            50.8251050291,
            0.0
          ],
          [
            0.1212258494,
            50.8249305134,
            0.0
          ],
          [
            0.1220841563,
            50.8245289555,
            0.0
          ],
          [
            0.12472345,
            50.8223415053,
            0.0
          ],
          [
            0.1254261887,
            50.821717953,
            0.0
          ],
          [
            0.1274002946,
            50.8203352641,
            0.0
          ],
          [
            0.1274324811,
            50.8206741622,
            0.0
          ],
          [
            0.1275504983,
            50.8208588607,
            0.0
          ],
          [
            0.1274217522,
            50.821197755,
            0.0
          ],
          [
            0.1270677007,
            50.821672203,
            0.0
          ],
          [
            0.1269389546,
            50.822099202,
            0.0
          ],
          [
            0.1267565644,
            50.8233124001,
            0.0
          ],
          [
            0.125340358,
            50.8254066178,
            0.0
          ],
          [
            0.1256836808,
            50.8254269495,
            0.0
          ],
          [
            0.1278401769,
            50.8243629094,
            0.0
          ],
          [
            0.1296211636,
            50.8249932036,
            0.0
          ],
          [
            0.1308442509,
            50.8257929195,
            0.0
          ],
          [
            0.1308764375,
            50.8259284632,
            0.0
          ],
          [
            0.1315845406,
            50.8261995494,
            0.0
          ],
          [
            0.1331080354,
            50.826856927,
            0.0
          ],
          [
            0.1333547986,
            50.8269314744,
            0.0
          ],
          [
            0.1341165459,
            50.8268298189,
            0.0
          ],
          [
            0.1347924626,
            50.8271618929,
            0.0
          ],
          [
            0.1356507695,
            50.8276091725,
            0.0
          ],
          [
            0.1362837708,
            50.8281513239,
            0.0
          ],
          [
            0.1364447034,
            50.828232646,
            0.0
          ],
          [
            0.1367880261,
            50.828808674,
            0.0
          ],
          [
            0.1374478495,
            50.8292974451,
            0.0
          ],
          [
            0.1379145539,
            50.829709974,
            0.0
          ],
          [
            0.1379494226,
            50.8298937897,
            0.0
          ],
          [
            0.1375739134,
            50.8300699809,
            0.0
          ],
          [
            0.1368658102,
            50.8299835795,
            0.0
          ],
          [
            0.13758196,
            50.8300733692,
            0.0
          ],
          [
            0.1379521048,
            50.8298904014,
            0.0
          ],
          [
            0.1379172361,
            50.8297887522,
            0.0
          ],
          [
            0.1382731056,
            50.8296491164,
            0.0
          ],
          [
            0.1416320956,
            50.8285630159,
            0.0
          ],
          [
            0.1450706876,
            50.8274346662,
            0.0
          ],
          [
            0.1462562239,
            50.828264836,
            0.0
          ],
          [
            0.1496304429,
            50.8270992056,
            0.0
          ],
          [
            0.1527686274,
            50.8260385922,
            0.0
          ],
          [
            0.1533372557,
            50.8259538776,
            0.0
          ],
          [
            0.1537395871,
            50.82568279,
            0.0
          ],
          [
            0.154597894,
            50.825516748,
            0.0
          ],
          [
            0.1554630563,
            50.8240788061,
            0.0
          ],
          [
            0.1553066347,
            50.8237752821,
            0.0
          ],
          [
            0.1554192875,
            50.8236905634,
            0.0
          ],
          [
            0.1553951476,
            50.8236261771,
            0.0
          ],
          [
            0.155322728,
            50.8235414582,
            0.0
          ],
          [
            0.1551886175,
            50.8234736829,
            0.0
          ],
          [
            0.1546092604,
            50.822036824,
            0.0
          ],
          [
            0.1542042468,
            50.8208134259,
            0.0
          ],
          [
            0.1540728186,
            50.8203423582,
            0.0
          ],
          [
            0.1530589436,
            50.8176581984,
            0.0
          ],
          [
            0.1527880404,
            50.8169091818,
            0.0
          ],
          [
            0.1523696158,
            50.8155941373,
            0.0
          ],
          [
            0.1524366711,
            50.8147637421,
            0.0
          ],
          [
            0.1523186539,
            50.8138723219,
            0.0
          ],
          [
            0.1523508404,
            50.8138180905,
            0.0
          ],
          [
            0.152307925,
            50.8137774169,
            0.0
          ],
          [
            0.1523347471,
            50.8134621951,
            0.0
          ],
          [
            0.1524420355,
            50.8132079825,
            0.0
          ],
          [
            0.1526190613,
            50.812957158,
            0.0
          ],
          [
            0.1528765533,
            50.8126656576,
            0.0
          ],
          [
            0.154515383,
            50.8112962592,
            0.0
          ],
          [
            0.1547648285,
            50.8109539033,
            0.0
          ],
          [
            0.1553280924,
            50.8099403796,
            0.0
          ],
          [
            0.155824301,
            50.8091471718,
            0.0
          ],
          [
            0.1559235428,
            50.808906495,
            0.0
          ],
          [
            0.1562400434,
            50.8085302231,
            0.0
          ],
          [
            0.1563714717,
            50.8082725938,
            0.0
          ],
          [
            0.1564894889,
            50.8081573381,
            0.0
          ],
          [
            0.1565270398,
            50.8080505568,
            0.0
          ],
          [
            0.1565967772,
            50.8080302175,
            0.0
          ],
          [
            0.1566209171,
            50.807821739,
            0.0
          ],
          [
            0.1566826079,
            50.8076030898,
            0.0
          ],
          [
            0.1568059895,
            50.8072742667,
            0.0
          ],
          [
            0.1572887872,
            50.8072674868,
            0.0
          ],
          [
            0.1573531602,
            50.8071590085,
            0.0
          ],
          [
            0.1575757835,
            50.8067267879,
            0.0
          ],
          [
            0.1579191063,
            50.806858997,
            0.0
          ],
          [
            0.1578332756,
            50.8072488421,
            0.0
          ],
          [
            0.1580022548,
            50.8074030843,
            0.0
          ],
          [
            0.158249018,
            50.8074793577,
            0.0
          ],
          [
            0.1585923407,
            50.8075064771,
            0.0
          ],
          [
            0.1592360709,
            50.807555631,
            0.0
          ],
          [
            0.1599227164,
            50.8074268138,
            0.0
          ],
          [
            0.1602231238,
            50.8073759648,
            0.0
          ],
          [
            0.1606254552,
            50.8073454554,
            0.0
          ],
          [
            0.1610277865,
            50.8072640968,
            0.0
          ],
          [
            0.1611726258,
            50.8072064678,
            0.0
          ],
          [
            0.1614220713,
            50.8072149426,
            0.0
          ],
          [
            0.1617841695,
            50.8072505371,
            0.0
          ],
          [
            0.1622025941,
            50.8072742667,
            0.0
          ],
          [
            0.1627604936,
            50.8072742667,
            0.0
          ],
          [
            0.1628731463,
            50.807365795,
            0.0
          ],
          [
            0.1631199096,
            50.8074268138,
            0.0
          ],
          [
            0.1647345994,
            50.8072505371,
            0.0
          ],
          [
            0.1656733725,
            50.8071793482,
            0.0
          ],
          [
            0.1664673064,
            50.80704714,
            0.0
          ],
          [
            0.1667945359,
            50.8069318813,
            0.0
          ],
          [
            0.1672880624,
            50.8068776418,
            0.0
          ],
          [
            0.1676630889,
            50.8069770605,
            0.0
          ],
          [
            0.1673041556,
            50.8068403521,
            0.0
          ],
          [
            0.1670842145,
            50.8064267736,
            0.0
          ],
          [
            0.167899606,
            50.8060165814,
            0.0
          ],
          [
            0.1690958713,
            50.8064572836,
            0.0
          ],
          [
            0.1703189586,
            50.806965781,
            0.0
          ],
          [
            0.1715742324,
            50.8074946123,
            0.0
          ],
          [
            0.1728992436,
            50.8082437799,
            0.0
          ],
          [
            0.173070905,
            50.8086776814,
            0.0
          ],
          [
            0.1744549249,
            50.80880819,
            0.0
          ],
          [
            0.1755707238,
            50.8089183594,
            0.0
          ],
          [
            0.1767348025,
            50.8091692056,
            0.0
          ],
          [
            0.1795242999,
            50.8099929207,
            0.0
          ],
          [
            0.1812623713,
            50.8106573058,
            0.0
          ],
          [
            0.1821743224,
            50.8109115324,
            0.0
          ],
          [
            0.1829253409,
            50.8109318704,
            0.0
          ],
          [
            0.1838748429,
            50.8107522172,
            0.0
          ],
          [
            0.1847814296,
            50.8103285042,
            0.0
          ],
          [
            0.1849745486,
            50.8101590179,
            0.0
          ],
          [
            0.1851998542,
            50.8101013924,
            0.0
          ],
          [
            0.1860849832,
            50.8092370016,
            0.0
          ],
          [
            0.186519501,
            50.808728529,
            0.0
          ],
          [
            0.1868628238,
            50.808555647,
            0.0
          ],
          [
            0.1873187993,
            50.8084912398,
            0.0
          ],
          [
            0.189266083,
            50.8086675119,
            0.0
          ],
          [
            0.1899312709,
            50.8088166646,
            0.0
          ],
          [
            0.1903765176,
            50.8088471731,
            0.0
          ],
          [
            0.1911919091,
            50.808999715,
            0.0
          ],
          [
            0.191036341,
            50.8091047992,
            0.0
          ],
          [
            0.1904891704,
            50.8095861496,
            0.0
          ],
          [
            0.1904194329,
            50.8097014018,
            0.0
          ],
          [
            0.1905535434,
            50.8098607205,
            0.0
          ],
          [
            0.1907627557,
            50.8100200386,
            0.0
          ],
          [
            0.1912777398,
            50.8102471508,
            0.0
          ],
          [
            0.1919590209,
            50.8104912104,
            0.0
          ],
          [
            0.1928602431,
            50.8109386498,
            0.0
          ],
          [
            0.1936219905,
            50.8115453978,
            0.0
          ],
          [
            0.1941691611,
            50.8119216454,
            0.0
          ],
          [
            0.1945124839,
            50.812392798,
            0.0
          ],
          [
            0.1934717868,
            50.8120063854,
            0.0
          ],
          [
            0.1924525474,
            50.8117013206,
            0.0
          ],
          [
            0.1916961644,
            50.8114098123,
            0.0
          ],
          [
            0.1908324931,
            50.8112606678,
            0.0
          ],
          [
            0.1884667848,
            50.8109013633,
            0.0
          ],
          [
            0.1883299921,
            50.8109911897,
            0.0
          ],
          [
            0.1882548902,
            50.8110488141,
            0.0
          ],
          [
            0.1884506915,
            50.8112843954,
            0.0
          ],
          [
            0.188611624,
            50.8115284496,
            0.0
          ],
          [
            0.1889227603,
            50.8117623337,
            0.0
          ],
          [
            0.1891212438,
            50.8120029958,
            0.0
          ],
          [
            0.1892338965,
            50.812321617,
            0.0
          ],
          [
            0.1892124389,
            50.8126232882,
            0.0
          ],
          [
            0.1891235636,
            50.8129883196,
            0.0
          ],
          [
            0.1889013026,
            50.8140401,
            0.0
          ],
          [
            0.1886867259,
            50.8151721628,
            0.0
          ],
          [
            0.1895933125,
            50.8157686878,
            0.0
          ],
          [
            0.1902316783,
            50.8161957409,
            0.0
          ],
          [
            0.1901994918,
            50.8163008089,
            0.0
          ],
          [
            0.1904113863,
            50.8164923032,
            0.0
          ],
          [
            0.1908712285,
            50.8170714313,
            0.0
          ],
          [
            0.1908384429,
            50.8172450255,
            0.0
          ],
          [
            0.190916294,
            50.8174864139,
            0.0
          ],
          [
            0.1929279508,
            50.8168966893,
            0.0
          ],
          [
            0.1948645057,
            50.8163849108,
            0.0
          ],
          [
            0.1951327266,
            50.8162561179,
            0.0
          ],
          [
            0.1952292861,
            50.8161103782,
            0.0
          ],
          [
            0.1952453794,
            50.815740943,
            0.0
          ],
          [
            0.1955136003,
            50.8154155665,
            0.0
          ],
          [
            0.1959695758,
            50.8153240539,
            0.0
          ],
          [
            0.1967045011,
            50.8154257345,
            0.0
          ],
          [
            0.1974394264,
            50.8154392919,
            0.0
          ],
          [
            0.1983138265,
            50.8154053984,
            0.0
          ],
          [
            0.1999446096,
            50.8150359577,
            0.0
          ],
          [
            0.2009960355,
            50.8143716348,
            0.0
          ],
          [
            0.201323265,
            50.8142191103,
            0.0
          ],
          [
            0.2016987743,
            50.8140903115,
            0.0
          ],
          [
            0.203452939,
            50.8138496602,
            0.0
          ],
          [
            0.2044560851,
            50.8138293234,
            0.0
          ],
          [
            0.2054592313,
            50.8141919948,
            0.0
          ],
          [
            0.2060600461,
            50.8142258892,
            0.0
          ],
          [
            0.2070578279,
            50.8141004799,
            0.0
          ],
          [
            0.2082540931,
            50.8138089866,
            0.0
          ],
          [
            0.2109523954,
            50.8129514435,
            0.0
          ],
          [
            0.2115585746,
            50.8129006005,
            0.0
          ],
          [
            0.2118643464,
            50.8129582225,
            0.0
          ],
          [
            0.2120145501,
            50.8128429784,
            0.0
          ],
          [
            0.2118750753,
            50.8129582225,
            0.0
          ],
          [
            0.2115961255,
            50.8128938214,
            0.0
          ],
          [
            0.2118321599,
            50.8124362321,
            0.0
          ],
          [
            0.2122344913,
            50.8120057551,
            0.0
          ],
          [
            0.212513441,
            50.8117752619,
            0.0
          ],
          [
            0.2129694166,
            50.811595612,
            0.0
          ],
          [
            0.2134683074,
            50.8114600266,
            0.0
          ],
          [
            0.2142085971,
            50.811304103,
            0.0
          ],
          [
            0.2154531421,
            50.8109278505,
            0.0
          ],
          [
            0.2158232869,
            50.810751587,
            0.0
          ],
          [
            0.2167888822,
            50.8100465263,
            0.0
          ],
          [
            0.2174165191,
            50.8096906022,
            0.0
          ],
          [
            0.2178027572,
            50.8095584011,
            0.0
          ],
          [
            0.2179583253,
            50.8094567077,
            0.0
          ],
          [
            0.2180602493,
            50.8093041672,
            0.0
          ],
          [
            0.2180817069,
            50.808636373,
            0.0
          ],
          [
            0.2180548848,
            50.8083211165,
            0.0
          ],
          [
            0.2178671302,
            50.8079651793,
            0.0
          ],
          [
            0.2176740112,
            50.8076770376,
            0.0
          ],
          [
            0.2167727889,
            50.8072397369,
            0.0
          ],
          [
            0.2159573974,
            50.8069685406,
            0.0
          ],
          [
            0.2155979814,
            50.8067448024,
            0.0
          ],
          [
            0.2154531421,
            50.8061413821,
            0.0
          ],
          [
            0.2152278365,
            50.8054803228,
            0.0
          ],
          [
            0.2150078954,
            50.8050124906,
            0.0
          ],
          [
            0.2145733775,
            50.8043310743,
            0.0
          ],
          [
            0.2137418927,
            50.8032394316,
            0.0
          ],
          [
            0.2125617208,
            50.8023410109,
            0.0
          ],
          [
            0.2124437036,
            50.8019884184,
            0.0
          ],
          [
            0.2124758901,
            50.8016900689,
            0.0
          ],
          [
            0.212679738,
            50.8012425409,
            0.0
          ],
          [
            0.2130069675,
            50.800157607,
            0.0
          ],
          [
            0.2131839933,
            50.79981856,
            0.0
          ],
          [
            0.213334197,
            50.7986793439,
            0.0
          ],
          [
            0.2134253921,
            50.7973366608,
            0.0
          ],
          [
            0.2133752651,
            50.7971821873,
            0.0
          ],
          [
            0.2124437036,
            50.7976282569,
            0.0
          ],
          [
            0.2122023048,
            50.797618085,
            0.0
          ],
          [
            0.2119662704,
            50.7975502721,
            0.0
          ],
          [
            0.2113010825,
            50.797055235,
            0.0
          ],
          [
            0.2096166553,
            50.7959227331,
            0.0
          ],
          [
            0.2089407386,
            50.7956480803,
            0.0
          ],
          [
            0.2081843557,
            50.7954276788,
            0.0
          ],
          [
            0.2080073299,
            50.7953937708,
            0.0
          ],
          [
            0.2074816169,
            50.7948241123,
            0.0
          ],
          [
            0.2090533914,
            50.793708511,
            0.0
          ],
          [
            0.2106627168,
            50.793444018,
            0.0
          ],
          [
            0.2111025991,
            50.793311771,
            0.0
          ],
          [
            0.2130284251,
            50.7924708067,
            0.0
          ],
          [
            0.2134683074,
            50.7920977935,
            0.0
          ],
          [
            0.2138652744,
            50.7919112857,
            0.0
          ],
          [
            0.2139832916,
            50.792063883,
            0.0
          ],
          [
            0.2140101136,
            50.7920130173,
            0.0
          ],
          [
            0.214283699,
            50.7920231905,
            0.0
          ],
          [
            0.2144821824,
            50.7921520501,
            0.0
          ],
          [
            0.2147182168,
            50.7921215308,
            0.0
          ],
          [
            0.2150454463,
            50.7923351659,
            0.0
          ],
          [
            0.2151688279,
            50.7925420179,
            0.0
          ],
          [
            0.2151795568,
            50.7927827791,
            0.0
          ],
          [
            0.2151527347,
            50.7930981404,
            0.0
          ],
          [
            0.2156784477,
            50.7936644289,
            0.0
          ],
          [
            0.2161934318,
            50.7941188112,
            0.0
          ],
          [
            0.2190741243,
            50.7932575157,
            0.0
          ],
          [
            0.2210804166,
            50.7934609728,
            0.0
          ],
          [
            0.2222337665,
            50.7936881654,
            0.0
          ],
          [
            0.2234032096,
            50.7941527202,
            0.0
          ],
          [
            0.225371951,
            50.7954446328,
            0.0
          ],
          [
            0.227796668,
            50.7965364576,
            0.0
          ],
          [
            0.229336256,
            50.7972417222,
            0.0
          ],
          [
            0.2302106561,
            50.7977503198,
            0.0
          ],
          [
            0.2319326343,
            50.7982521308,
            0.0
          ],
          [
            0.2341320457,
            50.7983063803,
            0.0
          ],
          [
            0.2360364141,
            50.7984962531,
            0.0
          ],
          [
            0.2365084829,
            50.798584408,
            0.0
          ],
          [
            0.2374738687,
            50.7989996974,
            0.0
          ],
          [
            0.2378281297,
            50.7992760796,
            0.0
          ],
          [
            0.2386327924,
            50.8000525027,
            0.0
          ],
          [
            0.2388634624,
            50.8001745593,
            0.0
          ],
          [
            0.2397807779,
            50.8004491855,
            0.0
          ],
          [
            0.2405586185,
            50.8006356591,
            0.0
          ],
          [
            0.2416529598,
            50.800930625,
            0.0
          ],
          [
            0.2420391979,
            50.8010119946,
            0.0
          ],
          [
            0.2422752322,
            50.8011238775,
            0.0
          ],
          [
            0.2425112666,
            50.8013747655,
            0.0
          ],
          [
            0.242489809,
            50.8016663364,
            0.0
          ],
          [
            0.2422430457,
            50.8020562249,
            0.0
          ],
          [
            0.241733426,
            50.8023376206,
            0.0
          ],
          [
            0.2409555854,
            50.8025410381,
            0.0
          ],
          [
            0.2404727878,
            50.8026054535,
            0.0
          ],
          [
            0.2409877719,
            50.8028427725,
            0.0
          ],
          [
            0.2410199584,
            50.8029207485,
            0.0
          ],
          [
            0.2412345351,
            50.8029343095,
            0.0
          ],
          [
            0.2414866628,
            50.8030427976,
            0.0
          ],
          [
            0.2418729009,
            50.8031648464,
            0.0
          ],
          [
            0.2421625795,
            50.8031139928,
            0.0
          ],
          [
            0.2429457845,
            50.8039751067,
            0.0
          ],
          [
            0.2440532936,
            50.8053062963,
            0.0
          ],
          [
            0.2439703883,
            50.8053820106,
            0.0
          ],
          [
            0.2440401258,
            50.80591425,
            0.0
          ],
          [
            0.2466130662,
            50.8057580144,
            0.0
          ],
          [
            0.2466472329,
            50.8062430827,
            0.0
          ],
          [
            0.2467920722,
            50.8063583431,
            0.0
          ],
          [
            0.2476986589,
            50.8068261619,
            0.0
          ],
          [
            0.2478381337,
            50.8068431118,
            0.0
          ],
          [
            0.2484282197,
            50.8071821078,
            0.0
          ],
          [
            0.2483638467,
            50.8072634665,
            0.0
          ],
          [
            0.2482619228,
            50.8072600766,
            0.0
          ],
          [
            0.2477791251,
            50.8076024595,
            0.0
          ],
          [
            0.2482619228,
            50.8077990743,
            0.0
          ],
          [
            0.2486159744,
            50.8079922984,
            0.0
          ],
          [
            0.2488144578,
            50.8081956914,
            0.0
          ],
          [
            0.2489807548,
            50.8082533192,
            0.0
          ],
          [
            0.2493455352,
            50.8093346754,
            0.0
          ],
          [
            0.2496674003,
            50.8104668522,
            0.0
          ],
          [
            0.2499087991,
            50.8104702419,
            0.0
          ],
          [
            0.2501716556,
            50.8105414258,
            0.0
          ],
          [
            0.2528806867,
            50.8121108326,
            0.0
          ],
          [
            0.2576603832,
            50.8139174494,
            0.0
          ],
          [
            0.2582075538,
            50.8140733643,
            0.0
          ],
          [
            0.2590122165,
            50.8142563941,
            0.0
          ],
          [
            0.2604606094,
            50.8145987258,
            0.0
          ],
          [
            0.2625259103,
            50.8153647262,
            0.0
          ],
          [
            0.2626546563,
            50.8153274433,
            0.0
          ],
          [
            0.2629336061,
            50.8154460706,
            0.0
          ],
          [
            0.2629014196,
            50.8155036895,
            0.0
          ],
          [
            0.2641459646,
            50.815930745,
            0.0
          ],
          [
            0.2657606544,
            50.816029035,
            0.0
          ],
          [
            0.2703204097,
            50.8161002103,
            0.0
          ],
          [
            0.271248454,
            50.8161205461,
            0.0
          ],
          [
            0.2739360275,
            50.8161341033,
            0.0
          ],
          [
            0.2745958509,
            50.8160493708,
            0.0
          ],
          [
            0.2752717675,
            50.8160527601,
            0.0
          ],
          [
            0.2756901922,
            50.8160934317,
            0.0
          ],
          [
            0.2760710658,
            50.8161137675,
            0.0
          ],
          [
            0.27612471,
            50.8160324243,
            0.0
          ],
          [
            0.2763929309,
            50.816018867,
            0.0
          ],
          [
            0.2764412107,
            50.8159815846,
            0.0
          ],
          [
            0.2766772451,
            50.8160527601,
            0.0
          ],
          [
            0.2769240083,
            50.8160256456,
            0.0
          ],
          [
            0.2771975936,
            50.8161476605,
            0.0
          ],
          [
            0.278088087,
            50.8170763188,
            0.0
          ],
          [
            0.27884447,
            50.818140525,
            0.0
          ],
          [
            0.2788981141,
            50.8183980999,
            0.0
          ],
          [
            0.2810492458,
            50.8179846237,
            0.0
          ],
          [
            0.281129712,
            50.8190521983,
            0.0
          ],
          [
            0.2814730348,
            50.8195029447,
            0.0
          ],
          [
            0.2811189832,
            50.8195571695,
            0.0
          ],
          [
            0.2812370004,
            50.8197367888,
            0.0
          ],
          [
            0.2811726274,
            50.8203502005,
            0.0
          ],
          [
            0.2819533001,
            50.8213485011,
            0.0
          ],
          [
            0.2824854568,
            50.821623368,
            0.0
          ],
          [
            0.2836225427,
            50.822543549,
            0.0
          ],
          [
            0.2844231445,
            50.8230033586,
            0.0
          ],
          [
            0.2855837624,
            50.8238452156,
            0.0
          ],
          [
            0.2872067943,
            50.8246715313,
            0.0
          ],
          [
            0.287550117,
            50.8248545196,
            0.0
          ],
          [
            0.288240611,
            50.8251330361,
            0.0
          ],
          [
            0.2911335483,
            50.8264539425,
            0.0
          ],
          [
            0.2920830503,
            50.8268808978,
            0.0
          ],
          [
            0.2925014749,
            50.8270096613,
            0.0
          ],
          [
            0.2926731362,
            50.8270977625,
            0.0
          ],
          [
            0.2932203069,
            50.8272265254,
            0.0
          ],
          [
            0.293440248,
            50.8272841297,
            0.0
          ],
          [
            0.2939713254,
            50.827341734,
            0.0
          ],
          [
            0.2942985549,
            50.8273586765,
            0.0
          ],
          [
            0.2944487586,
            50.8274230576,
            0.0
          ],
          [
            0.2946257844,
            50.8274095037,
            0.0
          ],
          [
            0.2948296323,
            50.8274806617,
            0.0
          ],
          [
            0.2955377355,
            50.8273214031,
            0.0
          ],
          [
            0.2960098043,
            50.8272468564,
            0.0
          ],
          [
            0.2964228644,
            50.8272434679,
            0.0
          ],
          [
            0.2968842044,
            50.8273654534,
            0.0
          ],
          [
            0.2971309676,
            50.8276805813,
            0.0
          ],
          [
            0.2964979663,
            50.828710662,
            0.0
          ],
          [
            0.2960178509,
            50.829416288,
            0.0
          ],
          [
            0.295827414,
            50.8301913631,
            0.0
          ],
          [
            0.2955967441,
            50.8312417176,
            0.0
          ],
          [
            0.2956772103,
            50.8314788911,
            0.0
          ],
          [
            0.2961117282,
            50.8321497469,
            0.0
          ],
          [
            0.2974581971,
            50.8338268442,
            0.0
          ],
          [
            0.2979731812,
            50.8343960272,
            0.0
          ],
          [
            0.2990460649,
            50.835273504,
            0.0
          ],
          [
            0.3002637877,
            50.8361238615,
            0.0
          ],
          [
            0.3023880973,
            50.8377364492,
            0.0
          ],
          [
            0.3029459968,
            50.8380074668,
            0.0
          ],
          [
            0.3036433711,
            50.8382784829,
            0.0
          ],
          [
            0.3047806277,
            50.8385190084,
            0.0
          ],
          [
            0.3053063407,
            50.8385833741,
            0.0
          ],
          [
            0.3056657567,
            50.8385325591,
            0.0
          ],
          [
            0.3059822574,
            50.8385461098,
            0.0
          ],
          [
            0.3067708268,
            50.8387053301,
            0.0
          ],
          [
            0.3080743804,
            50.8385867618,
            0.0
          ],
          [
            0.3090238824,
            50.8386037002,
            0.0
          ],
          [
            0.3091365352,
            50.8386612905,
            0.0
          ],
          [
            0.3092223659,
            50.8387595326,
            0.0
          ],
          [
            0.3091848149,
            50.8389797298,
            0.0
          ],
          [
            0.3099197402,
            50.839098297,
            0.0
          ],
          [
            0.3104079022,
            50.8404736553,
            0.0
          ],
          [
            0.3104990973,
            50.8407819196,
            0.0
          ],
          [
            0.3109336152,
            50.8414018298,
            0.0
          ],
          [
            0.3117811933,
            50.8422520756,
            0.0
          ],
          [
            0.3130793824,
            50.8432547361,
            0.0
          ],
          [
            0.3137445703,
            50.8439017117,
            0.0
          ],
          [
            0.3139108672,
            50.8442099534,
            0.0
          ],
          [
            0.3144151225,
            50.8447925586,
            0.0
          ],
          [
            0.3149354711,
            50.8451820871,
            0.0
          ],
          [
            0.3156596675,
            50.8456122583,
            0.0
          ],
          [
            0.316346313,
            50.845785003,
            0.0
          ],
          [
            0.3170490518,
            50.8458358102,
            0.0
          ],
          [
            0.3181594863,
            50.8458121002,
            0.0
          ],
          [
            0.3183579698,
            50.8458290359,
            0.0
          ],
          [
            0.3192055478,
            50.8462083944,
            0.0
          ],
          [
            0.3202945247,
            50.8464421048,
            0.0
          ],
          [
            0.3205627456,
            50.8466521045,
            0.0
          ],
          [
            0.3207934155,
            50.8469941986,
            0.0
          ],
          [
            0.3211260095,
            50.8478578906,
            0.0
          ],
          [
            0.3212118402,
            50.8482372326,
            0.0
          ],
          [
            0.3212118402,
            50.8485657673,
            0.0
          ],
          [
            0.3212440267,
            50.8488807521,
            0.0
          ],
          [
            0.3216678157,
            50.8497444091,
            0.0
          ],
          [
            0.3216570869,
            50.8502050196,
            0.0
          ],
          [
            0.3217375531,
            50.8507333614,
            0.0
          ],
          [
            0.3220218673,
            50.8513091117,
            0.0
          ],
          [
            0.3221506133,
            50.8517866403,
            0.0
          ],
          [
            0.3221023335,
            50.8521862704,
            0.0
          ],
          [
            0.3213083997,
            50.8530600261,
            0.0
          ],
          [
            0.3199512019,
            50.8541877563,
            0.0
          ],
          [
            0.3192699208,
            50.8546212309,
            0.0
          ],
          [
            0.3185618176,
            50.8549801991,
            0.0
          ],
          [
            0.31807902,
            50.855464463,
            0.0
          ],
          [
            0.3176927819,
            50.8559317899,
            0.0
          ],
          [
            0.3175854936,
            50.8562264066,
            0.0
          ],
          [
            0.3176230445,
            50.8565514987,
            0.0
          ],
          [
            0.3178268924,
            50.8568732022,
            0.0
          ],
          [
            0.3186744704,
            50.8575843285,
            0.0
          ],
          [
            0.3189051404,
            50.8579195699,
            0.0
          ],
          [
            0.3189802423,
            50.8583428512,
            0.0
          ],
          [
            0.3194201245,
            50.858945597,
            0.0
          ],
          [
            0.3194952264,
            50.8591250648,
            0.0
          ],
          [
            0.3194362178,
            50.8600122349,
            0.0
          ],
          [
            0.3195595994,
            50.8606285035,
            0.0
          ],
          [
            0.3196507945,
            50.8621420515,
            0.0
          ],
          [
            0.3206163898,
            50.8622436302,
            0.0
          ],
          [
            0.3208202376,
            50.8622267004,
            0.0
          ],
          [
            0.3210348144,
            50.8622944194,
            0.0
          ],
          [
            0.3211957469,
            50.8624095415,
            0.0
          ],
          [
            0.3212762132,
            50.8625009618,
            0.0
          ],
          [
            0.3214425101,
            50.8625585226,
            0.0
          ],
          [
            0.3223812833,
            50.8625280492,
            0.0
          ],
          [
            0.3226977839,
            50.8627345905,
            0.0
          ],
          [
            0.3230572,
            50.8630630232,
            0.0
          ],
          [
            0.3231752172,
            50.8634117687,
            0.0
          ],
          [
            0.3235292687,
            50.8639365751,
            0.0
          ],
          [
            0.323840405,
            50.8640889371,
            0.0
          ],
          [
            0.3244251266,
            50.8643225579,
            0.0
          ],
          [
            0.3249615684,
            50.8643970455,
            0.0
          ],
          [
            0.3252083316,
            50.8643598017,
            0.0
          ],
          [
            0.3255409255,
            50.8643225579,
            0.0
          ],
          [
            0.3260559096,
            50.8643462585,
            0.0
          ],
          [
            0.326688911,
            50.8641261811,
            0.0
          ],
          [
            0.3269893184,
            50.8641058662,
            0.0
          ],
          [
            0.3294569507,
            50.8644918476,
            0.0
          ],
          [
            0.3318655744,
            50.8636927948,
            0.0
          ],
          [
            0.333486771,
            50.8653339269,
            0.0
          ],
          [
            0.3332656875,
            50.8655448158,
            0.0
          ],
          [
            0.3326487794,
            50.8658901571,
            0.0
          ],
          [
            0.3324932113,
            50.8660831408,
            0.0
          ],
          [
            0.3324717536,
            50.8666756297,
            0.0
          ],
          [
            0.3330189242,
            50.8669972634,
            0.0
          ],
          [
            0.33342662,
            50.8673053526,
            0.0
          ],
          [
            0.3335821881,
            50.8674881737,
            0.0
          ],
          [
            0.3334802642,
            50.8675118727,
            0.0
          ],
          [
            0.3332839637,
            50.8678288946,
            0.0
          ],
          [
            0.3333032384,
            50.8679680759,
            0.0
          ],
          [
            0.3338450446,
            50.8681094217,
            0.0
          ],
          [
            0.3344083085,
            50.8681466625,
            0.0
          ],
          [
            0.3350922718,
            50.8683117064,
            0.0
          ],
          [
            0.3366935506,
            50.8687086559,
            0.0
          ],
          [
            0.3385067239,
            50.8686240188,
            0.0
          ],
          [
            0.3386783853,
            50.8692571007,
            0.0
          ],
          [
            0.3385013595,
            50.8686240188,
            0.0
          ],
          [
            0.3366720929,
            50.8687018849,
            0.0
          ],
          [
            0.337187077,
            50.868387034,
            0.0
          ],
          [
            0.3379541888,
            50.8676151324,
            0.0
          ],
          [
            0.3383350625,
            50.8672122489,
            0.0
          ],
          [
            0.3385550036,
            50.8670141915,
            0.0
          ],
          [
            0.3388500466,
            50.8665909889,
            0.0
          ],
          [
            0.3394186749,
            50.8662321102,
            0.0
          ],
          [
            0.3397083535,
            50.8661677826,
            0.0
          ],
          [
            0.3401857867,
            50.8658292147,
            0.0
          ],
          [
            0.3406471267,
            50.8654669444,
            0.0
          ],
          [
            0.3410121903,
            50.8650083887,
            0.0
          ],
          [
            0.3411191955,
            50.8633169644,
            0.0
          ],
          [
            0.3414196029,
            50.8627887652,
            0.0
          ],
          [
            0.3418081271,
            50.8623629714,
            0.0
          ],
          [
            0.3421598926,
            50.8622165426,
            0.0
          ],
          [
            0.3439033284,
            50.8618644021,
            0.0
          ],
          [
            0.3456199422,
            50.8613827441,
            0.0
          ],
          [
            0.3459096208,
            50.8611423365,
            0.0
          ],
          [
            0.3460169091,
            50.8606412012,
            0.0
          ],
          [
            0.3460383668,
            50.8603000537,
            0.0
          ],
          [
            0.3461992993,
            50.8598463151,
            0.0
          ],
          [
            0.3463334098,
            50.8596566917,
            0.0
          ],
          [
            0.3466981902,
            50.8590937426,
            0.0
          ],
          [
            0.3471809878,
            50.8582031688,
            0.0
          ],
          [
            0.3472882762,
            50.858044015,
            0.0
          ],
          [
            0.3480875745,
            50.857302419,
            0.0
          ],
          [
            0.3488493218,
            50.8576148051,
            0.0
          ],
          [
            0.3496808066,
            50.857739251,
            0.0
          ],
          [
            0.3503513589,
            50.8577849657,
            0.0
          ],
          [
            0.3515006855,
            50.8575115232,
            0.0
          ],
          [
            0.3521953776,
            50.8577976642,
            0.0
          ],
          [
            0.3532588735,
            50.8583868722,
            0.0
          ],
          [
            0.3534090772,
            50.8583462374,
            0.0
          ],
          [
            0.3541708245,
            50.8586476113,
            0.0
          ],
          [
            0.354246091,
            50.8590510163,
            0.0
          ],
          [
            0.3544392101,
            50.8592338698,
            0.0
          ],
          [
            0.3550078384,
            50.8594438119,
            0.0
          ],
          [
            0.3554477207,
            50.8598907821,
            0.0
          ],
          [
            0.3558125011,
            50.860683128,
            0.0
          ],
          [
            0.3558232299,
            50.8618750075,
            0.0
          ],
          [
            0.3561558238,
            50.8623422701,
            0.0
          ],
          [
            0.3576900474,
            50.8637237148,
            0.0
          ],
          [
            0.3590204231,
            50.8645904828,
            0.0
          ],
          [
            0.3591062538,
            50.8647733146,
            0.0
          ],
          [
            0.3601791374,
            50.8654843203,
            0.0
          ],
          [
            0.3602448515,
            50.8656866164,
            0.0
          ],
          [
            0.3597164563,
            50.8666007468,
            0.0
          ],
          [
            0.3601576797,
            50.8670620373,
            0.0
          ],
          [
            0.3606445006,
            50.8681124082,
            0.0
          ],
          [
            0.3611165694,
            50.8684915855,
            0.0
          ],
          [
            0.3614665977,
            50.868903768,
            0.0
          ],
          [
            0.361779075,
            50.8697475882,
            0.0
          ],
          [
            0.3617200664,
            50.8698034473,
            0.0
          ],
          [
            0.3618649057,
            50.8698457648,
            0.0
          ],
          [
            0.362176042,
            50.8698305306,
            0.0
          ],
          [
            0.362304788,
            50.8698525356,
            0.0
          ],
          [
            0.3629941157,
            50.8697695933,
            0.0
          ],
          [
            0.3631309084,
            50.870067508,
            0.0
          ],
          [
            0.3632918409,
            50.870400967,
            0.0
          ],
          [
            0.3635734729,
            50.871003557,
            0.0
          ],
          [
            0.362650793,
            50.8715824423,
            0.0
          ],
          [
            0.3627098016,
            50.8719903659,
            0.0
          ],
          [
            0.3626078776,
            50.8727943543,
            0.0
          ],
          [
            0.3625435046,
            50.8735373965,
            0.0
          ],
          [
            0.3624120764,
            50.8739774614,
            0.0
          ],
          [
            0.3624871782,
            50.8741687191,
            0.0
          ],
          [
            0.3625756911,
            50.8743498208,
            0.0
          ],
          [
            0.3631711415,
            50.8748626564,
            0.0
          ],
          [
            0.3638524226,
            50.8752671663,
            0.0
          ],
          [
            0.3640133552,
            50.8754313388,
            0.0
          ],
          [
            0.3640535883,
            50.8756005882,
            0.0
          ],
          [
            0.3639838509,
            50.8764315936,
            0.0
          ],
          [
            0.3640455417,
            50.8766228413,
            0.0
          ],
          [
            0.363562744,
            50.8769224046,
            0.0
          ],
          [
            0.3636244348,
            50.877039183,
            0.0
          ],
          [
            0.364332538,
            50.8776653809,
            0.0
          ],
          [
            0.3644210509,
            50.8777246155,
            0.0
          ],
          [
            0.3648770265,
            50.8774944467,
            0.0
          ],
          [
            0.3650781921,
            50.8774301346,
            0.0
          ],
          [
            0.3654805235,
            50.8773556679,
            0.0
          ],
          [
            0.3664166144,
            50.877281201,
            0.0
          ],
          [
            0.3674063496,
            50.8772998177,
            0.0
          ],
          [
            0.3696111254,
            50.8775418344,
            0.0
          ],
          [
            0.3718185834,
            50.877983554,
            0.0
          ],
          [
            0.3724569491,
            50.8781832572,
            0.0
          ],
          [
            0.3726795725,
            50.8787214363,
            0.0
          ],
          [
            0.3729156069,
            50.8793340729,
            0.0
          ],
          [
            0.3736757096,
            50.8812751321,
            0.0
          ],
          [
            0.373857183,
            50.8816173535,
            0.0
          ],
          [
            0.3738758377,
            50.8825020537,
            0.0
          ],
          [
            0.3739670328,
            50.8830367985,
            0.0
          ],
          [
            0.3742164782,
            50.8830774118,
            0.0
          ],
          [
            0.374431055,
            50.8831603304,
            0.0
          ],
          [
            0.3745651654,
            50.8837102974,
            0.0
          ],
          [
            0.3742164782,
            50.8844243987,
            0.0
          ],
          [
            0.3742111138,
            50.8849032803,
            0.0
          ],
          [
            0.3745329789,
            50.8852078668,
            0.0
          ],
          [
            0.3745839409,
            50.8855750601,
            0.0
          ],
          [
            0.3744203261,
            50.8866173995,
            0.0
          ],
          [
            0.3742754868,
            50.8870641093,
            0.0
          ],
          [
            0.3740421347,
            50.8872908467,
            0.0
          ],
          [
            0.3739348463,
            50.8876055699,
            0.0
          ],
          [
            0.3736934475,
            50.8877629307,
            0.0
          ],
          [
            0.3734547309,
            50.8881960932,
            0.0
          ],
          [
            0.3725432242,
            50.889082454,
            0.0
          ],
          [
            0.3720868043,
            50.8898170327,
            0.0
          ],
          [
            0.3717273883,
            50.8905733391,
            0.0
          ],
          [
            0.3717971257,
            50.8919319525,
            0.0
          ],
          [
            0.3716200999,
            50.8927778935,
            0.0
          ],
          [
            0.3716603331,
            50.8936339702,
            0.0
          ],
          [
            0.3717649392,
            50.893787927,
            0.0
          ],
          [
            0.3724918179,
            50.894359762,
            0.0
          ],
          [
            0.372545462,
            50.8945593951,
            0.0
          ],
          [
            0.372430127,
            50.8954238979,
            0.0
          ],
          [
            0.3721243552,
            50.8962410159,
            0.0
          ],
          [
            0.3734359554,
            50.8974099942,
            0.0
          ],
          [
            0.3748307041,
            50.8986516843,
            0.0
          ],
          [
            0.3751257471,
            50.8988259243,
            0.0
          ],
          [
            0.3753671459,
            50.8992691337,
            0.0
          ],
          [
            0.3755066208,
            50.8997495544,
            0.0
          ],
          [
            0.3760752491,
            50.9004025126,
            0.0
          ],
          [
            0.3766626529,
            50.9013244198,
            0.0
          ],
          [
            0.3770462088,
            50.9022869054,
            0.0
          ],
          [
            0.377191048,
            50.9025203347,
            0.0
          ],
          [
            0.378537517,
            50.9035403057,
            0.0
          ],
          [
            0.3790793232,
            50.9037788032,
            0.0
          ],
          [
            0.3794762901,
            50.9039986934,
            0.0
          ],
          [
            0.3803158215,
            50.9049442094,
            0.0
          ],
          [
            0.3811097554,
            50.9053941262,
            0.0
          ],
          [
            0.3820431642,
            50.9058711009,
            0.0
          ],
          [
            0.3819184414,
            50.9064639297,
            0.0
          ],
          [
            0.3823261372,
            50.9076275774,
            0.0
          ],
          [
            0.38266946,
            50.9082229208,
            0.0
          ],
          [
            0.3833346478,
            50.9096537433,
            0.0
          ],
          [
            0.3832380883,
            50.9113517309,
            0.0
          ],
          [
            0.3838281743,
            50.9122243778,
            0.0
          ],
          [
            0.386006128,
            50.9144295984,
            0.0
          ],
          [
            0.3878836743,
            50.9146798776,
            0.0
          ],
          [
            0.3897719494,
            50.9148895699,
            0.0
          ],
          [
            0.3897290341,
            50.9151127898,
            0.0
          ],
          [
            0.3913383595,
            50.9153089517,
            0.0
          ],
          [
            0.3918748013,
            50.9151871961,
            0.0
          ],
          [
            0.3927867524,
            50.9150451475,
            0.0
          ],
          [
            0.3929691426,
            50.915089115,
            0.0
          ],
          [
            0.3932159058,
            50.9151466108,
            0.0
          ],
          [
            0.3943531624,
            50.9159244892,
            0.0
          ],
          [
            0.3944926373,
            50.9161477041,
            0.0
          ],
          [
            0.3946750275,
            50.9166820626,
            0.0
          ],
          [
            0.3949539772,
            50.9171352479,
            0.0
          ],
          [
            0.3956620804,
            50.9180010225,
            0.0
          ],
          [
            0.3968315236,
            50.918670634,
            0.0
          ],
          [
            0.3992455117,
            50.9196175429,
            0.0
          ],
          [
            0.3993635289,
            50.9200233551,
            0.0
          ],
          [
            0.3995459191,
            50.9202668407,
            0.0
          ],
          [
            0.3999106995,
            50.9203480023,
            0.0
          ],
          [
            0.4016273133,
            50.9204900347,
            0.0
          ],
          [
            0.4020457379,
            50.9206050131,
            0.0
          ],
          [
            0.4027216546,
            50.9210513968,
            0.0
          ],
          [
            0.4033224694,
            50.921538356,
            0.0
          ],
          [
            0.4055862538,
            50.9229789138,
            0.0
          ],
          [
            0.4058652035,
            50.9231074121,
            0.0
          ],
          [
            0.4061763398,
            50.9230803599,
            0.0
          ],
          [
            0.4071848504,
            50.9228098366,
            0.0
          ],
          [
            0.4073779694,
            50.9227286793,
            0.0
          ],
          [
            0.4076569191,
            50.9225798905,
            0.0
          ],
          [
            0.4080968014,
            50.9225122591,
            0.0
          ],
          [
            0.4085044972,
            50.9225562196,
            0.0
          ],
          [
            0.4089686694,
            50.9238311225,
            0.0
          ],
          [
            0.408620934,
            50.9233868179,
            0.0
          ],
          [
            0.4087325565,
            50.9229711559,
            0.0
          ],
          [
            0.408492188,
            50.9225481961,
            0.0
          ],
          [
            0.4076767965,
            50.9225752486,
            0.0
          ],
          [
            0.4073763891,
            50.9227308005,
            0.0
          ],
          [
            0.4071081682,
            50.9228390102,
            0.0
          ],
          [
            0.4061533018,
            50.9230960072,
            0.0
          ],
          [
            0.4057241483,
            50.9230486657,
            0.0
          ],
          [
            0.4046727224,
            50.9223588278,
            0.0
          ],
          [
            0.4032136007,
            50.9214728443,
            0.0
          ],
          [
            0.4025484128,
            50.9209250141,
            0.0
          ],
          [
            0.4020656152,
            50.920634188,
            0.0
          ],
          [
            0.4015613599,
            50.9204853926,
            0.0
          ],
          [
            0.4008854433,
            50.9204380485,
            0.0
          ],
          [
            0.4011858507,
            50.920370414,
            0.0
          ],
          [
            0.4016471906,
            50.9203298332,
            0.0
          ],
          [
            0.401832263,
            50.9202723437,
            0.0
          ],
          [
            0.4017625256,
            50.9200457669,
            0.0
          ],
          [
            0.4022238655,
            50.9198259525,
            0.0
          ],
          [
            0.403012435,
            50.9196298096,
            0.0
          ],
          [
            0.4036829873,
            50.9196872998,
            0.0
          ],
          [
            0.405388822,
            50.9186299373,
            0.0
          ],
          [
            0.4067782565,
            50.9177461187,
            0.0
          ],
          [
            0.4079986688,
            50.916993104,
            0.0
          ],
          [
            0.4095892115,
            50.9161498255,
            0.0
          ],
          [
            0.4100720091,
            50.9159841055,
            0.0
          ],
          [
            0.4101202889,
            50.9158860261,
            0.0
          ],
          [
            0.4099325343,
            50.9155816402,
            0.0
          ],
          [
            0.4115150376,
            50.9150235942,
            0.0
          ],
          [
            0.4118315382,
            50.9148646345,
            0.0
          ],
          [
            0.4132209225,
            50.9142930512,
            0.0
          ],
          [
            0.4147658749,
            50.9137079321,
            0.0
          ],
          [
            0.4167077942,
            50.91349147,
            0.0
          ],
          [
            0.4196314021,
            50.9133595629,
            0.0
          ],
          [
            0.4209510489,
            50.9133257405,
            0.0
          ],
          [
            0.4233060284,
            50.9133933853,
            0.0
          ],
          [
            0.4235206051,
            50.913346034,
            0.0
          ],
          [
            0.4239765807,
            50.9134508833,
            0.0
          ],
          [
            0.4279355212,
            50.9129469281,
            0.0
          ],
          [
            0.4320446654,
            50.9126289938,
            0.0
          ],
          [
            0.4328064127,
            50.9123584098,
            0.0
          ],
          [
            0.4330317183,
            50.9124801728,
            0.0
          ],
          [
            0.4332623883,
            50.9123144397,
            0.0
          ],
          [
            0.4337934657,
            50.9116210602,
            0.0
          ],
          [
            0.4340187712,
            50.9110494371,
            0.0
          ],
          [
            0.4339758559,
            50.9105623681,
            0.0
          ],
          [
            0.4342816277,
            50.9097607227,
            0.0
          ],
          [
            0.4343191786,
            50.9094833569,
            0.0
          ],
          [
            0.4346625014,
            50.9094698268,
            0.0
          ],
          [
            0.4350219174,
            50.9089252378,
            0.0
          ],
          [
            0.4353545113,
            50.9081134163,
            0.0
          ],
          [
            0.436454217,
            50.9072373097,
            0.0
          ],
          [
            0.4368726416,
            50.9067941762,
            0.0
          ],
          [
            0.436942379,
            50.9060093797,
            0.0
          ],
          [
            0.4377684994,
            50.9049437943,
            0.0
          ],
          [
            0.4386428996,
            50.9039323113,
            0.0
          ],
          [
            0.4390613242,
            50.9035229758,
            0.0
          ],
          [
            0.4394582911,
            50.9029411043,
            0.0
          ],
          [
            0.4399893685,
            50.9021866903,
            0.0
          ],
          [
            0.4406009121,
            50.9008875811,
            0.0
          ],
          [
            0.4415128632,
            50.9004680693,
            0.0
          ],
          [
            0.4422852996,
            50.9000122814,
            0.0
          ],
          [
            0.4429558916,
            50.8994463394,
            0.0
          ],
          [
            0.4435364803,
            50.8988441079,
            0.0
          ],
          [
            0.4437122746,
            50.8987358517,
            0.0
          ],
          [
            0.4439053936,
            50.8986884855,
            0.0
          ],
          [
            0.4445544882,
            50.8985836029,
            0.0
          ],
          [
            0.4449568196,
            50.8984076704,
            0.0
          ],
          [
            0.4455415411,
            50.8982994039,
            0.0
          ],
          [
            0.4467914505,
            50.8976667165,
            0.0
          ],
          [
            0.4483793183,
            50.8966855264,
            0.0
          ],
          [
            0.4486529036,
            50.8967937967,
            0.0
          ],
          [
            0.4500637455,
            50.8967362782,
            0.0
          ],
          [
            0.4518232747,
            50.8968140973,
            0.0
          ],
          [
            0.4527727766,
            50.8965298875,
            0.0
          ],
          [
            0.4534076434,
            50.8962474474,
            0.0
          ],
          [
            0.4544411107,
            50.895758452,
            0.0
          ],
          [
            0.4550311966,
            50.8952543053,
            0.0
          ],
          [
            0.4555300875,
            50.8944490126,
            0.0
          ],
          [
            0.4560772581,
            50.8938467258,
            0.0
          ],
          [
            0.4563293858,
            50.8938771787,
            0.0
          ],
          [
            0.4560558005,
            50.8938568768,
            0.0
          ],
          [
            0.4555247231,
            50.8944287109,
            0.0
          ],
          [
            0.4551974936,
            50.8951291137,
            0.0
          ],
          [
            0.4545779033,
            50.8957161581,
            0.0
          ],
          [
            0.4529256626,
            50.8965146619,
            0.0
          ],
          [
            0.451852779,
            50.8968665406,
            0.0
          ],
          [
            0.4511554046,
            50.8978747937,
            0.0
          ],
          [
            0.4508335395,
            50.8991469209,
            0.0
          ],
          [
            0.4524965091,
            50.9004054806,
            0.0
          ],
          [
            0.4530758663,
            50.9015083839,
            0.0
          ],
          [
            0.4535908504,
            50.9022932563,
            0.0
          ],
          [
            0.4538483425,
            50.9024353438,
            0.0
          ],
          [
            0.4539556308,
            50.9028819019,
            0.0
          ],
          [
            0.4560262962,
            50.9033081578,
            0.0
          ],
          [
            0.4564447208,
            50.9036599852,
            0.0
          ],
          [
            0.459116201,
            50.9045260105,
            0.0
          ],
          [
            0.4591698451,
            50.904647794,
            0.0
          ],
          [
            0.4595238967,
            50.9047086857,
            0.0
          ],
          [
            0.4605860515,
            50.9047831087,
            0.0
          ],
          [
            0.4607147975,
            50.9051890502,
            0.0
          ],
          [
            0.4616803928,
            50.9056558787,
            0.0
          ],
          [
            0.4619700714,
            50.9059129706,
            0.0
          ],
          [
            0.4619808002,
            50.9060685781,
            0.0
          ],
          [
            0.4637081428,
            50.9062309507,
            0.0
          ],
          [
            0.4642982288,
            50.9065151013,
            0.0
          ],
          [
            0.4657358928,
            50.9074757882,
            0.0
          ],
          [
            0.4665834709,
            50.9076110947,
            0.0
          ],
          [
            0.468471746,
            50.9076787477,
            0.0
          ],
          [
            0.4696733756,
            50.9081320207,
            0.0
          ],
          [
            0.4702205463,
            50.9084296901,
            0.0
          ],
          [
            0.4714114471,
            50.9086664713,
            0.0
          ],
          [
            0.4739219947,
            50.9093226869,
            0.0
          ],
          [
            0.4743543634,
            50.9096387362,
            0.0
          ],
          [
            0.4746300979,
            50.9098706538,
            0.0
          ],
          [
            0.475080709,
            50.9099788934,
            0.0
          ],
          [
            0.4759712024,
            50.910763623,
            0.0
          ],
          [
            0.4774732395,
            50.9125359807,
            0.0
          ],
          [
            0.4779989524,
            50.9134288988,
            0.0
          ],
          [
            0.4832989974,
            50.9150861634,
            0.0
          ],
          [
            0.4837388797,
            50.9151402771,
            0.0
          ],
          [
            0.4848439498,
            50.9150252853,
            0.0
          ],
          [
            0.4855091377,
            50.9149779356,
            0.0
          ],
          [
            0.4857988162,
            50.9151740982,
            0.0
          ],
          [
            0.4864503095,
            50.9152227072,
            0.0
          ],
          [
            0.4879255245,
            50.9149014063,
            0.0
          ],
          [
            0.4881865612,
            50.9151189511,
            0.0
          ],
          [
            0.4879416177,
            50.9149149348,
            0.0
          ],
          [
            0.4876090238,
            50.9150062521,
            0.0
          ],
          [
            0.4880006263,
            50.9156826709,
            0.0
          ],
          [
            0.4878987024,
            50.9157367839,
            0.0
          ],
          [
            0.4880381772,
            50.9159735279,
            0.0
          ],
          [
            0.4880489061,
            50.9160918994,
            0.0
          ],
          [
            0.4883332202,
            50.9162305628,
            0.0
          ],
          [
            0.4887462804,
            50.9166161126,
            0.0
          ],
          [
            0.4891056964,
            50.9167885943,
            0.0
          ],
          [
            0.4896045873,
            50.9169374016,
            0.0
          ],
          [
            0.4897226045,
            50.9171065001,
            0.0
          ],
          [
            0.4891539762,
            50.9177287777,
            0.0
          ],
          [
            0.4900551984,
            50.917948602,
            0.0
          ],
          [
            0.4901303003,
            50.9178708181,
            0.0
          ],
          [
            0.4906077335,
            50.9177186319,
            0.0
          ],
          [
            0.4911227176,
            50.917623938,
            0.0
          ],
          [
            0.4920614908,
            50.9177186319,
            0.0
          ],
          [
            0.4932255695,
            50.9177456873,
            0.0
          ],
          [
            0.4961008975,
            50.9183713381,
            0.0
          ],
          [
            0.4968841026,
            50.9185133766,
            0.0
          ],
          [
            0.4974312732,
            50.9185979231,
            0.0
          ],
          [
            0.4980589101,
            50.9185776319,
            0.0
          ],
          [
            0.4988903949,
            50.9185302859,
            0.0
          ],
          [
            0.4991103361,
            50.9186418872,
            0.0
          ],
          [
            0.5001188466,
            50.9186587965,
            0.0
          ],
          [
            0.5002046773,
            50.9185167584,
            0.0
          ],
          [
            0.5015940616,
            50.9176543753,
            0.0
          ],
          [
            0.5017281721,
            50.9176036464,
            0.0
          ],
          [
            0.5020124862,
            50.9175732091,
            0.0
          ],
          [
            0.5021626899,
            50.9175089523,
            0.0
          ],
          [
            0.5029298017,
            50.9166938985,
            0.0
          ],
          [
            0.5041904399,
            50.9162745292,
            0.0
          ],
          [
            0.5039007614,
            50.9161088096,
            0.0
          ],
          [
            0.5044908473,
            50.9160783713,
            0.0
          ],
          [
            0.5053276966,
            50.9159667638,
            0.0
          ],
          [
            0.5057300279,
            50.9159430894,
            0.0
          ],
          [
            0.5175746629,
            50.9156082653,
            0.0
          ],
          [
            0.5221551298,
            50.9155232406,
            0.0
          ],
          [
            0.5233843276,
            50.9156691426,
            0.0
          ],
          [
            0.5239046762,
            50.9154493075,
            0.0
          ],
          [
            0.5260397146,
            50.9152802029,
            0.0
          ],
          [
            0.5276919553,
            50.9144312885,
            0.0
          ],
          [
            0.529022331,
            50.9132475174,
            0.0
          ],
          [
            0.529188628,
            50.9132103127,
            0.0
          ],
          [
            0.5292637298,
            50.9126995903,
            0.0
          ],
          [
            0.5321015069,
            50.9125812102,
            0.0
          ],
          [
            0.5334050605,
            50.9120907749,
            0.0
          ],
          [
            0.535400624,
            50.9120501869,
            0.0
          ],
          [
            0.53599071,
            50.9121381275,
            0.0
          ],
          [
            0.537068958,
            50.9124898881,
            0.0
          ],
          [
            0.5387802074,
            50.9133591314,
            0.0
          ],
          [
            0.5416716287,
            50.9139341083,
            0.0
          ],
          [
            0.5407328556,
            50.9147221533,
            0.0
          ],
          [
            0.5418862054,
            50.9150299269,
            0.0
          ],
          [
            0.5442465494,
            50.9150840408,
            0.0
          ],
          [
            0.5449117372,
            50.9153038776,
            0.0
          ],
          [
            0.5452228734,
            50.9152802029,
            0.0
          ],
          [
            0.5462528417,
            50.9154628358,
            0.0
          ],
          [
            0.5470467756,
            50.9157367839,
            0.0
          ],
          [
            0.5490944608,
            50.9159346572,
            0.0
          ],
          [
            0.5503673503,
            50.9160986635,
            0.0
          ],
          [
            0.5511290977,
            50.9163083494,
            0.0
          ],
          [
            0.55110764,
            50.9163692258,
            0.0
          ],
          [
            0.5521376083,
            50.9167683024,
            0.0
          ],
          [
            0.5538166711,
            50.9169678394,
            0.0
          ],
          [
            0.5557585905,
            50.9173297093,
            0.0
          ],
          [
            0.5568904827,
            50.9172620703,
            0.0
          ],
          [
            0.5571211526,
            50.9171809033,
            0.0
          ],
          [
            0.5575503061,
            50.9171876672,
            0.0
          ],
          [
            0.5578238914,
            50.91712341,
            0.0
          ],
          [
            0.558435435,
            50.9171538476,
            0.0
          ],
          [
            0.5586875627,
            50.9168156502,
            0.0
          ],
          [
            0.559486861,
            50.916852852,
            0.0
          ],
          [
            0.5618257472,
            50.9172147229,
            0.0
          ],
          [
            0.5630917499,
            50.9175630633,
            0.0
          ],
          [
            0.564068074,
            50.9175596813,
            0.0
          ],
          [
            0.5647171686,
            50.9172451605,
            0.0
          ],
          [
            0.5675495813,
            50.9173330913,
            0.0
          ],
          [
            0.5677856157,
            50.917008423,
            0.0
          ],
          [
            0.5682842042,
            50.9166855183,
            0.0
          ],
          [
            0.5690838048,
            50.9161798323,
            0.0
          ],
          [
            0.5693144748,
            50.9156184115,
            0.0
          ],
          [
            0.5692930171,
            50.9150333091,
            0.0
          ],
          [
            0.5691052625,
            50.9146781855,
            0.0
          ],
          [
            0.5689550588,
            50.9145361353,
            0.0
          ],
          [
            0.568858929,
            50.9142162907,
            0.0
          ],
          [
            0.5688102195,
            50.9138867575,
            0.0
          ],
          [
            0.5692930171,
            50.9128044411,
            0.0
          ],
          [
            0.569958205,
            50.9126285623,
            0.0
          ],
          [
            0.5703712652,
            50.9124526828,
            0.0
          ],
          [
            0.5706394861,
            50.9124019482,
            0.0
          ],
          [
            0.5705643842,
            50.9117626877,
            0.0
          ],
          [
            0.5695880601,
            50.9108460608,
            0.0
          ],
          [
            0.5683864305,
            50.9104401685,
            0.0
          ],
          [
            0.5683327863,
            50.9103759019,
            0.0
          ],
          [
            0.5689175079,
            50.9102135438,
            0.0
          ],
          [
            0.5691320846,
            50.9099666231,
            0.0
          ],
          [
            0.5692661951,
            50.9095505757,
            0.0
          ],
          [
            0.5699260185,
            50.9090330481,
            0.0
          ],
          [
            0.5720059014,
            50.9078148069,
            0.0
          ],
          [
            0.5721844385,
            50.9077104513,
            0.0
          ],
          [
            0.5728413405,
            50.9078390731,
            0.0
          ],
          [
            0.5730323338,
            50.9074641397,
            0.0
          ],
          [
            0.5734185719,
            50.9071867603,
            0.0
          ],
          [
            0.5757573864,
            50.9064164112,
            0.0
          ],
          [
            0.5759022975,
            50.9063554577,
            0.0
          ],
          [
            0.5774713897,
            50.9073398266,
            0.0
          ],
          [
            0.5796010637,
            50.9069305211,
            0.0
          ],
          [
            0.579284563,
            50.9075732306,
            0.0
          ],
          [
            0.5786113286,
            50.908187179,
            0.0
          ],
          [
            0.5784959936,
            50.9086675077,
            0.0
          ],
          [
            0.5792765164,
            50.9092848243,
            0.0
          ],
          [
            0.5802501583,
            50.910097471,
            0.0
          ],
          [
            0.5805666589,
            50.9111663208,
            0.0
          ],
          [
            0.5804245019,
            50.9113176828,
            0.0
          ],
          [
            0.5807839179,
            50.9121463601,
            0.0
          ],
          [
            0.580939486,
            50.9126773822,
            0.0
          ],
          [
            0.5810119056,
            50.913216854,
            0.0
          ],
          [
            0.5810521388,
            50.9133242402,
            0.0
          ],
          [
            0.5822403574,
            50.9137410995,
            0.0
          ],
          [
            0.5840562129,
            50.9144606591,
            0.0
          ],
          [
            0.5842976117,
            50.9144708056,
            0.0
          ],
          [
            0.5850915455,
            50.9148191665,
            0.0
          ],
          [
            0.5864326501,
            50.9149003376,
            0.0
          ],
          [
            0.587189033,
            50.9149848907,
            0.0
          ],
          [
            0.5874997528,
            50.9149415795,
            0.0
          ],
          [
            0.5887447142,
            50.9155767579,
            0.0
          ],
          [
            0.5901770138,
            50.915958931,
            0.0
          ],
          [
            0.592258408,
            50.915898054,
            0.0
          ],
          [
            0.5943719887,
            50.9165304937,
            0.0
          ],
          [
            0.5949459815,
            50.9165846058,
            0.0
          ],
          [
            0.5958847546,
            50.9165068197,
            0.0
          ],
          [
            0.5964748406,
            50.915779682,
            0.0
          ],
          [
            0.5990229392,
            50.9158574694,
            0.0
          ],
          [
            0.6002245688,
            50.9157763,
            0.0
          ],
          [
            0.6022630477,
            50.9160502462,
            0.0
          ],
          [
            0.6041674161,
            50.9160062796,
            0.0
          ],
          [
            0.6062657494,
            50.9159378337,
            0.0
          ],
          [
            0.6079815173,
            50.915833795,
            0.0
          ],
          [
            0.6095344326,
            50.9156909814,
            0.0
          ],
          [
            0.6108836674,
            50.9155530833,
            0.0
          ],
          [
            0.6115756774,
            50.9155294088,
            0.0
          ],
          [
            0.6119082713,
            50.9154110358,
            0.0
          ],
          [
            0.6120960259,
            50.9154211821,
            0.0
          ],
          [
            0.6122039891,
            50.9154921966,
            0.0
          ],
          [
            0.6124286198,
            50.9157120407,
            0.0
          ],
          [
            0.6124071622,
            50.9160096617,
            0.0
          ],
          [
            0.6125895524,
            50.9163918312,
            0.0
          ],
          [
            0.6134532237,
            50.9175011197,
            0.0
          ],
          [
            0.6140057587,
            50.9179881161,
            0.0
          ],
          [
            0.6142632508,
            50.9182891044,
            0.0
          ],
          [
            0.6155292534,
            50.9193340934,
            0.0
          ],
          [
            0.6158242964,
            50.9194490746,
            0.0
          ],
          [
            0.6168864512,
            50.9197162357,
            0.0
          ],
          [
            0.6177447581,
            50.91945922,
            0.0
          ],
          [
            0.6182597422,
            50.9193780569,
            0.0
          ],
          [
            0.6186137938,
            50.9199698682,
            0.0
          ],
          [
            0.6192736172,
            50.9207070855,
            0.0
          ],
          [
            0.6196223044,
            50.9207442842,
            0.0
          ],
          [
            0.6209955954,
            50.9207003221,
            0.0
          ],
          [
            0.621810987,
            50.9205751988,
            0.0
          ],
          [
            0.6237099909,
            50.9214375278,
            0.0
          ],
          [
            0.6252442145,
            50.9220428394,
            0.0
          ],
          [
            0.6268535399,
            50.9221442874,
            0.0
          ],
          [
            0.6279210591,
            50.9223995975,
            0.0
          ],
          [
            0.6287579083,
            50.9226650508,
            0.0
          ],
          [
            0.6289885783,
            50.9228324378,
            0.0
          ],
          [
            0.6291870618,
            50.9230032058,
            0.0
          ],
          [
            0.6292782569,
            50.923432659,
            0.0
          ],
          [
            0.6294767403,
            50.9238485823,
            0.0
          ],
          [
            0.6304047846,
            50.9237437565,
            0.0
          ],
          [
            0.6317137026,
            50.9234935261,
            0.0
          ],
          [
            0.6327543997,
            50.9230911257,
            0.0
          ],
          [
            0.6333444857,
            50.9240514704,
            0.0
          ],
          [
            0.6338701987,
            50.9241427698,
            0.0
          ],
          [
            0.6343529963,
            50.9243625638,
            0.0
          ],
          [
            0.6348840737,
            50.9244741511,
            0.0
          ],
          [
            0.6361017966,
            50.924234069,
            0.0
          ],
          [
            0.6375609183,
            50.92400413,
            0.0
          ],
          [
            0.639186337,
            50.9238367472,
            0.0
          ],
          [
            0.6406615519,
            50.9236152599,
            0.0
          ],
          [
            0.6415359521,
            50.9234377313,
            0.0
          ],
          [
            0.6423728013,
            50.923202716,
            0.0
          ],
          [
            0.6430379891,
            50.9230370211,
            0.0
          ],
          [
            0.6436817193,
            50.9226954849,
            0.0
          ],
          [
            0.6441806101,
            50.922411433,
            0.0
          ],
          [
            0.6453768754,
            50.9222491169,
            0.0
          ],
          [
            0.6466018412,
            50.9219742202,
            0.0
          ],
          [
            0.6484667802,
            50.9219532267,
            0.0
          ],
          [
            0.6506018185,
            50.9223928343,
            0.0
          ],
          [
            0.6518302703,
            50.9222000838,
            0.0
          ],
          [
            0.6528760832,
            50.921657193,
            0.0
          ],
          [
            0.654201343,
            50.9213487594,
            0.0
          ],
          [
            0.6547136449,
            50.9212659087,
            0.0
          ],
          [
            0.6553439641,
            50.9212160291,
            0.0
          ],
          [
            0.6564490342,
            50.9208812429,
            0.0
          ],
          [
            0.6572000527,
            50.9208271358,
            0.0
          ],
          [
            0.6577901387,
            50.9207933189,
            0.0
          ],
          [
            0.6581817466,
            50.9206701596,
            0.0
          ],
          [
            0.6585572505,
            50.9206648142,
            0.0
          ],
          [
            0.6591312432,
            50.9207662653,
            0.0
          ],
          [
            0.6597910666,
            50.9207392117,
            0.0
          ],
          [
            0.6604696655,
            50.9206470602,
            0.0
          ],
          [
            0.6607566619,
            50.9205329274,
            0.0
          ],
          [
            0.6623069787,
            50.9197145448,
            0.0
          ],
          [
            0.6630848193,
            50.9191903666,
            0.0
          ],
          [
            0.663465693,
            50.9191971302,
            0.0
          ],
          [
            0.6648443484,
            50.9189671663,
            0.0
          ],
          [
            0.6655417227,
            50.9188386566,
            0.0
          ],
          [
            0.6657026553,
            50.9188995296,
            0.0
          ],
          [
            0.6660084271,
            50.9189062933,
            0.0
          ],
          [
            0.666442945,
            50.9188555658,
            0.0
          ],
          [
            0.6667326235,
            50.9188792386,
            0.0
          ],
          [
            0.6670169377,
            50.9188758568,
            0.0
          ],
          [
            0.6681220078,
            50.9184666527,
            0.0
          ],
          [
            0.668728187,
            50.9184193066,
            0.0
          ],
          [
            0.6704555297,
            50.9184023972,
            0.0
          ],
          [
            0.6706325554,
            50.9183787241,
            0.0
          ],
          [
            0.6711207175,
            50.9179424604,
            0.0
          ],
          [
            0.6715923872,
            50.9174369286,
            0.0
          ],
          [
            0.6717215323,
            50.91743179,
            0.0
          ],
          [
            0.6717805409,
            50.9170690753,
            0.0
          ],
          [
            0.6726227545,
            50.917101204,
            0.0
          ],
          [
            0.6730384969,
            50.9171806801,
            0.0
          ],
          [
            0.6734300995,
            50.9171705342,
            0.0
          ],
          [
            0.6736714983,
            50.9171045859,
            0.0
          ],
          [
            0.6736634516,
            50.9169337964,
            0.0
          ],
          [
            0.6736902737,
            50.9167460962,
            0.0
          ],
          [
            0.6738270664,
            50.9166564733,
            0.0
          ],
          [
            0.6742320799,
            50.9165575498,
            0.0
          ],
          [
            0.6748129768,
            50.9163589669,
            0.0
          ],
          [
            0.6751386666,
            50.9160265719,
            0.0
          ],
          [
            0.675439074,
            50.9159217284,
            0.0
          ],
          [
            0.6755570912,
            50.9156477814,
            0.0
          ],
          [
            0.6756160998,
            50.9152419311,
            0.0
          ],
          [
            0.675439074,
            50.914832695,
            0.0
          ],
          [
            0.6776009345,
            50.9142306718,
            0.0
          ],
          [
            0.6800471091,
            50.9135271742,
            0.0
          ],
          [
            0.6804548049,
            50.9134595296,
            0.0
          ],
          [
            0.6804708981,
            50.9134054139,
            0.0
          ],
          [
            0.6810663485,
            50.9134493829,
            0.0
          ],
          [
            0.6818334603,
            50.9133817383,
            0.0
          ],
          [
            0.6826864028,
            50.9132498309,
            0.0
          ],
          [
            0.6834052348,
            50.9130976296,
            0.0
          ],
          [
            0.6853471541,
            50.9123027924,
            0.0
          ],
          [
            0.6860069775,
            50.9123873502,
            0.0
          ],
          [
            0.6866238856,
            50.9125260246,
            0.0
          ],
          [
            0.6869189286,
            50.9123974971,
            0.0
          ],
          [
            0.68685992,
            50.9121167647,
            0.0
          ],
          [
            0.686693623,
            50.9118360306,
            0.0
          ],
          [
            0.6867150807,
            50.9115011769,
            0.0
          ],
          [
            0.6868545556,
            50.9111663208,
            0.0
          ],
          [
            0.6875304722,
            50.911176468,
            0.0
          ],
          [
            0.6879435324,
            50.9110986728,
            0.0
          ],
          [
            0.6881634736,
            50.9105811624,
            0.0
          ],
          [
            0.6890271449,
            50.9092214017,
            0.0
          ],
          [
            0.6892229461,
            50.908891603,
            0.0
          ],
          [
            0.6893355989,
            50.90874277,
            0.0
          ],
          [
            0.6894482517,
            50.9086987966,
            0.0
          ],
          [
            0.68978621,
            50.9087055617,
            0.0
          ],
          [
            0.6899216616,
            50.9086497492,
            0.0
          ],
          [
            0.6900758886,
            50.9083199464,
            0.0
          ],
          [
            0.6903709316,
            50.9074776704,
            0.0
          ],
          [
            0.6904353046,
            50.9071360199,
            0.0
          ],
          [
            0.6902368211,
            50.9069364408,
            0.0
          ],
          [
            0.6900369966,
            50.9068755521,
            0.0
          ],
          [
            0.6898385131,
            50.9068518731,
            0.0
          ],
          [
            0.6898411953,
            50.9066911941,
            0.0
          ],
          [
            0.6900986874,
            50.906704725,
            0.0
          ],
          [
            0.6903414273,
            50.9067673053,
            0.0
          ],
          [
            0.6907182777,
            50.9070548353,
            0.0
          ],
          [
            0.6911474311,
            50.9073237589,
            0.0
          ],
          [
            0.6915202582,
            50.9076231248,
            0.0
          ],
          [
            0.6917804324,
            50.9078632926,
            0.0
          ],
          [
            0.6927554154,
            50.9084180419,
            0.0
          ],
          [
            0.6934702241,
            50.9087613742,
            0.0
          ],
          [
            0.6940066659,
            50.9089896972,
            0.0
          ],
          [
            0.6942306304,
            50.9090150664,
            0.0
          ],
          [
            0.6943231666,
            50.909018449,
            0.0
          ],
          [
            0.694443866,
            50.908988006,
            0.0
          ],
          [
            0.6945404255,
            50.9089186635,
            0.0
          ],
          [
            0.6947657311,
            50.9089000594,
            0.0
          ],
          [
            0.6948113286,
            50.9091520596,
            0.0
          ],
          [
            0.6948837483,
            50.9093211865,
            0.0
          ],
          [
            0.6952552342,
            50.9097626047,
            0.0
          ],
          [
            0.695830568,
            50.9103782155,
            0.0
          ],
          [
            0.6972655499,
            50.911009039,
            0.0
          ],
          [
            0.6986978495,
            50.9116516923,
            0.0
          ],
          [
            0.7005807602,
            50.9124905105,
            0.0
          ],
          [
            0.7025039041,
            50.9133462248,
            0.0
          ],
          [
            0.7020988905,
            50.9136320231,
            0.0
          ],
          [
            0.7005432093,
            50.9143067707,
            0.0
          ],
          [
            0.7006558621,
            50.9144522037,
            0.0
          ],
          [
            0.7006947541,
            50.9146060917,
            0.0
          ],
          [
            0.7005861246,
            50.9147177024,
            0.0
          ],
          [
            0.7002481663,
            50.9148090201,
            0.0
          ],
          [
            0.7007644915,
            50.9150457688,
            0.0
          ],
          [
            0.7012620413,
            50.9153231014,
            0.0
          ],
          [
            0.7017032647,
            50.9156410173,
            0.0
          ],
          [
            0.7021967911,
            50.915898054,
            0.0
          ],
          [
            0.7030926489,
            50.9160908307,
            0.0
          ],
          [
            0.7043270444,
            50.9158614986,
            0.0
          ],
          [
            0.7048521781,
            50.9170952855,
            0.0
          ],
          [
            0.7049165511,
            50.9176499247,
            0.0
          ],
          [
            0.7052866959,
            50.9186780189,
            0.0
          ],
          [
            0.7054047131,
            50.9186847826,
            0.0
          ],
          [
            0.7063059353,
            50.9200019949,
            0.0
          ],
          [
            0.7066492581,
            50.9200290489,
            0.0
          ],
          [
            0.7068852925,
            50.9201643188,
            0.0
          ],
          [
            0.7080225491,
            50.9237555917,
            0.0
          ],
          [
            0.709009602,
            50.9241884194,
            0.0
          ],
          [
            0.7023063722,
            50.9210983633,
            0.0
          ],
          [
            0.7033085845,
            50.9211613941,
            0.0
          ],
          [
            0.7033256577,
            50.9222324391,
            0.0
          ],
          [
            0.7037923621,
            50.9230034359,
            0.0
          ],
          [
            0.7040391253,
            50.924011123,
            0.0
          ],
          [
            0.7045809315,
            50.9240686079,
            0.0
          ],
          [
            0.706614046,
            50.923845431,
            0.0
          ],
          [
            0.7079766081,
            50.9237203162,
            0.0
          ],
          [
            0.7090409053,
            50.9242274412,
            0.0
          ],
          [
            0.7086230205,
            50.9245031234,
            0.0
          ],
          [
            0.7084728168,
            50.9247060086,
            0.0
          ],
          [
            0.7083226131,
            50.9247939253,
            0.0
          ],
          [
            0.7086230205,
            50.9257609976,
            0.0
          ],
          [
            0.7069064067,
            50.9259300641,
            0.0
          ],
          [
            0.7060695575,
            50.9260044532,
            0.0
          ],
          [
            0.705318539,
            50.9260112158,
            0.0
          ],
          [
            0.7046748088,
            50.9259233015,
            0.0
          ],
          [
            0.704073994,
            50.9258759629,
            0.0
          ],
          [
            0.703880875,
            50.9259909279,
            0.0
          ],
          [
            0.7036877559,
            50.9260585543,
            0.0
          ],
          [
            0.7034088062,
            50.9259571147,
            0.0
          ],
          [
            0.7029796527,
            50.9259638774,
            0.0
          ],
          [
            0.7024968551,
            50.9263763968,
            0.0
          ],
          [
            0.7017243789,
            50.9267009997,
            0.0
          ],
          [
            0.7016278194,
            50.9268768253,
            0.0
          ],
          [
            0.7018853115,
            50.9273163864,
            0.0
          ],
          [
            0.7022715496,
            50.9277627058,
            0.0
          ],
          [
            0.7026685165,
            50.9281008237,
            0.0
          ],
          [
            0.7031405853,
            50.9284118899,
            0.0
          ],
          [
            0.703945248,
            50.9285741846,
            0.0
          ],
          [
            0.7049966739,
            50.9284321768,
            0.0
          ],
          [
            0.7058871673,
            50.92814816,
            0.0
          ],
          [
            0.7062841342,
            50.9279926262,
            0.0
          ],
          [
            0.7064879821,
            50.9276206955,
            0.0
          ],
          [
            0.7076145099,
            50.9267280498,
            0.0
          ],
          [
            0.7087517665,
            50.9264237348,
            0.0
          ],
          [
            0.7102538036,
            50.9262073319,
            0.0
          ],
          [
            0.7098246501,
            50.9246586688,
            0.0
          ],
          [
            0.7112623142,
            50.9245369377,
            0.0
          ],
          [
            0.7114447044,
            50.9254296254,
            0.0
          ],
          [
            0.7116056369,
            50.9261194179,
            0.0
          ],
          [
            0.711273043,
            50.9266536619,
            0.0
          ],
          [
            0.7118202137,
            50.926484598,
            0.0
          ],
          [
            0.7122279094,
            50.9261802814,
            0.0
          ],
          [
            0.7131184028,
            50.9259571147,
            0.0
          ],
          [
            0.7138935612,
            50.9255936211,
            0.0
          ],
          [
            0.7144460963,
            50.9256274346,
            0.0
          ],
          [
            0.7150147246,
            50.9253569261,
            0.0
          ],
          [
            0.7168493556,
            50.9247246064,
            0.0
          ],
          [
            0.7173750685,
            50.9246468339,
            0.0
          ],
          [
            0.7179168747,
            50.9247313692,
            0.0
          ],
          [
            0.718495761,
            50.9247321097,
            0.0
          ],
          [
            0.7195208357,
            50.9245420098,
            0.0
          ],
          [
            0.7198373364,
            50.9243627939,
            0.0
          ],
          [
            0.7201377438,
            50.9241227112,
            0.0
          ],
          [
            0.7215163992,
            50.9235580047,
            0.0
          ],
          [
            0.7220635699,
            50.9233990741,
            0.0
          ],
          [
            0.7226482914,
            50.9233415884,
            0.0
          ],
          [
            0.7232920216,
            50.9234396521,
            0.0
          ],
          [
            0.723823099,
            50.923845431,
            0.0
          ],
          [
            0.7246653126,
            50.9244439484,
            0.0
          ],
          [
            0.7253895091,
            50.9246671224,
            0.0
          ],
          [
            0.7255826281,
            50.9246603595,
            0.0
          ],
          [
            0.725722103,
            50.924721225,
            0.0
          ],
          [
            0.7270373628,
            50.924824736,
            0.0
          ],
          [
            0.7271865891,
            50.9250458394,
            0.0
          ],
          [
            0.7272187756,
            50.9255090873,
            0.0
          ],
          [
            0.727326064,
            50.9259080855,
            0.0
          ],
          [
            0.7284150408,
            50.9264829074,
            0.0
          ],
          [
            0.7288495587,
            50.9265911083,
            0.0
          ],
          [
            0.7296756791,
            50.9265708207,
            0.0
          ],
          [
            0.7302228497,
            50.9264051378,
            0.0
          ],
          [
            0.730855851,
            50.9263206054,
            0.0
          ],
          [
            0.731984008,
            50.9265934506,
            0.0
          ],
          [
            0.7329533385,
            50.928038272,
            0.0
          ],
          [
            0.7334522294,
            50.9287280258,
            0.0
          ],
          [
            0.7338801878,
            50.9295241276,
            0.0
          ],
          [
            0.7341871546,
            50.9305402713,
            0.0
          ],
          [
            0.7342193411,
            50.9309324644,
            0.0
          ],
          [
            0.7338545607,
            50.9314970814,
            0.0
          ],
          [
            0.7337097214,
            50.9318960282,
            0.0
          ],
          [
            0.7330177115,
            50.9324234442,
            0.0
          ],
          [
            0.7327816771,
            50.9326634841,
            0.0
          ],
          [
            0.729078591,
            50.9364820062,
            0.0
          ],
          [
            0.7269552652,
            50.9380718527,
            0.0
          ],
          [
            0.7270120143,
            50.9385722047,
            0.0
          ],
          [
            0.7278563307,
            50.9394345467,
            0.0
          ],
          [
            0.728455641,
            50.9398528796,
            0.0
          ],
          [
            0.7284633206,
            50.9398945276,
            0.0
          ],
          [
            0.7286778973,
            50.9402393178,
            0.0
          ],
          [
            0.728828101,
            50.9414393032,
            0.0
          ],
          [
            0.7290373133,
            50.9417299992,
            0.0
          ],
          [
            0.7299760865,
            50.9421761803,
            0.0
          ],
          [
            0.7309363173,
            50.942504053,
            0.0
          ],
          [
            0.7314405726,
            50.9428184031,
            0.0
          ],
          [
            0.7318482684,
            50.9431462713,
            0.0
          ],
          [
            0.7319180058,
            50.9434099162,
            0.0
          ],
          [
            0.7308987664,
            50.944832897,
            0.0
          ],
          [
            0.7308719443,
            50.9450492133,
            0.0
          ],
          [
            0.7314834879,
            50.9460868416,
            0.0
          ],
          [
            0.7303569602,
            50.9465566396,
            0.0
          ],
          [
            0.7305447148,
            50.9471920423,
            0.0
          ],
          [
            0.7303998755,
            50.947807158,
            0.0
          ],
          [
            0.7300511883,
            50.9483986076,
            0.0
          ],
          [
            0.7292465256,
            50.9490779205,
            0.0
          ],
          [
            0.728339939,
            50.9493550503,
            0.0
          ],
          [
            0.7281843709,
            50.9495003738,
            0.0
          ],
          [
            0.7281629132,
            50.9496592152,
            0.0
          ],
          [
            0.7282809304,
            50.9498788887,
            0.0
          ],
          [
            0.7286188887,
            50.9500140718,
            0.0
          ],
          [
            0.7291285084,
            50.9498383336,
            0.0
          ],
          [
            0.7295737551,
            50.949567966,
            0.0
          ],
          [
            0.729841976,
            50.9497065296,
            0.0
          ],
          [
            0.7301852988,
            50.9498011582,
            0.0
          ],
          [
            0.730432062,
            50.9497842602,
            0.0
          ],
          [
            0.7306841897,
            50.949851852,
            0.0
          ],
          [
            0.7313493775,
            50.9498856478,
            0.0
          ],
          [
            0.7322559641,
            50.9500309697,
            0.0
          ],
          [
            0.7326046513,
            50.9501289772,
            0.0
          ],
          [
            0.732883601,
            50.9499160641,
            0.0
          ],
          [
            0.733344941,
            50.9500106922,
            0.0
          ],
          [
            0.7336614417,
            50.9501424954,
            0.0
          ],
          [
            0.7341335105,
            50.9502472618,
            0.0
          ],
          [
            0.733991347,
            50.9504715196,
            0.0
          ],
          [
            0.7336314969,
            50.9511024721,
            0.0
          ],
          [
            0.7344254995,
            50.9513464423,
            0.0
          ],
          [
            0.7352891708,
            50.951762116,
            0.0
          ],
          [
            0.7353857303,
            50.9521811655,
            0.0
          ],
          [
            0.7353642727,
            50.9526644195,
            0.0
          ],
          [
            0.7352998996,
            50.9528164913,
            0.0
          ],
          [
            0.7351604248,
            50.9529787008,
            0.0
          ],
          [
            0.7352033401,
            50.953056426,
            0.0
          ],
          [
            0.735278442,
            50.9534484292,
            0.0
          ],
          [
            0.7356432224,
            50.9534222394,
            0.0
          ],
          [
            0.7356995488,
            50.9534526533,
            0.0
          ],
          [
            0.735932901,
            50.9534763086,
            0.0
          ],
          [
            0.7361179734,
            50.9534661706,
            0.0
          ],
          [
            0.7364532495,
            50.9536004985,
            0.0
          ],
          [
            0.7368073011,
            50.9532287726,
            0.0
          ],
          [
            0.7376817013,
            50.9530733227,
            0.0
          ],
          [
            0.7380733038,
            50.9530496673,
            0.0
          ],
          [
            0.7381779099,
            50.9530184082,
            0.0
          ],
          [
            0.7382476474,
            50.9529609592,
            0.0
          ],
          [
            0.7397255445,
            50.9532042724,
            0.0
          ],
          [
            0.7396987224,
            50.9533326872,
            0.0
          ],
          [
            0.7395731414,
            50.9555291681,
            0.0
          ],
          [
            0.7394090439,
            50.9556212835,
            0.0
          ],
          [
            0.7395538831,
            50.9558612037,
            0.0
          ],
          [
            0.7393714929,
            50.9563275238,
            0.0
          ],
          [
            0.7393393064,
            50.9568242509,
            0.0
          ],
          [
            0.7397684599,
            50.9573175937,
            0.0
          ],
          [
            0.7406911398,
            50.9576960449,
            0.0
          ],
          [
            0.7419249559,
            50.9585509278,
            0.0
          ],
          [
            0.7423219228,
            50.9592030611,
            0.0
          ],
          [
            0.7427564407,
            50.9604768909,
            0.0
          ],
          [
            0.742965653,
            50.9607742255,
            0.0
          ],
          [
            0.7436308408,
            50.9612506326,
            0.0
          ],
          [
            0.7446876312,
            50.9617168986,
            0.0
          ],
          [
            0.7464310671,
            50.9620344974,
            0.0
          ],
          [
            0.747251823,
            50.9622878992,
            0.0
          ],
          [
            0.74764879,
            50.9625615716,
            0.0
          ],
          [
            0.7486036564,
            50.9638082807,
            0.0
          ],
          [
            0.7488772417,
            50.9645481818,
            0.0
          ],
          [
            0.7490649963,
            50.9652069878,
            0.0
          ],
          [
            0.748560741,
            50.9656090238,
            0.0
          ],
          [
            0.747970655,
            50.9667914626,
            0.0
          ],
          [
            0.7480403925,
            50.9671664583,
            0.0
          ],
          [
            0.7483944441,
            50.9675650991,
            0.0
          ],
          [
            0.7498160148,
            50.9685684425,
            0.0
          ],
          [
            0.7508298898,
            50.9691021988,
            0.0
          ],
          [
            0.7507118726,
            50.9693251585,
            0.0
          ],
          [
            0.7509157205,
            50.9694940667,
            0.0
          ],
          [
            0.7511624838,
            50.9694129908,
            0.0
          ],
          [
            0.7514467979,
            50.9695650079,
            0.0
          ],
          [
            0.7517364765,
            50.9700717279,
            0.0
          ],
          [
            0.7520154262,
            50.9705750643,
            0.0
          ],
          [
            0.7524070287,
            50.9710277245,
            0.0
          ],
          [
            0.7523641134,
            50.9714972705,
            0.0
          ],
          [
            0.7528737331,
            50.9726457801,
            0.0
          ],
          [
            0.7535764719,
            50.9738989743,
            0.0
          ],
          [
            0.753667667,
            50.9742164898,
            0.0
          ],
          [
            0.7556149507,
            50.9777326604,
            0.0
          ],
          [
            0.7566020036,
            50.9794788249,
            0.0
          ],
          [
            0.7570633436,
            50.9803670806,
            0.0
          ],
          [
            0.7572242761,
            50.9809750025,
            0.0
          ],
          [
            0.7574173952,
            50.9819915652,
            0.0
          ],
          [
            0.7579001928,
            50.9857874366,
            0.0
          ],
          [
            0.7578197265,
            50.9863378797,
            0.0
          ],
          [
            0.757825091,
            50.9867262252,
            0.0
          ],
          [
            0.7573691154,
            50.9868942259,
            0.0
          ],
          [
            0.7578143621,
            50.9874953086,
            0.0
          ],
          [
            0.7581120873,
            50.9877789629,
            0.0
          ],
          [
            0.7582006002,
            50.987762923,
            0.0
          ],
          [
            0.7583186174,
            50.9877831839,
            0.0
          ],
          [
            0.7592573906,
            50.9888131046,
            0.0
          ],
          [
            0.7608989025,
            50.9905858653,
            0.0
          ],
          [
            0.7612824584,
            50.9909699545,
            0.0
          ],
          [
            0.7613280559,
            50.9911269659,
            0.0
          ],
          [
            0.761303916,
            50.9913430668,
            0.0
          ],
          [
            0.7613736535,
            50.9915220245,
            0.0
          ],
          [
            0.762548461,
            50.9928371738,
            0.0
          ],
          [
            0.7622185493,
            50.9929663232,
            0.0
          ],
          [
            0.7635167385,
            50.9943675285,
            0.0
          ],
          [
            0.763484552,
            50.9944451845,
            0.0
          ],
          [
            0.7627979065,
            50.9946072486,
            0.0
          ],
          [
            0.7630446697,
            50.9959239986,
            0.0
          ],
          [
            0.7632753397,
            50.9973217385,
            0.0
          ],
          [
            0.7627496267,
            50.9983683278,
            0.0
          ],
          [
            0.7627952243,
            50.9984805816,
            0.0
          ],
          [
            0.7628891016,
            50.9985641387,
            0.0
          ],
          [
            0.7626691604,
            51.0000495734,
            0.0
          ],
          [
            0.7626772071,
            51.0000808008,
            0.0
          ],
          [
            0.762548461,
            51.0000993684,
            0.0
          ],
          [
            0.7624974991,
            51.0001339717,
            0.0
          ],
          [
            0.7627093936,
            51.0001483194,
            0.0
          ],
          [
            0.7626906181,
            51.0002149939,
            0.0
          ],
          [
            0.7626423383,
            51.0012007527,
            0.0
          ],
          [
            0.7626262451,
            51.0014615364,
            0.0
          ],
          [
            0.762894466,
            51.0018463795,
            0.0
          ],
          [
            0.7625457788,
            51.0021552645,
            0.0
          ],
          [
            0.7622185493,
            51.0023324927,
            0.0
          ],
          [
            0.7618752266,
            51.0025780791,
            0.0
          ],
          [
            0.7612636829,
            51.0029527859,
            0.0
          ],
          [
            0.7611188436,
            51.0032025887,
            0.0
          ],
          [
            0.7611000682,
            51.0032928887,
            0.0
          ],
          [
            0.7609203602,
            51.0033975352,
            0.0
          ],
          [
            0.7606092239,
            51.0038574708,
            0.0
          ],
          [
            0.7605394865,
            51.0041182395,
            0.0
          ],
          [
            0.7604080582,
            51.0043072749,
            0.0
          ],
          [
            0.7603356386,
            51.0045190948,
            0.0
          ],
          [
            0.7603570963,
            51.0048870347,
            0.0
          ],
          [
            0.7600781465,
            51.0058085595,
            0.0
          ],
          [
            0.7601049686,
            51.0064836575,
            0.0
          ],
          [
            0.760147884,
            51.0072296295,
            0.0
          ],
          [
            0.7610812927,
            51.0078034459,
            0.0
          ],
          [
            0.7619127775,
            51.0084607945,
            0.0
          ],
          [
            0.7618484045,
            51.0101661446,
            0.0
          ],
          [
            0.7619556928,
            51.0104741304,
            0.0
          ],
          [
            0.7621649051,
            51.0107973023,
            0.0
          ],
          [
            0.7625243211,
            51.0112698212,
            0.0
          ],
          [
            0.7629239703,
            51.0114664214,
            0.0
          ],
          [
            0.7633128906,
            51.0117355851,
            0.0
          ],
          [
            0.7640356079,
            51.0122952085,
            0.0
          ],
          [
            0.7648753252,
            51.0125865217,
            0.0
          ],
          [
            0.7650295044,
            51.0126966302,
            0.0
          ],
          [
            0.7650402332,
            51.0128189743,
            0.0
          ],
          [
            0.7650670553,
            51.0132070982,
            0.0
          ],
          [
            0.7652494455,
            51.0133825967,
            0.0
          ],
          [
            0.7655391241,
            51.0135547195,
            0.0
          ],
          [
            0.766000464,
            51.0137302167,
            0.0
          ],
          [
            0.7661962653,
            51.0138356834,
            0.0
          ],
          [
            0.7661613966,
            51.014009492,
            0.0
          ],
          [
            0.7644233251,
            51.0158361305,
            0.0
          ],
          [
            0.7642087484,
            51.0162174796,
            0.0
          ],
          [
            0.7641765619,
            51.0167574377,
            0.0
          ],
          [
            0.7639914895,
            51.0170130719,
            0.0
          ],
          [
            0.7638198281,
            51.0171286552,
            0.0
          ],
          [
            0.7621434475,
            51.0182827852,
            0.0
          ],
          [
            0.761470213,
            51.0187417295,
            0.0
          ],
          [
            0.759981587,
            51.0190420656,
            0.0
          ],
          [
            0.7594986702,
            51.0189601863,
            0.0
          ],
          [
            0.7593834544,
            51.0189340799,
            0.0
          ],
          [
            0.7582032824,
            51.0193019054,
            0.0
          ],
          [
            0.7578760529,
            51.0195583692,
            0.0
          ],
          [
            0.7570392037,
            51.0197979591,
            0.0
          ],
          [
            0.7568407202,
            51.0199768071,
            0.0
          ],
          [
            0.757312789,
            51.0205437169,
            0.0
          ],
          [
            0.7572966958,
            51.0208136716,
            0.0
          ],
          [
            0.7573315645,
            51.021150269,
            0.0
          ],
          [
            0.7575193191,
            51.0217424722,
            0.0
          ],
          [
            0.7575166369,
            51.0218074285,
            0.0
          ],
          [
            0.7575488234,
            51.0220976217,
            0.0
          ],
          [
            0.7574549461,
            51.0223118912,
            0.0
          ],
          [
            0.7576534296,
            51.0234557695,
            0.0
          ],
          [
            0.7577178026,
            51.0235030087,
            0.0
          ],
          [
            0.7578438664,
            51.024135672,
            0.0
          ],
          [
            0.7577580357,
            51.024564191,
            0.0
          ],
          [
            0.7578867818,
            51.025670899,
            0.0
          ],
          [
            0.7582032824,
            51.0271318481,
            0.0
          ],
          [
            0.7571759964,
            51.0279297835,
            0.0
          ],
          [
            0.7570587283,
            51.028169915,
            0.0
          ],
          [
            0.7570096994,
            51.0282435556,
            0.0
          ],
          [
            0.757607832,
            51.0284375534,
            0.0
          ],
          [
            0.7581952358,
            51.0284122494,
            0.0
          ],
          [
            0.7586619402,
            51.0284999699,
            0.0
          ],
          [
            0.7589998985,
            51.0286214288,
            0.0
          ],
          [
            0.7607808853,
            51.0286045596,
            0.0
          ],
          [
            0.7610330129,
            51.0285539517,
            0.0
          ],
          [
            0.7612422252,
            51.0284426142,
            0.0
          ],
          [
            0.7614782596,
            51.028341398,
            0.0
          ],
          [
            0.7622346426,
            51.0278015749,
            0.0
          ],
          [
            0.7630178476,
            51.0274270689,
            0.0
          ],
          [
            0.7634094501,
            51.0272415017,
            0.0
          ],
          [
            0.7638493324,
            51.0271166652,
            0.0
          ],
          [
            0.7642275239,
            51.0270812386,
            0.0
          ],
          [
            0.7647773767,
            51.0270660557,
            0.0
          ],
          [
            0.7657483364,
            51.0269682106,
            0.0
          ],
          [
            0.7669875169,
            51.0266881698,
            0.0
          ],
          [
            0.7672611023,
            51.0264351194,
            0.0
          ],
          [
            0.7707882071,
            51.026899044,
            0.0
          ],
          [
            0.7717538024,
            51.0271959533,
            0.0
          ],
          [
            0.7725048209,
            51.0273444072,
            0.0
          ],
          [
            0.7738673831,
            51.027290424,
            0.0
          ],
          [
            0.7751333857,
            51.027418634,
            0.0
          ],
          [
            0.7782125617,
            51.0275603394,
            0.0
          ],
          [
            0.7791245127,
            51.0274996086,
            0.0
          ],
          [
            0.7811844493,
            51.0274321298,
            0.0
          ],
          [
            0.7822036887,
            51.0273983904,
            0.0
          ],
          [
            0.7827294017,
            51.0274861128,
            0.0
          ],
          [
            0.7831263686,
            51.0274388777,
            0.0
          ],
          [
            0.7834375048,
            51.0274456256,
            0.0
          ],
          [
            0.7838452006,
            51.0276615572,
            0.0
          ],
          [
            0.7846391345,
            51.0280191919,
            0.0
          ],
          [
            0.7855296279,
            51.0284915352,
            0.0
          ],
          [
            0.7859480525,
            51.0287277051,
            0.0
          ],
          [
            0.7861626292,
            51.0287546959,
            0.0
          ],
          [
            0.7863128329,
            51.0289166402,
            0.0
          ],
          [
            0.7880938197,
            51.029058341,
            0.0
          ],
          [
            0.7891023303,
            51.0292472747,
            0.0
          ],
          [
            0.7897983881,
            51.0293045152,
            0.0
          ],
          [
            0.7896334131,
            51.0294627801,
            0.0
          ],
          [
            0.7891948719,
            51.0299367957,
            0.0
          ],
          [
            0.7903079887,
            51.0303129683,
            0.0
          ],
          [
            0.7913594146,
            51.0311766355,
            0.0
          ],
          [
            0.7918127079,
            51.0313470054,
            0.0
          ],
          [
            0.7922525902,
            51.0314549623,
            0.0
          ],
          [
            0.7925717731,
            51.0314060444,
            0.0
          ],
          [
            0.7927662332,
            51.0312457956,
            0.0
          ],
          [
            0.7932691474,
            51.0311226568,
            0.0
          ],
          [
            0.7921104331,
            51.0323506573,
            0.0
          ],
          [
            0.7919468184,
            51.032706569,
            0.0
          ],
          [
            0.7919629116,
            51.0328651259,
            0.0
          ],
          [
            0.7921613951,
            51.0332733231,
            0.0
          ],
          [
            0.7938055892,
            51.0359349509,
            0.0
          ],
          [
            0.7933013339,
            51.0357629111,
            0.0
          ],
          [
            0.7923679252,
            51.0356212308,
            0.0
          ],
          [
            0.7914237876,
            51.0355267771,
            0.0
          ],
          [
            0.7904689212,
            51.0352434146,
            0.0
          ],
          [
            0.7896428009,
            51.03513884,
            0.0
          ],
          [
            0.7897447248,
            51.0357696578,
            0.0
          ],
          [
            0.7898359199,
            51.0364814259,
            0.0
          ],
          [
            0.7898144622,
            51.036768154,
            0.0
          ],
          [
            0.7908800758,
            51.0379006214,
            0.0
          ],
          [
            0.7918745421,
            51.0384734605,
            0.0
          ],
          [
            0.7928240191,
            51.0394366239,
            0.0
          ],
          [
            0.7943297488,
            51.0412080825,
            0.0
          ],
          [
            0.793609788,
            51.0412138996,
            0.0
          ],
          [
            0.7926656504,
            51.0411734243,
            0.0
          ],
          [
            0.7909704943,
            51.0414972255,
            0.0
          ],
          [
            0.7909463544,
            51.0426574945,
            0.0
          ],
          [
            0.7907022734,
            51.0434433579,
            0.0
          ],
          [
            0.7909621832,
            51.0426733864,
            0.0
          ],
          [
            0.7910455962,
            51.0414736151,
            0.0
          ],
          [
            0.7924832602,
            51.0412105266,
            0.0
          ],
          [
            0.7942623216,
            51.0412270115,
            0.0
          ],
          [
            0.7956978516,
            51.0416075135,
            0.0
          ],
          [
            0.796742136,
            51.0418677114,
            0.0
          ],
          [
            0.799589215,
            51.0444976021,
            0.0
          ],
          [
            0.8039768105,
            51.0471938889,
            0.0
          ],
          [
            0.8044991704,
            51.0476656202,
            0.0
          ],
          [
            0.8057397005,
            51.0491233224,
            0.0
          ],
          [
            0.807410215,
            51.0504321775,
            0.0
          ],
          [
            0.8087311224,
            51.0514035022,
            0.0
          ],
          [
            0.8090556508,
            51.0513264217,
            0.0
          ],
          [
            0.810637965,
            51.0520837781,
            0.0
          ],
          [
            0.8121193393,
            51.0520823721,
            0.0
          ],
          [
            0.8136322298,
            51.0525991779,
            0.0
          ],
          [
            0.8151999417,
            51.0531146302,
            0.0
          ],
          [
            0.8150608025,
            51.0535332146,
            0.0
          ],
          [
            0.8156129021,
            51.0535889765,
            0.0
          ],
          [
            0.815709748,
            51.0542786159,
            0.0
          ],
          [
            0.8174251218,
            51.0546379339,
            0.0
          ],
          [
            0.8187394042,
            51.054958269,
            0.0
          ],
          [
            0.8211051126,
            51.0555314948,
            0.0
          ],
          [
            0.8223818441,
            51.05584508,
            0.0
          ],
          [
            0.8240662713,
            51.0564857314,
            0.0
          ],
          [
            0.8258150716,
            51.0573539685,
            0.0
          ],
          [
            0.8276228805,
            51.0582323043,
            0.0
          ],
          [
            0.829092731,
            51.0589926162,
            0.0
          ],
          [
            0.8296077152,
            51.0589521564,
            0.0
          ],
          [
            0.8309059043,
            51.0587093973,
            0.0
          ],
          [
            0.8320485254,
            51.0583941456,
            0.0
          ],
          [
            0.8334915538,
            51.0580687767,
            0.0
          ],
          [
            0.8351867099,
            51.0578276987,
            0.0
          ],
          [
            0.8353261848,
            51.0579777404,
            0.0
          ],
          [
            0.8364956279,
            51.0578428715,
            0.0
          ],
          [
            0.8375416894,
            51.0577889238,
            0.0
          ],
          [
            0.8386584193,
            51.0578223159,
            0.0
          ],
          [
            0.838910547,
            51.0578054572,
            0.0
          ],
          [
            0.839001898,
            51.0578634136,
            0.0
          ],
          [
            0.8391197593,
            51.058014504,
            0.0
          ],
          [
            0.8399673373,
            51.0582201782,
            0.0
          ],
          [
            0.8416410357,
            51.0585607186,
            0.0
          ],
          [
            0.8417751462,
            51.058698957,
            0.0
          ],
          [
            0.8424564273,
            51.0593968864,
            0.0
          ],
          [
            0.8427461059,
            51.0595755816,
            0.0
          ],
          [
            0.8427943856,
            51.0597171886,
            0.0
          ],
          [
            0.8429928691,
            51.0597542761,
            0.0
          ],
          [
            0.8433040053,
            51.0600240024,
            0.0
          ],
          [
            0.8436741502,
            51.0602600115,
            0.0
          ],
          [
            0.8440496594,
            51.0605567071,
            0.0
          ],
          [
            0.8444466264,
            51.0608028281,
            0.0
          ],
          [
            0.8451869161,
            51.0615310689,
            0.0
          ],
          [
            0.8453210265,
            51.0616558127,
            0.0
          ],
          [
            0.8453746707,
            51.0618007848,
            0.0
          ],
          [
            0.8468659789,
            51.0626773506,
            0.0
          ],
          [
            0.8471330964,
            51.0629228024,
            0.0
          ],
          [
            0.8472414882,
            51.0631257413,
            0.0
          ],
          [
            0.8471073777,
            51.0635505285,
            0.0
          ],
          [
            0.8469357163,
            51.0640326236,
            0.0
          ],
          [
            0.8474989802,
            51.0641135341,
            0.0
          ],
          [
            0.8480295378,
            51.064111744,
            0.0
          ],
          [
            0.848432389,
            51.0640798214,
            0.0
          ],
          [
            0.8488776357,
            51.0641000491,
            0.0
          ],
          [
            0.8492746026,
            51.0641303905,
            0.0
          ],
          [
            0.8497144849,
            51.0642146722,
            0.0
          ],
          [
            0.8506157071,
            51.0644338037,
            0.0
          ],
          [
            0.8515115649,
            51.0645888809,
            0.0
          ],
          [
            0.8523269565,
            51.0649698289,
            0.0
          ],
          [
            0.8527400167,
            51.0650810787,
            0.0
          ],
          [
            0.853271094,
            51.0651485026,
            0.0
          ],
          [
            0.8539094598,
            51.065172101,
            0.0
          ],
          [
            0.8546121985,
            51.0652698655,
            0.0
          ],
          [
            0.8546604783,
            51.0652327824,
            0.0
          ],
          [
            0.8549018771,
            51.0647178304,
            0.0
          ],
          [
            0.8546792538,
            51.0652226689,
            0.0
          ],
          [
            0.8557789595,
            51.0654417957,
            0.0
          ],
          [
            0.8563261301,
            51.0656103541,
            0.0
          ],
          [
            0.8567526013,
            51.065650808,
            0.0
          ],
          [
            0.8568518431,
            51.0659879226,
            0.0
          ],
          [
            0.8572541744,
            51.0666722578,
            0.0
          ],
          [
            0.8578236841,
            51.067624354,
            0.0
          ],
          [
            0.8579944641,
            51.0681723659,
            0.0
          ],
          [
            0.8582573206,
            51.0681892208,
            0.0
          ],
          [
            0.8586060078,
            51.0682195595,
            0.0
          ],
          [
            0.858686474,
            51.0684184464,
            0.0
          ],
          [
            0.8589225084,
            51.0688802652,
            0.0
          ],
          [
            0.8591156275,
            51.0691061166,
            0.0
          ],
          [
            0.8598773748,
            51.0693757883,
            0.0
          ],
          [
            0.8602850706,
            51.0697229884,
            0.0
          ],
          [
            0.8611648352,
            51.0702218733,
            0.0
          ],
          [
            0.8613955051,
            51.0703263688,
            0.0
          ],
          [
            0.861894396,
            51.070734236,
            0.0
          ],
          [
            0.8628331692,
            51.0710140105,
            0.0
          ],
          [
            0.8632623226,
            51.0709904152,
            0.0
          ],
          [
            0.8638899595,
            51.071121875,
            0.0
          ],
          [
            0.8645283253,
            51.0713038957,
            0.0
          ],
          [
            0.8651076824,
            51.0715364766,
            0.0
          ],
          [
            0.865646644,
            51.071634802,
            0.0
          ],
          [
            0.8668457539,
            51.0720050057,
            0.0
          ],
          [
            0.8679240019,
            51.0724263408,
            0.0
          ],
          [
            0.8686481983,
            51.0728780077,
            0.0
          ],
          [
            0.8688842327,
            51.0729218259,
            0.0
          ],
          [
            0.8690874484,
            51.0731238515,
            0.0
          ],
          [
            0.8695452205,
            51.0734239033,
            0.0
          ],
          [
            0.869812277,
            51.073504941,
            0.0
          ],
          [
            0.8704828293,
            51.0734004527,
            0.0
          ],
          [
            0.871121195,
            51.0732757406,
            0.0
          ],
          [
            0.8732186825,
            51.0739262624,
            0.0
          ],
          [
            0.8734278948,
            51.0745767751,
            0.0
          ],
          [
            0.8735941917,
            51.075325022,
            0.0
          ],
          [
            0.8753644497,
            51.0753452447,
            0.0
          ],
          [
            0.8757721455,
            51.075244131,
            0.0
          ],
          [
            0.8764266045,
            51.0751598694,
            0.0
          ],
          [
            0.8768289358,
            51.0750048277,
            0.0
          ],
          [
            0.8771668942,
            51.0750081982,
            0.0
          ],
          [
            0.8782290489,
            51.0751868331,
            0.0
          ],
          [
            0.8795165092,
            51.0755103966,
            0.0
          ],
          [
            0.8792643816,
            51.0759991078,
            0.0
          ],
          [
            0.8796506197,
            51.0764979251,
            0.0
          ],
          [
            0.8799510271,
            51.0766158878,
            0.0
          ],
          [
            0.8818071157,
            51.077502284,
            0.0
          ],
          [
            0.8819144041,
            51.0771787345,
            0.0
          ],
          [
            0.8818607599,
            51.0769023675,
            0.0
          ],
          [
            0.8818983109,
            51.0763968139,
            0.0
          ],
          [
            0.8820055992,
            51.0760732567,
            0.0
          ],
          [
            0.8819465906,
            51.0756519548,
            0.0
          ],
          [
            0.8819036753,
            51.075453099,
            0.0
          ],
          [
            0.8820096901,
            51.07524205,
            0.0
          ],
          [
            0.8819304974,
            51.0749374181,
            0.0
          ],
          [
            0.8821450741,
            51.0742363525,
            0.0
          ],
          [
            0.8832125933,
            51.0728982315,
            0.0
          ],
          [
            0.8851169617,
            51.0715668132,
            0.0
          ],
          [
            0.886238125,
            51.0705926626,
            0.0
          ],
          [
            0.8869408638,
            51.0702454691,
            0.0
          ],
          [
            0.8879708321,
            51.0699016437,
            0.0
          ],
          [
            0.8891080887,
            51.069527478,
            0.0
          ],
          [
            0.8901407392,
            51.0691996591,
            0.0
          ],
          [
            0.890331176,
            51.0687597546,
            0.0
          ],
          [
            0.8903633625,
            51.0681909063,
            0.0
          ],
          [
            0.8906691343,
            51.0678807757,
            0.0
          ],
          [
            0.8907710583,
            51.0676212082,
            0.0
          ],
          [
            0.8911680252,
            51.067038019,
            0.0
          ],
          [
            0.8906530411,
            51.0667042831,
            0.0
          ],
          [
            0.8901637315,
            51.0664923019,
            0.0
          ],
          [
            0.8897786409,
            51.0663300915,
            0.0
          ],
          [
            0.8891992838,
            51.0660064639,
            0.0
          ],
          [
            0.8882712395,
            51.065662607,
            0.0
          ],
          [
            0.8883356125,
            51.0655446164,
            0.0
          ],
          [
            0.8885877401,
            51.0655109047,
            0.0
          ],
          [
            0.8890490801,
            51.0653120053,
            0.0
          ],
          [
            0.890331176,
            51.0646689476,
            0.0
          ],
          [
            0.8907656939,
            51.0644295897,
            0.0
          ],
          [
            0.890819338,
            51.0641008919,
            0.0
          ],
          [
            0.890985635,
            51.0641792739,
            0.0
          ],
          [
            0.8912216694,
            51.0641902305,
            0.0
          ],
          [
            0.8919807345,
            51.0641716885,
            0.0
          ],
          [
            0.8971761734,
            51.0656288954,
            0.0
          ],
          [
            0.8982651503,
            51.0658918452,
            0.0
          ],
          [
            0.8987801344,
            51.0658446492,
            0.0
          ],
          [
            0.8993484156,
            51.0659164915,
            0.0
          ],
          [
            0.9021221668,
            51.0665829239,
            0.0
          ],
          [
            0.9049277575,
            51.0671930873,
            0.0
          ],
          [
            0.9067141087,
            51.0674998515,
            0.0
          ],
          [
            0.9089617998,
            51.0677661617,
            0.0
          ],
          [
            0.9115313561,
            51.0680156153,
            0.0
          ],
          [
            0.9114938051,
            51.0683088902,
            0.0
          ],
          [
            0.9116601021,
            51.0684538415,
            0.0
          ],
          [
            0.9120356113,
            51.0686122761,
            0.0
          ],
          [
            0.9122984678,
            51.0688752089,
            0.0
          ],
          [
            0.9124003918,
            51.0692291545,
            0.0
          ],
          [
            0.9125076801,
            51.0692898306,
            0.0
          ],
          [
            0.9129904778,
            51.0700078254,
            0.0
          ],
          [
            0.9135108263,
            51.0709255278,
            0.0
          ],
          [
            0.9136207969,
            51.0711210323,
            0.0
          ],
          [
            0.9136073858,
            51.0713114799,
            0.0
          ],
          [
            0.9134452568,
            51.071350825,
            0.0
          ],
          [
            0.9133138285,
            51.0716348093,
            0.0
          ],
          [
            0.9120639191,
            51.0720325529,
            0.0
          ],
          [
            0.9115006552,
            51.0719583975,
            0.0
          ],
          [
            0.9115274773,
            51.0718673886,
            0.0
          ],
          [
            0.9115435706,
            51.0717157066,
            0.0
          ],
          [
            0.9110178576,
            51.0716415507,
            0.0
          ],
          [
            0.9105028735,
            51.0716246971,
            0.0
          ],
          [
            0.9101595507,
            51.0716651458,
            0.0
          ],
          [
            0.9101924412,
            51.0716735027,
            0.0
          ],
          [
            0.9101327286,
            51.0716516629,
            0.0
          ],
          [
            0.9107603655,
            51.0716280678,
            0.0
          ],
          [
            0.911548935,
            51.071722448,
            0.0
          ],
          [
            0.9114791975,
            51.0715134631,
            0.0
          ],
          [
            0.9116401301,
            51.0712741405,
            0.0
          ],
          [
            0.9118117915,
            51.0706438062,
            0.0
          ],
          [
            0.9119780884,
            51.0703909959,
            0.0
          ],
          [
            0.9120639191,
            51.0698145832,
            0.0
          ],
          [
            0.912203394,
            51.0693190648,
            0.0
          ],
          [
            0.9120317326,
            51.0687089294,
            0.0
          ],
          [
            0.9115918503,
            51.0684156571,
            0.0
          ],
          [
            0.9114631043,
            51.068233625,
            0.0
          ],
          [
            0.9115355239,
            51.0679976565,
            0.0
          ],
          [
            0.9146731949,
            51.0682822206,
            0.0
          ],
          [
            0.921443604,
            51.0695853645,
            0.0
          ],
          [
            0.922199987,
            51.0695010926,
            0.0
          ],
          [
            0.9230582939,
            51.0696055897,
            0.0
          ],
          [
            0.9276448713,
            51.0704078499,
            0.0
          ],
          [
            0.9291308151,
            51.0706539186,
            0.0
          ],
          [
            0.9299783931,
            51.0705359406,
            0.0
          ],
          [
            0.9321509824,
            51.0709269521,
            0.0
          ],
          [
            0.934404038,
            51.0713676787,
            0.0
          ],
          [
            0.9343021141,
            51.0722482768,
            0.0
          ],
          [
            0.9350048528,
            51.072349397,
            0.0
          ],
          [
            0.9343289361,
            51.0722516474,
            0.0
          ],
          [
            0.9342500648,
            51.0733031072,
            0.0
          ],
          [
            0.9348836595,
            51.0755015187,
            0.0
          ],
          [
            0.9359143025,
            51.0773730363,
            0.0
          ],
          [
            0.9371892941,
            51.0788631365,
            0.0
          ],
          [
            0.9391503722,
            51.079579979,
            0.0
          ],
          [
            0.9426165756,
            51.0788344663,
            0.0
          ],
          [
            0.9437238009,
            51.0789793126,
            0.0
          ],
          [
            0.9444953616,
            51.078163852,
            0.0
          ],
          [
            0.9459290109,
            51.077400735,
            0.0
          ],
          [
            0.9462818535,
            51.0769073326,
            0.0
          ],
          [
            0.9477944712,
            51.076522796,
            0.0
          ],
          [
            0.9497237789,
            51.0766466397,
            0.0
          ],
          [
            0.9500658552,
            51.0768455281,
            0.0
          ],
          [
            0.952444332,
            51.0762658457,
            0.0
          ],
          [
            0.9532142072,
            51.0771458387,
            0.0
          ],
          [
            0.9534161517,
            51.0777289099,
            0.0
          ],
          [
            0.9540565816,
            51.0783007882,
            0.0
          ],
          [
            0.9541709975,
            51.0792321073,
            0.0
          ],
          [
            0.9555019225,
            51.0794403341,
            0.0
          ],
          [
            0.9566710621,
            51.0805523186,
            0.0
          ],
          [
            0.9588900926,
            51.0809108213,
            0.0
          ],
          [
            0.9605809372,
            51.0815942096,
            0.0
          ],
          [
            0.9637385205,
            51.0820324114,
            0.0
          ],
          [
            0.9646637068,
            51.0819049093,
            0.0
          ],
          [
            0.9660334403,
            51.0810047714,
            0.0
          ],
          [
            0.9668771792,
            51.0804641189,
            0.0
          ],
          [
            0.9686365044,
            51.0787927229,
            0.0
          ],
          [
            0.9703963857,
            51.0779863257,
            0.0
          ],
          [
            0.9754883349,
            51.0769212624,
            0.0
          ],
          [
            0.9782932156,
            51.0778525589,
            0.0
          ],
          [
            0.9795671546,
            51.0780273757,
            0.0
          ],
          [
            0.9801116454,
            51.078809197,
            0.0
          ],
          [
            0.9817639274,
            51.0780399965,
            0.0
          ],
          [
            0.9811842386,
            51.0750099687,
            0.0
          ],
          [
            0.9808830906,
            51.0720419661,
            0.0
          ],
          [
            0.9804260046,
            51.0709118785,
            0.0
          ],
          [
            0.9844285879,
            51.0708433127,
            0.0
          ],
          [
            0.9846015797,
            51.0709303229,
            0.0
          ],
          [
            0.9866400586,
            51.0708932443,
            0.0
          ],
          [
            0.9895529376,
            51.070943806,
            0.0
          ],
          [
            0.9969938603,
            51.0698123881,
            0.0
          ],
          [
            1.0010274277,
            51.0698449209,
            0.0
          ],
          [
            1.004803978,
            51.0698584043,
            0.0
          ],
          [
            1.00552281,
            51.0698010998,
            0.0
          ],
          [
            1.0062255488,
            51.0695516557,
            0.0
          ],
          [
            1.0071321354,
            51.0693156939,
            0.0
          ],
          [
            1.0098787175,
            51.0685033019,
            0.0
          ],
          [
            1.0101523028,
            51.0684628505,
            0.0
          ],
          [
            1.0126199351,
            51.0677616868,
            0.0
          ],
          [
            1.0130061732,
            51.0679032688,
            0.0
          ],
          [
            1.0133226738,
            51.0679234947,
            0.0
          ],
          [
            1.0158224926,
            51.0674111009,
            0.0
          ],
          [
            1.0171635971,
            51.0672122097,
            0.0
          ],
          [
            1.0178663359,
            51.0670436572,
            0.0
          ],
          [
            1.0185261593,
            51.066976236,
            0.0
          ],
          [
            1.0184242354,
            51.0671784993,
            0.0
          ],
          [
            1.0180433617,
            51.0672998568,
            0.0
          ],
          [
            1.017700039,
            51.0675021187,
            0.0
          ],
          [
            1.0181399212,
            51.068341496,
            0.0
          ],
          [
            1.0187031851,
            51.0691741163,
            0.0
          ],
          [
            1.020087205,
            51.0696291858,
            0.0
          ],
          [
            1.0202207803,
            51.0703676263,
            0.0
          ],
          [
            1.020151578,
            51.0706539186,
            0.0
          ],
          [
            1.0197063313,
            51.0708898736,
            0.0
          ],
          [
            1.0193576441,
            51.0711089735,
            0.0
          ],
          [
            1.018713914,
            51.0714527899,
            0.0
          ],
          [
            1.0186817275,
            51.0716887408,
            0.0
          ],
          [
            1.0192128142,
            51.0717434251,
            0.0
          ],
          [
            1.0193147288,
            51.0718370522,
            0.0
          ],
          [
            1.0190465079,
            51.071850535,
            0.0
          ],
          [
            1.0190411435,
            51.0719145784,
            0.0
          ],
          [
            1.019497119,
            51.071975251,
            0.0
          ],
          [
            1.0201837645,
            51.0721741218,
            0.0
          ],
          [
            1.0203876124,
            51.0721572684,
            0.0
          ],
          [
            1.0209133254,
            51.0719954752,
            0.0
          ],
          [
            1.0212083683,
            51.0719482854,
            0.0
          ],
          [
            1.0214068518,
            51.0719550268,
            0.0
          ],
          [
            1.0216160641,
            51.0721269322,
            0.0
          ],
          [
            1.0219701157,
            51.0722920955,
            0.0
          ],
          [
            1.0222222434,
            51.0724572583,
            0.0
          ],
          [
            1.0222651587,
            51.0727538757,
            0.0
          ],
          [
            1.022383328,
            51.0728079943,
            0.0
          ],
          [
            1.0225416397,
            51.0726999734,
            0.0
          ],
          [
            1.0227723096,
            51.0726797495,
            0.0
          ],
          [
            1.0229761575,
            51.0726797495,
            0.0
          ],
          [
            1.0231424545,
            51.0727303092,
            0.0
          ],
          [
            1.0241026853,
            51.0727134559,
            0.0
          ],
          [
            1.0242448424,
            51.0721134774,
            0.0
          ],
          [
            1.024124143,
            51.0727168266,
            0.0
          ],
          [
            1.0241974177,
            51.0728416441,
            0.0
          ],
          [
            1.0243601774,
            51.0728786172,
            0.0
          ],
          [
            1.024907348,
            51.0729022116,
            0.0
          ],
          [
            1.0255671714,
            51.0728887291,
            0.0
          ],
          [
            1.0261626218,
            51.0729156942,
            0.0
          ],
          [
            1.0265488599,
            51.0729932186,
            0.0
          ],
          [
            1.0269404624,
            51.0731819731,
            0.0
          ],
          [
            1.027196132,
            51.0733687771,
            0.0
          ],
          [
            1.027396438,
            51.0735662211,
            0.0
          ],
          [
            1.0277397607,
            51.0738594608,
            0.0
          ],
          [
            1.0281313633,
            51.0740145063,
            0.0
          ],
          [
            1.0288394664,
            51.074520086,
            0.0
          ],
          [
            1.0293168996,
            51.07495488,
            0.0
          ],
          [
            1.0301698421,
            51.0751436266,
            0.0
          ],
          [
            1.0307867502,
            51.0751571085,
            0.0
          ],
          [
            1.0313392852,
            51.0750863286,
            0.0
          ],
          [
            1.0320152019,
            51.0750189191,
            0.0
          ],
          [
            1.0327984069,
            51.0749818439,
            0.0
          ],
          [
            1.0333133911,
            51.0750492534,
            0.0
          ],
          [
            1.0349227165,
            51.0749885848,
            0.0
          ],
          [
            1.0352714036,
            51.0749953258,
            0.0
          ],
          [
            1.0362530921,
            51.075285186,
            0.0
          ],
          [
            1.0369987463,
            51.0752615928,
            0.0
          ],
          [
            1.0385115121,
            51.0750492534,
            0.0
          ],
          [
            1.0387636398,
            51.0749717324,
            0.0
          ],
          [
            1.0388065551,
            51.0750256601,
            0.0
          ],
          [
            1.039112327,
            51.0750020667,
            0.0
          ],
          [
            1.0421324943,
            51.0751335152,
            0.0
          ],
          [
            1.0434896921,
            51.0751638494,
            0.0
          ],
          [
            1.0439671253,
            51.0751908131,
            0.0
          ],
          [
            1.0444606517,
            51.0752818155,
            0.0
          ],
          [
            1.0453833316,
            51.0754368563,
            0.0
          ],
          [
            1.047158954,
            51.0757435659,
            0.0
          ],
          [
            1.0474754547,
            51.0758750122,
            0.0
          ],
          [
            1.0488488595,
            51.0766585074,
            0.0
          ],
          [
            1.0495300268,
            51.0770883453,
            0.0
          ],
          [
            1.0499767431,
            51.0775284584,
            0.0
          ],
          [
            1.0510749792,
            51.0788611025,
            0.0
          ],
          [
            1.0518850063,
            51.0792958558,
            0.0
          ],
          [
            1.052523372,
            51.0796160204,
            0.0
          ],
          [
            1.0531456445,
            51.0798384492,
            0.0
          ],
          [
            1.0531027292,
            51.0799901046,
            0.0
          ],
          [
            1.0531671022,
            51.0804720284,
            0.0
          ],
          [
            1.0534460519,
            51.0807685944,
            0.0
          ],
          [
            1.0537518238,
            51.0808258853,
            0.0
          ],
          [
            1.0543687318,
            51.0810550484,
            0.0
          ],
          [
            1.054486749,
            51.0811055989,
            0.0
          ],
          [
            1.0550661062,
            51.0813313905,
            0.0
          ],
          [
            1.0565735076,
            51.0821502973,
            0.0
          ],
          [
            1.0568202709,
            51.0823963035,
            0.0
          ],
          [
            1.0572494243,
            51.0827029669,
            0.0
          ],
          [
            1.0572547887,
            51.082884942,
            0.0
          ],
          [
            1.0570616697,
            51.0832825889,
            0.0
          ],
          [
            1.0572977041,
            51.0834948905,
            0.0
          ],
          [
            1.0576142047,
            51.0836903419,
            0.0
          ],
          [
            1.0587568258,
            51.0845327954,
            0.0
          ],
          [
            1.059658048,
            51.0847990075,
            0.0
          ],
          [
            1.0604197954,
            51.0848933608,
            0.0
          ],
          [
            1.0609079574,
            51.0851123945,
            0.0
          ],
          [
            1.0609884237,
            51.0853651244,
            0.0
          ],
          [
            1.0609079574,
            51.0855336102,
            0.0
          ],
          [
            1.0610045169,
            51.0861401541,
            0.0
          ],
          [
            1.0610420679,
            51.0862580922,
            0.0
          ],
          [
            1.0612834667,
            51.0863558122,
            0.0
          ],
          [
            1.0614658569,
            51.0863254853,
            0.0
          ],
          [
            1.062147138,
            51.0860188459,
            0.0
          ],
          [
            1.0624475454,
            51.0858604709,
            0.0
          ],
          [
            1.0631931995,
            51.0855807861,
            0.0
          ],
          [
            1.064046142,
            51.0853550152,
            0.0
          ],
          [
            1.0642124389,
            51.085344906,
            0.0
          ],
          [
            1.0651082967,
            51.0851528314,
            0.0
          ],
          [
            1.0660846208,
            51.0850382601,
            0.0
          ],
          [
            1.0661704515,
            51.0852505537,
            0.0
          ],
          [
            1.0664494012,
            51.0852876207,
            0.0
          ],
          [
            1.0668410038,
            51.0853786033,
            0.0
          ],
          [
            1.0670770381,
            51.0853112088,
            0.0
          ],
          [
            1.067452598,
            51.0852501547,
            0.0
          ],
          [
            1.0676349376,
            51.0852303353,
            0.0
          ],
          [
            1.0677636837,
            51.0851460919,
            0.0
          ],
          [
            1.0681499218,
            51.085233705,
            0.0
          ],
          [
            1.0686863636,
            51.0855504587,
            0.0
          ],
          [
            1.0688097452,
            51.0855976346,
            0.0
          ],
          [
            1.0691637968,
            51.0855841558,
            0.0
          ],
          [
            1.0698665355,
            51.0856852469,
            0.0
          ],
          [
            1.0700918411,
            51.0859885188,
            0.0
          ],
          [
            1.0704405283,
            51.0862142867,
            0.0
          ],
          [
            1.0704995369,
            51.0862985281,
            0.0
          ],
          [
            1.0706872915,
            51.0863827694,
            0.0
          ],
          [
            1.0707248424,
            51.0864164659,
            0.0
          ],
          [
            1.0710091566,
            51.0863692908,
            0.0
          ],
          [
            1.0713417505,
            51.0862176563,
            0.0
          ],
          [
            1.0717279886,
            51.0860727607,
            0.0
          ],
          [
            1.07189965,
            51.086028955,
            0.0
          ],
          [
            1.0721142267,
            51.0860356943,
            0.0
          ],
          [
            1.0722697948,
            51.0861131967,
            0.0
          ],
          [
            1.0725058292,
            51.0862243957,
            0.0
          ],
          [
            1.0726292108,
            51.0863793998,
            0.0
          ],
          [
            1.0726721262,
            51.0864973373,
            0.0
          ],
          [
            1.0728223299,
            51.0864501623,
            0.0
          ],
          [
            1.0730476354,
            51.0864467927,
            0.0
          ],
          [
            1.073761103,
            51.0864569016,
            0.0
          ],
          [
            1.0740615104,
            51.086396248,
            0.0
          ],
          [
            1.0754562591,
            51.0858267741,
            0.0
          ],
          [
            1.0764540409,
            51.0855201314,
            0.0
          ],
          [
            1.0767437194,
            51.0854358885,
            0.0
          ],
          [
            1.0768939231,
            51.0852539234,
            0.0
          ],
          [
            1.0768885587,
            51.0850180416,
            0.0
          ],
          [
            1.0761697267,
            51.0840172157,
            0.0
          ],
          [
            1.0762233709,
            51.0839296003,
            0.0
          ],
          [
            1.0777468656,
            51.0831242046,
            0.0
          ],
          [
            1.0782618497,
            51.08295571,
            0.0
          ],
          [
            1.0785998081,
            51.0827939546,
            0.0
          ],
          [
            1.078637359,
            51.0827029669,
            0.0
          ],
          [
            1.0787714695,
            51.0826658978,
            0.0
          ],
          [
            1.0795278524,
            51.0827231864,
            0.0
          ],
          [
            1.0790826057,
            51.0826658978,
            0.0
          ],
          [
            1.0781760191,
            51.0820121289,
            0.0
          ],
          [
            1.0779936288,
            51.0813280205,
            0.0
          ],
          [
            1.0777093147,
            51.0807854447,
            0.0
          ],
          [
            1.0777790521,
            51.0806000912,
            0.0
          ],
          [
            1.0795922254,
            51.0811831096,
            0.0
          ],
          [
            1.0815234159,
            51.0817020909,
            0.0
          ],
          [
            1.081974027,
            51.0817998205,
            0.0
          ],
          [
            1.0826231216,
            51.0819480994,
            0.0
          ],
          [
            1.0829503511,
            51.0820694183,
            0.0
          ],
          [
            1.0830737327,
            51.0821671471,
            0.0
          ],
          [
            1.0831863855,
            51.0823491243,
            0.0
          ],
          [
            1.0832024787,
            51.0824974015,
            0.0
          ],
          [
            1.083726847,
            51.0824960778,
            0.0
          ],
          [
            1.0842583287,
            51.0824386611,
            0.0
          ],
          [
            1.0831365254,
            51.082494504,
            0.0
          ],
          [
            1.0828623981,
            51.0829776432,
            0.0
          ],
          [
            1.0827309699,
            51.083277563,
            0.0
          ],
          [
            1.0826451392,
            51.0840121899,
            0.0
          ],
          [
            1.0827872963,
            51.0844165667,
            0.0
          ],
          [
            1.083194992,
            51.0849927975,
            0.0
          ],
          [
            1.0832647295,
            51.085194982,
            0.0
          ],
          [
            1.083194992,
            51.0853870565,
            0.0
          ],
          [
            1.083052835,
            51.085535324,
            0.0
          ],
          [
            1.0828597159,
            51.0857307668,
            0.0
          ],
          [
            1.0818968029,
            51.0865934009,
            0.0
          ],
          [
            1.0814327807,
            51.0870718863,
            0.0
          ],
          [
            1.0812638015,
            51.0875065624,
            0.0
          ],
          [
            1.0812584371,
            51.0879513431,
            0.0
          ],
          [
            1.0810760469,
            51.0882849258,
            0.0
          ],
          [
            1.0798207731,
            51.0890565371,
            0.0
          ],
          [
            1.0789571018,
            51.0895484747,
            0.0
          ],
          [
            1.0794694037,
            51.0900370377,
            0.0
          ],
          [
            1.0795901031,
            51.0901852903,
            0.0
          ],
          [
            1.0797376246,
            51.0904952714,
            0.0
          ],
          [
            1.0797188491,
            51.0912702152,
            0.0
          ],
          [
            1.0798529596,
            51.091361186,
            0.0
          ],
          [
            1.0799843878,
            51.0914319409,
            0.0
          ],
          [
            1.080282113,
            51.0920956845,
            0.0
          ],
          [
            1.08067908,
            51.0926381277,
            0.0
          ],
          [
            1.0809204788,
            51.0932378401,
            0.0
          ],
          [
            1.0805449695,
            51.0933726059,
            0.0
          ],
          [
            1.0808400125,
            51.0939520942,
            0.0
          ],
          [
            1.0811431021,
            51.0948078369,
            0.0
          ],
          [
            1.0813710899,
            51.0953772002,
            0.0
          ],
          [
            1.0815212936,
            51.0961217417,
            0.0
          ],
          [
            1.0831279368,
            51.0963979939,
            0.0
          ],
          [
            1.0834176154,
            51.0965664395,
            0.0
          ],
          [
            1.0838574977,
            51.096957231,
            0.0
          ],
          [
            1.0843858928,
            51.0974019208,
            0.0
          ],
          [
            1.0847694487,
            51.0974692977,
            0.0
          ],
          [
            1.0849840254,
            51.0976579524,
            0.0
          ],
          [
            1.0866121263,
            51.0978432375,
            0.0
          ],
          [
            1.0868696184,
            51.0978061805,
            0.0
          ],
          [
            1.0870466442,
            51.0978364999,
            0.0
          ],
          [
            1.0872478099,
            51.0980150467,
            0.0
          ],
          [
            1.087301454,
            51.0982171743,
            0.0
          ],
          [
            1.0881812186,
            51.0984664638,
            0.0
          ],
          [
            1.0883341045,
            51.0986652207,
            0.0
          ],
          [
            1.0885245413,
            51.0988437643,
            0.0
          ],
          [
            1.0887525291,
            51.0994366588,
            0.0
          ],
          [
            1.0878700823,
            51.0995107701,
            0.0
          ],
          [
            1.085748455,
            51.1003226177,
            0.0
          ],
          [
            1.0820738287,
            51.1006190565,
            0.0
          ],
          [
            1.0806173892,
            51.1007032717,
            0.0
          ],
          [
            1.0802767486,
            51.1007874867,
            0.0
          ],
          [
            1.0793969841,
            51.1006628484,
            0.0
          ],
          [
            1.0790482969,
            51.1005988448,
            0.0
          ],
          [
            1.0789302797,
            51.1005820017,
            0.0
          ],
          [
            1.0780397863,
            51.1006291623,
            0.0
          ],
          [
            1.0775784464,
            51.1007167461,
            0.0
          ],
          [
            1.0772834034,
            51.1007335891,
            0.0
          ],
          [
            1.0758725614,
            51.1013028795,
            0.0
          ],
          [
            1.0742149563,
            51.1017441589,
            0.0
          ],
          [
            1.0734102935,
            51.1019698499,
            0.0
          ],
          [
            1.0729435892,
            51.1020978532,
            0.0
          ],
          [
            1.0726941437,
            51.1022056451,
            0.0
          ],
          [
            1.0725519867,
            51.1021955397,
            0.0
          ],
          [
            1.0724366517,
            51.1022191191,
            0.0
          ],
          [
            1.0718653412,
            51.1025256511,
            0.0
          ],
          [
            1.0708568306,
            51.1033071301,
            0.0
          ],
          [
            1.0697678537,
            51.1042772235,
            0.0
          ],
          [
            1.0695640058,
            51.1043648004,
            0.0
          ],
          [
            1.0695398659,
            51.1046443717,
            0.0
          ],
          [
            1.0677722902,
            51.1052574015,
            0.0
          ],
          [
            1.0658545108,
            51.1061735627,
            0.0
          ],
          [
            1.066358766,
            51.1066922636,
            0.0
          ],
          [
            1.0656184764,
            51.1077835374,
            0.0
          ],
          [
            1.0662192912,
            51.1083628451,
            0.0
          ],
          [
            1.0651464076,
            51.1099390642,
            0.0
          ],
          [
            1.0642988295,
            51.1102960636,
            0.0
          ],
          [
            1.0644275756,
            51.1105722311,
            0.0
          ],
          [
            1.0635907263,
            51.1108686041,
            0.0
          ],
          [
            1.0644704909,
            51.1106395887,
            0.0
          ],
          [
            1.0646206946,
            51.1108551326,
            0.0
          ],
          [
            1.0645563216,
            51.1111245611,
            0.0
          ],
          [
            1.0637623877,
            51.1117846541,
            0.0
          ],
          [
            1.0638736994,
            51.1128135048,
            0.0
          ],
          [
            1.0638978393,
            51.1130526125,
            0.0
          ],
          [
            1.0640265853,
            51.1132731967,
            0.0
          ],
          [
            1.0642733485,
            51.113512302,
            0.0
          ],
          [
            1.0643752725,
            51.1136150159,
            0.0
          ],
          [
            1.0644611032,
            51.113593126,
            0.0
          ],
          [
            1.06442087,
            51.1134718899,
            0.0
          ],
          [
            1.0644745142,
            51.1133253958,
            0.0
          ],
          [
            1.0644611032,
            51.1132782482,
            0.0
          ],
          [
            1.0644530565,
            51.1132395198,
            0.0
          ],
          [
            1.064356497,
            51.113182269,
            0.0
          ],
          [
            1.0643591792,
            51.1131300697,
            0.0
          ],
          [
            1.0643913657,
            51.1130846057,
            0.0
          ],
          [
            1.064600578,
            51.1130290386,
            0.0
          ],
          [
            1.0646810443,
            51.1130307224,
            0.0
          ],
          [
            1.0647601695,
            51.1130206193,
            0.0
          ],
          [
            1.0650766701,
            51.1130071485,
            0.0
          ],
          [
            1.0659457059,
            51.1131553274,
            0.0
          ],
          [
            1.0669703097,
            51.1132563582,
            0.0
          ],
          [
            1.0675174803,
            51.1132664613,
            0.0
          ],
          [
            1.0679573626,
            51.1132193136,
            0.0
          ],
          [
            1.0695184083,
            51.113323712,
            0.0
          ],
          [
            1.071594438,
            51.1135156696,
            0.0
          ],
          [
            1.0717178197,
            51.1135089343,
            0.0
          ],
          [
            1.0728818984,
            51.1124649442,
            0.0
          ],
          [
            1.0729570002,
            51.1122527756,
            0.0
          ],
          [
            1.074544868,
            51.113000413,
            0.0
          ],
          [
            1.0756016583,
            51.1130172516,
            0.0
          ],
          [
            1.0758001418,
            51.1130509287,
            0.0
          ],
          [
            1.0772002549,
            51.1131384889,
            0.0
          ],
          [
            1.078265985,
            51.1136576617,
            0.0
          ],
          [
            1.0794467166,
            51.1144740373,
            0.0
          ],
          [
            1.0809501179,
            51.1160084783,
            0.0
          ],
          [
            1.0823563582,
            51.1173205684,
            0.0
          ],
          [
            1.0827495174,
            51.1174485139,
            0.0
          ],
          [
            1.0830608816,
            51.1176257299,
            0.0
          ],
          [
            1.0839352817,
            51.1181476695,
            0.0
          ],
          [
            1.0834953994,
            51.1185113402,
            0.0
          ],
          [
            1.0833505602,
            51.1186931744,
            0.0
          ],
          [
            1.0834068865,
            51.1189406699,
            0.0
          ],
          [
            1.0837367983,
            51.1196528433,
            0.0
          ],
          [
            1.0839520618,
            51.1206258654,
            0.0
          ],
          [
            1.0848016352,
            51.1214222857,
            0.0
          ],
          [
            1.0856304378,
            51.1221849264,
            0.0
          ],
          [
            1.0858664722,
            51.122487959,
            0.0
          ],
          [
            1.0861990661,
            51.1232926692,
            0.0
          ],
          [
            1.0863063545,
            51.124003092,
            0.0
          ],
          [
            1.0862071128,
            51.1243650331,
            0.0
          ],
          [
            1.0860703201,
            51.1246394331,
            0.0
          ],
          [
            1.0857725949,
            51.1252521977,
            0.0
          ],
          [
            1.0857457728,
            51.1253700361,
            0.0
          ],
          [
            1.0857028575,
            51.1255653105,
            0.0
          ],
          [
            1.0860783667,
            51.1257210244,
            0.0
          ],
          [
            1.086338541,
            51.1259230309,
            0.0
          ],
          [
            1.0867408724,
            51.1260055166,
            0.0
          ],
          [
            1.0869098515,
            51.1261578623,
            0.0
          ],
          [
            1.0873121829,
            51.1261915298,
            0.0
          ],
          [
            1.087339005,
            51.1263935342,
            0.0
          ],
          [
            1.087467751,
            51.126255498,
            0.0
          ],
          [
            1.0880202861,
            51.1262992656,
            0.0
          ],
          [
            1.0880846591,
            51.1265332534,
            0.0
          ],
          [
            1.0886050076,
            51.1265719707,
            0.0
          ],
          [
            1.0886425585,
            51.1267066393,
            0.0
          ],
          [
            1.0899980609,
            51.1276275164,
            0.0
          ],
          [
            1.0902894349,
            51.1282317338,
            0.0
          ],
          [
            1.0910297246,
            51.1285549261,
            0.0
          ],
          [
            1.0914749713,
            51.128804052,
            0.0
          ],
          [
            1.0920006842,
            51.1291036746,
            0.0
          ],
          [
            1.0929770083,
            51.1300294626,
            0.0
          ],
          [
            1.0936475606,
            51.1306270067,
            0.0
          ],
          [
            1.0949135632,
            51.1319600915,
            0.0
          ],
          [
            1.0962761254,
            51.1333082858,
            0.0
          ],
          [
            1.0964746089,
            51.1333789766,
            0.0
          ],
          [
            1.0965926261,
            51.1333486805,
            0.0
          ],
          [
            1.0974938483,
            51.1344494233,
            0.0
          ],
          [
            1.0980088324,
            51.1350182984,
            0.0
          ],
          [
            1.0984540791,
            51.1355063809,
            0.0
          ],
          [
            1.1002098443,
            51.1377009318,
            0.0
          ],
          [
            1.1004067273,
            51.1377952508,
            0.0
          ],
          [
            1.1009538979,
            51.1379029595,
            0.0
          ],
          [
            1.1010558219,
            51.1379837409,
            0.0
          ],
          [
            1.1013937802,
            51.1378255439,
            0.0
          ],
          [
            1.1016727299,
            51.1384684262,
            0.0
          ],
          [
            1.1024129415,
            51.1389914652,
            0.0
          ],
          [
            1.1038560481,
            51.140009961,
            0.0
          ],
          [
            1.1047948212,
            51.1404744308,
            0.0
          ],
          [
            1.1050898642,
            51.1405989617,
            0.0
          ],
          [
            1.1054278226,
            51.14083456,
            0.0
          ],
          [
            1.105792603,
            51.1412249772,
            0.0
          ],
          [
            1.1062968583,
            51.1415951974,
            0.0
          ],
          [
            1.1067689271,
            51.1420226297,
            0.0
          ],
          [
            1.1078096242,
            51.1436347209,
            0.0
          ],
          [
            1.1093492121,
            51.1448799302,
            0.0
          ],
          [
            1.1091507287,
            51.1450246415,
            0.0
          ],
          [
            1.1091346354,
            51.1450953143,
            0.0
          ],
          [
            1.1102772565,
            51.1457986712,
            0.0
          ],
          [
            1.1114145131,
            51.1466097057,
            0.0
          ],
          [
            1.1115861745,
            51.1468149861,
            0.0
          ],
          [
            1.1117041917,
            51.1471111266,
            0.0
          ],
          [
            1.1120957942,
            51.1476478765,
            0.0
          ],
          [
            1.1127502532,
            51.1482687486,
            0.0
          ],
          [
            1.1128682704,
            51.1482754789,
            0.0
          ],
          [
            1.1130828471,
            51.1487196749,
            0.0
          ],
          [
            1.1134422631,
            51.1493624056,
            0.0
          ],
          [
            1.1138928742,
            51.1500051272,
            0.0
          ],
          [
            1.1135495515,
            51.1501094425,
            0.0
          ],
          [
            1.1138714165,
            51.1507386939,
            0.0
          ],
          [
            1.1142336232,
            51.1512352279,
            0.0
          ],
          [
            1.1142683835,
            51.1517262985,
            0.0
          ],
          [
            1.1143327565,
            51.151946698,
            0.0
          ],
          [
            1.1133993477,
            51.1520779277,
            0.0
          ],
          [
            1.111913404,
            51.1524211422,
            0.0
          ],
          [
            1.111891677,
            51.1525925838,
            0.0
          ],
          [
            1.1119421174,
            51.1527671692,
            0.0
          ],
          [
            1.112231796,
            51.1528378302,
            0.0
          ],
          [
            1.112489288,
            51.1529488686,
            0.0
          ],
          [
            1.1128594329,
            51.1529791518,
            0.0
          ],
          [
            1.1132027556,
            51.1530632715,
            0.0
          ],
          [
            1.1136533667,
            51.1533189948,
            0.0
          ],
          [
            1.1142702748,
            51.1538035191,
            0.0
          ],
          [
            1.115568464,
            51.1541803678,
            0.0
          ],
          [
            1.1156650235,
            51.1541736384,
            0.0
          ],
          [
            1.116517966,
            51.156074659,
            0.0
          ],
          [
            1.1173977305,
            51.157407009,
            0.0
          ],
          [
            1.1176981379,
            51.157706446,
            0.0
          ],
          [
            1.1178483416,
            51.1577569127,
            0.0
          ],
          [
            1.1183311393,
            51.1576593437,
            0.0
          ],
          [
            1.1192806413,
            51.1573397195,
            0.0
          ],
          [
            1.1195488622,
            51.1574339248,
            0.0
          ],
          [
            1.1198009898,
            51.1574440182,
            0.0
          ],
          [
            1.1203696181,
            51.1577199038,
            0.0
          ],
          [
            1.1220057656,
            51.1584096107,
            0.0
          ],
          [
            1.122343724,
            51.1586989481,
            0.0
          ],
          [
            1.1225958516,
            51.1590993072,
            0.0
          ],
          [
            1.1231215646,
            51.1591396794,
            0.0
          ],
          [
            1.1231805732,
            51.159354997,
            0.0
          ],
          [
            1.1234166076,
            51.1597318004,
            0.0
          ],
          [
            1.1241193463,
            51.1603037282,
            0.0
          ],
          [
            1.1246504237,
            51.1607982719,
            0.0
          ],
          [
            1.1249722888,
            51.1609799396,
            0.0
          ],
          [
            1.1250527551,
            51.1613163595,
            0.0
          ],
          [
            1.1255087306,
            51.1626922913,
            0.0
          ],
          [
            1.1259164264,
            51.1633146431,
            0.0
          ],
          [
            1.1265708854,
            51.1638898905,
            0.0
          ],
          [
            1.12675864,
            51.1639571704,
            0.0
          ],
          [
            1.1269839455,
            51.1640345422,
            0.0
          ],
          [
            1.1275740315,
            51.1655920426,
            0.0
          ],
          [
            1.1275686671,
            51.1659082457,
            0.0
          ],
          [
            1.127836888,
            51.1664767332,
            0.0
          ],
          [
            1.1277832438,
            51.1670183034,
            0.0
          ],
          [
            1.127836888,
            51.1677886005,
            0.0
          ],
          [
            1.1277617862,
            51.1685387028,
            0.0
          ],
          [
            1.1278905322,
            51.168861613,
            0.0
          ],
          [
            1.1279927055,
            51.1692562152,
            0.0
          ],
          [
            1.1282553126,
            51.169752968,
            0.0
          ],
          [
            1.1289580514,
            51.1706577598,
            0.0
          ],
          [
            1.129607146,
            51.171734069,
            0.0
          ],
          [
            1.1298362211,
            51.1716978754,
            0.0
          ],
          [
            1.1307712247,
            51.1714212692,
            0.0
          ],
          [
            1.1309965302,
            51.171155556,
            0.0
          ],
          [
            1.1313183953,
            51.1709638378,
            0.0
          ],
          [
            1.1329599072,
            51.1707653919,
            0.0
          ],
          [
            1.1329760005,
            51.1710277439,
            0.0
          ],
          [
            1.1331691195,
            51.1717744301,
            0.0
          ],
          [
            1.1332173993,
            51.1729448868,
            0.0
          ],
          [
            1.1328848054,
            51.1736444559,
            0.0
          ],
          [
            1.1316134383,
            51.1752588056,
            0.0
          ],
          [
            1.1312540223,
            51.1755715793,
            0.0
          ],
          [
            1.1308516909,
            51.1757969096,
            0.0
          ],
          [
            1.1322625329,
            51.1756724736,
            0.0
          ],
          [
            1.1336411883,
            51.1754605954,
            0.0
          ],
          [
            1.1337806632,
            51.1754168743,
            0.0
          ],
          [
            1.1338879516,
            51.1753193426,
            0.0
          ],
          [
            1.1346550633,
            51.1752756215,
            0.0
          ],
          [
            1.1351593186,
            51.1753361585,
            0.0
          ],
          [
            1.1355938365,
            51.1753630638,
            0.0
          ],
          [
            1.136639898,
            51.1755211321,
            0.0
          ],
          [
            1.1367364575,
            51.1755076795,
            0.0
          ],
          [
            1.1378307988,
            51.1758103622,
            0.0
          ],
          [
            1.1388768603,
            51.1760827748,
            0.0
          ],
          [
            1.1389358689,
            51.1761735787,
            0.0
          ],
          [
            1.1398853709,
            51.1759381609,
            0.0
          ],
          [
            1.1410870005,
            51.1756354791,
            0.0
          ],
          [
            1.1436833789,
            51.1755783056,
            0.0
          ],
          [
            1.1451800515,
            51.1755648531,
            0.0
          ],
          [
            1.1456843068,
            51.1756859262,
            0.0
          ],
          [
            1.1458130528,
            51.1757027419,
            0.0
          ],
          [
            1.1462475707,
            51.1760457806,
            0.0
          ],
          [
            1.1476423194,
            51.1760390544,
            0.0
          ],
          [
            1.1478086163,
            51.1760625962,
            0.0
          ],
          [
            1.1480124642,
            51.1760424175,
            0.0
          ],
          [
            1.1483128716,
            51.1761096797,
            0.0
          ],
          [
            1.149138992,
            51.1761903942,
            0.0
          ],
          [
            1.1494018485,
            51.1761567632,
            0.0
          ],
          [
            1.1495896031,
            51.1760693224,
            0.0
          ],
          [
            1.1494930436,
            51.1762711086,
            0.0
          ],
          [
            1.1494554927,
            51.1765065247,
            0.0
          ],
          [
            1.1498202731,
            51.1774515402,
            0.0
          ],
          [
            1.1502977063,
            51.1782485666,
            0.0
          ],
          [
            1.1504854609,
            51.1789480552,
            0.0
          ],
          [
            1.1505659272,
            51.1798728436,
            0.0
          ],
          [
            1.1504961898,
            51.1802091257,
            0.0
          ],
          [
            1.1507644107,
            51.1819005875,
            0.0
          ],
          [
            1.1509628941,
            51.1831817527,
            0.0
          ],
          [
            1.1510701825,
            51.1833868704,
            0.0
          ],
          [
            1.1512364795,
            51.1836054374,
            0.0
          ],
          [
            1.151166742,
            51.1838845291,
            0.0
          ],
          [
            1.1512847592,
            51.1841299939,
            0.0
          ],
          [
            1.1513276746,
            51.1844561574,
            0.0
          ],
          [
            1.151397412,
            51.184637732,
            0.0
          ],
          [
            1.1513384034,
            51.1850916653,
            0.0
          ],
          [
            1.1515744378,
            51.1854783457,
            0.0
          ],
          [
            1.151628082,
            51.1861709999,
            0.0
          ],
          [
            1.1518158366,
            51.1867594116,
            0.0
          ],
          [
            1.1519982268,
            51.1877143036,
            0.0
          ],
          [
            1.1519821336,
            51.1880370796,
            0.0
          ],
          [
            1.1518748452,
            51.18818838,
            0.0
          ],
          [
            1.1518641164,
            51.1885750345,
            0.0
          ],
          [
            1.1520947863,
            51.1897618752,
            0.0
          ],
          [
            1.1520143201,
            51.1910058398,
            0.0
          ],
          [
            1.1528082539,
            51.1918530613,
            0.0
          ],
          [
            1.1547716309,
            51.1938264891,
            0.0
          ],
          [
            1.1551095893,
            51.1946232324,
            0.0
          ],
          [
            1.1550130298,
            51.1947812347,
            0.0
          ],
          [
            1.1555816581,
            51.1952182596,
            0.0
          ],
          [
            1.1557211329,
            51.1953258343,
            0.0
          ],
          [
            1.1567940165,
            51.196297357,
            0.0
          ],
          [
            1.1568698362,
            51.1965366528,
            0.0
          ],
          [
            1.1567940165,
            51.1968217691,
            0.0
          ],
          [
            1.1567671945,
            51.1971478428,
            0.0
          ],
          [
            1.1568959405,
            51.1974033216,
            0.0
          ],
          [
            1.1569603135,
            51.1976856913,
            0.0
          ],
          [
            1.157158797,
            51.197830237,
            0.0
          ],
          [
            1.1572097589,
            51.1978932656,
            0.0
          ],
          [
            1.1573063185,
            51.1979184769,
            0.0
          ],
          [
            1.1572258522,
            51.1980462144,
            0.0
          ],
          [
            1.1572768142,
            51.1980697449,
            0.0
          ],
          [
            1.1573438694,
            51.1980579797,
            0.0
          ],
          [
            1.1575477173,
            51.1983605143,
            0.0
          ],
          [
            1.1572204878,
            51.1984109365,
            0.0
          ],
          [
            1.1569785261,
            51.1985233925,
            0.0
          ],
          [
            1.1569066693,
            51.1988210353,
            0.0
          ],
          [
            1.1568074276,
            51.1989605353,
            0.0
          ],
          [
            1.1569003799,
            51.1993906069,
            0.0
          ],
          [
            1.1569308092,
            51.2001782011,
            0.0
          ],
          [
            1.1572204878,
            51.201025254,
            0.0
          ],
          [
            1.1571614792,
            51.2016437272,
            0.0
          ],
          [
            1.1573116829,
            51.2017277582,
            0.0
          ],
          [
            1.1573867847,
            51.2019294321,
            0.0
          ],
          [
            1.157633548,
            51.2024268906,
            0.0
          ],
          [
            1.1581914474,
            51.202978122,
            0.0
          ],
          [
            1.1583841181,
            51.2029662587,
            0.0
          ],
          [
            1.1590497543,
            51.2042755067,
            0.0
          ],
          [
            1.1597551753,
            51.2041805568,
            0.0
          ],
          [
            1.1599777986,
            51.2043200406,
            0.0
          ],
          [
            1.1604847361,
            51.2045149811,
            0.0
          ],
          [
            1.1606671264,
            51.2045435499,
            0.0
          ],
          [
            1.1617346455,
            51.2058829021,
            0.0
          ],
          [
            1.1617265989,
            51.2059518013,
            0.0
          ],
          [
            1.1619063069,
            51.2062005095,
            0.0
          ],
          [
            1.1617507388,
            51.2065147537,
            0.0
          ],
          [
            1.1617641498,
            51.2066004563,
            0.0
          ],
          [
            1.1618928959,
            51.2066088585,
            0.0
          ],
          [
            1.1618928959,
            51.2066542304,
            0.0
          ],
          [
            1.1618285229,
            51.2067735414,
            0.0
          ],
          [
            1.1617453744,
            51.206798748,
            0.0
          ],
          [
            1.1613457252,
            51.2069062956,
            0.0
          ],
          [
            1.1612169792,
            51.2070356886,
            0.0
          ],
          [
            1.1611338307,
            51.2072743084,
            0.0
          ],
          [
            1.1607583215,
            51.2073499271,
            0.0
          ],
          [
            1.1603667189,
            51.2074188241,
            0.0
          ],
          [
            1.1600153496,
            51.2074356282,
            0.0
          ],
          [
            1.1596130182,
            51.2074171436,
            0.0
          ],
          [
            1.1591258033,
            51.207363452,
            0.0
          ],
          [
            1.1573120541,
            51.207110398,
            0.0
          ],
          [
            1.1572262234,
            51.207023016,
            0.0
          ],
          [
            1.1562016196,
            51.206700373,
            0.0
          ],
          [
            1.1557134576,
            51.2067238991,
            0.0
          ],
          [
            1.1552092023,
            51.2069894074,
            0.0
          ],
          [
            1.1545547433,
            51.2072313883,
            0.0
          ],
          [
            1.1540236659,
            51.2072818009,
            0.0
          ],
          [
            1.1525860018,
            51.2072952442,
            0.0
          ],
          [
            1.152151484,
            51.2072481925,
            0.0
          ],
          [
            1.1509176678,
            51.2068280861,
            0.0
          ],
          [
            1.1499252505,
            51.2063542015,
            0.0
          ],
          [
            1.1483051963,
            51.2073221308,
            0.0
          ],
          [
            1.147846084,
            51.2070418995,
            0.0
          ],
          [
            1.1474951691,
            51.2068818599,
            0.0
          ],
          [
            1.146620769,
            51.2067339818,
            0.0
          ],
          [
            1.1459387794,
            51.206528169,
            0.0
          ],
          [
            1.1449443884,
            51.2067675905,
            0.0
          ],
          [
            1.1442872471,
            51.2068953034,
            0.0
          ],
          [
            1.1436327881,
            51.207023016,
            0.0
          ],
          [
            1.1436757035,
            51.207154089,
            0.0
          ],
          [
            1.1438098139,
            51.2073322133,
            0.0
          ],
          [
            1.1441853232,
            51.2083370905,
            0.0
          ],
          [
            1.1450275368,
            51.2099703891,
            0.0
          ],
          [
            1.1452796488,
            51.2105718674,
            0.0
          ],
          [
            1.1462559886,
            51.2122253215,
            0.0
          ],
          [
            1.1461057849,
            51.2130351883,
            0.0
          ],
          [
            1.14573564,
            51.2141340304,
            0.0
          ],
          [
            1.1454674191,
            51.2152698091,
            0.0
          ],
          [
            1.1469319052,
            51.216126665,
            0.0
          ],
          [
            1.147173304,
            51.2162039492,
            0.0
          ],
          [
            1.1470338292,
            51.2163383563,
            0.0
          ],
          [
            1.1467173285,
            51.2164223606,
            0.0
          ],
          [
            1.1464705653,
            51.2164089199,
            0.0
          ],
          [
            1.1460575051,
            51.2166542114,
            0.0
          ],
          [
            1.1452367491,
            51.2170280266,
            0.0
          ],
          [
            1.1444428153,
            51.2174337595,
            0.0
          ],
          [
            1.1443730778,
            51.2175572428,
            0.0
          ],
          [
            1.1456793136,
            51.2180763727,
            0.0
          ],
          [
            1.1457490511,
            51.2180528524,
            0.0
          ],
          [
            1.1458026952,
            51.2180814128,
            0.0
          ],
          [
            1.1460548229,
            51.2181603738,
            0.0
          ],
          [
            1.1459448523,
            51.2182015343,
            0.0
          ],
          [
            1.1459341235,
            51.2182645349,
            0.0
          ],
          [
            1.1459984965,
            51.2182922552,
            0.0
          ],
          [
            1.1461031027,
            51.2182914152,
            0.0
          ],
          [
            1.1468246169,
            51.2182855351,
            0.0
          ],
          [
            1.1465885825,
            51.2185912968,
            0.0
          ],
          [
            1.1466046757,
            51.218732417,
            0.0
          ],
          [
            1.1467977948,
            51.2189373764,
            0.0
          ],
          [
            1.1468407101,
            51.2190885754,
            0.0
          ],
          [
            1.146813888,
            51.219229694,
            0.0
          ],
          [
            1.1467334218,
            51.2193976917,
            0.0
          ],
          [
            1.1461272425,
            51.2192700135,
            0.0
          ],
          [
            1.145671267,
            51.2191154551,
            0.0
          ],
          [
            1.1451240964,
            51.2194178514,
            0.0
          ],
          [
            1.1427637524,
            51.2205568596,
            0.0
          ],
          [
            1.1409827656,
            51.2216252841,
            0.0
          ],
          [
            1.1408218331,
            51.2222905171,
            0.0
          ],
          [
            1.1409130282,
            51.2224215467,
            0.0
          ],
          [
            1.1398079581,
            51.2235839981,
            0.0
          ],
          [
            1.1395987458,
            51.2238762861,
            0.0
          ],
          [
            1.1395665593,
            51.2239837939,
            0.0
          ],
          [
            1.139126677,
            51.2247732965,
            0.0
          ],
          [
            1.1390891261,
            51.2250722961,
            0.0
          ],
          [
            1.1389872021,
            51.2253175415,
            0.0
          ],
          [
            1.1389711089,
            51.2255359096,
            0.0
          ],
          [
            1.1381932683,
            51.2266042186,
            0.0
          ],
          [
            1.1380001492,
            51.2271887545,
            0.0
          ],
          [
            1.1379089541,
            51.2277262523,
            0.0
          ],
          [
            1.1378606743,
            51.2280117954,
            0.0
          ],
          [
            1.1378660388,
            51.2282066356,
            0.0
          ],
          [
            1.1377963013,
            51.2283040554,
            0.0
          ],
          [
            1.1374798007,
            51.2284081935,
            0.0
          ],
          [
            1.1372169442,
            51.2285627207,
            0.0
          ],
          [
            1.1367824263,
            51.2288952882,
            0.0
          ],
          [
            1.1366644091,
            51.2289120845,
            0.0
          ],
          [
            1.1364122815,
            51.2290363767,
            0.0
          ],
          [
            1.1361762471,
            51.2292076979,
            0.0
          ],
          [
            1.1360528655,
            51.2294092515,
            0.0
          ],
          [
            1.1359777636,
            51.2296108042,
            0.0
          ],
          [
            1.1358812041,
            51.2297451721,
            0.0
          ],
          [
            1.1345400996,
            51.2302960766,
            0.0
          ],
          [
            1.1335691399,
            51.2306084768,
            0.0
          ],
          [
            1.1333384699,
            51.2306487864,
            0.0
          ],
          [
            1.1332204528,
            51.2306756594,
            0.0
          ],
          [
            1.1330005116,
            51.230665582,
            0.0
          ],
          [
            1.1326303668,
            51.2307562784,
            0.0
          ],
          [
            1.1323245949,
            51.230890643,
            0.0
          ],
          [
            1.13241579,
            51.2311425756,
            0.0
          ],
          [
            1.1320724673,
            51.2313945068,
            0.0
          ],
          [
            1.131503839,
            51.2317539262,
            0.0
          ],
          [
            1.131208796,
            51.2320797527,
            0.0
          ],
          [
            1.1311819739,
            51.2322409855,
            0.0
          ],
          [
            1.1310264058,
            51.2325298596,
            0.0
          ],
          [
            1.1306643076,
            51.2333376898,
            0.0
          ],
          [
            1.1304416842,
            51.2339439729,
            0.0
          ],
          [
            1.1302834339,
            51.2345771189,
            0.0
          ],
          [
            1.1297764964,
            51.2352035385,
            0.0
          ],
          [
            1.1291381306,
            51.2362783405,
            0.0
          ],
          [
            1.1288591809,
            51.2368190907,
            0.0
          ],
          [
            1.1282744593,
            51.2373195309,
            0.0
          ],
          [
            1.1283817477,
            51.237430366,
            0.0
          ],
          [
            1.1278935856,
            51.237893855,
            0.0
          ],
          [
            1.1275180764,
            51.2383741321,
            0.0
          ],
          [
            1.1273946948,
            51.2385454186,
            0.0
          ],
          [
            1.1274376101,
            51.238646175,
            0.0
          ],
          [
            1.1273625083,
            51.2389753112,
            0.0
          ],
          [
            1.1269172616,
            51.2394589355,
            0.0
          ],
          [
            1.1269011683,
            51.2396570857,
            0.0
          ],
          [
            1.1269601769,
            51.2397611981,
            0.0
          ],
          [
            1.1283763833,
            51.2398518765,
            0.0
          ],
          [
            1.1297333292,
            51.2398167289,
            0.0
          ],
          [
            1.1311176009,
            51.2397779905,
            0.0
          ],
          [
            1.1320000477,
            51.240095364,
            0.0
          ],
          [
            1.1314341015,
            51.2405134876,
            0.0
          ],
          [
            1.1307286806,
            51.2410860926,
            0.0
          ],
          [
            1.1290067024,
            51.2423588957,
            0.0
          ],
          [
            1.1281591243,
            51.2428794251,
            0.0
          ],
          [
            1.1276551731,
            51.2432811487,
            0.0
          ],
          [
            1.1274349279,
            51.2435006944,
            0.0
          ],
          [
            1.1273517794,
            51.2436367009,
            0.0
          ],
          [
            1.1272874064,
            51.243834833,
            0.0
          ],
          [
            1.1272257156,
            51.2439574059,
            0.0
          ],
          [
            1.1271908469,
            51.2441605739,
            0.0
          ],
          [
            1.127051372,
            51.2442680343,
            0.0
          ],
          [
            1.1267885155,
            51.2443217644,
            0.0
          ],
          [
            1.1269279904,
            51.2445098193,
            0.0
          ],
          [
            1.1271747536,
            51.2445937721,
            0.0
          ],
          [
            1.1267080493,
            51.2449833112,
            0.0
          ],
          [
            1.1262467093,
            51.2452721053,
            0.0
          ],
          [
            1.1253366006,
            51.2460567546,
            0.0
          ],
          [
            1.1233137154,
            51.2479105687,
            0.0
          ],
          [
            1.1236731948,
            51.2482033788,
            0.0
          ],
          [
            1.1248962822,
            51.250244904,
            0.0
          ],
          [
            1.1260979118,
            51.250903008,
            0.0
          ],
          [
            1.1277394237,
            51.2507485558,
            0.0
          ],
          [
            1.1282973232,
            51.251044029,
            0.0
          ],
          [
            1.1302821579,
            51.2543343974,
            0.0
          ],
          [
            1.1299817504,
            51.2542739642,
            0.0
          ],
          [
            1.130732769,
            51.2546567066,
            0.0
          ],
          [
            1.1321597042,
            51.2554893281,
            0.0
          ],
          [
            1.1326425018,
            51.2555229012,
            0.0
          ],
          [
            1.1344664039,
            51.2559593497,
            0.0
          ],
          [
            1.1352603378,
            51.2557041957,
            0.0
          ],
          [
            1.1359255256,
            51.2552005981,
            0.0
          ],
          [
            1.1362903061,
            51.2549790135,
            0.0
          ],
          [
            1.1367194595,
            51.2545694147,
            0.0
          ],
          [
            1.1373846473,
            51.2540456602,
            0.0
          ],
          [
            1.1374382915,
            51.2537837808,
            0.0
          ],
          [
            1.1373725774,
            51.2536553585,
            0.0
          ],
          [
            1.1367798092,
            51.2533766895,
            0.0
          ],
          [
            1.1372867467,
            51.253610033,
            0.0
          ],
          [
            1.1373953762,
            51.2537015234,
            0.0
          ],
          [
            1.1375616731,
            51.2536142298,
            0.0
          ],
          [
            1.1377990486,
            51.2536687883,
            0.0
          ],
          [
            1.1384374144,
            51.2540968609,
            0.0
          ],
          [
            1.1388759555,
            51.2543696501,
            0.0
          ],
          [
            1.1404007914,
            51.2549932822,
            0.0
          ],
          [
            1.141166562,
            51.2554070738,
            0.0
          ],
          [
            1.143372679,
            51.2567323569,
            0.0
          ],
          [
            1.1441652717,
            51.25649819,
            0.0
          ],
          [
            1.1445582153,
            51.2564167768,
            0.0
          ],
          [
            1.1445608975,
            51.256195198,
            0.0
          ],
          [
            1.144579673,
            51.2563949547,
            0.0
          ],
          [
            1.143372679,
            51.2567222852,
            0.0
          ],
          [
            1.1435094716,
            51.2570630422,
            0.0
          ],
          [
            1.1436784508,
            51.2572745453,
            0.0
          ],
          [
            1.1441706361,
            51.2577269236,
            0.0
          ],
          [
            1.1443731429,
            51.2576572627,
            0.0
          ],
          [
            1.1448304596,
            51.2580055663,
            0.0
          ],
          [
            1.144939089,
            51.2581977616,
            0.0
          ],
          [
            1.1454688253,
            51.2588649837,
            0.0
          ],
          [
            1.1454688253,
            51.2589690527,
            0.0
          ],
          [
            1.1457692327,
            51.2593114715,
            0.0
          ],
          [
            1.1456901075,
            51.2594113432,
            0.0
          ],
          [
            1.1454245689,
            51.2605292199,
            0.0
          ],
          [
            1.145285094,
            51.2611989258,
            0.0
          ],
          [
            1.1461138966,
            51.2615631478,
            0.0
          ],
          [
            1.1492078247,
            51.2628966453,
            0.0
          ],
          [
            1.1526195945,
            51.2643467486,
            0.0
          ],
          [
            1.1525243761,
            51.2647050714,
            0.0
          ],
          [
            1.1524868252,
            51.2650424126,
            0.0
          ],
          [
            1.1525082829,
            51.2651783554,
            0.0
          ],
          [
            1.1538976671,
            51.265844637,
            0.0
          ],
          [
            1.153780991,
            51.266604052,
            0.0
          ],
          [
            1.1536146941,
            51.266953127,
            0.0
          ],
          [
            1.1526920142,
            51.2675942096,
            0.0
          ],
          [
            1.1528744044,
            51.267691546,
            0.0
          ],
          [
            1.1531962695,
            51.2677418923,
            0.0
          ],
          [
            1.1528100314,
            51.2686111967,
            0.0
          ],
          [
            1.1523755135,
            51.26918513,
            0.0
          ],
          [
            1.1518498005,
            51.2695576794,
            0.0
          ],
          [
            1.1513884606,
            51.27062161,
            0.0
          ],
          [
            1.1512328925,
            51.2709975039,
            0.0
          ],
          [
            1.1510397734,
            51.27127271,
            0.0
          ],
          [
            1.1504228654,
            51.2717996244,
            0.0
          ],
          [
            1.1501707377,
            51.2720244841,
            0.0
          ],
          [
            1.1494465413,
            51.2724742002,
            0.0
          ],
          [
            1.149199778,
            51.2726822763,
            0.0
          ],
          [
            1.1488671841,
            51.2728937075,
            0.0
          ],
          [
            1.1485345902,
            51.2732058184,
            0.0
          ],
          [
            1.1480249705,
            51.2735548432,
            0.0
          ],
          [
            1.1470379176,
            51.2743770546,
            0.0
          ],
          [
            1.1471344771,
            51.2744475292,
            0.0
          ],
          [
            1.1477406563,
            51.2749072893,
            0.0
          ],
          [
            1.1482717337,
            51.2752630129,
            0.0
          ],
          [
            1.1484380307,
            51.2752227425,
            0.0
          ],
          [
            1.1488725485,
            51.2752462336,
            0.0
          ],
          [
            1.1490656676,
            51.2754677205,
            0.0
          ],
          [
            1.1497067155,
            51.2762664071,
            0.0
          ],
          [
            1.1526678743,
            51.2795683926,
            0.0
          ],
          [
            1.155500287,
            51.2828164557,
            0.0
          ],
          [
            1.1518524828,
            51.2840243544,
            0.0
          ],
          [
            1.147992784,
            51.2851852494,
            0.0
          ],
          [
            1.1476789655,
            51.2852724831,
            0.0
          ],
          [
            1.1461769285,
            51.2852791934,
            0.0
          ],
          [
            1.1441491785,
            51.2854133987,
            0.0
          ],
          [
            1.1438702287,
            51.2857422001,
            0.0
          ],
          [
            1.1434410753,
            51.2860173179,
            0.0
          ],
          [
            1.1432801427,
            51.2867218803,
            0.0
          ],
          [
            1.1420275511,
            51.2874398517,
            0.0
          ],
          [
            1.1398898306,
            51.2864803172,
            0.0
          ],
          [
            1.1390422525,
            51.286346115,
            0.0
          ],
          [
            1.1383368315,
            51.2864199263,
            0.0
          ],
          [
            1.1376475038,
            51.2866816198,
            0.0
          ],
          [
            1.1369501295,
            51.2871513225,
            0.0
          ],
          [
            1.1368750276,
            51.2877350891,
            0.0
          ],
          [
            1.1366282644,
            51.2881443923,
            0.0
          ],
          [
            1.13593089,
            51.2887684048,
            0.0
          ],
          [
            1.1355258765,
            51.2889831169,
            0.0
          ],
          [
            1.1353515329,
            51.2891173114,
            0.0
          ],
          [
            1.1345683279,
            51.2891776988,
            0.0
          ],
          [
            1.1324413361,
            51.2906202633,
            0.0
          ],
          [
            1.1322334649,
            51.2907058093,
            0.0
          ],
          [
            1.1318324747,
            51.2910161218,
            0.0
          ],
          [
            1.1314381899,
            51.2919789162,
            0.0
          ],
          [
            1.1304283383,
            51.2925559122,
            0.0
          ],
          [
            1.1297698559,
            51.2928947263,
            0.0
          ],
          [
            1.1295177283,
            51.2930322639,
            0.0
          ],
          [
            1.1293031516,
            51.293974889,
            0.0
          ],
          [
            1.1283536496,
            51.2939145079,
            0.0
          ],
          [
            1.1282423379,
            51.294191254,
            0.0
          ],
          [
            1.1279043796,
            51.2944059406,
            0.0
          ],
          [
            1.1270353438,
            51.2944529032,
            0.0
          ],
          [
            1.1260952296,
            51.2944545805,
            0.0
          ],
          [
            1.1261327805,
            51.295269709,
            0.0
          ],
          [
            1.126755053,
            51.2954609099,
            0.0
          ],
          [
            1.1269374432,
            51.2957359694,
            0.0
          ],
          [
            1.1270160281,
            51.295611888,
            0.0
          ],
          [
            1.1269623839,
            51.295568281,
            0.0
          ],
          [
            1.1267934047,
            51.2954626176,
            0.0
          ],
          [
            1.1261523568,
            51.2952420657,
            0.0
          ],
          [
            1.1254657113,
            51.2951380788,
            0.0
          ],
          [
            1.124925442,
            51.2951028298,
            0.0
          ],
          [
            1.1247897946,
            51.2949804209,
            0.0
          ],
          [
            1.1246449553,
            51.2944101643,
            0.0
          ],
          [
            1.1244189473,
            51.2933344378,
            0.0
          ],
          [
            1.1244035565,
            51.2931958296,
            0.0
          ],
          [
            1.1193985545,
            51.2924075012,
            0.0
          ],
          [
            1.119328817,
            51.2924209197,
            0.0
          ],
          [
            1.1192429864,
            51.2924075012,
            0.0
          ],
          [
            1.1192537152,
            51.2923001533,
            0.0
          ],
          [
            1.1192215287,
            51.2921592588,
            0.0
          ],
          [
            1.1187601887,
            51.2920049453,
            0.0
          ],
          [
            1.1175732428,
            51.2916153335,
            0.0
          ],
          [
            1.1137069069,
            51.2902906886,
            0.0
          ],
          [
            1.1117649876,
            51.289643213,
            0.0
          ],
          [
            1.1100322806,
            51.289002438,
            0.0
          ],
          [
            1.1077425828,
            51.2881591619,
            0.0
          ],
          [
            1.1074466311,
            51.2880295164,
            0.0
          ],
          [
            1.1060196959,
            51.2876973763,
            0.0
          ],
          [
            1.1050111853,
            51.2874088487,
            0.0
          ],
          [
            1.104442557,
            51.2872780042,
            0.0
          ],
          [
            1.1040080391,
            51.2871773543,
            0.0
          ],
          [
            1.1036164366,
            51.287009604,
            0.0
          ],
          [
            1.1034340464,
            51.2868686933,
            0.0
          ],
          [
            1.1020232045,
            51.2860131546,
            0.0
          ],
          [
            1.1009342276,
            51.2861876187,
            0.0
          ],
          [
            1.1000603599,
            51.2858732054,
            0.0
          ],
          [
            1.0998506152,
            51.2858353348,
            0.0
          ],
          [
            1.0995233857,
            51.2856944204,
            0.0
          ],
          [
            1.0990835034,
            51.2854763379,
            0.0
          ],
          [
            1.0990727746,
            51.2853924597,
            0.0
          ],
          [
            1.0983754002,
            51.2845066968,
            0.0
          ],
          [
            1.0982305609,
            51.2841946626,
            0.0
          ],
          [
            1.0979837977,
            51.2838021004,
            0.0
          ],
          [
            1.0971630417,
            51.2828357793,
            0.0
          ],
          [
            1.0969377362,
            51.2824062967,
            0.0
          ],
          [
            1.0967392527,
            51.2820070085,
            0.0
          ],
          [
            1.0963369214,
            51.2815372533,
            0.0
          ],
          [
            1.0960096919,
            51.2812923076,
            0.0
          ],
          [
            1.095275072,
            51.2807413817,
            0.0
          ],
          [
            1.0949958169,
            51.280443376,
            0.0
          ],
          [
            1.0948134266,
            51.2802487571,
            0.0
          ],
          [
            1.0937888228,
            51.2793360504,
            0.0
          ],
          [
            1.0932342028,
            51.2786850586,
            0.0
          ],
          [
            1.0931665503,
            51.2785147666,
            0.0
          ],
          [
            1.09323897,
            51.2784644321,
            0.0
          ],
          [
            1.0932362877,
            51.2783805411,
            0.0
          ],
          [
            1.0934991442,
            51.2782429596,
            0.0
          ],
          [
            1.0935313307,
            51.2781364175,
            0.0
          ],
          [
            1.0934723221,
            51.2780542037,
            0.0
          ],
          [
            1.0932094657,
            51.2780995052,
            0.0
          ],
          [
            1.0930324399,
            51.2779115877,
            0.0
          ],
          [
            1.0928715073,
            51.2776968239,
            0.0
          ],
          [
            1.0926562665,
            51.2774720853,
            0.0
          ],
          [
            1.0912997328,
            51.2775256832,
            0.0
          ],
          [
            1.0906130873,
            51.2775558846,
            0.0
          ],
          [
            1.0902322136,
            51.2775290389,
            0.0
          ],
          [
            1.0895509326,
            51.2773948106,
            0.0
          ],
          [
            1.0889393889,
            51.2773880991,
            0.0
          ],
          [
            1.0884565913,
            51.277401522,
            0.0
          ],
          [
            1.088081082,
            51.277448502,
            0.0
          ],
          [
            1.0880971753,
            51.2776062201,
            0.0
          ],
          [
            1.0880757176,
            51.2774451463,
            0.0
          ],
          [
            1.0879684292,
            51.277401522,
            0.0
          ],
          [
            1.0874051653,
            51.2774787033,
            0.0
          ],
          [
            1.0862732731,
            51.2776028644,
            0.0
          ],
          [
            1.0861874425,
            51.2777270251,
            0.0
          ],
          [
            1.086246451,
            51.2779887682,
            0.0
          ],
          [
            1.0865683161,
            51.2785860737,
            0.0
          ],
          [
            1.0866165959,
            51.2790390812,
            0.0
          ],
          [
            1.0858333909,
            51.2792706166,
            0.0
          ],
          [
            1.0859460436,
            51.2794417508,
            0.0
          ],
          [
            1.085822662,
            51.2794685953,
            0.0
          ],
          [
            1.0857314669,
            51.2794081951,
            0.0
          ],
          [
            1.0854954325,
            51.2794753064,
            0.0
          ],
          [
            1.0854364239,
            51.2793914173,
            0.0
          ],
          [
            1.0853452288,
            51.2792639055,
            0.0
          ],
          [
            1.0851521098,
            51.2793243059,
            0.0
          ],
          [
            1.0850340926,
            51.2791900827,
            0.0
          ],
          [
            1.0847712361,
            51.2792639055,
            0.0
          ]
        ]
      }
    },
    {
      "type": "Feature",
      "id": 30,
      "properties": {
        "name": "Winchester to Chichester proposed",
        "layer": "Winchester to Chichester",
        "description": "Statistics computed from imported data<br><br>Distance: 46.3 miles",
        "style_url": "#line-C2185B-5000",
        "vertex_count": 1630,
        "length_km_geodesic": 74.613
      },
      "geometry": {
        "type": "LineString",
        "coordinates": [
          [
            -1.32104,
            51.047,
            0.0
          ],
          [
            -1.32072,
            51.04773,
            0.0
          ],
          [
            -1.32077,
            51.04781,
            0.0
          ],
          [
            -1.32073,
            51.04798,
            0.0
          ],
          [
            -1.32038,
            51.04817,
            0.0
          ],
          [
            -1.32015,
            51.04826,
            0.0
          ],
          [
            -1.31991,
            51.04845,
            0.0
          ],
          [
            -1.31978,
            51.04852,
            0.0
          ],
          [
            -1.31993,
            51.04953,
            0.0
          ],
          [
            -1.31937,
            51.04993,
            0.0
          ],
          [
            -1.31929,
            51.05004,
            0.0
          ],
          [
            -1.31914,
            51.05015,
            0.0
          ],
          [
            -1.31877,
            51.05054,
            0.0
          ],
          [
            -1.31824,
            51.05103,
            0.0
          ],
          [
            -1.31782,
            51.05157,
            0.0
          ],
          [
            -1.31727,
            51.05198,
            0.0
          ],
          [
            -1.31714,
            51.05192,
            0.0
          ],
          [
            -1.31661,
            51.0526,
            0.0
          ],
          [
            -1.31585,
            51.05288,
            0.0
          ],
          [
            -1.31553,
            51.05303,
            0.0
          ],
          [
            -1.31538,
            51.05312,
            0.0
          ],
          [
            -1.31516,
            51.0535,
            0.0
          ],
          [
            -1.31471,
            51.05384,
            0.0
          ],
          [
            -1.31442,
            51.05409,
            0.0
          ],
          [
            -1.31421,
            51.05432,
            0.0
          ],
          [
            -1.3138,
            51.0549,
            0.0
          ],
          [
            -1.31348,
            51.05552,
            0.0
          ],
          [
            -1.31328,
            51.05584,
            0.0
          ],
          [
            -1.3129,
            51.05613,
            0.0
          ],
          [
            -1.31247,
            51.05679,
            0.0
          ],
          [
            -1.31235,
            51.05692,
            0.0
          ],
          [
            -1.31233,
            51.057,
            0.0
          ],
          [
            -1.31228,
            51.05703,
            0.0
          ],
          [
            -1.31223,
            51.05704,
            0.0
          ],
          [
            -1.31105,
            51.05704,
            0.0
          ],
          [
            -1.31108,
            51.05714,
            0.0
          ],
          [
            -1.31109,
            51.05731,
            0.0
          ],
          [
            -1.31104,
            51.05785,
            0.0
          ],
          [
            -1.31105,
            51.05803,
            0.0
          ],
          [
            -1.31211,
            51.0583,
            0.0
          ],
          [
            -1.31377,
            51.05874,
            0.0
          ],
          [
            -1.31454,
            51.05896,
            0.0
          ],
          [
            -1.31434,
            51.05925,
            0.0
          ],
          [
            -1.31395,
            51.05914,
            0.0
          ],
          [
            -1.31385,
            51.05919,
            0.0
          ],
          [
            -1.31365,
            51.05943,
            0.0
          ],
          [
            -1.31371,
            51.05961,
            0.0
          ],
          [
            -1.31383,
            51.05968,
            0.0
          ],
          [
            -1.3139,
            51.05975,
            0.0
          ],
          [
            -1.31394,
            51.05987,
            0.0
          ],
          [
            -1.31424,
            51.0602,
            0.0
          ],
          [
            -1.31426,
            51.06031,
            0.0
          ],
          [
            -1.31413,
            51.06064,
            0.0
          ],
          [
            -1.31421,
            51.06074,
            0.0
          ],
          [
            -1.31442,
            51.06078,
            0.0
          ],
          [
            -1.31456,
            51.06086,
            0.0
          ],
          [
            -1.31478,
            51.06092,
            0.0
          ],
          [
            -1.3148,
            51.06095,
            0.0
          ],
          [
            -1.31502,
            51.06099,
            0.0
          ],
          [
            -1.315,
            51.06105,
            0.0
          ],
          [
            -1.31548,
            51.06114,
            0.0
          ],
          [
            -1.31549,
            51.06116,
            0.0
          ],
          [
            -1.31546,
            51.06116,
            0.0
          ],
          [
            -1.31474,
            51.06139,
            0.0
          ],
          [
            -1.3139,
            51.06168,
            0.0
          ],
          [
            -1.3132,
            51.06154,
            0.0
          ],
          [
            -1.31271,
            51.06176,
            0.0
          ],
          [
            -1.31251,
            51.06206,
            0.0
          ],
          [
            -1.31115,
            51.06178,
            0.0
          ],
          [
            -1.31025,
            51.06155,
            0.0
          ],
          [
            -1.31006,
            51.06146,
            0.0
          ],
          [
            -1.3093,
            51.06125,
            0.0
          ],
          [
            -1.30873,
            51.06111,
            0.0
          ],
          [
            -1.30854,
            51.06109,
            0.0
          ],
          [
            -1.30839,
            51.06107,
            0.0
          ],
          [
            -1.30792,
            51.06095,
            0.0
          ],
          [
            -1.30796,
            51.06068,
            0.0
          ],
          [
            -1.30796,
            51.06049,
            0.0
          ],
          [
            -1.30772,
            51.06,
            0.0
          ],
          [
            -1.30761,
            51.05962,
            0.0
          ],
          [
            -1.30756,
            51.05923,
            0.0
          ],
          [
            -1.30764,
            51.05897,
            0.0
          ],
          [
            -1.30824,
            51.05849,
            0.0
          ],
          [
            -1.30874,
            51.05801,
            0.0
          ],
          [
            -1.30882,
            51.05804,
            0.0
          ],
          [
            -1.30791,
            51.05761,
            0.0
          ],
          [
            -1.30811,
            51.05747,
            0.0
          ],
          [
            -1.30821,
            51.05727,
            0.0
          ],
          [
            -1.30839,
            51.05682,
            0.0
          ],
          [
            -1.30851,
            51.05672,
            0.0
          ],
          [
            -1.30825,
            51.05622,
            0.0
          ],
          [
            -1.30809,
            51.0558,
            0.0
          ],
          [
            -1.30811,
            51.05557,
            0.0
          ],
          [
            -1.30839,
            51.0555,
            0.0
          ],
          [
            -1.30814,
            51.05506,
            0.0
          ],
          [
            -1.3081,
            51.05492,
            0.0
          ],
          [
            -1.3082,
            51.05469,
            0.0
          ],
          [
            -1.30836,
            51.05449,
            0.0
          ],
          [
            -1.30858,
            51.05424,
            0.0
          ],
          [
            -1.30896,
            51.05391,
            0.0
          ],
          [
            -1.30909,
            51.05371,
            0.0
          ],
          [
            -1.30956,
            51.05338,
            0.0
          ],
          [
            -1.30998,
            51.05318,
            0.0
          ],
          [
            -1.31025,
            51.053,
            0.0
          ],
          [
            -1.31035,
            51.05289,
            0.0
          ],
          [
            -1.31048,
            51.05254,
            0.0
          ],
          [
            -1.31075,
            51.05061,
            0.0
          ],
          [
            -1.31103,
            51.05018,
            0.0
          ],
          [
            -1.31119,
            51.05006,
            0.0
          ],
          [
            -1.31129,
            51.0499,
            0.0
          ],
          [
            -1.31103,
            51.04985,
            0.0
          ],
          [
            -1.31109,
            51.04978,
            0.0
          ],
          [
            -1.31147,
            51.0495,
            0.0
          ],
          [
            -1.3114,
            51.04947,
            0.0
          ],
          [
            -1.31125,
            51.04944,
            0.0
          ],
          [
            -1.31113,
            51.04938,
            0.0
          ],
          [
            -1.31105,
            51.04937,
            0.0
          ],
          [
            -1.31103,
            51.04933,
            0.0
          ],
          [
            -1.31095,
            51.04926,
            0.0
          ],
          [
            -1.31089,
            51.04892,
            0.0
          ],
          [
            -1.31083,
            51.04878,
            0.0
          ],
          [
            -1.31097,
            51.04867,
            0.0
          ],
          [
            -1.31098,
            51.04837,
            0.0
          ],
          [
            -1.31087,
            51.04819,
            0.0
          ],
          [
            -1.31084,
            51.04785,
            0.0
          ],
          [
            -1.31088,
            51.04773,
            0.0
          ],
          [
            -1.31072,
            51.04717,
            0.0
          ],
          [
            -1.31053,
            51.04696,
            0.0
          ],
          [
            -1.31016,
            51.04673,
            0.0
          ],
          [
            -1.30999,
            51.0465,
            0.0
          ],
          [
            -1.31069,
            51.04619,
            0.0
          ],
          [
            -1.31069,
            51.04616,
            0.0
          ],
          [
            -1.31084,
            51.04585,
            0.0
          ],
          [
            -1.31085,
            51.04569,
            0.0
          ],
          [
            -1.31092,
            51.04547,
            0.0
          ],
          [
            -1.31114,
            51.04535,
            0.0
          ],
          [
            -1.31124,
            51.04525,
            0.0
          ],
          [
            -1.31141,
            51.04517,
            0.0
          ],
          [
            -1.31163,
            51.04501,
            0.0
          ],
          [
            -1.31199,
            51.04465,
            0.0
          ],
          [
            -1.3123,
            51.0443,
            0.0
          ],
          [
            -1.3124,
            51.04426,
            0.0
          ],
          [
            -1.3126,
            51.04422,
            0.0
          ],
          [
            -1.31266,
            51.04416,
            0.0
          ],
          [
            -1.31273,
            51.04413,
            0.0
          ],
          [
            -1.31284,
            51.04413,
            0.0
          ],
          [
            -1.3131,
            51.04417,
            0.0
          ],
          [
            -1.31349,
            51.04415,
            0.0
          ],
          [
            -1.31362,
            51.04411,
            0.0
          ],
          [
            -1.3138,
            51.04396,
            0.0
          ],
          [
            -1.31454,
            51.04361,
            0.0
          ],
          [
            -1.31461,
            51.04358,
            0.0
          ],
          [
            -1.31464,
            51.04354,
            0.0
          ],
          [
            -1.31407,
            51.04336,
            0.0
          ],
          [
            -1.31219,
            51.04307,
            0.0
          ],
          [
            -1.31133,
            51.04308,
            0.0
          ],
          [
            -1.31063,
            51.04313,
            0.0
          ],
          [
            -1.30923,
            51.04336,
            0.0
          ],
          [
            -1.30877,
            51.04341,
            0.0
          ],
          [
            -1.30822,
            51.04355,
            0.0
          ],
          [
            -1.30799,
            51.04365,
            0.0
          ],
          [
            -1.30797,
            51.04365,
            0.0
          ],
          [
            -1.30807,
            51.04379,
            0.0
          ],
          [
            -1.30792,
            51.04387,
            0.0
          ],
          [
            -1.30687,
            51.04467,
            0.0
          ],
          [
            -1.30602,
            51.04525,
            0.0
          ],
          [
            -1.30561,
            51.04556,
            0.0
          ],
          [
            -1.30481,
            51.04566,
            0.0
          ],
          [
            -1.30453,
            51.04572,
            0.0
          ],
          [
            -1.30447,
            51.04585,
            0.0
          ],
          [
            -1.30443,
            51.04586,
            0.0
          ],
          [
            -1.30443,
            51.0459,
            0.0
          ],
          [
            -1.30409,
            51.04601,
            0.0
          ],
          [
            -1.30406,
            51.04604,
            0.0
          ],
          [
            -1.30387,
            51.04605,
            0.0
          ],
          [
            -1.30304,
            51.0462,
            0.0
          ],
          [
            -1.30285,
            51.04624,
            0.0
          ],
          [
            -1.30278,
            51.04627,
            0.0
          ],
          [
            -1.30267,
            51.04684,
            0.0
          ],
          [
            -1.30246,
            51.04672,
            0.0
          ],
          [
            -1.30116,
            51.0459,
            0.0
          ],
          [
            -1.29987,
            51.04512,
            0.0
          ],
          [
            -1.29851,
            51.0445,
            0.0
          ],
          [
            -1.29055,
            51.04403,
            0.0
          ],
          [
            -1.29012,
            51.04406,
            0.0
          ],
          [
            -1.29007,
            51.0441,
            0.0
          ],
          [
            -1.28997,
            51.04412,
            0.0
          ],
          [
            -1.28835,
            51.04402,
            0.0
          ],
          [
            -1.28807,
            51.04402,
            0.0
          ],
          [
            -1.28641,
            51.04385,
            0.0
          ],
          [
            -1.2852,
            51.04376,
            0.0
          ],
          [
            -1.28498,
            51.04401,
            0.0
          ],
          [
            -1.28505,
            51.04412,
            0.0
          ],
          [
            -1.28512,
            51.04451,
            0.0
          ],
          [
            -1.28415,
            51.04553,
            0.0
          ],
          [
            -1.28402,
            51.04561,
            0.0
          ],
          [
            -1.28164,
            51.04648,
            0.0
          ],
          [
            -1.28073,
            51.04674,
            0.0
          ],
          [
            -1.27963,
            51.04699,
            0.0
          ],
          [
            -1.27926,
            51.04709,
            0.0
          ],
          [
            -1.27914,
            51.04715,
            0.0
          ],
          [
            -1.27882,
            51.04726,
            0.0
          ],
          [
            -1.27807,
            51.04746,
            0.0
          ],
          [
            -1.27794,
            51.04756,
            0.0
          ],
          [
            -1.27763,
            51.04803,
            0.0
          ],
          [
            -1.27757,
            51.04819,
            0.0
          ],
          [
            -1.27757,
            51.04837,
            0.0
          ],
          [
            -1.27767,
            51.04833,
            0.0
          ],
          [
            -1.27757,
            51.04837,
            0.0
          ],
          [
            -1.27757,
            51.04851,
            0.0
          ],
          [
            -1.27762,
            51.04857,
            0.0
          ],
          [
            -1.27766,
            51.04869,
            0.0
          ],
          [
            -1.27766,
            51.04889,
            0.0
          ],
          [
            -1.27713,
            51.04955,
            0.0
          ],
          [
            -1.27698,
            51.04978,
            0.0
          ],
          [
            -1.27692,
            51.04995,
            0.0
          ],
          [
            -1.27695,
            51.05009,
            0.0
          ],
          [
            -1.2767,
            51.05011,
            0.0
          ],
          [
            -1.27649,
            51.05009,
            0.0
          ],
          [
            -1.27587,
            51.05022,
            0.0
          ],
          [
            -1.27535,
            51.05035,
            0.0
          ],
          [
            -1.27533,
            51.05042,
            0.0
          ],
          [
            -1.27532,
            51.05099,
            0.0
          ],
          [
            -1.27526,
            51.05151,
            0.0
          ],
          [
            -1.27527,
            51.05171,
            0.0
          ],
          [
            -1.27527,
            51.05175,
            0.0
          ],
          [
            -1.27484,
            51.05166,
            0.0
          ],
          [
            -1.27378,
            51.05136,
            0.0
          ],
          [
            -1.27232,
            51.0509,
            0.0
          ],
          [
            -1.272,
            51.05082,
            0.0
          ],
          [
            -1.2708,
            51.05041,
            0.0
          ],
          [
            -1.27041,
            51.05024,
            0.0
          ],
          [
            -1.26977,
            51.04984,
            0.0
          ],
          [
            -1.26942,
            51.04956,
            0.0
          ],
          [
            -1.26932,
            51.04938,
            0.0
          ],
          [
            -1.26921,
            51.04941,
            0.0
          ],
          [
            -1.26886,
            51.04949,
            0.0
          ],
          [
            -1.26787,
            51.04983,
            0.0
          ],
          [
            -1.26716,
            51.04997,
            0.0
          ],
          [
            -1.26659,
            51.04999,
            0.0
          ],
          [
            -1.26498,
            51.04996,
            0.0
          ],
          [
            -1.26459,
            51.05,
            0.0
          ],
          [
            -1.26444,
            51.05006,
            0.0
          ],
          [
            -1.26435,
            51.05004,
            0.0
          ],
          [
            -1.26395,
            51.05009,
            0.0
          ],
          [
            -1.25905,
            51.05043,
            0.0
          ],
          [
            -1.25877,
            51.05044,
            0.0
          ],
          [
            -1.25848,
            51.05042,
            0.0
          ],
          [
            -1.2579,
            51.05035,
            0.0
          ],
          [
            -1.25751,
            51.05027,
            0.0
          ],
          [
            -1.25725,
            51.0502,
            0.0
          ],
          [
            -1.25599,
            51.04967,
            0.0
          ],
          [
            -1.25496,
            51.04953,
            0.0
          ],
          [
            -1.25472,
            51.04947,
            0.0
          ],
          [
            -1.25426,
            51.04925,
            0.0
          ],
          [
            -1.25363,
            51.04866,
            0.0
          ],
          [
            -1.25347,
            51.04847,
            0.0
          ],
          [
            -1.25302,
            51.04816,
            0.0
          ],
          [
            -1.25244,
            51.04783,
            0.0
          ],
          [
            -1.25223,
            51.04768,
            0.0
          ],
          [
            -1.25203,
            51.04758,
            0.0
          ],
          [
            -1.25182,
            51.04739,
            0.0
          ],
          [
            -1.25173,
            51.04736,
            0.0
          ],
          [
            -1.25132,
            51.04728,
            0.0
          ],
          [
            -1.25124,
            51.04725,
            0.0
          ],
          [
            -1.25082,
            51.04704,
            0.0
          ],
          [
            -1.25035,
            51.04676,
            0.0
          ],
          [
            -1.24999,
            51.04657,
            0.0
          ],
          [
            -1.24926,
            51.04621,
            0.0
          ],
          [
            -1.24918,
            51.04619,
            0.0
          ],
          [
            -1.24909,
            51.04621,
            0.0
          ],
          [
            -1.2489,
            51.04631,
            0.0
          ],
          [
            -1.24789,
            51.04672,
            0.0
          ],
          [
            -1.24776,
            51.04679,
            0.0
          ],
          [
            -1.24752,
            51.04685,
            0.0
          ],
          [
            -1.24743,
            51.04684,
            0.0
          ],
          [
            -1.24741,
            51.04686,
            0.0
          ],
          [
            -1.24675,
            51.04706,
            0.0
          ],
          [
            -1.24607,
            51.04718,
            0.0
          ],
          [
            -1.24502,
            51.04743,
            0.0
          ],
          [
            -1.24464,
            51.04754,
            0.0
          ],
          [
            -1.24393,
            51.04781,
            0.0
          ],
          [
            -1.24306,
            51.0481,
            0.0
          ],
          [
            -1.24284,
            51.04821,
            0.0
          ],
          [
            -1.2424,
            51.04846,
            0.0
          ],
          [
            -1.24146,
            51.04908,
            0.0
          ],
          [
            -1.24117,
            51.04933,
            0.0
          ],
          [
            -1.24067,
            51.04987,
            0.0
          ],
          [
            -1.24027,
            51.05044,
            0.0
          ],
          [
            -1.23999,
            51.051,
            0.0
          ],
          [
            -1.23984,
            51.05124,
            0.0
          ],
          [
            -1.23878,
            51.05256,
            0.0
          ],
          [
            -1.23783,
            51.05358,
            0.0
          ],
          [
            -1.2375,
            51.05406,
            0.0
          ],
          [
            -1.23683,
            51.05485,
            0.0
          ],
          [
            -1.23609,
            51.05599,
            0.0
          ],
          [
            -1.23563,
            51.05651,
            0.0
          ],
          [
            -1.23491,
            51.05717,
            0.0
          ],
          [
            -1.23446,
            51.05705,
            0.0
          ],
          [
            -1.23263,
            51.05667,
            0.0
          ],
          [
            -1.23177,
            51.05654,
            0.0
          ],
          [
            -1.23131,
            51.05643,
            0.0
          ],
          [
            -1.23081,
            51.05627,
            0.0
          ],
          [
            -1.23068,
            51.05622,
            0.0
          ],
          [
            -1.23062,
            51.05616,
            0.0
          ],
          [
            -1.23053,
            51.05616,
            0.0
          ],
          [
            -1.22993,
            51.05586,
            0.0
          ],
          [
            -1.2296,
            51.05571,
            0.0
          ],
          [
            -1.22919,
            51.05555,
            0.0
          ],
          [
            -1.22794,
            51.05511,
            0.0
          ],
          [
            -1.22713,
            51.05489,
            0.0
          ],
          [
            -1.22447,
            51.05393,
            0.0
          ],
          [
            -1.22415,
            51.05383,
            0.0
          ],
          [
            -1.22109,
            51.05239,
            0.0
          ],
          [
            -1.2204,
            51.05213,
            0.0
          ],
          [
            -1.21952,
            51.05185,
            0.0
          ],
          [
            -1.2184,
            51.05142,
            0.0
          ],
          [
            -1.21799,
            51.05122,
            0.0
          ],
          [
            -1.21741,
            51.05089,
            0.0
          ],
          [
            -1.21653,
            51.05047,
            0.0
          ],
          [
            -1.21541,
            51.04998,
            0.0
          ],
          [
            -1.21494,
            51.04982,
            0.0
          ],
          [
            -1.21279,
            51.04923,
            0.0
          ],
          [
            -1.21036,
            51.04816,
            0.0
          ],
          [
            -1.20967,
            51.04781,
            0.0
          ],
          [
            -1.20946,
            51.04765,
            0.0
          ],
          [
            -1.20895,
            51.04719,
            0.0
          ],
          [
            -1.20765,
            51.04612,
            0.0
          ],
          [
            -1.20603,
            51.04505,
            0.0
          ],
          [
            -1.2057,
            51.04481,
            0.0
          ],
          [
            -1.20559,
            51.0447,
            0.0
          ],
          [
            -1.20545,
            51.0446,
            0.0
          ],
          [
            -1.20518,
            51.04445,
            0.0
          ],
          [
            -1.20467,
            51.04423,
            0.0
          ],
          [
            -1.20372,
            51.04394,
            0.0
          ],
          [
            -1.20317,
            51.04382,
            0.0
          ],
          [
            -1.20293,
            51.04374,
            0.0
          ],
          [
            -1.20249,
            51.04349,
            0.0
          ],
          [
            -1.20185,
            51.04304,
            0.0
          ],
          [
            -1.20034,
            51.04236,
            0.0
          ],
          [
            -1.19986,
            51.04217,
            0.0
          ],
          [
            -1.19859,
            51.04196,
            0.0
          ],
          [
            -1.19953,
            51.04189,
            0.0
          ],
          [
            -1.20021,
            51.04181,
            0.0
          ],
          [
            -1.20072,
            51.04166,
            0.0
          ],
          [
            -1.20258,
            51.04066,
            0.0
          ],
          [
            -1.20133,
            51.03901,
            0.0
          ],
          [
            -1.19992,
            51.03697,
            0.0
          ],
          [
            -1.19885,
            51.03529,
            0.0
          ],
          [
            -1.19874,
            51.03493,
            0.0
          ],
          [
            -1.19872,
            51.0348,
            0.0
          ],
          [
            -1.19876,
            51.03429,
            0.0
          ],
          [
            -1.19873,
            51.03386,
            0.0
          ],
          [
            -1.19855,
            51.03272,
            0.0
          ],
          [
            -1.19797,
            51.0309,
            0.0
          ],
          [
            -1.1979,
            51.03062,
            0.0
          ],
          [
            -1.19773,
            51.03034,
            0.0
          ],
          [
            -1.19759,
            51.02993,
            0.0
          ],
          [
            -1.19742,
            51.02903,
            0.0
          ],
          [
            -1.19686,
            51.02741,
            0.0
          ],
          [
            -1.19665,
            51.02656,
            0.0
          ],
          [
            -1.1966,
            51.02646,
            0.0
          ],
          [
            -1.19653,
            51.02639,
            0.0
          ],
          [
            -1.1965,
            51.02628,
            0.0
          ],
          [
            -1.19633,
            51.02599,
            0.0
          ],
          [
            -1.1961,
            51.02571,
            0.0
          ],
          [
            -1.19522,
            51.02485,
            0.0
          ],
          [
            -1.1943,
            51.02384,
            0.0
          ],
          [
            -1.19379,
            51.02333,
            0.0
          ],
          [
            -1.19351,
            51.02302,
            0.0
          ],
          [
            -1.19322,
            51.02262,
            0.0
          ],
          [
            -1.1926,
            51.02157,
            0.0
          ],
          [
            -1.19248,
            51.02141,
            0.0
          ],
          [
            -1.1923,
            51.02121,
            0.0
          ],
          [
            -1.19201,
            51.02095,
            0.0
          ],
          [
            -1.1908,
            51.02012,
            0.0
          ],
          [
            -1.19008,
            51.01957,
            0.0
          ],
          [
            -1.18926,
            51.01908,
            0.0
          ],
          [
            -1.18906,
            51.01899,
            0.0
          ],
          [
            -1.18915,
            51.01886,
            0.0
          ],
          [
            -1.1895,
            51.01758,
            0.0
          ],
          [
            -1.18947,
            51.01746,
            0.0
          ],
          [
            -1.18936,
            51.01731,
            0.0
          ],
          [
            -1.18928,
            51.01728,
            0.0
          ],
          [
            -1.18871,
            51.01716,
            0.0
          ],
          [
            -1.18824,
            51.01711,
            0.0
          ],
          [
            -1.18794,
            51.0171,
            0.0
          ],
          [
            -1.18671,
            51.01716,
            0.0
          ],
          [
            -1.18582,
            51.01713,
            0.0
          ],
          [
            -1.185,
            51.01704,
            0.0
          ],
          [
            -1.18451,
            51.0169,
            0.0
          ],
          [
            -1.18429,
            51.0168,
            0.0
          ],
          [
            -1.18358,
            51.01642,
            0.0
          ],
          [
            -1.183,
            51.01613,
            0.0
          ],
          [
            -1.18203,
            51.01568,
            0.0
          ],
          [
            -1.18092,
            51.01521,
            0.0
          ],
          [
            -1.18004,
            51.01489,
            0.0
          ],
          [
            -1.17899,
            51.01457,
            0.0
          ],
          [
            -1.17697,
            51.01408,
            0.0
          ],
          [
            -1.17626,
            51.01394,
            0.0
          ],
          [
            -1.17542,
            51.01386,
            0.0
          ],
          [
            -1.17539,
            51.01377,
            0.0
          ],
          [
            -1.17535,
            51.01371,
            0.0
          ],
          [
            -1.17507,
            51.01349,
            0.0
          ],
          [
            -1.17495,
            51.01342,
            0.0
          ],
          [
            -1.17482,
            51.01337,
            0.0
          ],
          [
            -1.17466,
            51.01336,
            0.0
          ],
          [
            -1.17456,
            51.01333,
            0.0
          ],
          [
            -1.17455,
            51.01331,
            0.0
          ],
          [
            -1.17413,
            51.0134,
            0.0
          ],
          [
            -1.17398,
            51.01342,
            0.0
          ],
          [
            -1.17339,
            51.0134,
            0.0
          ],
          [
            -1.17302,
            51.01334,
            0.0
          ],
          [
            -1.17189,
            51.01323,
            0.0
          ],
          [
            -1.17112,
            51.01313,
            0.0
          ],
          [
            -1.17068,
            51.013,
            0.0
          ],
          [
            -1.17056,
            51.01298,
            0.0
          ],
          [
            -1.16977,
            51.01299,
            0.0
          ],
          [
            -1.169,
            51.01309,
            0.0
          ],
          [
            -1.16851,
            51.01313,
            0.0
          ],
          [
            -1.16816,
            51.01313,
            0.0
          ],
          [
            -1.16772,
            51.01309,
            0.0
          ],
          [
            -1.16745,
            51.01302,
            0.0
          ],
          [
            -1.1664,
            51.01257,
            0.0
          ],
          [
            -1.16505,
            51.01207,
            0.0
          ],
          [
            -1.16474,
            51.0119,
            0.0
          ],
          [
            -1.16417,
            51.01153,
            0.0
          ],
          [
            -1.16332,
            51.01115,
            0.0
          ],
          [
            -1.1628,
            51.01083,
            0.0
          ],
          [
            -1.16249,
            51.01067,
            0.0
          ],
          [
            -1.16224,
            51.01057,
            0.0
          ],
          [
            -1.16072,
            51.01006,
            0.0
          ],
          [
            -1.16066,
            51.01002,
            0.0
          ],
          [
            -1.16064,
            51.00997,
            0.0
          ],
          [
            -1.16068,
            51.00974,
            0.0
          ],
          [
            -1.16073,
            51.00964,
            0.0
          ],
          [
            -1.15989,
            51.00964,
            0.0
          ],
          [
            -1.15937,
            51.0097,
            0.0
          ],
          [
            -1.15911,
            51.00977,
            0.0
          ],
          [
            -1.15886,
            51.0099,
            0.0
          ],
          [
            -1.15753,
            51.00908,
            0.0
          ],
          [
            -1.15731,
            51.00898,
            0.0
          ],
          [
            -1.15669,
            51.00849,
            0.0
          ],
          [
            -1.15622,
            51.00819,
            0.0
          ],
          [
            -1.15586,
            51.00782,
            0.0
          ],
          [
            -1.15551,
            51.00751,
            0.0
          ],
          [
            -1.15462,
            51.00683,
            0.0
          ],
          [
            -1.15441,
            51.00658,
            0.0
          ],
          [
            -1.15428,
            51.00631,
            0.0
          ],
          [
            -1.15413,
            51.00582,
            0.0
          ],
          [
            -1.15403,
            51.00564,
            0.0
          ],
          [
            -1.15391,
            51.0055,
            0.0
          ],
          [
            -1.15374,
            51.00535,
            0.0
          ],
          [
            -1.15334,
            51.00511,
            0.0
          ],
          [
            -1.15298,
            51.00495,
            0.0
          ],
          [
            -1.15224,
            51.00469,
            0.0
          ],
          [
            -1.15206,
            51.00461,
            0.0
          ],
          [
            -1.1517,
            51.00439,
            0.0
          ],
          [
            -1.15124,
            51.00406,
            0.0
          ],
          [
            -1.15054,
            51.00334,
            0.0
          ],
          [
            -1.15044,
            51.00327,
            0.0
          ],
          [
            -1.15033,
            51.00324,
            0.0
          ],
          [
            -1.1503,
            51.00317,
            0.0
          ],
          [
            -1.14987,
            51.00272,
            0.0
          ],
          [
            -1.14875,
            51.00139,
            0.0
          ],
          [
            -1.1487,
            51.00128,
            0.0
          ],
          [
            -1.14869,
            51.00117,
            0.0
          ],
          [
            -1.14856,
            51.00108,
            0.0
          ],
          [
            -1.14823,
            51.00063,
            0.0
          ],
          [
            -1.14811,
            51.00049,
            0.0
          ],
          [
            -1.14788,
            51.00032,
            0.0
          ],
          [
            -1.14754,
            51.0001,
            0.0
          ],
          [
            -1.14749,
            51.00008,
            0.0
          ],
          [
            -1.1474,
            51.00007,
            0.0
          ],
          [
            -1.14736,
            50.99999,
            0.0
          ],
          [
            -1.147,
            50.99977,
            0.0
          ],
          [
            -1.14568,
            50.99931,
            0.0
          ],
          [
            -1.14309,
            50.99854,
            0.0
          ],
          [
            -1.14273,
            50.99847,
            0.0
          ],
          [
            -1.14229,
            50.9985,
            0.0
          ],
          [
            -1.14214,
            50.99852,
            0.0
          ],
          [
            -1.14206,
            50.99853,
            0.0
          ],
          [
            -1.14199,
            50.99848,
            0.0
          ],
          [
            -1.14196,
            50.99836,
            0.0
          ],
          [
            -1.14202,
            50.9983,
            0.0
          ],
          [
            -1.14239,
            50.99815,
            0.0
          ],
          [
            -1.14283,
            50.9973,
            0.0
          ],
          [
            -1.14338,
            50.99595,
            0.0
          ],
          [
            -1.14345,
            50.99591,
            0.0
          ],
          [
            -1.14327,
            50.99574,
            0.0
          ],
          [
            -1.14313,
            50.99573,
            0.0
          ],
          [
            -1.14292,
            50.99562,
            0.0
          ],
          [
            -1.14274,
            50.9955,
            0.0
          ],
          [
            -1.14261,
            50.99538,
            0.0
          ],
          [
            -1.1424,
            50.99512,
            0.0
          ],
          [
            -1.14229,
            50.99489,
            0.0
          ],
          [
            -1.1415,
            50.99379,
            0.0
          ],
          [
            -1.14122,
            50.99356,
            0.0
          ],
          [
            -1.14093,
            50.99328,
            0.0
          ],
          [
            -1.14087,
            50.99306,
            0.0
          ],
          [
            -1.14043,
            50.99272,
            0.0
          ],
          [
            -1.1402,
            50.99256,
            0.0
          ],
          [
            -1.13993,
            50.99229,
            0.0
          ],
          [
            -1.13934,
            50.99183,
            0.0
          ],
          [
            -1.13867,
            50.99123,
            0.0
          ],
          [
            -1.13836,
            50.99086,
            0.0
          ],
          [
            -1.13833,
            50.99076,
            0.0
          ],
          [
            -1.13702,
            50.98958,
            0.0
          ],
          [
            -1.13466,
            50.9874,
            0.0
          ],
          [
            -1.13443,
            50.98728,
            0.0
          ],
          [
            -1.134,
            50.98695,
            0.0
          ],
          [
            -1.13355,
            50.98652,
            0.0
          ],
          [
            -1.1329,
            50.986,
            0.0
          ],
          [
            -1.13285,
            50.98588,
            0.0
          ],
          [
            -1.13275,
            50.98584,
            0.0
          ],
          [
            -1.13214,
            50.98575,
            0.0
          ],
          [
            -1.13136,
            50.9856,
            0.0
          ],
          [
            -1.1313,
            50.98556,
            0.0
          ],
          [
            -1.13076,
            50.98543,
            0.0
          ],
          [
            -1.13044,
            50.98527,
            0.0
          ],
          [
            -1.13036,
            50.98517,
            0.0
          ],
          [
            -1.13006,
            50.98529,
            0.0
          ],
          [
            -1.1296,
            50.98551,
            0.0
          ],
          [
            -1.12919,
            50.98563,
            0.0
          ],
          [
            -1.12903,
            50.98564,
            0.0
          ],
          [
            -1.12876,
            50.98561,
            0.0
          ],
          [
            -1.12817,
            50.98549,
            0.0
          ],
          [
            -1.12766,
            50.9853,
            0.0
          ],
          [
            -1.12735,
            50.98517,
            0.0
          ],
          [
            -1.12702,
            50.9851,
            0.0
          ],
          [
            -1.12681,
            50.98509,
            0.0
          ],
          [
            -1.12655,
            50.98521,
            0.0
          ],
          [
            -1.12524,
            50.9861,
            0.0
          ],
          [
            -1.12501,
            50.98621,
            0.0
          ],
          [
            -1.1247,
            50.98632,
            0.0
          ],
          [
            -1.12389,
            50.98656,
            0.0
          ],
          [
            -1.12298,
            50.98686,
            0.0
          ],
          [
            -1.12181,
            50.98719,
            0.0
          ],
          [
            -1.12164,
            50.98722,
            0.0
          ],
          [
            -1.12155,
            50.98722,
            0.0
          ],
          [
            -1.12141,
            50.98717,
            0.0
          ],
          [
            -1.12126,
            50.98734,
            0.0
          ],
          [
            -1.12103,
            50.98736,
            0.0
          ],
          [
            -1.12065,
            50.98742,
            0.0
          ],
          [
            -1.12024,
            50.98746,
            0.0
          ],
          [
            -1.12011,
            50.98744,
            0.0
          ],
          [
            -1.11988,
            50.98735,
            0.0
          ],
          [
            -1.11975,
            50.98733,
            0.0
          ],
          [
            -1.11917,
            50.98706,
            0.0
          ],
          [
            -1.11913,
            50.98703,
            0.0
          ],
          [
            -1.11913,
            50.98691,
            0.0
          ],
          [
            -1.1192,
            50.98672,
            0.0
          ],
          [
            -1.11921,
            50.9866,
            0.0
          ],
          [
            -1.1192,
            50.98642,
            0.0
          ],
          [
            -1.11917,
            50.98639,
            0.0
          ],
          [
            -1.1192,
            50.98633,
            0.0
          ],
          [
            -1.11913,
            50.98631,
            0.0
          ],
          [
            -1.11904,
            50.98632,
            0.0
          ],
          [
            -1.11839,
            50.98627,
            0.0
          ],
          [
            -1.11812,
            50.98628,
            0.0
          ],
          [
            -1.11799,
            50.98627,
            0.0
          ],
          [
            -1.11676,
            50.98627,
            0.0
          ],
          [
            -1.11635,
            50.98625,
            0.0
          ],
          [
            -1.11545,
            50.98624,
            0.0
          ],
          [
            -1.11408,
            50.98628,
            0.0
          ],
          [
            -1.11284,
            50.9864,
            0.0
          ],
          [
            -1.11264,
            50.9864,
            0.0
          ],
          [
            -1.11223,
            50.98651,
            0.0
          ],
          [
            -1.11213,
            50.98652,
            0.0
          ],
          [
            -1.11207,
            50.98648,
            0.0
          ],
          [
            -1.112,
            50.98654,
            0.0
          ],
          [
            -1.11184,
            50.98654,
            0.0
          ],
          [
            -1.1117,
            50.98657,
            0.0
          ],
          [
            -1.11139,
            50.98668,
            0.0
          ],
          [
            -1.11107,
            50.98675,
            0.0
          ],
          [
            -1.11118,
            50.98668,
            0.0
          ],
          [
            -1.11121,
            50.98654,
            0.0
          ],
          [
            -1.11138,
            50.98623,
            0.0
          ],
          [
            -1.11159,
            50.98553,
            0.0
          ],
          [
            -1.1116,
            50.98544,
            0.0
          ],
          [
            -1.11083,
            50.98528,
            0.0
          ],
          [
            -1.11022,
            50.9851,
            0.0
          ],
          [
            -1.10862,
            50.98447,
            0.0
          ],
          [
            -1.10779,
            50.98433,
            0.0
          ],
          [
            -1.10738,
            50.98428,
            0.0
          ],
          [
            -1.10718,
            50.98427,
            0.0
          ],
          [
            -1.10693,
            50.98431,
            0.0
          ],
          [
            -1.1068,
            50.98435,
            0.0
          ],
          [
            -1.10642,
            50.98407,
            0.0
          ],
          [
            -1.10561,
            50.98362,
            0.0
          ],
          [
            -1.10516,
            50.98373,
            0.0
          ],
          [
            -1.10495,
            50.98377,
            0.0
          ],
          [
            -1.10444,
            50.98383,
            0.0
          ],
          [
            -1.10387,
            50.98388,
            0.0
          ],
          [
            -1.10381,
            50.98387,
            0.0
          ],
          [
            -1.10375,
            50.98383,
            0.0
          ],
          [
            -1.10372,
            50.98374,
            0.0
          ],
          [
            -1.10366,
            50.98322,
            0.0
          ],
          [
            -1.10364,
            50.98321,
            0.0
          ],
          [
            -1.1027,
            50.98314,
            0.0
          ],
          [
            -1.10121,
            50.98296,
            0.0
          ],
          [
            -1.09994,
            50.98279,
            0.0
          ],
          [
            -1.09951,
            50.98271,
            0.0
          ],
          [
            -1.09769,
            50.9822,
            0.0
          ],
          [
            -1.09688,
            50.98204,
            0.0
          ],
          [
            -1.09554,
            50.98169,
            0.0
          ],
          [
            -1.09499,
            50.98158,
            0.0
          ],
          [
            -1.09452,
            50.9815,
            0.0
          ],
          [
            -1.09404,
            50.98136,
            0.0
          ],
          [
            -1.09389,
            50.98133,
            0.0
          ],
          [
            -1.09133,
            50.98101,
            0.0
          ],
          [
            -1.09098,
            50.98101,
            0.0
          ],
          [
            -1.09051,
            50.98109,
            0.0
          ],
          [
            -1.09028,
            50.9811,
            0.0
          ],
          [
            -1.08986,
            50.98108,
            0.0
          ],
          [
            -1.0897,
            50.98103,
            0.0
          ],
          [
            -1.08923,
            50.98094,
            0.0
          ],
          [
            -1.08882,
            50.98089,
            0.0
          ],
          [
            -1.08894,
            50.98081,
            0.0
          ],
          [
            -1.08882,
            50.98089,
            0.0
          ],
          [
            -1.08847,
            50.98082,
            0.0
          ],
          [
            -1.08822,
            50.98083,
            0.0
          ],
          [
            -1.08805,
            50.98086,
            0.0
          ],
          [
            -1.08747,
            50.98073,
            0.0
          ],
          [
            -1.08582,
            50.98031,
            0.0
          ],
          [
            -1.08545,
            50.98024,
            0.0
          ],
          [
            -1.08526,
            50.98038,
            0.0
          ],
          [
            -1.08519,
            50.98058,
            0.0
          ],
          [
            -1.08516,
            50.98061,
            0.0
          ],
          [
            -1.08504,
            50.98064,
            0.0
          ],
          [
            -1.08489,
            50.9806,
            0.0
          ],
          [
            -1.08485,
            50.98065,
            0.0
          ],
          [
            -1.08478,
            50.9807,
            0.0
          ],
          [
            -1.08403,
            50.98081,
            0.0
          ],
          [
            -1.08366,
            50.9809,
            0.0
          ],
          [
            -1.08358,
            50.98093,
            0.0
          ],
          [
            -1.08325,
            50.98118,
            0.0
          ],
          [
            -1.08313,
            50.98129,
            0.0
          ],
          [
            -1.083,
            50.98148,
            0.0
          ],
          [
            -1.08284,
            50.9819,
            0.0
          ],
          [
            -1.08279,
            50.98194,
            0.0
          ],
          [
            -1.08275,
            50.98206,
            0.0
          ],
          [
            -1.08272,
            50.98227,
            0.0
          ],
          [
            -1.08265,
            50.9825,
            0.0
          ],
          [
            -1.08254,
            50.98263,
            0.0
          ],
          [
            -1.08235,
            50.98277,
            0.0
          ],
          [
            -1.08196,
            50.98293,
            0.0
          ],
          [
            -1.08175,
            50.98285,
            0.0
          ],
          [
            -1.08156,
            50.98281,
            0.0
          ],
          [
            -1.08136,
            50.98272,
            0.0
          ],
          [
            -1.08127,
            50.98266,
            0.0
          ],
          [
            -1.08106,
            50.98248,
            0.0
          ],
          [
            -1.08091,
            50.98246,
            0.0
          ],
          [
            -1.08027,
            50.98249,
            0.0
          ],
          [
            -1.08016,
            50.98247,
            0.0
          ],
          [
            -1.07921,
            50.98278,
            0.0
          ],
          [
            -1.0792,
            50.98283,
            0.0
          ],
          [
            -1.07899,
            50.98307,
            0.0
          ],
          [
            -1.07874,
            50.9836,
            0.0
          ],
          [
            -1.07879,
            50.9839,
            0.0
          ],
          [
            -1.07875,
            50.98406,
            0.0
          ],
          [
            -1.0787,
            50.98416,
            0.0
          ],
          [
            -1.07869,
            50.98433,
            0.0
          ],
          [
            -1.07893,
            50.98522,
            0.0
          ],
          [
            -1.07933,
            50.9859,
            0.0
          ],
          [
            -1.08048,
            50.98765,
            0.0
          ],
          [
            -1.08038,
            50.98804,
            0.0
          ],
          [
            -1.08076,
            50.9886,
            0.0
          ],
          [
            -1.08111,
            50.98906,
            0.0
          ],
          [
            -1.08172,
            50.98965,
            0.0
          ],
          [
            -1.08204,
            50.99024,
            0.0
          ],
          [
            -1.08222,
            50.99067,
            0.0
          ],
          [
            -1.08217,
            50.99067,
            0.0
          ],
          [
            -1.08201,
            50.9906,
            0.0
          ],
          [
            -1.08029,
            50.9896,
            0.0
          ],
          [
            -1.07742,
            50.98799,
            0.0
          ],
          [
            -1.07705,
            50.98781,
            0.0
          ],
          [
            -1.07599,
            50.98735,
            0.0
          ],
          [
            -1.07576,
            50.98728,
            0.0
          ],
          [
            -1.07508,
            50.98746,
            0.0
          ],
          [
            -1.07347,
            50.98782,
            0.0
          ],
          [
            -1.07238,
            50.98799,
            0.0
          ],
          [
            -1.07163,
            50.98808,
            0.0
          ],
          [
            -1.06996,
            50.9882,
            0.0
          ],
          [
            -1.06994,
            50.98824,
            0.0
          ],
          [
            -1.06998,
            50.98854,
            0.0
          ],
          [
            -1.06991,
            50.98873,
            0.0
          ],
          [
            -1.06941,
            50.98912,
            0.0
          ],
          [
            -1.06915,
            50.98928,
            0.0
          ],
          [
            -1.06886,
            50.98942,
            0.0
          ],
          [
            -1.06853,
            50.98951,
            0.0
          ],
          [
            -1.06776,
            50.98965,
            0.0
          ],
          [
            -1.0676,
            50.98971,
            0.0
          ],
          [
            -1.06703,
            50.99004,
            0.0
          ],
          [
            -1.06688,
            50.99009,
            0.0
          ],
          [
            -1.06676,
            50.99011,
            0.0
          ],
          [
            -1.06666,
            50.98997,
            0.0
          ],
          [
            -1.06632,
            50.98964,
            0.0
          ],
          [
            -1.06422,
            50.98787,
            0.0
          ],
          [
            -1.06333,
            50.98718,
            0.0
          ],
          [
            -1.06313,
            50.98699,
            0.0
          ],
          [
            -1.0629,
            50.98668,
            0.0
          ],
          [
            -1.06269,
            50.98673,
            0.0
          ],
          [
            -1.06252,
            50.9868,
            0.0
          ],
          [
            -1.05692,
            50.98922,
            0.0
          ],
          [
            -1.05323,
            50.99057,
            0.0
          ],
          [
            -1.05259,
            50.99078,
            0.0
          ],
          [
            -1.05234,
            50.99083,
            0.0
          ],
          [
            -1.04923,
            50.99085,
            0.0
          ],
          [
            -1.04908,
            50.99083,
            0.0
          ],
          [
            -1.04903,
            50.99079,
            0.0
          ],
          [
            -1.04894,
            50.99065,
            0.0
          ],
          [
            -1.04882,
            50.9906,
            0.0
          ],
          [
            -1.04859,
            50.99059,
            0.0
          ],
          [
            -1.04849,
            50.99062,
            0.0
          ],
          [
            -1.04836,
            50.9907,
            0.0
          ],
          [
            -1.048,
            50.99069,
            0.0
          ],
          [
            -1.04748,
            50.99077,
            0.0
          ],
          [
            -1.04725,
            50.99085,
            0.0
          ],
          [
            -1.04437,
            50.99047,
            0.0
          ],
          [
            -1.04171,
            50.99034,
            0.0
          ],
          [
            -1.04167,
            50.99065,
            0.0
          ],
          [
            -1.04136,
            50.99189,
            0.0
          ],
          [
            -1.04129,
            50.99198,
            0.0
          ],
          [
            -1.04124,
            50.99201,
            0.0
          ],
          [
            -1.04112,
            50.99205,
            0.0
          ],
          [
            -1.04099,
            50.99207,
            0.0
          ],
          [
            -1.04042,
            50.99207,
            0.0
          ],
          [
            -1.03877,
            50.99211,
            0.0
          ],
          [
            -1.037,
            50.99217,
            0.0
          ],
          [
            -1.03628,
            50.99225,
            0.0
          ],
          [
            -1.03578,
            50.99228,
            0.0
          ],
          [
            -1.0346,
            50.99227,
            0.0
          ],
          [
            -1.03452,
            50.9923,
            0.0
          ],
          [
            -1.03436,
            50.99239,
            0.0
          ],
          [
            -1.03422,
            50.99261,
            0.0
          ],
          [
            -1.03403,
            50.99337,
            0.0
          ],
          [
            -1.03391,
            50.99358,
            0.0
          ],
          [
            -1.03352,
            50.99351,
            0.0
          ],
          [
            -1.03304,
            50.9934,
            0.0
          ],
          [
            -1.03266,
            50.99335,
            0.0
          ],
          [
            -1.03264,
            50.99349,
            0.0
          ],
          [
            -1.03235,
            50.99406,
            0.0
          ],
          [
            -1.03246,
            50.99448,
            0.0
          ],
          [
            -1.03251,
            50.99451,
            0.0
          ],
          [
            -1.03239,
            50.99452,
            0.0
          ],
          [
            -1.03226,
            50.99457,
            0.0
          ],
          [
            -1.03229,
            50.99461,
            0.0
          ],
          [
            -1.03222,
            50.99485,
            0.0
          ],
          [
            -1.03207,
            50.99506,
            0.0
          ],
          [
            -1.03197,
            50.9953,
            0.0
          ],
          [
            -1.03189,
            50.99558,
            0.0
          ],
          [
            -1.03143,
            50.9956,
            0.0
          ],
          [
            -1.0311,
            50.99561,
            0.0
          ],
          [
            -1.03071,
            50.99567,
            0.0
          ],
          [
            -1.03008,
            50.99574,
            0.0
          ],
          [
            -1.02996,
            50.99566,
            0.0
          ],
          [
            -1.02994,
            50.99555,
            0.0
          ],
          [
            -1.03006,
            50.99506,
            0.0
          ],
          [
            -1.02999,
            50.9949,
            0.0
          ],
          [
            -1.02991,
            50.99494,
            0.0
          ],
          [
            -1.02912,
            50.99486,
            0.0
          ],
          [
            -1.02881,
            50.99486,
            0.0
          ],
          [
            -1.02855,
            50.99491,
            0.0
          ],
          [
            -1.02839,
            50.9949,
            0.0
          ],
          [
            -1.02825,
            50.99486,
            0.0
          ],
          [
            -1.02786,
            50.99467,
            0.0
          ],
          [
            -1.02745,
            50.99463,
            0.0
          ],
          [
            -1.02708,
            50.99456,
            0.0
          ],
          [
            -1.02698,
            50.99456,
            0.0
          ],
          [
            -1.02697,
            50.99445,
            0.0
          ],
          [
            -1.02669,
            50.9945,
            0.0
          ],
          [
            -1.02646,
            50.99459,
            0.0
          ],
          [
            -1.02625,
            50.99488,
            0.0
          ],
          [
            -1.02616,
            50.99496,
            0.0
          ],
          [
            -1.02604,
            50.99501,
            0.0
          ],
          [
            -1.02573,
            50.99507,
            0.0
          ],
          [
            -1.02546,
            50.99506,
            0.0
          ],
          [
            -1.02493,
            50.995,
            0.0
          ],
          [
            -1.02442,
            50.99491,
            0.0
          ],
          [
            -1.0241,
            50.99478,
            0.0
          ],
          [
            -1.02384,
            50.99456,
            0.0
          ],
          [
            -1.02358,
            50.99438,
            0.0
          ],
          [
            -1.02342,
            50.99428,
            0.0
          ],
          [
            -1.02321,
            50.99418,
            0.0
          ],
          [
            -1.0223,
            50.9939,
            0.0
          ],
          [
            -1.02205,
            50.9938,
            0.0
          ],
          [
            -1.02152,
            50.99364,
            0.0
          ],
          [
            -1.02037,
            50.99342,
            0.0
          ],
          [
            -1.01874,
            50.99326,
            0.0
          ],
          [
            -1.01695,
            50.99312,
            0.0
          ],
          [
            -1.01624,
            50.99311,
            0.0
          ],
          [
            -1.01601,
            50.99315,
            0.0
          ],
          [
            -1.01505,
            50.99318,
            0.0
          ],
          [
            -1.01379,
            50.99333,
            0.0
          ],
          [
            -1.01307,
            50.99336,
            0.0
          ],
          [
            -1.01269,
            50.99341,
            0.0
          ],
          [
            -1.01169,
            50.99349,
            0.0
          ],
          [
            -1.01125,
            50.99354,
            0.0
          ],
          [
            -1.01096,
            50.99355,
            0.0
          ],
          [
            -1.01062,
            50.99362,
            0.0
          ],
          [
            -1.01036,
            50.99365,
            0.0
          ],
          [
            -1.01005,
            50.99366,
            0.0
          ],
          [
            -1.0097,
            50.99363,
            0.0
          ],
          [
            -1.00972,
            50.99358,
            0.0
          ],
          [
            -1.00927,
            50.99348,
            0.0
          ],
          [
            -1.0085,
            50.99343,
            0.0
          ],
          [
            -1.00746,
            50.9933,
            0.0
          ],
          [
            -1.00609,
            50.99303,
            0.0
          ],
          [
            -1.0056,
            50.99296,
            0.0
          ],
          [
            -1.0053,
            50.99287,
            0.0
          ],
          [
            -1.0047,
            50.99283,
            0.0
          ],
          [
            -1.00396,
            50.99272,
            0.0
          ],
          [
            -1.00352,
            50.99263,
            0.0
          ],
          [
            -1.00271,
            50.99242,
            0.0
          ],
          [
            -1.00228,
            50.99234,
            0.0
          ],
          [
            -1.00074,
            50.9922,
            0.0
          ],
          [
            -0.99976,
            50.99213,
            0.0
          ],
          [
            -0.99893,
            50.99216,
            0.0
          ],
          [
            -0.99862,
            50.99222,
            0.0
          ],
          [
            -0.99845,
            50.99229,
            0.0
          ],
          [
            -0.99849,
            50.99188,
            0.0
          ],
          [
            -0.99852,
            50.99109,
            0.0
          ],
          [
            -0.99858,
            50.99074,
            0.0
          ],
          [
            -0.99863,
            50.99066,
            0.0
          ],
          [
            -0.99779,
            50.99062,
            0.0
          ],
          [
            -0.99687,
            50.99054,
            0.0
          ],
          [
            -0.99581,
            50.9905,
            0.0
          ],
          [
            -0.99557,
            50.99046,
            0.0
          ],
          [
            -0.99563,
            50.99029,
            0.0
          ],
          [
            -0.99569,
            50.98958,
            0.0
          ],
          [
            -0.99564,
            50.98861,
            0.0
          ],
          [
            -0.99557,
            50.98784,
            0.0
          ],
          [
            -0.99559,
            50.98655,
            0.0
          ],
          [
            -0.99553,
            50.98638,
            0.0
          ],
          [
            -0.99534,
            50.98626,
            0.0
          ],
          [
            -0.99514,
            50.98577,
            0.0
          ],
          [
            -0.99482,
            50.9854,
            0.0
          ],
          [
            -0.99445,
            50.98502,
            0.0
          ],
          [
            -0.99337,
            50.98404,
            0.0
          ],
          [
            -0.99314,
            50.98376,
            0.0
          ],
          [
            -0.99287,
            50.98329,
            0.0
          ],
          [
            -0.99276,
            50.98295,
            0.0
          ],
          [
            -0.99271,
            50.98149,
            0.0
          ],
          [
            -0.99267,
            50.98141,
            0.0
          ],
          [
            -0.99169,
            50.98024,
            0.0
          ],
          [
            -0.99122,
            50.97972,
            0.0
          ],
          [
            -0.99115,
            50.9796,
            0.0
          ],
          [
            -0.99101,
            50.97946,
            0.0
          ],
          [
            -0.99101,
            50.97938,
            0.0
          ],
          [
            -0.99056,
            50.97908,
            0.0
          ],
          [
            -0.98938,
            50.97779,
            0.0
          ],
          [
            -0.9888,
            50.97684,
            0.0
          ],
          [
            -0.98863,
            50.97637,
            0.0
          ],
          [
            -0.98857,
            50.97606,
            0.0
          ],
          [
            -0.98782,
            50.97608,
            0.0
          ],
          [
            -0.98744,
            50.97599,
            0.0
          ],
          [
            -0.9874,
            50.976,
            0.0
          ],
          [
            -0.98725,
            50.97594,
            0.0
          ],
          [
            -0.98711,
            50.97594,
            0.0
          ],
          [
            -0.98643,
            50.97581,
            0.0
          ],
          [
            -0.98625,
            50.97596,
            0.0
          ],
          [
            -0.98615,
            50.97601,
            0.0
          ],
          [
            -0.98597,
            50.97604,
            0.0
          ],
          [
            -0.98588,
            50.97604,
            0.0
          ],
          [
            -0.98576,
            50.976,
            0.0
          ],
          [
            -0.98504,
            50.97558,
            0.0
          ],
          [
            -0.98489,
            50.97552,
            0.0
          ],
          [
            -0.9847,
            50.97548,
            0.0
          ],
          [
            -0.98443,
            50.97547,
            0.0
          ],
          [
            -0.98384,
            50.9756,
            0.0
          ],
          [
            -0.98261,
            50.97608,
            0.0
          ],
          [
            -0.98256,
            50.97611,
            0.0
          ],
          [
            -0.98254,
            50.97615,
            0.0
          ],
          [
            -0.98239,
            50.97619,
            0.0
          ],
          [
            -0.98119,
            50.97669,
            0.0
          ],
          [
            -0.98239,
            50.97619,
            0.0
          ],
          [
            -0.98254,
            50.97615,
            0.0
          ],
          [
            -0.98256,
            50.97611,
            0.0
          ],
          [
            -0.98261,
            50.97608,
            0.0
          ],
          [
            -0.98384,
            50.9756,
            0.0
          ],
          [
            -0.98443,
            50.97547,
            0.0
          ],
          [
            -0.9847,
            50.97548,
            0.0
          ],
          [
            -0.98489,
            50.97552,
            0.0
          ],
          [
            -0.98504,
            50.97558,
            0.0
          ],
          [
            -0.98576,
            50.976,
            0.0
          ],
          [
            -0.98588,
            50.97604,
            0.0
          ],
          [
            -0.98597,
            50.97604,
            0.0
          ],
          [
            -0.98615,
            50.97601,
            0.0
          ],
          [
            -0.98625,
            50.97596,
            0.0
          ],
          [
            -0.98643,
            50.97581,
            0.0
          ],
          [
            -0.98601,
            50.97504,
            0.0
          ],
          [
            -0.98532,
            50.97501,
            0.0
          ],
          [
            -0.98471,
            50.97473,
            0.0
          ],
          [
            -0.98408,
            50.97439,
            0.0
          ],
          [
            -0.98346,
            50.97389,
            0.0
          ],
          [
            -0.98281,
            50.97317,
            0.0
          ],
          [
            -0.98178,
            50.97152,
            0.0
          ],
          [
            -0.98131,
            50.97065,
            0.0
          ],
          [
            -0.98108,
            50.97011,
            0.0
          ],
          [
            -0.98082,
            50.96932,
            0.0
          ],
          [
            -0.98071,
            50.96827,
            0.0
          ],
          [
            -0.98069,
            50.96734,
            0.0
          ],
          [
            -0.98097,
            50.96603,
            0.0
          ],
          [
            -0.98108,
            50.96565,
            0.0
          ],
          [
            -0.98146,
            50.96498,
            0.0
          ],
          [
            -0.98148,
            50.96467,
            0.0
          ],
          [
            -0.98145,
            50.96462,
            0.0
          ],
          [
            -0.98135,
            50.9646,
            0.0
          ],
          [
            -0.98133,
            50.9644,
            0.0
          ],
          [
            -0.98131,
            50.96435,
            0.0
          ],
          [
            -0.9812,
            50.96426,
            0.0
          ],
          [
            -0.98066,
            50.96385,
            0.0
          ],
          [
            -0.98059,
            50.96382,
            0.0
          ],
          [
            -0.98042,
            50.96381,
            0.0
          ],
          [
            -0.98038,
            50.96347,
            0.0
          ],
          [
            -0.98035,
            50.96337,
            0.0
          ],
          [
            -0.98029,
            50.96331,
            0.0
          ],
          [
            -0.98019,
            50.96327,
            0.0
          ],
          [
            -0.97978,
            50.96327,
            0.0
          ],
          [
            -0.97954,
            50.96325,
            0.0
          ],
          [
            -0.97936,
            50.96319,
            0.0
          ],
          [
            -0.97927,
            50.96313,
            0.0
          ],
          [
            -0.97917,
            50.96297,
            0.0
          ],
          [
            -0.97919,
            50.9628,
            0.0
          ],
          [
            -0.97912,
            50.96279,
            0.0
          ],
          [
            -0.97892,
            50.9627,
            0.0
          ],
          [
            -0.97862,
            50.96253,
            0.0
          ],
          [
            -0.97819,
            50.96207,
            0.0
          ],
          [
            -0.9779,
            50.96209,
            0.0
          ],
          [
            -0.97777,
            50.96217,
            0.0
          ],
          [
            -0.97772,
            50.96217,
            0.0
          ],
          [
            -0.97775,
            50.96234,
            0.0
          ],
          [
            -0.97784,
            50.96253,
            0.0
          ],
          [
            -0.97788,
            50.96268,
            0.0
          ],
          [
            -0.97783,
            50.9627,
            0.0
          ],
          [
            -0.97777,
            50.96268,
            0.0
          ],
          [
            -0.9775,
            50.96244,
            0.0
          ],
          [
            -0.9774,
            50.96237,
            0.0
          ],
          [
            -0.97736,
            50.96239,
            0.0
          ],
          [
            -0.97735,
            50.96241,
            0.0
          ],
          [
            -0.97739,
            50.96251,
            0.0
          ],
          [
            -0.9774,
            50.96262,
            0.0
          ],
          [
            -0.97772,
            50.96308,
            0.0
          ],
          [
            -0.97783,
            50.96317,
            0.0
          ],
          [
            -0.97796,
            50.96332,
            0.0
          ],
          [
            -0.97826,
            50.96351,
            0.0
          ],
          [
            -0.97855,
            50.96374,
            0.0
          ],
          [
            -0.97865,
            50.96406,
            0.0
          ],
          [
            -0.97863,
            50.96412,
            0.0
          ],
          [
            -0.9784,
            50.96441,
            0.0
          ],
          [
            -0.9783,
            50.96428,
            0.0
          ],
          [
            -0.97811,
            50.96412,
            0.0
          ],
          [
            -0.97724,
            50.96347,
            0.0
          ],
          [
            -0.97666,
            50.96314,
            0.0
          ],
          [
            -0.97648,
            50.96306,
            0.0
          ],
          [
            -0.97622,
            50.96297,
            0.0
          ],
          [
            -0.97562,
            50.9628,
            0.0
          ],
          [
            -0.97526,
            50.9628,
            0.0
          ],
          [
            -0.97502,
            50.96283,
            0.0
          ],
          [
            -0.97478,
            50.9629,
            0.0
          ],
          [
            -0.97444,
            50.96307,
            0.0
          ],
          [
            -0.97419,
            50.96324,
            0.0
          ],
          [
            -0.97364,
            50.9635,
            0.0
          ],
          [
            -0.97282,
            50.96368,
            0.0
          ],
          [
            -0.9719,
            50.96395,
            0.0
          ],
          [
            -0.97144,
            50.96412,
            0.0
          ],
          [
            -0.97076,
            50.96441,
            0.0
          ],
          [
            -0.96962,
            50.96486,
            0.0
          ],
          [
            -0.96828,
            50.9653,
            0.0
          ],
          [
            -0.96765,
            50.96553,
            0.0
          ],
          [
            -0.96708,
            50.96568,
            0.0
          ],
          [
            -0.96696,
            50.9657,
            0.0
          ],
          [
            -0.96689,
            50.9657,
            0.0
          ],
          [
            -0.96675,
            50.96577,
            0.0
          ],
          [
            -0.96542,
            50.96664,
            0.0
          ],
          [
            -0.96369,
            50.96757,
            0.0
          ],
          [
            -0.96343,
            50.96776,
            0.0
          ],
          [
            -0.96269,
            50.96851,
            0.0
          ],
          [
            -0.96253,
            50.9687,
            0.0
          ],
          [
            -0.96242,
            50.96891,
            0.0
          ],
          [
            -0.96237,
            50.96911,
            0.0
          ],
          [
            -0.96234,
            50.96939,
            0.0
          ],
          [
            -0.96229,
            50.96941,
            0.0
          ],
          [
            -0.96222,
            50.96948,
            0.0
          ],
          [
            -0.96194,
            50.97012,
            0.0
          ],
          [
            -0.96163,
            50.97064,
            0.0
          ],
          [
            -0.96097,
            50.97149,
            0.0
          ],
          [
            -0.96056,
            50.97196,
            0.0
          ],
          [
            -0.96017,
            50.97233,
            0.0
          ],
          [
            -0.95999,
            50.97247,
            0.0
          ],
          [
            -0.95975,
            50.97262,
            0.0
          ],
          [
            -0.95939,
            50.97281,
            0.0
          ],
          [
            -0.9587,
            50.97314,
            0.0
          ],
          [
            -0.95847,
            50.97321,
            0.0
          ],
          [
            -0.95822,
            50.97326,
            0.0
          ],
          [
            -0.95798,
            50.97327,
            0.0
          ],
          [
            -0.95775,
            50.97326,
            0.0
          ],
          [
            -0.95741,
            50.97317,
            0.0
          ],
          [
            -0.95678,
            50.97296,
            0.0
          ],
          [
            -0.95601,
            50.97276,
            0.0
          ],
          [
            -0.95585,
            50.97265,
            0.0
          ],
          [
            -0.95565,
            50.97254,
            0.0
          ],
          [
            -0.95457,
            50.97208,
            0.0
          ],
          [
            -0.95376,
            50.97166,
            0.0
          ],
          [
            -0.95331,
            50.97149,
            0.0
          ],
          [
            -0.95274,
            50.9713,
            0.0
          ],
          [
            -0.95207,
            50.97104,
            0.0
          ],
          [
            -0.95132,
            50.97078,
            0.0
          ],
          [
            -0.95005,
            50.97041,
            0.0
          ],
          [
            -0.94947,
            50.97032,
            0.0
          ],
          [
            -0.94924,
            50.97027,
            0.0
          ],
          [
            -0.94876,
            50.9701,
            0.0
          ],
          [
            -0.94848,
            50.97003,
            0.0
          ],
          [
            -0.94802,
            50.96998,
            0.0
          ],
          [
            -0.94747,
            50.96998,
            0.0
          ],
          [
            -0.94586,
            50.9701,
            0.0
          ],
          [
            -0.94567,
            50.97015,
            0.0
          ],
          [
            -0.94516,
            50.97036,
            0.0
          ],
          [
            -0.94455,
            50.97058,
            0.0
          ],
          [
            -0.94423,
            50.97065,
            0.0
          ],
          [
            -0.94379,
            50.97071,
            0.0
          ],
          [
            -0.94301,
            50.97074,
            0.0
          ],
          [
            -0.94288,
            50.97067,
            0.0
          ],
          [
            -0.9427,
            50.97047,
            0.0
          ],
          [
            -0.94245,
            50.97033,
            0.0
          ],
          [
            -0.94218,
            50.97025,
            0.0
          ],
          [
            -0.94187,
            50.97018,
            0.0
          ],
          [
            -0.94128,
            50.97009,
            0.0
          ],
          [
            -0.94094,
            50.97005,
            0.0
          ],
          [
            -0.94056,
            50.97005,
            0.0
          ],
          [
            -0.93926,
            50.97016,
            0.0
          ],
          [
            -0.9388,
            50.97017,
            0.0
          ],
          [
            -0.93786,
            50.9701,
            0.0
          ],
          [
            -0.9372,
            50.97002,
            0.0
          ],
          [
            -0.93645,
            50.96982,
            0.0
          ],
          [
            -0.93582,
            50.96967,
            0.0
          ],
          [
            -0.93536,
            50.96953,
            0.0
          ],
          [
            -0.93528,
            50.96955,
            0.0
          ],
          [
            -0.93497,
            50.96974,
            0.0
          ],
          [
            -0.93423,
            50.97042,
            0.0
          ],
          [
            -0.93412,
            50.9705,
            0.0
          ],
          [
            -0.93396,
            50.97056,
            0.0
          ],
          [
            -0.93376,
            50.97059,
            0.0
          ],
          [
            -0.93359,
            50.97058,
            0.0
          ],
          [
            -0.93348,
            50.97056,
            0.0
          ],
          [
            -0.93328,
            50.97048,
            0.0
          ],
          [
            -0.93237,
            50.97003,
            0.0
          ],
          [
            -0.93191,
            50.96973,
            0.0
          ],
          [
            -0.93164,
            50.96959,
            0.0
          ],
          [
            -0.93072,
            50.96935,
            0.0
          ],
          [
            -0.93004,
            50.96922,
            0.0
          ],
          [
            -0.92974,
            50.96919,
            0.0
          ],
          [
            -0.92963,
            50.9692,
            0.0
          ],
          [
            -0.92738,
            50.96976,
            0.0
          ],
          [
            -0.92554,
            50.97004,
            0.0
          ],
          [
            -0.92528,
            50.97003,
            0.0
          ],
          [
            -0.92488,
            50.96998,
            0.0
          ],
          [
            -0.9243,
            50.96984,
            0.0
          ],
          [
            -0.92039,
            50.96858,
            0.0
          ],
          [
            -0.92028,
            50.96857,
            0.0
          ],
          [
            -0.92014,
            50.96862,
            0.0
          ],
          [
            -0.91982,
            50.96887,
            0.0
          ],
          [
            -0.91963,
            50.96893,
            0.0
          ],
          [
            -0.91951,
            50.96894,
            0.0
          ],
          [
            -0.91907,
            50.96894,
            0.0
          ],
          [
            -0.91738,
            50.9688,
            0.0
          ],
          [
            -0.91715,
            50.96876,
            0.0
          ],
          [
            -0.91704,
            50.96869,
            0.0
          ],
          [
            -0.91686,
            50.96852,
            0.0
          ],
          [
            -0.91641,
            50.96831,
            0.0
          ],
          [
            -0.91558,
            50.96821,
            0.0
          ],
          [
            -0.9151,
            50.96813,
            0.0
          ],
          [
            -0.9144,
            50.968,
            0.0
          ],
          [
            -0.91389,
            50.96788,
            0.0
          ],
          [
            -0.91329,
            50.96777,
            0.0
          ],
          [
            -0.91298,
            50.96773,
            0.0
          ],
          [
            -0.91085,
            50.96759,
            0.0
          ],
          [
            -0.90991,
            50.96747,
            0.0
          ],
          [
            -0.9086,
            50.96724,
            0.0
          ],
          [
            -0.90666,
            50.96684,
            0.0
          ],
          [
            -0.90555,
            50.96664,
            0.0
          ],
          [
            -0.90473,
            50.96654,
            0.0
          ],
          [
            -0.90385,
            50.96645,
            0.0
          ],
          [
            -0.90249,
            50.96636,
            0.0
          ],
          [
            -0.90236,
            50.96633,
            0.0
          ],
          [
            -0.90223,
            50.96628,
            0.0
          ],
          [
            -0.90197,
            50.96603,
            0.0
          ],
          [
            -0.90178,
            50.96589,
            0.0
          ],
          [
            -0.89986,
            50.96475,
            0.0
          ],
          [
            -0.89939,
            50.9645,
            0.0
          ],
          [
            -0.89883,
            50.96424,
            0.0
          ],
          [
            -0.89794,
            50.96387,
            0.0
          ],
          [
            -0.89482,
            50.96266,
            0.0
          ],
          [
            -0.89358,
            50.96235,
            0.0
          ],
          [
            -0.89112,
            50.96185,
            0.0
          ],
          [
            -0.89077,
            50.96174,
            0.0
          ],
          [
            -0.89025,
            50.96155,
            0.0
          ],
          [
            -0.88893,
            50.961,
            0.0
          ],
          [
            -0.88731,
            50.96021,
            0.0
          ],
          [
            -0.88685,
            50.9601,
            0.0
          ],
          [
            -0.88682,
            50.96005,
            0.0
          ],
          [
            -0.88683,
            50.95981,
            0.0
          ],
          [
            -0.88668,
            50.95975,
            0.0
          ],
          [
            -0.88639,
            50.96008,
            0.0
          ],
          [
            -0.88628,
            50.96017,
            0.0
          ],
          [
            -0.88606,
            50.96024,
            0.0
          ],
          [
            -0.88553,
            50.96034,
            0.0
          ],
          [
            -0.88494,
            50.96038,
            0.0
          ],
          [
            -0.88439,
            50.96037,
            0.0
          ],
          [
            -0.8839,
            50.96032,
            0.0
          ],
          [
            -0.88355,
            50.96024,
            0.0
          ],
          [
            -0.88339,
            50.96017,
            0.0
          ],
          [
            -0.88324,
            50.96005,
            0.0
          ],
          [
            -0.88276,
            50.95949,
            0.0
          ],
          [
            -0.88264,
            50.95939,
            0.0
          ],
          [
            -0.88228,
            50.95924,
            0.0
          ],
          [
            -0.88128,
            50.95908,
            0.0
          ],
          [
            -0.88087,
            50.95897,
            0.0
          ],
          [
            -0.88056,
            50.95885,
            0.0
          ],
          [
            -0.8793,
            50.95807,
            0.0
          ],
          [
            -0.87842,
            50.95758,
            0.0
          ],
          [
            -0.87796,
            50.95724,
            0.0
          ],
          [
            -0.8779,
            50.95721,
            0.0
          ],
          [
            -0.87779,
            50.9572,
            0.0
          ],
          [
            -0.87766,
            50.95724,
            0.0
          ],
          [
            -0.87742,
            50.95713,
            0.0
          ],
          [
            -0.87707,
            50.95717,
            0.0
          ],
          [
            -0.87625,
            50.95732,
            0.0
          ],
          [
            -0.87587,
            50.95733,
            0.0
          ],
          [
            -0.87572,
            50.95735,
            0.0
          ],
          [
            -0.87473,
            50.95763,
            0.0
          ],
          [
            -0.87323,
            50.95812,
            0.0
          ],
          [
            -0.87277,
            50.9583,
            0.0
          ],
          [
            -0.87242,
            50.95845,
            0.0
          ],
          [
            -0.87124,
            50.95904,
            0.0
          ],
          [
            -0.8709,
            50.95914,
            0.0
          ],
          [
            -0.87053,
            50.95923,
            0.0
          ],
          [
            -0.8701,
            50.95937,
            0.0
          ],
          [
            -0.86838,
            50.95973,
            0.0
          ],
          [
            -0.86766,
            50.95984,
            0.0
          ],
          [
            -0.8661,
            50.96013,
            0.0
          ],
          [
            -0.86593,
            50.96015,
            0.0
          ],
          [
            -0.8646,
            50.96012,
            0.0
          ],
          [
            -0.86411,
            50.96015,
            0.0
          ],
          [
            -0.86329,
            50.96024,
            0.0
          ],
          [
            -0.86176,
            50.96072,
            0.0
          ],
          [
            -0.8615,
            50.96079,
            0.0
          ],
          [
            -0.86035,
            50.96099,
            0.0
          ],
          [
            -0.85889,
            50.96109,
            0.0
          ],
          [
            -0.85835,
            50.96105,
            0.0
          ],
          [
            -0.85803,
            50.961,
            0.0
          ],
          [
            -0.85778,
            50.9609,
            0.0
          ],
          [
            -0.85774,
            50.96094,
            0.0
          ],
          [
            -0.85576,
            50.96035,
            0.0
          ],
          [
            -0.85548,
            50.96024,
            0.0
          ],
          [
            -0.85502,
            50.96002,
            0.0
          ],
          [
            -0.85426,
            50.95973,
            0.0
          ],
          [
            -0.85408,
            50.95969,
            0.0
          ],
          [
            -0.85285,
            50.95955,
            0.0
          ],
          [
            -0.85244,
            50.95946,
            0.0
          ],
          [
            -0.85158,
            50.95942,
            0.0
          ],
          [
            -0.85129,
            50.95938,
            0.0
          ],
          [
            -0.85103,
            50.95932,
            0.0
          ],
          [
            -0.85055,
            50.95913,
            0.0
          ],
          [
            -0.85013,
            50.95892,
            0.0
          ],
          [
            -0.84967,
            50.95874,
            0.0
          ],
          [
            -0.84865,
            50.95854,
            0.0
          ],
          [
            -0.84817,
            50.95848,
            0.0
          ],
          [
            -0.8491,
            50.95839,
            0.0
          ],
          [
            -0.84943,
            50.95832,
            0.0
          ],
          [
            -0.84968,
            50.9582,
            0.0
          ],
          [
            -0.84998,
            50.95797,
            0.0
          ],
          [
            -0.85011,
            50.95781,
            0.0
          ],
          [
            -0.85033,
            50.95749,
            0.0
          ],
          [
            -0.8505,
            50.95715,
            0.0
          ],
          [
            -0.85057,
            50.95695,
            0.0
          ],
          [
            -0.85061,
            50.95659,
            0.0
          ],
          [
            -0.8507,
            50.95624,
            0.0
          ],
          [
            -0.8507,
            50.95607,
            0.0
          ],
          [
            -0.85067,
            50.95594,
            0.0
          ],
          [
            -0.85038,
            50.95535,
            0.0
          ],
          [
            -0.8498,
            50.95391,
            0.0
          ],
          [
            -0.84953,
            50.95331,
            0.0
          ],
          [
            -0.84909,
            50.95281,
            0.0
          ],
          [
            -0.84826,
            50.95161,
            0.0
          ],
          [
            -0.84809,
            50.95144,
            0.0
          ],
          [
            -0.84758,
            50.95068,
            0.0
          ],
          [
            -0.84751,
            50.95013,
            0.0
          ],
          [
            -0.84752,
            50.94981,
            0.0
          ],
          [
            -0.84747,
            50.94933,
            0.0
          ],
          [
            -0.84722,
            50.94903,
            0.0
          ],
          [
            -0.84705,
            50.94874,
            0.0
          ],
          [
            -0.84668,
            50.94799,
            0.0
          ],
          [
            -0.84664,
            50.94784,
            0.0
          ],
          [
            -0.84664,
            50.94764,
            0.0
          ],
          [
            -0.84672,
            50.94725,
            0.0
          ],
          [
            -0.84672,
            50.94712,
            0.0
          ],
          [
            -0.84661,
            50.94673,
            0.0
          ],
          [
            -0.84643,
            50.94584,
            0.0
          ],
          [
            -0.84634,
            50.94579,
            0.0
          ],
          [
            -0.84628,
            50.94573,
            0.0
          ],
          [
            -0.84578,
            50.94472,
            0.0
          ],
          [
            -0.84569,
            50.94428,
            0.0
          ],
          [
            -0.84535,
            50.9432,
            0.0
          ],
          [
            -0.84531,
            50.94299,
            0.0
          ],
          [
            -0.84532,
            50.94266,
            0.0
          ],
          [
            -0.84521,
            50.94265,
            0.0
          ],
          [
            -0.84428,
            50.94268,
            0.0
          ],
          [
            -0.84417,
            50.94266,
            0.0
          ],
          [
            -0.84409,
            50.9426,
            0.0
          ],
          [
            -0.84395,
            50.94197,
            0.0
          ],
          [
            -0.84396,
            50.9417,
            0.0
          ],
          [
            -0.84393,
            50.94152,
            0.0
          ],
          [
            -0.84364,
            50.94048,
            0.0
          ],
          [
            -0.8436,
            50.93993,
            0.0
          ],
          [
            -0.84354,
            50.93962,
            0.0
          ],
          [
            -0.8434,
            50.93921,
            0.0
          ],
          [
            -0.84326,
            50.93895,
            0.0
          ],
          [
            -0.84315,
            50.93883,
            0.0
          ],
          [
            -0.84291,
            50.93835,
            0.0
          ],
          [
            -0.84279,
            50.9378,
            0.0
          ],
          [
            -0.84348,
            50.93694,
            0.0
          ],
          [
            -0.84364,
            50.93681,
            0.0
          ],
          [
            -0.84333,
            50.93668,
            0.0
          ],
          [
            -0.84268,
            50.93656,
            0.0
          ],
          [
            -0.84226,
            50.93643,
            0.0
          ],
          [
            -0.8421,
            50.93635,
            0.0
          ],
          [
            -0.84153,
            50.93596,
            0.0
          ],
          [
            -0.84048,
            50.93551,
            0.0
          ],
          [
            -0.84015,
            50.9354,
            0.0
          ],
          [
            -0.83924,
            50.93513,
            0.0
          ],
          [
            -0.8382,
            50.93501,
            0.0
          ],
          [
            -0.83772,
            50.93493,
            0.0
          ],
          [
            -0.83765,
            50.93479,
            0.0
          ],
          [
            -0.83754,
            50.9344,
            0.0
          ],
          [
            -0.83734,
            50.93406,
            0.0
          ],
          [
            -0.83717,
            50.9337,
            0.0
          ],
          [
            -0.8369,
            50.9333,
            0.0
          ],
          [
            -0.83645,
            50.93272,
            0.0
          ],
          [
            -0.83632,
            50.93248,
            0.0
          ],
          [
            -0.83606,
            50.93193,
            0.0
          ],
          [
            -0.8356,
            50.93083,
            0.0
          ],
          [
            -0.83556,
            50.93062,
            0.0
          ],
          [
            -0.83542,
            50.93054,
            0.0
          ],
          [
            -0.83516,
            50.92994,
            0.0
          ],
          [
            -0.83511,
            50.92976,
            0.0
          ],
          [
            -0.83508,
            50.92936,
            0.0
          ],
          [
            -0.83507,
            50.92856,
            0.0
          ],
          [
            -0.83503,
            50.92838,
            0.0
          ],
          [
            -0.8349,
            50.92815,
            0.0
          ],
          [
            -0.83369,
            50.9276,
            0.0
          ],
          [
            -0.8334,
            50.92752,
            0.0
          ],
          [
            -0.83306,
            50.92747,
            0.0
          ],
          [
            -0.83188,
            50.92733,
            0.0
          ],
          [
            -0.8307,
            50.92702,
            0.0
          ],
          [
            -0.83018,
            50.92676,
            0.0
          ],
          [
            -0.82997,
            50.92671,
            0.0
          ],
          [
            -0.82873,
            50.92611,
            0.0
          ],
          [
            -0.82807,
            50.92567,
            0.0
          ],
          [
            -0.82769,
            50.92529,
            0.0
          ],
          [
            -0.82746,
            50.9251,
            0.0
          ],
          [
            -0.82569,
            50.92422,
            0.0
          ],
          [
            -0.82523,
            50.92395,
            0.0
          ],
          [
            -0.82531,
            50.92388,
            0.0
          ],
          [
            -0.82493,
            50.92376,
            0.0
          ],
          [
            -0.82448,
            50.92364,
            0.0
          ],
          [
            -0.82395,
            50.92354,
            0.0
          ],
          [
            -0.82347,
            50.92349,
            0.0
          ],
          [
            -0.82236,
            50.9234,
            0.0
          ],
          [
            -0.82221,
            50.92329,
            0.0
          ],
          [
            -0.8218,
            50.92309,
            0.0
          ],
          [
            -0.82128,
            50.92291,
            0.0
          ],
          [
            -0.82099,
            50.92273,
            0.0
          ],
          [
            -0.82082,
            50.9225,
            0.0
          ],
          [
            -0.82073,
            50.92223,
            0.0
          ],
          [
            -0.82069,
            50.92186,
            0.0
          ],
          [
            -0.8208,
            50.92159,
            0.0
          ],
          [
            -0.82089,
            50.92143,
            0.0
          ],
          [
            -0.82101,
            50.92099,
            0.0
          ],
          [
            -0.82107,
            50.92045,
            0.0
          ],
          [
            -0.82118,
            50.91996,
            0.0
          ],
          [
            -0.82145,
            50.91943,
            0.0
          ],
          [
            -0.82173,
            50.91924,
            0.0
          ],
          [
            -0.8229,
            50.91832,
            0.0
          ],
          [
            -0.82308,
            50.91824,
            0.0
          ],
          [
            -0.82298,
            50.91733,
            0.0
          ],
          [
            -0.8225,
            50.91537,
            0.0
          ],
          [
            -0.82249,
            50.91503,
            0.0
          ],
          [
            -0.82242,
            50.91481,
            0.0
          ],
          [
            -0.82238,
            50.9145,
            0.0
          ],
          [
            -0.82235,
            50.91445,
            0.0
          ],
          [
            -0.82213,
            50.9143,
            0.0
          ],
          [
            -0.82216,
            50.91402,
            0.0
          ],
          [
            -0.82209,
            50.91235,
            0.0
          ],
          [
            -0.82214,
            50.91182,
            0.0
          ],
          [
            -0.8222,
            50.91141,
            0.0
          ],
          [
            -0.82228,
            50.91108,
            0.0
          ],
          [
            -0.82284,
            50.90932,
            0.0
          ],
          [
            -0.82298,
            50.90875,
            0.0
          ],
          [
            -0.82306,
            50.90827,
            0.0
          ],
          [
            -0.82308,
            50.90797,
            0.0
          ],
          [
            -0.82311,
            50.90782,
            0.0
          ],
          [
            -0.82319,
            50.90762,
            0.0
          ],
          [
            -0.8234,
            50.90733,
            0.0
          ],
          [
            -0.82338,
            50.90729,
            0.0
          ],
          [
            -0.8234,
            50.90722,
            0.0
          ],
          [
            -0.82368,
            50.90703,
            0.0
          ],
          [
            -0.82352,
            50.90697,
            0.0
          ],
          [
            -0.82346,
            50.90691,
            0.0
          ],
          [
            -0.82342,
            50.90669,
            0.0
          ],
          [
            -0.8233,
            50.90654,
            0.0
          ],
          [
            -0.82323,
            50.90637,
            0.0
          ],
          [
            -0.82312,
            50.90624,
            0.0
          ],
          [
            -0.82301,
            50.90594,
            0.0
          ],
          [
            -0.8225,
            50.90612,
            0.0
          ],
          [
            -0.82203,
            50.90637,
            0.0
          ],
          [
            -0.82174,
            50.90643,
            0.0
          ],
          [
            -0.82094,
            50.90677,
            0.0
          ],
          [
            -0.82174,
            50.90643,
            0.0
          ],
          [
            -0.82203,
            50.90637,
            0.0
          ],
          [
            -0.8225,
            50.90612,
            0.0
          ],
          [
            -0.82301,
            50.90594,
            0.0
          ],
          [
            -0.82325,
            50.90588,
            0.0
          ],
          [
            -0.82348,
            50.90579,
            0.0
          ],
          [
            -0.82372,
            50.90573,
            0.0
          ],
          [
            -0.82429,
            50.90547,
            0.0
          ],
          [
            -0.82439,
            50.90539,
            0.0
          ],
          [
            -0.82457,
            50.9053,
            0.0
          ],
          [
            -0.82517,
            50.90505,
            0.0
          ],
          [
            -0.8256,
            50.90484,
            0.0
          ],
          [
            -0.82611,
            50.90452,
            0.0
          ],
          [
            -0.82639,
            50.90437,
            0.0
          ],
          [
            -0.82679,
            50.90413,
            0.0
          ],
          [
            -0.82696,
            50.904,
            0.0
          ],
          [
            -0.82719,
            50.90378,
            0.0
          ],
          [
            -0.82778,
            50.90353,
            0.0
          ],
          [
            -0.82813,
            50.90334,
            0.0
          ],
          [
            -0.82819,
            50.90333,
            0.0
          ],
          [
            -0.82825,
            50.90325,
            0.0
          ],
          [
            -0.82851,
            50.90311,
            0.0
          ],
          [
            -0.82888,
            50.90285,
            0.0
          ],
          [
            -0.82902,
            50.90273,
            0.0
          ],
          [
            -0.829,
            50.90267,
            0.0
          ],
          [
            -0.82921,
            50.90267,
            0.0
          ],
          [
            -0.82923,
            50.9027,
            0.0
          ],
          [
            -0.82921,
            50.90267,
            0.0
          ],
          [
            -0.82929,
            50.90254,
            0.0
          ],
          [
            -0.82935,
            50.90233,
            0.0
          ],
          [
            -0.82923,
            50.90152,
            0.0
          ],
          [
            -0.82925,
            50.90138,
            0.0
          ],
          [
            -0.82946,
            50.90089,
            0.0
          ],
          [
            -0.8295,
            50.90068,
            0.0
          ],
          [
            -0.82948,
            50.90041,
            0.0
          ],
          [
            -0.82938,
            50.89981,
            0.0
          ],
          [
            -0.82939,
            50.89953,
            0.0
          ],
          [
            -0.82956,
            50.8989,
            0.0
          ],
          [
            -0.83003,
            50.89742,
            0.0
          ],
          [
            -0.83038,
            50.897,
            0.0
          ],
          [
            -0.83056,
            50.89682,
            0.0
          ],
          [
            -0.83068,
            50.89673,
            0.0
          ],
          [
            -0.83094,
            50.89657,
            0.0
          ],
          [
            -0.83157,
            50.89628,
            0.0
          ],
          [
            -0.83285,
            50.89563,
            0.0
          ],
          [
            -0.83453,
            50.89473,
            0.0
          ],
          [
            -0.8348,
            50.89457,
            0.0
          ],
          [
            -0.83519,
            50.89428,
            0.0
          ],
          [
            -0.83559,
            50.89393,
            0.0
          ],
          [
            -0.83619,
            50.89358,
            0.0
          ],
          [
            -0.83673,
            50.89332,
            0.0
          ],
          [
            -0.83619,
            50.89358,
            0.0
          ],
          [
            -0.83559,
            50.89393,
            0.0
          ],
          [
            -0.83578,
            50.89356,
            0.0
          ],
          [
            -0.83508,
            50.89382,
            0.0
          ],
          [
            -0.83492,
            50.89386,
            0.0
          ],
          [
            -0.83429,
            50.89385,
            0.0
          ],
          [
            -0.83425,
            50.89387,
            0.0
          ],
          [
            -0.83421,
            50.89386,
            0.0
          ],
          [
            -0.83391,
            50.89345,
            0.0
          ],
          [
            -0.8338,
            50.89339,
            0.0
          ],
          [
            -0.83336,
            50.89343,
            0.0
          ],
          [
            -0.83296,
            50.89341,
            0.0
          ],
          [
            -0.83227,
            50.89335,
            0.0
          ],
          [
            -0.83199,
            50.8933,
            0.0
          ],
          [
            -0.83202,
            50.8931,
            0.0
          ],
          [
            -0.83194,
            50.89298,
            0.0
          ],
          [
            -0.83202,
            50.89282,
            0.0
          ],
          [
            -0.83206,
            50.89261,
            0.0
          ],
          [
            -0.83201,
            50.89255,
            0.0
          ],
          [
            -0.83202,
            50.89248,
            0.0
          ],
          [
            -0.83208,
            50.89239,
            0.0
          ],
          [
            -0.83237,
            50.89216,
            0.0
          ],
          [
            -0.83249,
            50.89201,
            0.0
          ],
          [
            -0.83254,
            50.89184,
            0.0
          ],
          [
            -0.83268,
            50.89176,
            0.0
          ],
          [
            -0.83268,
            50.89129,
            0.0
          ],
          [
            -0.83248,
            50.89047,
            0.0
          ],
          [
            -0.83251,
            50.88983,
            0.0
          ],
          [
            -0.83256,
            50.88967,
            0.0
          ],
          [
            -0.83268,
            50.88948,
            0.0
          ],
          [
            -0.83274,
            50.88931,
            0.0
          ],
          [
            -0.83294,
            50.8891,
            0.0
          ],
          [
            -0.833,
            50.88899,
            0.0
          ],
          [
            -0.83293,
            50.88829,
            0.0
          ],
          [
            -0.83297,
            50.88796,
            0.0
          ],
          [
            -0.83303,
            50.8877,
            0.0
          ],
          [
            -0.83296,
            50.88757,
            0.0
          ],
          [
            -0.83285,
            50.88745,
            0.0
          ],
          [
            -0.83274,
            50.88733,
            0.0
          ],
          [
            -0.83269,
            50.88722,
            0.0
          ],
          [
            -0.83217,
            50.88653,
            0.0
          ],
          [
            -0.83098,
            50.88544,
            0.0
          ],
          [
            -0.83072,
            50.88518,
            0.0
          ],
          [
            -0.83063,
            50.88503,
            0.0
          ],
          [
            -0.83056,
            50.88498,
            0.0
          ],
          [
            -0.83055,
            50.8849,
            0.0
          ],
          [
            -0.8306,
            50.8847,
            0.0
          ],
          [
            -0.83055,
            50.8845,
            0.0
          ],
          [
            -0.83052,
            50.88396,
            0.0
          ],
          [
            -0.8305,
            50.88386,
            0.0
          ],
          [
            -0.83038,
            50.88365,
            0.0
          ],
          [
            -0.83021,
            50.88317,
            0.0
          ],
          [
            -0.82984,
            50.8826,
            0.0
          ],
          [
            -0.82948,
            50.88188,
            0.0
          ],
          [
            -0.82932,
            50.88136,
            0.0
          ],
          [
            -0.82915,
            50.881,
            0.0
          ],
          [
            -0.82912,
            50.88076,
            0.0
          ],
          [
            -0.8292,
            50.88021,
            0.0
          ],
          [
            -0.82928,
            50.88009,
            0.0
          ],
          [
            -0.82993,
            50.87948,
            0.0
          ],
          [
            -0.83008,
            50.87914,
            0.0
          ],
          [
            -0.83041,
            50.8782,
            0.0
          ],
          [
            -0.83062,
            50.87728,
            0.0
          ],
          [
            -0.83068,
            50.87683,
            0.0
          ],
          [
            -0.8306,
            50.87626,
            0.0
          ],
          [
            -0.8306,
            50.87581,
            0.0
          ],
          [
            -0.83035,
            50.87517,
            0.0
          ],
          [
            -0.83021,
            50.87463,
            0.0
          ],
          [
            -0.83014,
            50.87383,
            0.0
          ],
          [
            -0.83009,
            50.87359,
            0.0
          ],
          [
            -0.83002,
            50.87338,
            0.0
          ],
          [
            -0.82976,
            50.87294,
            0.0
          ],
          [
            -0.82976,
            50.87284,
            0.0
          ],
          [
            -0.82965,
            50.87274,
            0.0
          ],
          [
            -0.82949,
            50.87247,
            0.0
          ],
          [
            -0.82939,
            50.87237,
            0.0
          ],
          [
            -0.82921,
            50.87225,
            0.0
          ],
          [
            -0.82905,
            50.87218,
            0.0
          ],
          [
            -0.82846,
            50.87217,
            0.0
          ],
          [
            -0.82813,
            50.87212,
            0.0
          ],
          [
            -0.82799,
            50.87207,
            0.0
          ],
          [
            -0.82757,
            50.87187,
            0.0
          ],
          [
            -0.82718,
            50.87174,
            0.0
          ],
          [
            -0.82555,
            50.87117,
            0.0
          ],
          [
            -0.82367,
            50.87097,
            0.0
          ],
          [
            -0.82293,
            50.87079,
            0.0
          ],
          [
            -0.82158,
            50.87042,
            0.0
          ],
          [
            -0.82114,
            50.87028,
            0.0
          ],
          [
            -0.82003,
            50.86974,
            0.0
          ],
          [
            -0.81934,
            50.86943,
            0.0
          ],
          [
            -0.81777,
            50.86879,
            0.0
          ],
          [
            -0.81727,
            50.86861,
            0.0
          ],
          [
            -0.81702,
            50.86854,
            0.0
          ],
          [
            -0.81635,
            50.86843,
            0.0
          ],
          [
            -0.81597,
            50.86832,
            0.0
          ],
          [
            -0.81566,
            50.8682,
            0.0
          ],
          [
            -0.81555,
            50.86808,
            0.0
          ],
          [
            -0.81516,
            50.86755,
            0.0
          ],
          [
            -0.81491,
            50.86725,
            0.0
          ],
          [
            -0.81468,
            50.86708,
            0.0
          ],
          [
            -0.81444,
            50.86694,
            0.0
          ],
          [
            -0.81354,
            50.86653,
            0.0
          ],
          [
            -0.81238,
            50.86593,
            0.0
          ],
          [
            -0.81159,
            50.86548,
            0.0
          ],
          [
            -0.81096,
            50.86507,
            0.0
          ],
          [
            -0.80977,
            50.86422,
            0.0
          ],
          [
            -0.80886,
            50.8636,
            0.0
          ],
          [
            -0.8085,
            50.86331,
            0.0
          ],
          [
            -0.8078,
            50.86267,
            0.0
          ],
          [
            -0.80586,
            50.86079,
            0.0
          ],
          [
            -0.80545,
            50.86048,
            0.0
          ],
          [
            -0.80229,
            50.85841,
            0.0
          ],
          [
            -0.80211,
            50.85819,
            0.0
          ],
          [
            -0.8012,
            50.85735,
            0.0
          ],
          [
            -0.80072,
            50.857,
            0.0
          ],
          [
            -0.80061,
            50.85686,
            0.0
          ],
          [
            -0.8006,
            50.8568,
            0.0
          ],
          [
            -0.80029,
            50.85675,
            0.0
          ],
          [
            -0.79961,
            50.85623,
            0.0
          ],
          [
            -0.79632,
            50.85396,
            0.0
          ],
          [
            -0.79595,
            50.85412,
            0.0
          ],
          [
            -0.79552,
            50.85404,
            0.0
          ],
          [
            -0.79535,
            50.85398,
            0.0
          ],
          [
            -0.79473,
            50.85392,
            0.0
          ],
          [
            -0.79461,
            50.85369,
            0.0
          ],
          [
            -0.7945,
            50.85366,
            0.0
          ],
          [
            -0.79415,
            50.85331,
            0.0
          ],
          [
            -0.79414,
            50.85326,
            0.0
          ],
          [
            -0.79396,
            50.85317,
            0.0
          ],
          [
            -0.79396,
            50.85312,
            0.0
          ],
          [
            -0.79389,
            50.85309,
            0.0
          ],
          [
            -0.79373,
            50.85285,
            0.0
          ],
          [
            -0.79359,
            50.85276,
            0.0
          ],
          [
            -0.7934,
            50.85281,
            0.0
          ],
          [
            -0.79291,
            50.85281,
            0.0
          ],
          [
            -0.7929,
            50.8528,
            0.0
          ],
          [
            -0.79291,
            50.85284,
            0.0
          ],
          [
            -0.79271,
            50.85287,
            0.0
          ],
          [
            -0.79273,
            50.85309,
            0.0
          ],
          [
            -0.79246,
            50.85306,
            0.0
          ],
          [
            -0.79225,
            50.85321,
            0.0
          ],
          [
            -0.79201,
            50.85329,
            0.0
          ],
          [
            -0.79161,
            50.85313,
            0.0
          ],
          [
            -0.79109,
            50.85314,
            0.0
          ],
          [
            -0.79091,
            50.85311,
            0.0
          ],
          [
            -0.79077,
            50.85313,
            0.0
          ],
          [
            -0.79057,
            50.85311,
            0.0
          ],
          [
            -0.79033,
            50.85312,
            0.0
          ],
          [
            -0.79,
            50.85307,
            0.0
          ],
          [
            -0.78955,
            50.85313,
            0.0
          ],
          [
            -0.78879,
            50.85313,
            0.0
          ],
          [
            -0.78816,
            50.85297,
            0.0
          ],
          [
            -0.78802,
            50.853,
            0.0
          ],
          [
            -0.78761,
            50.85302,
            0.0
          ],
          [
            -0.78712,
            50.85296,
            0.0
          ],
          [
            -0.78673,
            50.853,
            0.0
          ],
          [
            -0.78657,
            50.853,
            0.0
          ],
          [
            -0.7866,
            50.85271,
            0.0
          ],
          [
            -0.78666,
            50.85196,
            0.0
          ],
          [
            -0.78674,
            50.85149,
            0.0
          ],
          [
            -0.78683,
            50.85112,
            0.0
          ],
          [
            -0.78703,
            50.8505,
            0.0
          ],
          [
            -0.78722,
            50.85002,
            0.0
          ],
          [
            -0.78768,
            50.84907,
            0.0
          ],
          [
            -0.78794,
            50.84865,
            0.0
          ],
          [
            -0.78829,
            50.84818,
            0.0
          ],
          [
            -0.7886,
            50.8478,
            0.0
          ],
          [
            -0.78919,
            50.84715,
            0.0
          ],
          [
            -0.78973,
            50.84667,
            0.0
          ],
          [
            -0.79329,
            50.84375,
            0.0
          ],
          [
            -0.79379,
            50.8433,
            0.0
          ],
          [
            -0.79599,
            50.84155,
            0.0
          ],
          [
            -0.79632,
            50.84126,
            0.0
          ],
          [
            -0.79668,
            50.84107,
            0.0
          ],
          [
            -0.79722,
            50.84049,
            0.0
          ],
          [
            -0.79834,
            50.83963,
            0.0
          ],
          [
            -0.79869,
            50.83928,
            0.0
          ],
          [
            -0.7989,
            50.83903,
            0.0
          ],
          [
            -0.7991,
            50.83861,
            0.0
          ],
          [
            -0.79922,
            50.83812,
            0.0
          ],
          [
            -0.79921,
            50.83766,
            0.0
          ],
          [
            -0.79914,
            50.83736,
            0.0
          ],
          [
            -0.79898,
            50.83704,
            0.0
          ],
          [
            -0.79872,
            50.83672,
            0.0
          ],
          [
            -0.79835,
            50.83653,
            0.0
          ],
          [
            -0.79792,
            50.83625,
            0.0
          ],
          [
            -0.7978,
            50.83618,
            0.0
          ],
          [
            -0.79769,
            50.83617,
            0.0
          ],
          [
            -0.79736,
            50.836,
            0.0
          ],
          [
            -0.79697,
            50.83599,
            0.0
          ],
          [
            -0.79689,
            50.83597,
            0.0
          ],
          [
            -0.79683,
            50.8359,
            0.0
          ],
          [
            -0.79682,
            50.83578,
            0.0
          ],
          [
            -0.79643,
            50.83576,
            0.0
          ],
          [
            -0.7949,
            50.83578,
            0.0
          ],
          [
            -0.79411,
            50.83583,
            0.0
          ],
          [
            -0.79371,
            50.8359,
            0.0
          ],
          [
            -0.79256,
            50.83603,
            0.0
          ],
          [
            -0.78993,
            50.83636,
            0.0
          ],
          [
            -0.78845,
            50.83656,
            0.0
          ],
          [
            -0.7878,
            50.83663,
            0.0
          ],
          [
            -0.78618,
            50.83691,
            0.0
          ],
          [
            -0.78576,
            50.83693,
            0.0
          ],
          [
            -0.78502,
            50.83692,
            0.0
          ],
          [
            -0.78483,
            50.83696,
            0.0
          ],
          [
            -0.78471,
            50.83702,
            0.0
          ],
          [
            -0.78456,
            50.83692,
            0.0
          ],
          [
            -0.78449,
            50.83691,
            0.0
          ],
          [
            -0.78447,
            50.83687,
            0.0
          ],
          [
            -0.78448,
            50.83678,
            0.0
          ],
          [
            -0.78428,
            50.83677,
            0.0
          ],
          [
            -0.78429,
            50.83668,
            0.0
          ],
          [
            -0.78426,
            50.83653,
            0.0
          ],
          [
            -0.78415,
            50.83653,
            0.0
          ],
          [
            -0.78426,
            50.83653,
            0.0
          ],
          [
            -0.78427,
            50.83644,
            0.0
          ],
          [
            -0.78411,
            50.83642,
            0.0
          ],
          [
            -0.78412,
            50.83639,
            0.0
          ],
          [
            -0.78346,
            50.8363,
            0.0
          ],
          [
            -0.7835,
            50.83622,
            0.0
          ],
          [
            -0.78347,
            50.83598,
            0.0
          ],
          [
            -0.78341,
            50.83584,
            0.0
          ],
          [
            -0.78329,
            50.83577,
            0.0
          ],
          [
            -0.78311,
            50.83573,
            0.0
          ],
          [
            -0.78267,
            50.83574,
            0.0
          ],
          [
            -0.78257,
            50.83572,
            0.0
          ],
          [
            -0.78251,
            50.83573,
            0.0
          ],
          [
            -0.78239,
            50.83571,
            0.0
          ],
          [
            -0.78221,
            50.83558,
            0.0
          ],
          [
            -0.78209,
            50.83552,
            0.0
          ],
          [
            -0.78198,
            50.83549,
            0.0
          ],
          [
            -0.78125,
            50.8354,
            0.0
          ],
          [
            -0.78103,
            50.83585,
            0.0
          ],
          [
            -0.78154,
            50.83621,
            0.0
          ],
          [
            -0.78153,
            50.83627,
            0.0
          ],
          [
            -0.78161,
            50.83628,
            0.0
          ],
          [
            -0.7816,
            50.83631,
            0.0
          ],
          [
            -0.78164,
            50.83632,
            0.0
          ],
          [
            -0.78155,
            50.8368,
            0.0
          ],
          [
            -0.78277,
            50.83689,
            0.0
          ],
          [
            -0.78372,
            50.83693,
            0.0
          ],
          [
            -0.78393,
            50.83702,
            0.0
          ],
          [
            -0.78413,
            50.83705,
            0.0
          ],
          [
            -0.78423,
            50.83703,
            0.0
          ],
          [
            -0.78437,
            50.83698,
            0.0
          ],
          [
            -0.7845,
            50.83698,
            0.0
          ],
          [
            -0.78459,
            50.83701,
            0.0
          ],
          [
            -0.78464,
            50.83705,
            0.0
          ],
          [
            -0.78483,
            50.83696,
            0.0
          ],
          [
            -0.78502,
            50.83692,
            0.0
          ],
          [
            -0.78576,
            50.83693,
            0.0
          ],
          [
            -0.78618,
            50.83691,
            0.0
          ],
          [
            -0.7878,
            50.83663,
            0.0
          ],
          [
            -0.78845,
            50.83656,
            0.0
          ],
          [
            -0.78993,
            50.83636,
            0.0
          ],
          [
            -0.79256,
            50.83603,
            0.0
          ],
          [
            -0.79371,
            50.8359,
            0.0
          ],
          [
            -0.79411,
            50.83583,
            0.0
          ],
          [
            -0.7949,
            50.83578,
            0.0
          ],
          [
            -0.79645,
            50.83576,
            0.0
          ]
        ]
      }
    }
  ]
}